year,match_id,match_victor,total_sets,set_no,model_name,model_prediction,sets_until_end
2021,2021-wimbledon-1101,1,4,1,Cumul. Point Winner,2,3
2021,2021-wimbledon-1101,1,4,2,Cumul. Point Winner,1,2
2021,2021-wimbledon-1101,1,4,3,Cumul. Point Winner,1,1
2021,2021-wimbledon-1101,1,4,4,Cumul. Point Winner,1,0
2021,2021-wimbledon-1101,1,4,1,Cumul. Game Winner,2,3
2021,2021-wimbledon-1101,1,4,2,Cumul. Game Winner,1,2
2021,2021-wimbledon-1101,1,4,3,Cumul. Game Winner,1,1
2021,2021-wimbledon-1101,1,4,4,Cumul. Game Winner,1,0
2021,2021-wimbledon-1101,1,4,1,Set Winner,2,3
2021,2021-wimbledon-1101,1,4,2,Set Winner,1,2
2021,2021-wimbledon-1101,1,4,3,Set Winner,1,1
2021,2021-wimbledon-1101,1,4,4,Set Winner,1,0
2021,2021-wimbledon-1101,1,4,1,Cumul. Set Winner,2,3
2021,2021-wimbledon-1101,1,4,2,Cumul. Set Winner,2,2
2021,2021-wimbledon-1101,1,4,3,Cumul. Set Winner,1,1
2021,2021-wimbledon-1101,1,4,4,Cumul. Set Winner,1,0
2021,2021-wimbledon-1101,1,4,1,Cumul. Unf. Error,1,3
2021,2021-wimbledon-1101,1,4,2,Cumul. Unf. Error,2,2
2021,2021-wimbledon-1101,1,4,3,Cumul. Unf. Error,2,1
2021,2021-wimbledon-1101,1,4,4,Cumul. Unf. Error,1,0
2021,2021-wimbledon-1101,1,4,1,Dynamic Model,2,3
2021,2021-wimbledon-1101,1,4,2,Dynamic Model,1,2
2021,2021-wimbledon-1101,1,4,3,Dynamic Model,1,1
2021,2021-wimbledon-1101,1,4,4,Dynamic Model,1,0
2021,2021-wimbledon-1102,2,4,1,Cumul. Point Winner,1,3
2021,2021-wimbledon-1102,2,4,2,Cumul. Point Winner,2,2
2021,2021-wimbledon-1102,2,4,3,Cumul. Point Winner,2,1
2021,2021-wimbledon-1102,2,4,4,Cumul. Point Winner,2,0
2021,2021-wimbledon-1102,2,4,1,Cumul. Game Winner,1,3
2021,2021-wimbledon-1102,2,4,2,Cumul. Game Winner,2,2
2021,2021-wimbledon-1102,2,4,3,Cumul. Game Winner,2,1
2021,2021-wimbledon-1102,2,4,4,Cumul. Game Winner,2,0
2021,2021-wimbledon-1102,2,4,1,Set Winner,1,3
2021,2021-wimbledon-1102,2,4,2,Set Winner,2,2
2021,2021-wimbledon-1102,2,4,3,Set Winner,2,1
2021,2021-wimbledon-1102,2,4,4,Set Winner,2,0
2021,2021-wimbledon-1102,2,4,1,Cumul. Set Winner,1,3
2021,2021-wimbledon-1102,2,4,2,Cumul. Set Winner,1,2
2021,2021-wimbledon-1102,2,4,3,Cumul. Set Winner,2,1
2021,2021-wimbledon-1102,2,4,4,Cumul. Set Winner,2,0
2021,2021-wimbledon-1102,2,4,1,Cumul. Unf. Error,1,3
2021,2021-wimbledon-1102,2,4,2,Cumul. Unf. Error,1,2
2021,2021-wimbledon-1102,2,4,3,Cumul. Unf. Error,1,1
2021,2021-wimbledon-1102,2,4,4,Cumul. Unf. Error,1,0
2021,2021-wimbledon-1102,2,4,1,Dynamic Model,1,3
2021,2021-wimbledon-1102,2,4,2,Dynamic Model,2,2
2021,2021-wimbledon-1102,2,4,3,Dynamic Model,2,1
2021,2021-wimbledon-1102,2,4,4,Dynamic Model,2,0
2021,2021-wimbledon-1103,1,4,1,Cumul. Point Winner,2,3
2021,2021-wimbledon-1103,1,4,2,Cumul. Point Winner,2,2
2021,2021-wimbledon-1103,1,4,3,Cumul. Point Winner,1,1
2021,2021-wimbledon-1103,1,4,4,Cumul. Point Winner,1,0
2021,2021-wimbledon-1103,1,4,1,Cumul. Game Winner,2,3
2021,2021-wimbledon-1103,1,4,2,Cumul. Game Winner,2,2
2021,2021-wimbledon-1103,1,4,3,Cumul. Game Winner,1,1
2021,2021-wimbledon-1103,1,4,4,Cumul. Game Winner,1,0
2021,2021-wimbledon-1103,1,4,1,Set Winner,2,3
2021,2021-wimbledon-1103,1,4,2,Set Winner,1,2
2021,2021-wimbledon-1103,1,4,3,Set Winner,1,1
2021,2021-wimbledon-1103,1,4,4,Set Winner,1,0
2021,2021-wimbledon-1103,1,4,1,Cumul. Set Winner,2,3
2021,2021-wimbledon-1103,1,4,2,Cumul. Set Winner,2,2
2021,2021-wimbledon-1103,1,4,3,Cumul. Set Winner,1,1
2021,2021-wimbledon-1103,1,4,4,Cumul. Set Winner,1,0
2021,2021-wimbledon-1103,1,4,1,Cumul. Unf. Error,2,3
2021,2021-wimbledon-1103,1,4,2,Cumul. Unf. Error,2,2
2021,2021-wimbledon-1103,1,4,3,Cumul. Unf. Error,2,1
2021,2021-wimbledon-1103,1,4,4,Cumul. Unf. Error,2,0
2021,2021-wimbledon-1103,1,4,1,Dynamic Model,2,3
2021,2021-wimbledon-1103,1,4,2,Dynamic Model,2,2
2021,2021-wimbledon-1103,1,4,3,Dynamic Model,2,1
2021,2021-wimbledon-1103,1,4,4,Dynamic Model,1,0
2021,2021-wimbledon-1104,1,5,1,Cumul. Point Winner,2,4
2021,2021-wimbledon-1104,1,5,2,Cumul. Point Winner,2,3
2021,2021-wimbledon-1104,1,5,3,Cumul. Point Winner,2,2
2021,2021-wimbledon-1104,1,5,4,Cumul. Point Winner,2,1
2021,2021-wimbledon-1104,1,5,5,Cumul. Point Winner,1,0
2021,2021-wimbledon-1104,1,5,1,Cumul. Game Winner,2,4
2021,2021-wimbledon-1104,1,5,2,Cumul. Game Winner,2,3
2021,2021-wimbledon-1104,1,5,3,Cumul. Game Winner,2,2
2021,2021-wimbledon-1104,1,5,4,Cumul. Game Winner,2,1
2021,2021-wimbledon-1104,1,5,5,Cumul. Game Winner,1,0
2021,2021-wimbledon-1104,1,5,1,Set Winner,2,4
2021,2021-wimbledon-1104,1,5,2,Set Winner,2,3
2021,2021-wimbledon-1104,1,5,3,Set Winner,1,2
2021,2021-wimbledon-1104,1,5,4,Set Winner,1,1
2021,2021-wimbledon-1104,1,5,5,Set Winner,1,0
2021,2021-wimbledon-1104,1,5,1,Cumul. Set Winner,2,4
2021,2021-wimbledon-1104,1,5,2,Cumul. Set Winner,2,3
2021,2021-wimbledon-1104,1,5,3,Cumul. Set Winner,2,2
2021,2021-wimbledon-1104,1,5,4,Cumul. Set Winner,2,1
2021,2021-wimbledon-1104,1,5,5,Cumul. Set Winner,1,0
2021,2021-wimbledon-1104,1,5,1,Cumul. Unf. Error,2,4
2021,2021-wimbledon-1104,1,5,2,Cumul. Unf. Error,2,3
2021,2021-wimbledon-1104,1,5,3,Cumul. Unf. Error,2,2
2021,2021-wimbledon-1104,1,5,4,Cumul. Unf. Error,2,1
2021,2021-wimbledon-1104,1,5,5,Cumul. Unf. Error,1,0
2021,2021-wimbledon-1104,1,5,1,Dynamic Model,2,4
2021,2021-wimbledon-1104,1,5,2,Dynamic Model,2,3
2021,2021-wimbledon-1104,1,5,3,Dynamic Model,2,2
2021,2021-wimbledon-1104,1,5,4,Dynamic Model,2,1
2021,2021-wimbledon-1104,1,5,5,Dynamic Model,1,0
2021,2021-wimbledon-1106,1,4,1,Cumul. Point Winner,1,3
2021,2021-wimbledon-1106,1,4,2,Cumul. Point Winner,1,2
2021,2021-wimbledon-1106,1,4,3,Cumul. Point Winner,1,1
2021,2021-wimbledon-1106,1,4,4,Cumul. Point Winner,1,0
2021,2021-wimbledon-1106,1,4,1,Cumul. Game Winner,1,3
2021,2021-wimbledon-1106,1,4,2,Cumul. Game Winner,1,2
2021,2021-wimbledon-1106,1,4,3,Cumul. Game Winner,1,1
2021,2021-wimbledon-1106,1,4,4,Cumul. Game Winner,1,0
2021,2021-wimbledon-1106,1,4,1,Set Winner,1,3
2021,2021-wimbledon-1106,1,4,2,Set Winner,1,2
2021,2021-wimbledon-1106,1,4,3,Set Winner,2,1
2021,2021-wimbledon-1106,1,4,4,Set Winner,1,0
2021,2021-wimbledon-1106,1,4,1,Cumul. Set Winner,1,3
2021,2021-wimbledon-1106,1,4,2,Cumul. Set Winner,1,2
2021,2021-wimbledon-1106,1,4,3,Cumul. Set Winner,1,1
2021,2021-wimbledon-1106,1,4,4,Cumul. Set Winner,1,0
2021,2021-wimbledon-1106,1,4,1,Cumul. Unf. Error,1,3
2021,2021-wimbledon-1106,1,4,2,Cumul. Unf. Error,1,2
2021,2021-wimbledon-1106,1,4,3,Cumul. Unf. Error,1,1
2021,2021-wimbledon-1106,1,4,4,Cumul. Unf. Error,1,0
2021,2021-wimbledon-1106,1,4,1,Dynamic Model,1,3
2021,2021-wimbledon-1106,1,4,2,Dynamic Model,1,2
2021,2021-wimbledon-1106,1,4,3,Dynamic Model,1,1
2021,2021-wimbledon-1106,1,4,4,Dynamic Model,1,0
2021,2021-wimbledon-1107,1,4,1,Cumul. Point Winner,1,3
2021,2021-wimbledon-1107,1,4,2,Cumul. Point Winner,2,2
2021,2021-wimbledon-1107,1,4,3,Cumul. Point Winner,1,1
2021,2021-wimbledon-1107,1,4,4,Cumul. Point Winner,1,0
2021,2021-wimbledon-1107,1,4,1,Cumul. Game Winner,1,3
2021,2021-wimbledon-1107,1,4,2,Cumul. Game Winner,2,2
2021,2021-wimbledon-1107,1,4,3,Cumul. Game Winner,1,1
2021,2021-wimbledon-1107,1,4,4,Cumul. Game Winner,1,0
2021,2021-wimbledon-1107,1,4,1,Set Winner,1,3
2021,2021-wimbledon-1107,1,4,2,Set Winner,2,2
2021,2021-wimbledon-1107,1,4,3,Set Winner,1,1
2021,2021-wimbledon-1107,1,4,4,Set Winner,1,0
2021,2021-wimbledon-1107,1,4,1,Cumul. Set Winner,1,3
2021,2021-wimbledon-1107,1,4,2,Cumul. Set Winner,1,2
2021,2021-wimbledon-1107,1,4,3,Cumul. Set Winner,1,1
2021,2021-wimbledon-1107,1,4,4,Cumul. Set Winner,1,0
2021,2021-wimbledon-1107,1,4,1,Cumul. Unf. Error,1,3
2021,2021-wimbledon-1107,1,4,2,Cumul. Unf. Error,1,2
2021,2021-wimbledon-1107,1,4,3,Cumul. Unf. Error,1,1
2021,2021-wimbledon-1107,1,4,4,Cumul. Unf. Error,1,0
2021,2021-wimbledon-1107,1,4,1,Dynamic Model,1,3
2021,2021-wimbledon-1107,1,4,2,Dynamic Model,2,2
2021,2021-wimbledon-1107,1,4,3,Dynamic Model,1,1
2021,2021-wimbledon-1107,1,4,4,Dynamic Model,1,0
2021,2021-wimbledon-1108,2,5,1,Cumul. Point Winner,1,4
2021,2021-wimbledon-1108,2,5,2,Cumul. Point Winner,2,3
2021,2021-wimbledon-1108,2,5,3,Cumul. Point Winner,2,2
2021,2021-wimbledon-1108,2,5,4,Cumul. Point Winner,2,1
2021,2021-wimbledon-1108,2,5,5,Cumul. Point Winner,2,0
2021,2021-wimbledon-1108,2,5,1,Cumul. Game Winner,1,4
2021,2021-wimbledon-1108,2,5,2,Cumul. Game Winner,2,3
2021,2021-wimbledon-1108,2,5,3,Cumul. Game Winner,2,2
2021,2021-wimbledon-1108,2,5,4,Cumul. Game Winner,2,1
2021,2021-wimbledon-1108,2,5,5,Cumul. Game Winner,2,0
2021,2021-wimbledon-1108,2,5,1,Set Winner,1,4
2021,2021-wimbledon-1108,2,5,2,Set Winner,2,3
2021,2021-wimbledon-1108,2,5,3,Set Winner,2,2
2021,2021-wimbledon-1108,2,5,4,Set Winner,1,1
2021,2021-wimbledon-1108,2,5,5,Set Winner,2,0
2021,2021-wimbledon-1108,2,5,1,Cumul. Set Winner,1,4
2021,2021-wimbledon-1108,2,5,2,Cumul. Set Winner,1,3
2021,2021-wimbledon-1108,2,5,3,Cumul. Set Winner,2,2
2021,2021-wimbledon-1108,2,5,4,Cumul. Set Winner,2,1
2021,2021-wimbledon-1108,2,5,5,Cumul. Set Winner,2,0
2021,2021-wimbledon-1108,2,5,1,Cumul. Unf. Error,1,4
2021,2021-wimbledon-1108,2,5,2,Cumul. Unf. Error,1,3
2021,2021-wimbledon-1108,2,5,3,Cumul. Unf. Error,2,2
2021,2021-wimbledon-1108,2,5,4,Cumul. Unf. Error,2,1
2021,2021-wimbledon-1108,2,5,5,Cumul. Unf. Error,2,0
2021,2021-wimbledon-1108,2,5,1,Dynamic Model,1,4
2021,2021-wimbledon-1108,2,5,2,Dynamic Model,2,3
2021,2021-wimbledon-1108,2,5,3,Dynamic Model,2,2
2021,2021-wimbledon-1108,2,5,4,Dynamic Model,2,1
2021,2021-wimbledon-1108,2,5,5,Dynamic Model,2,0
2021,2021-wimbledon-1109,1,3,1,Cumul. Point Winner,1,2
2021,2021-wimbledon-1109,1,3,2,Cumul. Point Winner,1,1
2021,2021-wimbledon-1109,1,3,3,Cumul. Point Winner,1,0
2021,2021-wimbledon-1109,1,3,1,Cumul. Game Winner,1,2
2021,2021-wimbledon-1109,1,3,2,Cumul. Game Winner,1,1
2021,2021-wimbledon-1109,1,3,3,Cumul. Game Winner,1,0
2021,2021-wimbledon-1109,1,3,1,Set Winner,1,2
2021,2021-wimbledon-1109,1,3,2,Set Winner,1,1
2021,2021-wimbledon-1109,1,3,3,Set Winner,1,0
2021,2021-wimbledon-1109,1,3,1,Cumul. Set Winner,1,2
2021,2021-wimbledon-1109,1,3,2,Cumul. Set Winner,1,1
2021,2021-wimbledon-1109,1,3,3,Cumul. Set Winner,1,0
2021,2021-wimbledon-1109,1,3,1,Cumul. Unf. Error,1,2
2021,2021-wimbledon-1109,1,3,2,Cumul. Unf. Error,1,1
2021,2021-wimbledon-1109,1,3,3,Cumul. Unf. Error,1,0
2021,2021-wimbledon-1109,1,3,1,Dynamic Model,1,2
2021,2021-wimbledon-1109,1,3,2,Dynamic Model,1,1
2021,2021-wimbledon-1109,1,3,3,Dynamic Model,1,0
2021,2021-wimbledon-1110,2,3,1,Cumul. Point Winner,2,2
2021,2021-wimbledon-1110,2,3,2,Cumul. Point Winner,2,1
2021,2021-wimbledon-1110,2,3,3,Cumul. Point Winner,2,0
2021,2021-wimbledon-1110,2,3,1,Cumul. Game Winner,2,2
2021,2021-wimbledon-1110,2,3,2,Cumul. Game Winner,2,1
2021,2021-wimbledon-1110,2,3,3,Cumul. Game Winner,2,0
2021,2021-wimbledon-1110,2,3,1,Set Winner,2,2
2021,2021-wimbledon-1110,2,3,2,Set Winner,2,1
2021,2021-wimbledon-1110,2,3,3,Set Winner,2,0
2021,2021-wimbledon-1110,2,3,1,Cumul. Set Winner,2,2
2021,2021-wimbledon-1110,2,3,2,Cumul. Set Winner,2,1
2021,2021-wimbledon-1110,2,3,3,Cumul. Set Winner,2,0
2021,2021-wimbledon-1110,2,3,1,Cumul. Unf. Error,2,2
2021,2021-wimbledon-1110,2,3,2,Cumul. Unf. Error,2,1
2021,2021-wimbledon-1110,2,3,3,Cumul. Unf. Error,2,0
2021,2021-wimbledon-1110,2,3,1,Dynamic Model,2,2
2021,2021-wimbledon-1110,2,3,2,Dynamic Model,2,1
2021,2021-wimbledon-1110,2,3,3,Dynamic Model,2,0
2021,2021-wimbledon-1111,1,3,1,Cumul. Point Winner,1,2
2021,2021-wimbledon-1111,1,3,2,Cumul. Point Winner,1,1
2021,2021-wimbledon-1111,1,3,3,Cumul. Point Winner,1,0
2021,2021-wimbledon-1111,1,3,1,Cumul. Game Winner,1,2
2021,2021-wimbledon-1111,1,3,2,Cumul. Game Winner,1,1
2021,2021-wimbledon-1111,1,3,3,Cumul. Game Winner,1,0
2021,2021-wimbledon-1111,1,3,1,Set Winner,1,2
2021,2021-wimbledon-1111,1,3,2,Set Winner,1,1
2021,2021-wimbledon-1111,1,3,3,Set Winner,1,0
2021,2021-wimbledon-1111,1,3,1,Cumul. Set Winner,1,2
2021,2021-wimbledon-1111,1,3,2,Cumul. Set Winner,1,1
2021,2021-wimbledon-1111,1,3,3,Cumul. Set Winner,1,0
2021,2021-wimbledon-1111,1,3,1,Cumul. Unf. Error,1,2
2021,2021-wimbledon-1111,1,3,2,Cumul. Unf. Error,1,1
2021,2021-wimbledon-1111,1,3,3,Cumul. Unf. Error,2,0
2021,2021-wimbledon-1111,1,3,1,Dynamic Model,1,2
2021,2021-wimbledon-1111,1,3,2,Dynamic Model,1,1
2021,2021-wimbledon-1111,1,3,3,Dynamic Model,1,0
2021,2021-wimbledon-1112,1,4,1,Cumul. Point Winner,2,3
2021,2021-wimbledon-1112,1,4,2,Cumul. Point Winner,1,2
2021,2021-wimbledon-1112,1,4,3,Cumul. Point Winner,1,1
2021,2021-wimbledon-1112,1,4,4,Cumul. Point Winner,1,0
2021,2021-wimbledon-1112,1,4,1,Cumul. Game Winner,2,3
2021,2021-wimbledon-1112,1,4,2,Cumul. Game Winner,1,2
2021,2021-wimbledon-1112,1,4,3,Cumul. Game Winner,1,1
2021,2021-wimbledon-1112,1,4,4,Cumul. Game Winner,1,0
2021,2021-wimbledon-1112,1,4,1,Set Winner,2,3
2021,2021-wimbledon-1112,1,4,2,Set Winner,1,2
2021,2021-wimbledon-1112,1,4,3,Set Winner,1,1
2021,2021-wimbledon-1112,1,4,4,Set Winner,1,0
2021,2021-wimbledon-1112,1,4,1,Cumul. Set Winner,2,3
2021,2021-wimbledon-1112,1,4,2,Cumul. Set Winner,2,2
2021,2021-wimbledon-1112,1,4,3,Cumul. Set Winner,1,1
2021,2021-wimbledon-1112,1,4,4,Cumul. Set Winner,1,0
2021,2021-wimbledon-1112,1,4,1,Cumul. Unf. Error,2,3
2021,2021-wimbledon-1112,1,4,2,Cumul. Unf. Error,2,2
2021,2021-wimbledon-1112,1,4,3,Cumul. Unf. Error,1,1
2021,2021-wimbledon-1112,1,4,4,Cumul. Unf. Error,1,0
2021,2021-wimbledon-1112,1,4,1,Dynamic Model,2,3
2021,2021-wimbledon-1112,1,4,2,Dynamic Model,1,2
2021,2021-wimbledon-1112,1,4,3,Dynamic Model,1,1
2021,2021-wimbledon-1112,1,4,4,Dynamic Model,1,0
2021,2021-wimbledon-1114,2,4,1,Cumul. Point Winner,1,3
2021,2021-wimbledon-1114,2,4,2,Cumul. Point Winner,1,2
2021,2021-wimbledon-1114,2,4,3,Cumul. Point Winner,1,1
2021,2021-wimbledon-1114,2,4,4,Cumul. Point Winner,2,0
2021,2021-wimbledon-1114,2,4,1,Cumul. Game Winner,1,3
2021,2021-wimbledon-1114,2,4,2,Cumul. Game Winner,1,2
2021,2021-wimbledon-1114,2,4,3,Cumul. Game Winner,2,1
2021,2021-wimbledon-1114,2,4,4,Cumul. Game Winner,2,0
2021,2021-wimbledon-1114,2,4,1,Set Winner,1,3
2021,2021-wimbledon-1114,2,4,2,Set Winner,2,2
2021,2021-wimbledon-1114,2,4,3,Set Winner,2,1
2021,2021-wimbledon-1114,2,4,4,Set Winner,2,0
2021,2021-wimbledon-1114,2,4,1,Cumul. Set Winner,1,3
2021,2021-wimbledon-1114,2,4,2,Cumul. Set Winner,1,2
2021,2021-wimbledon-1114,2,4,3,Cumul. Set Winner,2,1
2021,2021-wimbledon-1114,2,4,4,Cumul. Set Winner,2,0
2021,2021-wimbledon-1114,2,4,1,Cumul. Unf. Error,1,3
2021,2021-wimbledon-1114,2,4,2,Cumul. Unf. Error,1,2
2021,2021-wimbledon-1114,2,4,3,Cumul. Unf. Error,1,1
2021,2021-wimbledon-1114,2,4,4,Cumul. Unf. Error,1,0
2021,2021-wimbledon-1114,2,4,1,Dynamic Model,1,3
2021,2021-wimbledon-1114,2,4,2,Dynamic Model,1,2
2021,2021-wimbledon-1114,2,4,3,Dynamic Model,2,1
2021,2021-wimbledon-1114,2,4,4,Dynamic Model,2,0
2021,2021-wimbledon-1115,1,3,1,Cumul. Point Winner,1,2
2021,2021-wimbledon-1115,1,3,2,Cumul. Point Winner,1,1
2021,2021-wimbledon-1115,1,3,3,Cumul. Point Winner,1,0
2021,2021-wimbledon-1115,1,3,1,Cumul. Game Winner,1,2
2021,2021-wimbledon-1115,1,3,2,Cumul. Game Winner,1,1
2021,2021-wimbledon-1115,1,3,3,Cumul. Game Winner,1,0
2021,2021-wimbledon-1115,1,3,1,Set Winner,1,2
2021,2021-wimbledon-1115,1,3,2,Set Winner,1,1
2021,2021-wimbledon-1115,1,3,3,Set Winner,1,0
2021,2021-wimbledon-1115,1,3,1,Cumul. Set Winner,1,2
2021,2021-wimbledon-1115,1,3,2,Cumul. Set Winner,1,1
2021,2021-wimbledon-1115,1,3,3,Cumul. Set Winner,1,0
2021,2021-wimbledon-1115,1,3,1,Cumul. Unf. Error,1,2
2021,2021-wimbledon-1115,1,3,2,Cumul. Unf. Error,1,1
2021,2021-wimbledon-1115,1,3,3,Cumul. Unf. Error,1,0
2021,2021-wimbledon-1115,1,3,1,Dynamic Model,1,2
2021,2021-wimbledon-1115,1,3,2,Dynamic Model,1,1
2021,2021-wimbledon-1115,1,3,3,Dynamic Model,1,0
2021,2021-wimbledon-1116,2,4,1,Cumul. Point Winner,1,3
2021,2021-wimbledon-1116,2,4,2,Cumul. Point Winner,2,2
2021,2021-wimbledon-1116,2,4,3,Cumul. Point Winner,2,1
2021,2021-wimbledon-1116,2,4,4,Cumul. Point Winner,2,0
2021,2021-wimbledon-1116,2,4,1,Cumul. Game Winner,1,3
2021,2021-wimbledon-1116,2,4,2,Cumul. Game Winner,1,2
2021,2021-wimbledon-1116,2,4,3,Cumul. Game Winner,2,1
2021,2021-wimbledon-1116,2,4,4,Cumul. Game Winner,2,0
2021,2021-wimbledon-1116,2,4,1,Set Winner,1,3
2021,2021-wimbledon-1116,2,4,2,Set Winner,2,2
2021,2021-wimbledon-1116,2,4,3,Set Winner,2,1
2021,2021-wimbledon-1116,2,4,4,Set Winner,2,0
2021,2021-wimbledon-1116,2,4,1,Cumul. Set Winner,1,3
2021,2021-wimbledon-1116,2,4,2,Cumul. Set Winner,1,2
2021,2021-wimbledon-1116,2,4,3,Cumul. Set Winner,2,1
2021,2021-wimbledon-1116,2,4,4,Cumul. Set Winner,2,0
2021,2021-wimbledon-1116,2,4,1,Cumul. Unf. Error,2,3
2021,2021-wimbledon-1116,2,4,2,Cumul. Unf. Error,2,2
2021,2021-wimbledon-1116,2,4,3,Cumul. Unf. Error,2,1
2021,2021-wimbledon-1116,2,4,4,Cumul. Unf. Error,2,0
2021,2021-wimbledon-1116,2,4,1,Dynamic Model,1,3
2021,2021-wimbledon-1116,2,4,2,Dynamic Model,2,2
2021,2021-wimbledon-1116,2,4,3,Dynamic Model,2,1
2021,2021-wimbledon-1116,2,4,4,Dynamic Model,2,0
2021,2021-wimbledon-1117,2,3,1,Cumul. Point Winner,2,2
2021,2021-wimbledon-1117,2,3,2,Cumul. Point Winner,2,1
2021,2021-wimbledon-1117,2,3,3,Cumul. Point Winner,2,0
2021,2021-wimbledon-1117,2,3,1,Cumul. Game Winner,2,2
2021,2021-wimbledon-1117,2,3,2,Cumul. Game Winner,2,1
2021,2021-wimbledon-1117,2,3,3,Cumul. Game Winner,2,0
2021,2021-wimbledon-1117,2,3,1,Set Winner,2,2
2021,2021-wimbledon-1117,2,3,2,Set Winner,2,1
2021,2021-wimbledon-1117,2,3,3,Set Winner,2,0
2021,2021-wimbledon-1117,2,3,1,Cumul. Set Winner,2,2
2021,2021-wimbledon-1117,2,3,2,Cumul. Set Winner,2,1
2021,2021-wimbledon-1117,2,3,3,Cumul. Set Winner,2,0
2021,2021-wimbledon-1117,2,3,1,Cumul. Unf. Error,2,2
2021,2021-wimbledon-1117,2,3,2,Cumul. Unf. Error,2,1
2021,2021-wimbledon-1117,2,3,3,Cumul. Unf. Error,2,0
2021,2021-wimbledon-1117,2,3,1,Dynamic Model,2,2
2021,2021-wimbledon-1117,2,3,2,Dynamic Model,2,1
2021,2021-wimbledon-1117,2,3,3,Dynamic Model,2,0
2021,2021-wimbledon-1118,2,3,1,Cumul. Point Winner,2,2
2021,2021-wimbledon-1118,2,3,2,Cumul. Point Winner,2,1
2021,2021-wimbledon-1118,2,3,3,Cumul. Point Winner,2,0
2021,2021-wimbledon-1118,2,3,1,Cumul. Game Winner,2,2
2021,2021-wimbledon-1118,2,3,2,Cumul. Game Winner,2,1
2021,2021-wimbledon-1118,2,3,3,Cumul. Game Winner,2,0
2021,2021-wimbledon-1118,2,3,1,Set Winner,2,2
2021,2021-wimbledon-1118,2,3,2,Set Winner,2,1
2021,2021-wimbledon-1118,2,3,3,Set Winner,2,0
2021,2021-wimbledon-1118,2,3,1,Cumul. Set Winner,2,2
2021,2021-wimbledon-1118,2,3,2,Cumul. Set Winner,2,1
2021,2021-wimbledon-1118,2,3,3,Cumul. Set Winner,2,0
2021,2021-wimbledon-1118,2,3,1,Cumul. Unf. Error,1,2
2021,2021-wimbledon-1118,2,3,2,Cumul. Unf. Error,1,1
2021,2021-wimbledon-1118,2,3,3,Cumul. Unf. Error,1,0
2021,2021-wimbledon-1118,2,3,1,Dynamic Model,2,2
2021,2021-wimbledon-1118,2,3,2,Dynamic Model,2,1
2021,2021-wimbledon-1118,2,3,3,Dynamic Model,2,0
2021,2021-wimbledon-1119,1,4,1,Cumul. Point Winner,1,3
2021,2021-wimbledon-1119,1,4,2,Cumul. Point Winner,1,2
2021,2021-wimbledon-1119,1,4,3,Cumul. Point Winner,2,1
2021,2021-wimbledon-1119,1,4,4,Cumul. Point Winner,1,0
2021,2021-wimbledon-1119,1,4,1,Cumul. Game Winner,1,3
2021,2021-wimbledon-1119,1,4,2,Cumul. Game Winner,1,2
2021,2021-wimbledon-1119,1,4,3,Cumul. Game Winner,1,1
2021,2021-wimbledon-1119,1,4,4,Cumul. Game Winner,1,0
2021,2021-wimbledon-1119,1,4,1,Set Winner,1,3
2021,2021-wimbledon-1119,1,4,2,Set Winner,2,2
2021,2021-wimbledon-1119,1,4,3,Set Winner,1,1
2021,2021-wimbledon-1119,1,4,4,Set Winner,1,0
2021,2021-wimbledon-1119,1,4,1,Cumul. Set Winner,1,3
2021,2021-wimbledon-1119,1,4,2,Cumul. Set Winner,1,2
2021,2021-wimbledon-1119,1,4,3,Cumul. Set Winner,1,1
2021,2021-wimbledon-1119,1,4,4,Cumul. Set Winner,1,0
2021,2021-wimbledon-1119,1,4,1,Cumul. Unf. Error,1,3
2021,2021-wimbledon-1119,1,4,2,Cumul. Unf. Error,1,2
2021,2021-wimbledon-1119,1,4,3,Cumul. Unf. Error,2,1
2021,2021-wimbledon-1119,1,4,4,Cumul. Unf. Error,2,0
2021,2021-wimbledon-1119,1,4,1,Dynamic Model,1,3
2021,2021-wimbledon-1119,1,4,2,Dynamic Model,1,2
2021,2021-wimbledon-1119,1,4,3,Dynamic Model,1,1
2021,2021-wimbledon-1119,1,4,4,Dynamic Model,1,0
2021,2021-wimbledon-1120,2,4,1,Cumul. Point Winner,1,3
2021,2021-wimbledon-1120,2,4,2,Cumul. Point Winner,1,2
2021,2021-wimbledon-1120,2,4,3,Cumul. Point Winner,2,1
2021,2021-wimbledon-1120,2,4,4,Cumul. Point Winner,2,0
2021,2021-wimbledon-1120,2,4,1,Cumul. Game Winner,1,3
2021,2021-wimbledon-1120,2,4,2,Cumul. Game Winner,1,2
2021,2021-wimbledon-1120,2,4,3,Cumul. Game Winner,2,1
2021,2021-wimbledon-1120,2,4,4,Cumul. Game Winner,2,0
2021,2021-wimbledon-1120,2,4,1,Set Winner,1,3
2021,2021-wimbledon-1120,2,4,2,Set Winner,2,2
2021,2021-wimbledon-1120,2,4,3,Set Winner,2,1
2021,2021-wimbledon-1120,2,4,4,Set Winner,2,0
2021,2021-wimbledon-1120,2,4,1,Cumul. Set Winner,1,3
2021,2021-wimbledon-1120,2,4,2,Cumul. Set Winner,1,2
2021,2021-wimbledon-1120,2,4,3,Cumul. Set Winner,2,1
2021,2021-wimbledon-1120,2,4,4,Cumul. Set Winner,2,0
2021,2021-wimbledon-1120,2,4,1,Cumul. Unf. Error,1,3
2021,2021-wimbledon-1120,2,4,2,Cumul. Unf. Error,2,2
2021,2021-wimbledon-1120,2,4,3,Cumul. Unf. Error,2,1
2021,2021-wimbledon-1120,2,4,4,Cumul. Unf. Error,2,0
2021,2021-wimbledon-1120,2,4,1,Dynamic Model,1,3
2021,2021-wimbledon-1120,2,4,2,Dynamic Model,1,2
2021,2021-wimbledon-1120,2,4,3,Dynamic Model,2,1
2021,2021-wimbledon-1120,2,4,4,Dynamic Model,2,0
2021,2021-wimbledon-1121,1,3,1,Cumul. Point Winner,1,2
2021,2021-wimbledon-1121,1,3,2,Cumul. Point Winner,1,1
2021,2021-wimbledon-1121,1,3,3,Cumul. Point Winner,1,0
2021,2021-wimbledon-1121,1,3,1,Cumul. Game Winner,1,2
2021,2021-wimbledon-1121,1,3,2,Cumul. Game Winner,1,1
2021,2021-wimbledon-1121,1,3,3,Cumul. Game Winner,1,0
2021,2021-wimbledon-1121,1,3,1,Set Winner,1,2
2021,2021-wimbledon-1121,1,3,2,Set Winner,1,1
2021,2021-wimbledon-1121,1,3,3,Set Winner,1,0
2021,2021-wimbledon-1121,1,3,1,Cumul. Set Winner,1,2
2021,2021-wimbledon-1121,1,3,2,Cumul. Set Winner,1,1
2021,2021-wimbledon-1121,1,3,3,Cumul. Set Winner,1,0
2021,2021-wimbledon-1121,1,3,1,Cumul. Unf. Error,1,2
2021,2021-wimbledon-1121,1,3,2,Cumul. Unf. Error,1,1
2021,2021-wimbledon-1121,1,3,3,Cumul. Unf. Error,1,0
2021,2021-wimbledon-1121,1,3,1,Dynamic Model,1,2
2021,2021-wimbledon-1121,1,3,2,Dynamic Model,1,1
2021,2021-wimbledon-1121,1,3,3,Dynamic Model,1,0
2021,2021-wimbledon-1122,1,5,1,Cumul. Point Winner,1,4
2021,2021-wimbledon-1122,1,5,2,Cumul. Point Winner,1,3
2021,2021-wimbledon-1122,1,5,3,Cumul. Point Winner,1,2
2021,2021-wimbledon-1122,1,5,4,Cumul. Point Winner,2,1
2021,2021-wimbledon-1122,1,5,5,Cumul. Point Winner,2,0
2021,2021-wimbledon-1122,1,5,1,Cumul. Game Winner,1,4
2021,2021-wimbledon-1122,1,5,2,Cumul. Game Winner,1,3
2021,2021-wimbledon-1122,1,5,3,Cumul. Game Winner,1,2
2021,2021-wimbledon-1122,1,5,4,Cumul. Game Winner,2,1
2021,2021-wimbledon-1122,1,5,5,Cumul. Game Winner,2,0
2021,2021-wimbledon-1122,1,5,1,Set Winner,1,4
2021,2021-wimbledon-1122,1,5,2,Set Winner,1,3
2021,2021-wimbledon-1122,1,5,3,Set Winner,2,2
2021,2021-wimbledon-1122,1,5,4,Set Winner,2,1
2021,2021-wimbledon-1122,1,5,5,Set Winner,1,0
2021,2021-wimbledon-1122,1,5,1,Cumul. Set Winner,1,4
2021,2021-wimbledon-1122,1,5,2,Cumul. Set Winner,1,3
2021,2021-wimbledon-1122,1,5,3,Cumul. Set Winner,1,2
2021,2021-wimbledon-1122,1,5,4,Cumul. Set Winner,1,1
2021,2021-wimbledon-1122,1,5,5,Cumul. Set Winner,1,0
2021,2021-wimbledon-1122,1,5,1,Cumul. Unf. Error,1,4
2021,2021-wimbledon-1122,1,5,2,Cumul. Unf. Error,2,3
2021,2021-wimbledon-1122,1,5,3,Cumul. Unf. Error,2,2
2021,2021-wimbledon-1122,1,5,4,Cumul. Unf. Error,2,1
2021,2021-wimbledon-1122,1,5,5,Cumul. Unf. Error,2,0
2021,2021-wimbledon-1122,1,5,1,Dynamic Model,1,4
2021,2021-wimbledon-1122,1,5,2,Dynamic Model,1,3
2021,2021-wimbledon-1122,1,5,3,Dynamic Model,1,2
2021,2021-wimbledon-1122,1,5,4,Dynamic Model,2,1
2021,2021-wimbledon-1122,1,5,5,Dynamic Model,1,0
2021,2021-wimbledon-1123,2,5,1,Cumul. Point Winner,1,4
2021,2021-wimbledon-1123,2,5,2,Cumul. Point Winner,1,3
2021,2021-wimbledon-1123,2,5,3,Cumul. Point Winner,1,2
2021,2021-wimbledon-1123,2,5,4,Cumul. Point Winner,2,1
2021,2021-wimbledon-1123,2,5,5,Cumul. Point Winner,2,0
2021,2021-wimbledon-1123,2,5,1,Cumul. Game Winner,1,4
2021,2021-wimbledon-1123,2,5,2,Cumul. Game Winner,1,3
2021,2021-wimbledon-1123,2,5,3,Cumul. Game Winner,1,2
2021,2021-wimbledon-1123,2,5,4,Cumul. Game Winner,2,1
2021,2021-wimbledon-1123,2,5,5,Cumul. Game Winner,2,0
2021,2021-wimbledon-1123,2,5,1,Set Winner,1,4
2021,2021-wimbledon-1123,2,5,2,Set Winner,2,3
2021,2021-wimbledon-1123,2,5,3,Set Winner,1,2
2021,2021-wimbledon-1123,2,5,4,Set Winner,2,1
2021,2021-wimbledon-1123,2,5,5,Set Winner,2,0
2021,2021-wimbledon-1123,2,5,1,Cumul. Set Winner,1,4
2021,2021-wimbledon-1123,2,5,2,Cumul. Set Winner,1,3
2021,2021-wimbledon-1123,2,5,3,Cumul. Set Winner,1,2
2021,2021-wimbledon-1123,2,5,4,Cumul. Set Winner,1,1
2021,2021-wimbledon-1123,2,5,5,Cumul. Set Winner,2,0
2021,2021-wimbledon-1123,2,5,1,Cumul. Unf. Error,1,4
2021,2021-wimbledon-1123,2,5,2,Cumul. Unf. Error,2,3
2021,2021-wimbledon-1123,2,5,3,Cumul. Unf. Error,2,2
2021,2021-wimbledon-1123,2,5,4,Cumul. Unf. Error,2,1
2021,2021-wimbledon-1123,2,5,5,Cumul. Unf. Error,2,0
2021,2021-wimbledon-1123,2,5,1,Dynamic Model,1,4
2021,2021-wimbledon-1123,2,5,2,Dynamic Model,1,3
2021,2021-wimbledon-1123,2,5,3,Dynamic Model,1,2
2021,2021-wimbledon-1123,2,5,4,Dynamic Model,2,1
2021,2021-wimbledon-1123,2,5,5,Dynamic Model,2,0
2021,2021-wimbledon-1124,1,4,1,Cumul. Point Winner,1,3
2021,2021-wimbledon-1124,1,4,2,Cumul. Point Winner,1,2
2021,2021-wimbledon-1124,1,4,3,Cumul. Point Winner,1,1
2021,2021-wimbledon-1124,1,4,4,Cumul. Point Winner,1,0
2021,2021-wimbledon-1124,1,4,1,Cumul. Game Winner,1,3
2021,2021-wimbledon-1124,1,4,2,Cumul. Game Winner,1,2
2021,2021-wimbledon-1124,1,4,3,Cumul. Game Winner,1,1
2021,2021-wimbledon-1124,1,4,4,Cumul. Game Winner,1,0
2021,2021-wimbledon-1124,1,4,1,Set Winner,1,3
2021,2021-wimbledon-1124,1,4,2,Set Winner,1,2
2021,2021-wimbledon-1124,1,4,3,Set Winner,2,1
2021,2021-wimbledon-1124,1,4,4,Set Winner,1,0
2021,2021-wimbledon-1124,1,4,1,Cumul. Set Winner,1,3
2021,2021-wimbledon-1124,1,4,2,Cumul. Set Winner,1,2
2021,2021-wimbledon-1124,1,4,3,Cumul. Set Winner,1,1
2021,2021-wimbledon-1124,1,4,4,Cumul. Set Winner,1,0
2021,2021-wimbledon-1124,1,4,1,Cumul. Unf. Error,2,3
2021,2021-wimbledon-1124,1,4,2,Cumul. Unf. Error,2,2
2021,2021-wimbledon-1124,1,4,3,Cumul. Unf. Error,2,1
2021,2021-wimbledon-1124,1,4,4,Cumul. Unf. Error,2,0
2021,2021-wimbledon-1124,1,4,1,Dynamic Model,1,3
2021,2021-wimbledon-1124,1,4,2,Dynamic Model,1,2
2021,2021-wimbledon-1124,1,4,3,Dynamic Model,1,1
2021,2021-wimbledon-1124,1,4,4,Dynamic Model,1,0
2021,2021-wimbledon-1125,1,5,1,Cumul. Point Winner,1,4
2021,2021-wimbledon-1125,1,5,2,Cumul. Point Winner,1,3
2021,2021-wimbledon-1125,1,5,3,Cumul. Point Winner,1,2
2021,2021-wimbledon-1125,1,5,4,Cumul. Point Winner,2,1
2021,2021-wimbledon-1125,1,5,5,Cumul. Point Winner,1,0
2021,2021-wimbledon-1125,1,5,1,Cumul. Game Winner,1,4
2021,2021-wimbledon-1125,1,5,2,Cumul. Game Winner,1,3
2021,2021-wimbledon-1125,1,5,3,Cumul. Game Winner,1,2
2021,2021-wimbledon-1125,1,5,4,Cumul. Game Winner,1,1
2021,2021-wimbledon-1125,1,5,5,Cumul. Game Winner,1,0
2021,2021-wimbledon-1125,1,5,1,Set Winner,1,4
2021,2021-wimbledon-1125,1,5,2,Set Winner,2,3
2021,2021-wimbledon-1125,1,5,3,Set Winner,1,2
2021,2021-wimbledon-1125,1,5,4,Set Winner,2,1
2021,2021-wimbledon-1125,1,5,5,Set Winner,1,0
2021,2021-wimbledon-1125,1,5,1,Cumul. Set Winner,1,4
2021,2021-wimbledon-1125,1,5,2,Cumul. Set Winner,1,3
2021,2021-wimbledon-1125,1,5,3,Cumul. Set Winner,1,2
2021,2021-wimbledon-1125,1,5,4,Cumul. Set Winner,1,1
2021,2021-wimbledon-1125,1,5,5,Cumul. Set Winner,1,0
2021,2021-wimbledon-1125,1,5,1,Cumul. Unf. Error,1,4
2021,2021-wimbledon-1125,1,5,2,Cumul. Unf. Error,2,3
2021,2021-wimbledon-1125,1,5,3,Cumul. Unf. Error,2,2
2021,2021-wimbledon-1125,1,5,4,Cumul. Unf. Error,2,1
2021,2021-wimbledon-1125,1,5,5,Cumul. Unf. Error,2,0
2021,2021-wimbledon-1125,1,5,1,Dynamic Model,1,4
2021,2021-wimbledon-1125,1,5,2,Dynamic Model,2,3
2021,2021-wimbledon-1125,1,5,3,Dynamic Model,1,2
2021,2021-wimbledon-1125,1,5,4,Dynamic Model,2,1
2021,2021-wimbledon-1125,1,5,5,Dynamic Model,2,0
2021,2021-wimbledon-1126,2,5,1,Cumul. Point Winner,2,4
2021,2021-wimbledon-1126,2,5,2,Cumul. Point Winner,1,3
2021,2021-wimbledon-1126,2,5,3,Cumul. Point Winner,1,2
2021,2021-wimbledon-1126,2,5,4,Cumul. Point Winner,1,1
2021,2021-wimbledon-1126,2,5,5,Cumul. Point Winner,1,0
2021,2021-wimbledon-1126,2,5,1,Cumul. Game Winner,2,4
2021,2021-wimbledon-1126,2,5,2,Cumul. Game Winner,1,3
2021,2021-wimbledon-1126,2,5,3,Cumul. Game Winner,1,2
2021,2021-wimbledon-1126,2,5,4,Cumul. Game Winner,1,1
2021,2021-wimbledon-1126,2,5,5,Cumul. Game Winner,1,0
2021,2021-wimbledon-1126,2,5,1,Set Winner,2,4
2021,2021-wimbledon-1126,2,5,2,Set Winner,1,3
2021,2021-wimbledon-1126,2,5,3,Set Winner,2,2
2021,2021-wimbledon-1126,2,5,4,Set Winner,1,1
2021,2021-wimbledon-1126,2,5,5,Set Winner,2,0
2021,2021-wimbledon-1126,2,5,1,Cumul. Set Winner,2,4
2021,2021-wimbledon-1126,2,5,2,Cumul. Set Winner,2,3
2021,2021-wimbledon-1126,2,5,3,Cumul. Set Winner,2,2
2021,2021-wimbledon-1126,2,5,4,Cumul. Set Winner,2,1
2021,2021-wimbledon-1126,2,5,5,Cumul. Set Winner,2,0
2021,2021-wimbledon-1126,2,5,1,Cumul. Unf. Error,2,4
2021,2021-wimbledon-1126,2,5,2,Cumul. Unf. Error,2,3
2021,2021-wimbledon-1126,2,5,3,Cumul. Unf. Error,2,2
2021,2021-wimbledon-1126,2,5,4,Cumul. Unf. Error,2,1
2021,2021-wimbledon-1126,2,5,5,Cumul. Unf. Error,2,0
2021,2021-wimbledon-1126,2,5,1,Dynamic Model,2,4
2021,2021-wimbledon-1126,2,5,2,Dynamic Model,2,3
2021,2021-wimbledon-1126,2,5,3,Dynamic Model,2,2
2021,2021-wimbledon-1126,2,5,4,Dynamic Model,2,1
2021,2021-wimbledon-1126,2,5,5,Dynamic Model,2,0
2021,2021-wimbledon-1127,1,5,1,Cumul. Point Winner,2,4
2021,2021-wimbledon-1127,1,5,2,Cumul. Point Winner,1,3
2021,2021-wimbledon-1127,1,5,3,Cumul. Point Winner,1,2
2021,2021-wimbledon-1127,1,5,4,Cumul. Point Winner,1,1
2021,2021-wimbledon-1127,1,5,5,Cumul. Point Winner,1,0
2021,2021-wimbledon-1127,1,5,1,Cumul. Game Winner,2,4
2021,2021-wimbledon-1127,1,5,2,Cumul. Game Winner,1,3
2021,2021-wimbledon-1127,1,5,3,Cumul. Game Winner,1,2
2021,2021-wimbledon-1127,1,5,4,Cumul. Game Winner,1,1
2021,2021-wimbledon-1127,1,5,5,Cumul. Game Winner,1,0
2021,2021-wimbledon-1127,1,5,1,Set Winner,2,4
2021,2021-wimbledon-1127,1,5,2,Set Winner,1,3
2021,2021-wimbledon-1127,1,5,3,Set Winner,1,2
2021,2021-wimbledon-1127,1,5,4,Set Winner,2,1
2021,2021-wimbledon-1127,1,5,5,Set Winner,1,0
2021,2021-wimbledon-1127,1,5,1,Cumul. Set Winner,2,4
2021,2021-wimbledon-1127,1,5,2,Cumul. Set Winner,2,3
2021,2021-wimbledon-1127,1,5,3,Cumul. Set Winner,1,2
2021,2021-wimbledon-1127,1,5,4,Cumul. Set Winner,1,1
2021,2021-wimbledon-1127,1,5,5,Cumul. Set Winner,1,0
2021,2021-wimbledon-1127,1,5,1,Cumul. Unf. Error,1,4
2021,2021-wimbledon-1127,1,5,2,Cumul. Unf. Error,1,3
2021,2021-wimbledon-1127,1,5,3,Cumul. Unf. Error,1,2
2021,2021-wimbledon-1127,1,5,4,Cumul. Unf. Error,1,1
2021,2021-wimbledon-1127,1,5,5,Cumul. Unf. Error,1,0
2021,2021-wimbledon-1127,1,5,1,Dynamic Model,2,4
2021,2021-wimbledon-1127,1,5,2,Dynamic Model,1,3
2021,2021-wimbledon-1127,1,5,3,Dynamic Model,1,2
2021,2021-wimbledon-1127,1,5,4,Dynamic Model,1,1
2021,2021-wimbledon-1127,1,5,5,Dynamic Model,1,0
2021,2021-wimbledon-1128,1,4,1,Cumul. Point Winner,1,3
2021,2021-wimbledon-1128,1,4,2,Cumul. Point Winner,1,2
2021,2021-wimbledon-1128,1,4,3,Cumul. Point Winner,1,1
2021,2021-wimbledon-1128,1,4,4,Cumul. Point Winner,1,0
2021,2021-wimbledon-1128,1,4,1,Cumul. Game Winner,1,3
2021,2021-wimbledon-1128,1,4,2,Cumul. Game Winner,1,2
2021,2021-wimbledon-1128,1,4,3,Cumul. Game Winner,1,1
2021,2021-wimbledon-1128,1,4,4,Cumul. Game Winner,1,0
2021,2021-wimbledon-1128,1,4,1,Set Winner,1,3
2021,2021-wimbledon-1128,1,4,2,Set Winner,1,2
2021,2021-wimbledon-1128,1,4,3,Set Winner,2,1
2021,2021-wimbledon-1128,1,4,4,Set Winner,1,0
2021,2021-wimbledon-1128,1,4,1,Cumul. Set Winner,1,3
2021,2021-wimbledon-1128,1,4,2,Cumul. Set Winner,1,2
2021,2021-wimbledon-1128,1,4,3,Cumul. Set Winner,1,1
2021,2021-wimbledon-1128,1,4,4,Cumul. Set Winner,1,0
2021,2021-wimbledon-1128,1,4,1,Cumul. Unf. Error,1,3
2021,2021-wimbledon-1128,1,4,2,Cumul. Unf. Error,1,2
2021,2021-wimbledon-1128,1,4,3,Cumul. Unf. Error,1,1
2021,2021-wimbledon-1128,1,4,4,Cumul. Unf. Error,1,0
2021,2021-wimbledon-1128,1,4,1,Dynamic Model,1,3
2021,2021-wimbledon-1128,1,4,2,Dynamic Model,1,2
2021,2021-wimbledon-1128,1,4,3,Dynamic Model,1,1
2021,2021-wimbledon-1128,1,4,4,Dynamic Model,1,0
2021,2021-wimbledon-1129,2,3,1,Cumul. Point Winner,2,2
2021,2021-wimbledon-1129,2,3,2,Cumul. Point Winner,2,1
2021,2021-wimbledon-1129,2,3,3,Cumul. Point Winner,2,0
2021,2021-wimbledon-1129,2,3,1,Cumul. Game Winner,2,2
2021,2021-wimbledon-1129,2,3,2,Cumul. Game Winner,2,1
2021,2021-wimbledon-1129,2,3,3,Cumul. Game Winner,2,0
2021,2021-wimbledon-1129,2,3,1,Set Winner,2,2
2021,2021-wimbledon-1129,2,3,2,Set Winner,2,1
2021,2021-wimbledon-1129,2,3,3,Set Winner,2,0
2021,2021-wimbledon-1129,2,3,1,Cumul. Set Winner,2,2
2021,2021-wimbledon-1129,2,3,2,Cumul. Set Winner,2,1
2021,2021-wimbledon-1129,2,3,3,Cumul. Set Winner,2,0
2021,2021-wimbledon-1129,2,3,1,Cumul. Unf. Error,2,2
2021,2021-wimbledon-1129,2,3,2,Cumul. Unf. Error,2,1
2021,2021-wimbledon-1129,2,3,3,Cumul. Unf. Error,2,0
2021,2021-wimbledon-1129,2,3,1,Dynamic Model,2,2
2021,2021-wimbledon-1129,2,3,2,Dynamic Model,2,1
2021,2021-wimbledon-1129,2,3,3,Dynamic Model,2,0
2021,2021-wimbledon-1130,1,4,1,Cumul. Point Winner,2,3
2021,2021-wimbledon-1130,1,4,2,Cumul. Point Winner,1,2
2021,2021-wimbledon-1130,1,4,3,Cumul. Point Winner,1,1
2021,2021-wimbledon-1130,1,4,4,Cumul. Point Winner,1,0
2021,2021-wimbledon-1130,1,4,1,Cumul. Game Winner,2,3
2021,2021-wimbledon-1130,1,4,2,Cumul. Game Winner,1,2
2021,2021-wimbledon-1130,1,4,3,Cumul. Game Winner,1,1
2021,2021-wimbledon-1130,1,4,4,Cumul. Game Winner,1,0
2021,2021-wimbledon-1130,1,4,1,Set Winner,2,3
2021,2021-wimbledon-1130,1,4,2,Set Winner,1,2
2021,2021-wimbledon-1130,1,4,3,Set Winner,1,1
2021,2021-wimbledon-1130,1,4,4,Set Winner,1,0
2021,2021-wimbledon-1130,1,4,1,Cumul. Set Winner,2,3
2021,2021-wimbledon-1130,1,4,2,Cumul. Set Winner,2,2
2021,2021-wimbledon-1130,1,4,3,Cumul. Set Winner,1,1
2021,2021-wimbledon-1130,1,4,4,Cumul. Set Winner,1,0
2021,2021-wimbledon-1130,1,4,1,Cumul. Unf. Error,2,3
2021,2021-wimbledon-1130,1,4,2,Cumul. Unf. Error,1,2
2021,2021-wimbledon-1130,1,4,3,Cumul. Unf. Error,1,1
2021,2021-wimbledon-1130,1,4,4,Cumul. Unf. Error,1,0
2021,2021-wimbledon-1130,1,4,1,Dynamic Model,2,3
2021,2021-wimbledon-1130,1,4,2,Dynamic Model,1,2
2021,2021-wimbledon-1130,1,4,3,Dynamic Model,1,1
2021,2021-wimbledon-1130,1,4,4,Dynamic Model,1,0
2021,2021-wimbledon-1131,2,4,1,Cumul. Point Winner,2,3
2021,2021-wimbledon-1131,2,4,2,Cumul. Point Winner,1,2
2021,2021-wimbledon-1131,2,4,3,Cumul. Point Winner,2,1
2021,2021-wimbledon-1131,2,4,4,Cumul. Point Winner,2,0
2021,2021-wimbledon-1131,2,4,1,Cumul. Game Winner,2,3
2021,2021-wimbledon-1131,2,4,2,Cumul. Game Winner,1,2
2021,2021-wimbledon-1131,2,4,3,Cumul. Game Winner,2,1
2021,2021-wimbledon-1131,2,4,4,Cumul. Game Winner,2,0
2021,2021-wimbledon-1131,2,4,1,Set Winner,2,3
2021,2021-wimbledon-1131,2,4,2,Set Winner,1,2
2021,2021-wimbledon-1131,2,4,3,Set Winner,2,1
2021,2021-wimbledon-1131,2,4,4,Set Winner,2,0
2021,2021-wimbledon-1131,2,4,1,Cumul. Set Winner,2,3
2021,2021-wimbledon-1131,2,4,2,Cumul. Set Winner,2,2
2021,2021-wimbledon-1131,2,4,3,Cumul. Set Winner,2,1
2021,2021-wimbledon-1131,2,4,4,Cumul. Set Winner,2,0
2021,2021-wimbledon-1131,2,4,1,Cumul. Unf. Error,2,3
2021,2021-wimbledon-1131,2,4,2,Cumul. Unf. Error,2,2
2021,2021-wimbledon-1131,2,4,3,Cumul. Unf. Error,2,1
2021,2021-wimbledon-1131,2,4,4,Cumul. Unf. Error,2,0
2021,2021-wimbledon-1131,2,4,1,Dynamic Model,2,3
2021,2021-wimbledon-1131,2,4,2,Dynamic Model,2,2
2021,2021-wimbledon-1131,2,4,3,Dynamic Model,2,1
2021,2021-wimbledon-1131,2,4,4,Dynamic Model,2,0
2021,2021-wimbledon-1132,2,4,1,Cumul. Point Winner,2,3
2021,2021-wimbledon-1132,2,4,2,Cumul. Point Winner,2,2
2021,2021-wimbledon-1132,2,4,3,Cumul. Point Winner,2,1
2021,2021-wimbledon-1132,2,4,4,Cumul. Point Winner,2,0
2021,2021-wimbledon-1132,2,4,1,Cumul. Game Winner,2,3
2021,2021-wimbledon-1132,2,4,2,Cumul. Game Winner,2,2
2021,2021-wimbledon-1132,2,4,3,Cumul. Game Winner,2,1
2021,2021-wimbledon-1132,2,4,4,Cumul. Game Winner,2,0
2021,2021-wimbledon-1132,2,4,1,Set Winner,2,3
2021,2021-wimbledon-1132,2,4,2,Set Winner,1,2
2021,2021-wimbledon-1132,2,4,3,Set Winner,2,1
2021,2021-wimbledon-1132,2,4,4,Set Winner,2,0
2021,2021-wimbledon-1132,2,4,1,Cumul. Set Winner,2,3
2021,2021-wimbledon-1132,2,4,2,Cumul. Set Winner,2,2
2021,2021-wimbledon-1132,2,4,3,Cumul. Set Winner,2,1
2021,2021-wimbledon-1132,2,4,4,Cumul. Set Winner,2,0
2021,2021-wimbledon-1132,2,4,1,Cumul. Unf. Error,2,3
2021,2021-wimbledon-1132,2,4,2,Cumul. Unf. Error,2,2
2021,2021-wimbledon-1132,2,4,3,Cumul. Unf. Error,2,1
2021,2021-wimbledon-1132,2,4,4,Cumul. Unf. Error,2,0
2021,2021-wimbledon-1132,2,4,1,Dynamic Model,2,3
2021,2021-wimbledon-1132,2,4,2,Dynamic Model,2,2
2021,2021-wimbledon-1132,2,4,3,Dynamic Model,2,1
2021,2021-wimbledon-1132,2,4,4,Dynamic Model,2,0
2021,2021-wimbledon-1133,1,4,1,Cumul. Point Winner,1,3
2021,2021-wimbledon-1133,1,4,2,Cumul. Point Winner,1,2
2021,2021-wimbledon-1133,1,4,3,Cumul. Point Winner,1,1
2021,2021-wimbledon-1133,1,4,4,Cumul. Point Winner,1,0
2021,2021-wimbledon-1133,1,4,1,Cumul. Game Winner,1,3
2021,2021-wimbledon-1133,1,4,2,Cumul. Game Winner,2,2
2021,2021-wimbledon-1133,1,4,3,Cumul. Game Winner,1,1
2021,2021-wimbledon-1133,1,4,4,Cumul. Game Winner,1,0
2021,2021-wimbledon-1133,1,4,1,Set Winner,1,3
2021,2021-wimbledon-1133,1,4,2,Set Winner,2,2
2021,2021-wimbledon-1133,1,4,3,Set Winner,1,1
2021,2021-wimbledon-1133,1,4,4,Set Winner,1,0
2021,2021-wimbledon-1133,1,4,1,Cumul. Set Winner,1,3
2021,2021-wimbledon-1133,1,4,2,Cumul. Set Winner,1,2
2021,2021-wimbledon-1133,1,4,3,Cumul. Set Winner,1,1
2021,2021-wimbledon-1133,1,4,4,Cumul. Set Winner,1,0
2021,2021-wimbledon-1133,1,4,1,Cumul. Unf. Error,2,3
2021,2021-wimbledon-1133,1,4,2,Cumul. Unf. Error,2,2
2021,2021-wimbledon-1133,1,4,3,Cumul. Unf. Error,2,1
2021,2021-wimbledon-1133,1,4,4,Cumul. Unf. Error,2,0
2021,2021-wimbledon-1133,1,4,1,Dynamic Model,1,3
2021,2021-wimbledon-1133,1,4,2,Dynamic Model,1,2
2021,2021-wimbledon-1133,1,4,3,Dynamic Model,1,1
2021,2021-wimbledon-1133,1,4,4,Dynamic Model,1,0
2021,2021-wimbledon-1134,1,4,1,Cumul. Point Winner,1,3
2021,2021-wimbledon-1134,1,4,2,Cumul. Point Winner,1,2
2021,2021-wimbledon-1134,1,4,3,Cumul. Point Winner,1,1
2021,2021-wimbledon-1134,1,4,4,Cumul. Point Winner,1,0
2021,2021-wimbledon-1134,1,4,1,Cumul. Game Winner,1,3
2021,2021-wimbledon-1134,1,4,2,Cumul. Game Winner,1,2
2021,2021-wimbledon-1134,1,4,3,Cumul. Game Winner,1,1
2021,2021-wimbledon-1134,1,4,4,Cumul. Game Winner,1,0
2021,2021-wimbledon-1134,1,4,1,Set Winner,1,3
2021,2021-wimbledon-1134,1,4,2,Set Winner,2,2
2021,2021-wimbledon-1134,1,4,3,Set Winner,1,1
2021,2021-wimbledon-1134,1,4,4,Set Winner,1,0
2021,2021-wimbledon-1134,1,4,1,Cumul. Set Winner,1,3
2021,2021-wimbledon-1134,1,4,2,Cumul. Set Winner,1,2
2021,2021-wimbledon-1134,1,4,3,Cumul. Set Winner,1,1
2021,2021-wimbledon-1134,1,4,4,Cumul. Set Winner,1,0
2021,2021-wimbledon-1134,1,4,1,Cumul. Unf. Error,1,3
2021,2021-wimbledon-1134,1,4,2,Cumul. Unf. Error,1,2
2021,2021-wimbledon-1134,1,4,3,Cumul. Unf. Error,1,1
2021,2021-wimbledon-1134,1,4,4,Cumul. Unf. Error,2,0
2021,2021-wimbledon-1134,1,4,1,Dynamic Model,1,3
2021,2021-wimbledon-1134,1,4,2,Dynamic Model,1,2
2021,2021-wimbledon-1134,1,4,3,Dynamic Model,1,1
2021,2021-wimbledon-1134,1,4,4,Dynamic Model,1,0
2021,2021-wimbledon-1135,2,3,1,Cumul. Point Winner,2,2
2021,2021-wimbledon-1135,2,3,2,Cumul. Point Winner,2,1
2021,2021-wimbledon-1135,2,3,3,Cumul. Point Winner,2,0
2021,2021-wimbledon-1135,2,3,1,Cumul. Game Winner,2,2
2021,2021-wimbledon-1135,2,3,2,Cumul. Game Winner,2,1
2021,2021-wimbledon-1135,2,3,3,Cumul. Game Winner,2,0
2021,2021-wimbledon-1135,2,3,1,Set Winner,2,2
2021,2021-wimbledon-1135,2,3,2,Set Winner,2,1
2021,2021-wimbledon-1135,2,3,3,Set Winner,2,0
2021,2021-wimbledon-1135,2,3,1,Cumul. Set Winner,2,2
2021,2021-wimbledon-1135,2,3,2,Cumul. Set Winner,2,1
2021,2021-wimbledon-1135,2,3,3,Cumul. Set Winner,2,0
2021,2021-wimbledon-1135,2,3,1,Cumul. Unf. Error,2,2
2021,2021-wimbledon-1135,2,3,2,Cumul. Unf. Error,2,1
2021,2021-wimbledon-1135,2,3,3,Cumul. Unf. Error,2,0
2021,2021-wimbledon-1135,2,3,1,Dynamic Model,2,2
2021,2021-wimbledon-1135,2,3,2,Dynamic Model,2,1
2021,2021-wimbledon-1135,2,3,3,Dynamic Model,2,0
2021,2021-wimbledon-1136,1,5,1,Cumul. Point Winner,1,4
2021,2021-wimbledon-1136,1,5,2,Cumul. Point Winner,2,3
2021,2021-wimbledon-1136,1,5,3,Cumul. Point Winner,2,2
2021,2021-wimbledon-1136,1,5,4,Cumul. Point Winner,2,1
2021,2021-wimbledon-1136,1,5,5,Cumul. Point Winner,2,0
2021,2021-wimbledon-1136,1,5,1,Cumul. Game Winner,1,4
2021,2021-wimbledon-1136,1,5,2,Cumul. Game Winner,2,3
2021,2021-wimbledon-1136,1,5,3,Cumul. Game Winner,2,2
2021,2021-wimbledon-1136,1,5,4,Cumul. Game Winner,2,1
2021,2021-wimbledon-1136,1,5,5,Cumul. Game Winner,1,0
2021,2021-wimbledon-1136,1,5,1,Set Winner,1,4
2021,2021-wimbledon-1136,1,5,2,Set Winner,2,3
2021,2021-wimbledon-1136,1,5,3,Set Winner,1,2
2021,2021-wimbledon-1136,1,5,4,Set Winner,2,1
2021,2021-wimbledon-1136,1,5,5,Set Winner,1,0
2021,2021-wimbledon-1136,1,5,1,Cumul. Set Winner,1,4
2021,2021-wimbledon-1136,1,5,2,Cumul. Set Winner,1,3
2021,2021-wimbledon-1136,1,5,3,Cumul. Set Winner,1,2
2021,2021-wimbledon-1136,1,5,4,Cumul. Set Winner,1,1
2021,2021-wimbledon-1136,1,5,5,Cumul. Set Winner,1,0
2021,2021-wimbledon-1136,1,5,1,Cumul. Unf. Error,1,4
2021,2021-wimbledon-1136,1,5,2,Cumul. Unf. Error,1,3
2021,2021-wimbledon-1136,1,5,3,Cumul. Unf. Error,1,2
2021,2021-wimbledon-1136,1,5,4,Cumul. Unf. Error,1,1
2021,2021-wimbledon-1136,1,5,5,Cumul. Unf. Error,1,0
2021,2021-wimbledon-1136,1,5,1,Dynamic Model,1,4
2021,2021-wimbledon-1136,1,5,2,Dynamic Model,2,3
2021,2021-wimbledon-1136,1,5,3,Dynamic Model,1,2
2021,2021-wimbledon-1136,1,5,4,Dynamic Model,1,1
2021,2021-wimbledon-1136,1,5,5,Dynamic Model,1,0
2021,2021-wimbledon-1137,2,3,1,Cumul. Point Winner,2,2
2021,2021-wimbledon-1137,2,3,2,Cumul. Point Winner,2,1
2021,2021-wimbledon-1137,2,3,3,Cumul. Point Winner,2,0
2021,2021-wimbledon-1137,2,3,1,Cumul. Game Winner,2,2
2021,2021-wimbledon-1137,2,3,2,Cumul. Game Winner,2,1
2021,2021-wimbledon-1137,2,3,3,Cumul. Game Winner,2,0
2021,2021-wimbledon-1137,2,3,1,Set Winner,2,2
2021,2021-wimbledon-1137,2,3,2,Set Winner,2,1
2021,2021-wimbledon-1137,2,3,3,Set Winner,2,0
2021,2021-wimbledon-1137,2,3,1,Cumul. Set Winner,2,2
2021,2021-wimbledon-1137,2,3,2,Cumul. Set Winner,2,1
2021,2021-wimbledon-1137,2,3,3,Cumul. Set Winner,2,0
2021,2021-wimbledon-1137,2,3,1,Cumul. Unf. Error,2,2
2021,2021-wimbledon-1137,2,3,2,Cumul. Unf. Error,2,1
2021,2021-wimbledon-1137,2,3,3,Cumul. Unf. Error,2,0
2021,2021-wimbledon-1137,2,3,1,Dynamic Model,2,2
2021,2021-wimbledon-1137,2,3,2,Dynamic Model,2,1
2021,2021-wimbledon-1137,2,3,3,Dynamic Model,2,0
2021,2021-wimbledon-1138,2,3,1,Cumul. Point Winner,2,2
2021,2021-wimbledon-1138,2,3,2,Cumul. Point Winner,2,1
2021,2021-wimbledon-1138,2,3,3,Cumul. Point Winner,2,0
2021,2021-wimbledon-1138,2,3,1,Cumul. Game Winner,2,2
2021,2021-wimbledon-1138,2,3,2,Cumul. Game Winner,2,1
2021,2021-wimbledon-1138,2,3,3,Cumul. Game Winner,2,0
2021,2021-wimbledon-1138,2,3,1,Set Winner,2,2
2021,2021-wimbledon-1138,2,3,2,Set Winner,2,1
2021,2021-wimbledon-1138,2,3,3,Set Winner,2,0
2021,2021-wimbledon-1138,2,3,1,Cumul. Set Winner,2,2
2021,2021-wimbledon-1138,2,3,2,Cumul. Set Winner,2,1
2021,2021-wimbledon-1138,2,3,3,Cumul. Set Winner,2,0
2021,2021-wimbledon-1138,2,3,1,Cumul. Unf. Error,2,2
2021,2021-wimbledon-1138,2,3,2,Cumul. Unf. Error,2,1
2021,2021-wimbledon-1138,2,3,3,Cumul. Unf. Error,2,0
2021,2021-wimbledon-1138,2,3,1,Dynamic Model,2,2
2021,2021-wimbledon-1138,2,3,2,Dynamic Model,2,1
2021,2021-wimbledon-1138,2,3,3,Dynamic Model,2,0
2021,2021-wimbledon-1139,1,3,1,Cumul. Point Winner,1,2
2021,2021-wimbledon-1139,1,3,2,Cumul. Point Winner,1,1
2021,2021-wimbledon-1139,1,3,3,Cumul. Point Winner,1,0
2021,2021-wimbledon-1139,1,3,1,Cumul. Game Winner,1,2
2021,2021-wimbledon-1139,1,3,2,Cumul. Game Winner,1,1
2021,2021-wimbledon-1139,1,3,3,Cumul. Game Winner,1,0
2021,2021-wimbledon-1139,1,3,1,Set Winner,1,2
2021,2021-wimbledon-1139,1,3,2,Set Winner,1,1
2021,2021-wimbledon-1139,1,3,3,Set Winner,1,0
2021,2021-wimbledon-1139,1,3,1,Cumul. Set Winner,1,2
2021,2021-wimbledon-1139,1,3,2,Cumul. Set Winner,1,1
2021,2021-wimbledon-1139,1,3,3,Cumul. Set Winner,1,0
2021,2021-wimbledon-1139,1,3,1,Cumul. Unf. Error,1,2
2021,2021-wimbledon-1139,1,3,2,Cumul. Unf. Error,1,1
2021,2021-wimbledon-1139,1,3,3,Cumul. Unf. Error,1,0
2021,2021-wimbledon-1139,1,3,1,Dynamic Model,1,2
2021,2021-wimbledon-1139,1,3,2,Dynamic Model,1,1
2021,2021-wimbledon-1139,1,3,3,Dynamic Model,1,0
2021,2021-wimbledon-1140,1,5,1,Cumul. Point Winner,1,4
2021,2021-wimbledon-1140,1,5,2,Cumul. Point Winner,1,3
2021,2021-wimbledon-1140,1,5,3,Cumul. Point Winner,2,2
2021,2021-wimbledon-1140,1,5,4,Cumul. Point Winner,2,1
2021,2021-wimbledon-1140,1,5,5,Cumul. Point Winner,1,0
2021,2021-wimbledon-1140,1,5,1,Cumul. Game Winner,1,4
2021,2021-wimbledon-1140,1,5,2,Cumul. Game Winner,1,3
2021,2021-wimbledon-1140,1,5,3,Cumul. Game Winner,2,2
2021,2021-wimbledon-1140,1,5,4,Cumul. Game Winner,2,1
2021,2021-wimbledon-1140,1,5,5,Cumul. Game Winner,2,0
2021,2021-wimbledon-1140,1,5,1,Set Winner,1,4
2021,2021-wimbledon-1140,1,5,2,Set Winner,1,3
2021,2021-wimbledon-1140,1,5,3,Set Winner,2,2
2021,2021-wimbledon-1140,1,5,4,Set Winner,2,1
2021,2021-wimbledon-1140,1,5,5,Set Winner,1,0
2021,2021-wimbledon-1140,1,5,1,Cumul. Set Winner,1,4
2021,2021-wimbledon-1140,1,5,2,Cumul. Set Winner,1,3
2021,2021-wimbledon-1140,1,5,3,Cumul. Set Winner,1,2
2021,2021-wimbledon-1140,1,5,4,Cumul. Set Winner,1,1
2021,2021-wimbledon-1140,1,5,5,Cumul. Set Winner,1,0
2021,2021-wimbledon-1140,1,5,1,Cumul. Unf. Error,1,4
2021,2021-wimbledon-1140,1,5,2,Cumul. Unf. Error,1,3
2021,2021-wimbledon-1140,1,5,3,Cumul. Unf. Error,1,2
2021,2021-wimbledon-1140,1,5,4,Cumul. Unf. Error,1,1
2021,2021-wimbledon-1140,1,5,5,Cumul. Unf. Error,1,0
2021,2021-wimbledon-1140,1,5,1,Dynamic Model,1,4
2021,2021-wimbledon-1140,1,5,2,Dynamic Model,1,3
2021,2021-wimbledon-1140,1,5,3,Dynamic Model,1,2
2021,2021-wimbledon-1140,1,5,4,Dynamic Model,2,1
2021,2021-wimbledon-1140,1,5,5,Dynamic Model,1,0
2021,2021-wimbledon-1141,1,3,1,Cumul. Point Winner,1,2
2021,2021-wimbledon-1141,1,3,2,Cumul. Point Winner,1,1
2021,2021-wimbledon-1141,1,3,3,Cumul. Point Winner,1,0
2021,2021-wimbledon-1141,1,3,1,Cumul. Game Winner,1,2
2021,2021-wimbledon-1141,1,3,2,Cumul. Game Winner,1,1
2021,2021-wimbledon-1141,1,3,3,Cumul. Game Winner,1,0
2021,2021-wimbledon-1141,1,3,1,Set Winner,1,2
2021,2021-wimbledon-1141,1,3,2,Set Winner,1,1
2021,2021-wimbledon-1141,1,3,3,Set Winner,1,0
2021,2021-wimbledon-1141,1,3,1,Cumul. Set Winner,1,2
2021,2021-wimbledon-1141,1,3,2,Cumul. Set Winner,1,1
2021,2021-wimbledon-1141,1,3,3,Cumul. Set Winner,1,0
2021,2021-wimbledon-1141,1,3,1,Cumul. Unf. Error,1,2
2021,2021-wimbledon-1141,1,3,2,Cumul. Unf. Error,1,1
2021,2021-wimbledon-1141,1,3,3,Cumul. Unf. Error,1,0
2021,2021-wimbledon-1141,1,3,1,Dynamic Model,1,2
2021,2021-wimbledon-1141,1,3,2,Dynamic Model,1,1
2021,2021-wimbledon-1141,1,3,3,Dynamic Model,1,0
2021,2021-wimbledon-1142,2,5,1,Cumul. Point Winner,2,4
2021,2021-wimbledon-1142,2,5,2,Cumul. Point Winner,2,3
2021,2021-wimbledon-1142,2,5,3,Cumul. Point Winner,2,2
2021,2021-wimbledon-1142,2,5,4,Cumul. Point Winner,2,1
2021,2021-wimbledon-1142,2,5,5,Cumul. Point Winner,2,0
2021,2021-wimbledon-1142,2,5,1,Cumul. Game Winner,2,4
2021,2021-wimbledon-1142,2,5,2,Cumul. Game Winner,2,3
2021,2021-wimbledon-1142,2,5,3,Cumul. Game Winner,1,2
2021,2021-wimbledon-1142,2,5,4,Cumul. Game Winner,2,1
2021,2021-wimbledon-1142,2,5,5,Cumul. Game Winner,2,0
2021,2021-wimbledon-1142,2,5,1,Set Winner,2,4
2021,2021-wimbledon-1142,2,5,2,Set Winner,1,3
2021,2021-wimbledon-1142,2,5,3,Set Winner,1,2
2021,2021-wimbledon-1142,2,5,4,Set Winner,2,1
2021,2021-wimbledon-1142,2,5,5,Set Winner,2,0
2021,2021-wimbledon-1142,2,5,1,Cumul. Set Winner,2,4
2021,2021-wimbledon-1142,2,5,2,Cumul. Set Winner,2,3
2021,2021-wimbledon-1142,2,5,3,Cumul. Set Winner,1,2
2021,2021-wimbledon-1142,2,5,4,Cumul. Set Winner,1,1
2021,2021-wimbledon-1142,2,5,5,Cumul. Set Winner,2,0
2021,2021-wimbledon-1142,2,5,1,Cumul. Unf. Error,2,4
2021,2021-wimbledon-1142,2,5,2,Cumul. Unf. Error,2,3
2021,2021-wimbledon-1142,2,5,3,Cumul. Unf. Error,2,2
2021,2021-wimbledon-1142,2,5,4,Cumul. Unf. Error,2,1
2021,2021-wimbledon-1142,2,5,5,Cumul. Unf. Error,2,0
2021,2021-wimbledon-1142,2,5,1,Dynamic Model,2,4
2021,2021-wimbledon-1142,2,5,2,Dynamic Model,2,3
2021,2021-wimbledon-1142,2,5,3,Dynamic Model,2,2
2021,2021-wimbledon-1142,2,5,4,Dynamic Model,2,1
2021,2021-wimbledon-1142,2,5,5,Dynamic Model,2,0
2021,2021-wimbledon-1143,2,4,1,Cumul. Point Winner,2,3
2021,2021-wimbledon-1143,2,4,2,Cumul. Point Winner,2,2
2021,2021-wimbledon-1143,2,4,3,Cumul. Point Winner,2,1
2021,2021-wimbledon-1143,2,4,4,Cumul. Point Winner,2,0
2021,2021-wimbledon-1143,2,4,1,Cumul. Game Winner,2,3
2021,2021-wimbledon-1143,2,4,2,Cumul. Game Winner,2,2
2021,2021-wimbledon-1143,2,4,3,Cumul. Game Winner,2,1
2021,2021-wimbledon-1143,2,4,4,Cumul. Game Winner,2,0
2021,2021-wimbledon-1143,2,4,1,Set Winner,2,3
2021,2021-wimbledon-1143,2,4,2,Set Winner,2,2
2021,2021-wimbledon-1143,2,4,3,Set Winner,1,1
2021,2021-wimbledon-1143,2,4,4,Set Winner,1,0
2021,2021-wimbledon-1143,2,4,1,Cumul. Set Winner,2,3
2021,2021-wimbledon-1143,2,4,2,Cumul. Set Winner,2,2
2021,2021-wimbledon-1143,2,4,3,Cumul. Set Winner,2,1
2021,2021-wimbledon-1143,2,4,4,Cumul. Set Winner,2,0
2021,2021-wimbledon-1143,2,4,1,Cumul. Unf. Error,1,3
2021,2021-wimbledon-1143,2,4,2,Cumul. Unf. Error,1,2
2021,2021-wimbledon-1143,2,4,3,Cumul. Unf. Error,1,1
2021,2021-wimbledon-1143,2,4,4,Cumul. Unf. Error,1,0
2021,2021-wimbledon-1143,2,4,1,Dynamic Model,2,3
2021,2021-wimbledon-1143,2,4,2,Dynamic Model,2,2
2021,2021-wimbledon-1143,2,4,3,Dynamic Model,2,1
2021,2021-wimbledon-1143,2,4,4,Dynamic Model,2,0
2021,2021-wimbledon-1144,1,5,1,Cumul. Point Winner,1,4
2021,2021-wimbledon-1144,1,5,2,Cumul. Point Winner,1,3
2021,2021-wimbledon-1144,1,5,3,Cumul. Point Winner,1,2
2021,2021-wimbledon-1144,1,5,4,Cumul. Point Winner,1,1
2021,2021-wimbledon-1144,1,5,5,Cumul. Point Winner,1,0
2021,2021-wimbledon-1144,1,5,1,Cumul. Game Winner,1,4
2021,2021-wimbledon-1144,1,5,2,Cumul. Game Winner,1,3
2021,2021-wimbledon-1144,1,5,3,Cumul. Game Winner,2,2
2021,2021-wimbledon-1144,1,5,4,Cumul. Game Winner,1,1
2021,2021-wimbledon-1144,1,5,5,Cumul. Game Winner,1,0
2021,2021-wimbledon-1144,1,5,1,Set Winner,1,4
2021,2021-wimbledon-1144,1,5,2,Set Winner,2,3
2021,2021-wimbledon-1144,1,5,3,Set Winner,2,2
2021,2021-wimbledon-1144,1,5,4,Set Winner,1,1
2021,2021-wimbledon-1144,1,5,5,Set Winner,1,0
2021,2021-wimbledon-1144,1,5,1,Cumul. Set Winner,1,4
2021,2021-wimbledon-1144,1,5,2,Cumul. Set Winner,1,3
2021,2021-wimbledon-1144,1,5,3,Cumul. Set Winner,2,2
2021,2021-wimbledon-1144,1,5,4,Cumul. Set Winner,2,1
2021,2021-wimbledon-1144,1,5,5,Cumul. Set Winner,1,0
2021,2021-wimbledon-1144,1,5,1,Cumul. Unf. Error,1,4
2021,2021-wimbledon-1144,1,5,2,Cumul. Unf. Error,1,3
2021,2021-wimbledon-1144,1,5,3,Cumul. Unf. Error,1,2
2021,2021-wimbledon-1144,1,5,4,Cumul. Unf. Error,1,1
2021,2021-wimbledon-1144,1,5,5,Cumul. Unf. Error,1,0
2021,2021-wimbledon-1144,1,5,1,Dynamic Model,1,4
2021,2021-wimbledon-1144,1,5,2,Dynamic Model,1,3
2021,2021-wimbledon-1144,1,5,3,Dynamic Model,2,2
2021,2021-wimbledon-1144,1,5,4,Dynamic Model,1,1
2021,2021-wimbledon-1144,1,5,5,Dynamic Model,1,0
2021,2021-wimbledon-1145,1,4,1,Cumul. Point Winner,1,3
2021,2021-wimbledon-1145,1,4,2,Cumul. Point Winner,2,2
2021,2021-wimbledon-1145,1,4,3,Cumul. Point Winner,2,1
2021,2021-wimbledon-1145,1,4,4,Cumul. Point Winner,1,0
2021,2021-wimbledon-1145,1,4,1,Cumul. Game Winner,1,3
2021,2021-wimbledon-1145,1,4,2,Cumul. Game Winner,2,2
2021,2021-wimbledon-1145,1,4,3,Cumul. Game Winner,1,1
2021,2021-wimbledon-1145,1,4,4,Cumul. Game Winner,1,0
2021,2021-wimbledon-1145,1,4,1,Set Winner,1,3
2021,2021-wimbledon-1145,1,4,2,Set Winner,2,2
2021,2021-wimbledon-1145,1,4,3,Set Winner,1,1
2021,2021-wimbledon-1145,1,4,4,Set Winner,1,0
2021,2021-wimbledon-1145,1,4,1,Cumul. Set Winner,1,3
2021,2021-wimbledon-1145,1,4,2,Cumul. Set Winner,1,2
2021,2021-wimbledon-1145,1,4,3,Cumul. Set Winner,1,1
2021,2021-wimbledon-1145,1,4,4,Cumul. Set Winner,1,0
2021,2021-wimbledon-1145,1,4,1,Cumul. Unf. Error,1,3
2021,2021-wimbledon-1145,1,4,2,Cumul. Unf. Error,1,2
2021,2021-wimbledon-1145,1,4,3,Cumul. Unf. Error,1,1
2021,2021-wimbledon-1145,1,4,4,Cumul. Unf. Error,1,0
2021,2021-wimbledon-1145,1,4,1,Dynamic Model,1,3
2021,2021-wimbledon-1145,1,4,2,Dynamic Model,1,2
2021,2021-wimbledon-1145,1,4,3,Dynamic Model,1,1
2021,2021-wimbledon-1145,1,4,4,Dynamic Model,1,0
2021,2021-wimbledon-1146,1,3,1,Cumul. Point Winner,1,2
2021,2021-wimbledon-1146,1,3,2,Cumul. Point Winner,1,1
2021,2021-wimbledon-1146,1,3,3,Cumul. Point Winner,1,0
2021,2021-wimbledon-1146,1,3,1,Cumul. Game Winner,1,2
2021,2021-wimbledon-1146,1,3,2,Cumul. Game Winner,1,1
2021,2021-wimbledon-1146,1,3,3,Cumul. Game Winner,1,0
2021,2021-wimbledon-1146,1,3,1,Set Winner,1,2
2021,2021-wimbledon-1146,1,3,2,Set Winner,1,1
2021,2021-wimbledon-1146,1,3,3,Set Winner,1,0
2021,2021-wimbledon-1146,1,3,1,Cumul. Set Winner,1,2
2021,2021-wimbledon-1146,1,3,2,Cumul. Set Winner,1,1
2021,2021-wimbledon-1146,1,3,3,Cumul. Set Winner,1,0
2021,2021-wimbledon-1146,1,3,1,Cumul. Unf. Error,1,2
2021,2021-wimbledon-1146,1,3,2,Cumul. Unf. Error,1,1
2021,2021-wimbledon-1146,1,3,3,Cumul. Unf. Error,1,0
2021,2021-wimbledon-1146,1,3,1,Dynamic Model,1,2
2021,2021-wimbledon-1146,1,3,2,Dynamic Model,1,1
2021,2021-wimbledon-1146,1,3,3,Dynamic Model,1,0
2021,2021-wimbledon-1148,2,3,1,Cumul. Point Winner,2,2
2021,2021-wimbledon-1148,2,3,2,Cumul. Point Winner,2,1
2021,2021-wimbledon-1148,2,3,3,Cumul. Point Winner,2,0
2021,2021-wimbledon-1148,2,3,1,Cumul. Game Winner,2,2
2021,2021-wimbledon-1148,2,3,2,Cumul. Game Winner,2,1
2021,2021-wimbledon-1148,2,3,3,Cumul. Game Winner,2,0
2021,2021-wimbledon-1148,2,3,1,Set Winner,2,2
2021,2021-wimbledon-1148,2,3,2,Set Winner,2,1
2021,2021-wimbledon-1148,2,3,3,Set Winner,2,0
2021,2021-wimbledon-1148,2,3,1,Cumul. Set Winner,2,2
2021,2021-wimbledon-1148,2,3,2,Cumul. Set Winner,2,1
2021,2021-wimbledon-1148,2,3,3,Cumul. Set Winner,2,0
2021,2021-wimbledon-1148,2,3,1,Cumul. Unf. Error,2,2
2021,2021-wimbledon-1148,2,3,2,Cumul. Unf. Error,2,1
2021,2021-wimbledon-1148,2,3,3,Cumul. Unf. Error,2,0
2021,2021-wimbledon-1148,2,3,1,Dynamic Model,2,2
2021,2021-wimbledon-1148,2,3,2,Dynamic Model,2,1
2021,2021-wimbledon-1148,2,3,3,Dynamic Model,2,0
2021,2021-wimbledon-1150,1,4,1,Cumul. Point Winner,1,3
2021,2021-wimbledon-1150,1,4,2,Cumul. Point Winner,2,2
2021,2021-wimbledon-1150,1,4,3,Cumul. Point Winner,1,1
2021,2021-wimbledon-1150,1,4,4,Cumul. Point Winner,1,0
2021,2021-wimbledon-1150,1,4,1,Cumul. Game Winner,1,3
2021,2021-wimbledon-1150,1,4,2,Cumul. Game Winner,2,2
2021,2021-wimbledon-1150,1,4,3,Cumul. Game Winner,1,1
2021,2021-wimbledon-1150,1,4,4,Cumul. Game Winner,1,0
2021,2021-wimbledon-1150,1,4,1,Set Winner,1,3
2021,2021-wimbledon-1150,1,4,2,Set Winner,2,2
2021,2021-wimbledon-1150,1,4,3,Set Winner,1,1
2021,2021-wimbledon-1150,1,4,4,Set Winner,1,0
2021,2021-wimbledon-1150,1,4,1,Cumul. Set Winner,1,3
2021,2021-wimbledon-1150,1,4,2,Cumul. Set Winner,1,2
2021,2021-wimbledon-1150,1,4,3,Cumul. Set Winner,1,1
2021,2021-wimbledon-1150,1,4,4,Cumul. Set Winner,1,0
2021,2021-wimbledon-1150,1,4,1,Cumul. Unf. Error,1,3
2021,2021-wimbledon-1150,1,4,2,Cumul. Unf. Error,1,2
2021,2021-wimbledon-1150,1,4,3,Cumul. Unf. Error,1,1
2021,2021-wimbledon-1150,1,4,4,Cumul. Unf. Error,1,0
2021,2021-wimbledon-1150,1,4,1,Dynamic Model,1,3
2021,2021-wimbledon-1150,1,4,2,Dynamic Model,2,2
2021,2021-wimbledon-1150,1,4,3,Dynamic Model,1,1
2021,2021-wimbledon-1150,1,4,4,Dynamic Model,1,0
2021,2021-wimbledon-1151,2,3,1,Cumul. Point Winner,2,2
2021,2021-wimbledon-1151,2,3,2,Cumul. Point Winner,2,1
2021,2021-wimbledon-1151,2,3,3,Cumul. Point Winner,2,0
2021,2021-wimbledon-1151,2,3,1,Cumul. Game Winner,2,2
2021,2021-wimbledon-1151,2,3,2,Cumul. Game Winner,2,1
2021,2021-wimbledon-1151,2,3,3,Cumul. Game Winner,2,0
2021,2021-wimbledon-1151,2,3,1,Set Winner,2,2
2021,2021-wimbledon-1151,2,3,2,Set Winner,2,1
2021,2021-wimbledon-1151,2,3,3,Set Winner,2,0
2021,2021-wimbledon-1151,2,3,1,Cumul. Set Winner,2,2
2021,2021-wimbledon-1151,2,3,2,Cumul. Set Winner,2,1
2021,2021-wimbledon-1151,2,3,3,Cumul. Set Winner,2,0
2021,2021-wimbledon-1151,2,3,1,Cumul. Unf. Error,1,2
2021,2021-wimbledon-1151,2,3,2,Cumul. Unf. Error,1,1
2021,2021-wimbledon-1151,2,3,3,Cumul. Unf. Error,2,0
2021,2021-wimbledon-1151,2,3,1,Dynamic Model,2,2
2021,2021-wimbledon-1151,2,3,2,Dynamic Model,2,1
2021,2021-wimbledon-1151,2,3,3,Dynamic Model,2,0
2021,2021-wimbledon-1152,2,4,1,Cumul. Point Winner,1,3
2021,2021-wimbledon-1152,2,4,2,Cumul. Point Winner,1,2
2021,2021-wimbledon-1152,2,4,3,Cumul. Point Winner,2,1
2021,2021-wimbledon-1152,2,4,4,Cumul. Point Winner,2,0
2021,2021-wimbledon-1152,2,4,1,Cumul. Game Winner,1,3
2021,2021-wimbledon-1152,2,4,2,Cumul. Game Winner,1,2
2021,2021-wimbledon-1152,2,4,3,Cumul. Game Winner,1,1
2021,2021-wimbledon-1152,2,4,4,Cumul. Game Winner,2,0
2021,2021-wimbledon-1152,2,4,1,Set Winner,1,3
2021,2021-wimbledon-1152,2,4,2,Set Winner,1,2
2021,2021-wimbledon-1152,2,4,3,Set Winner,2,1
2021,2021-wimbledon-1152,2,4,4,Set Winner,2,0
2021,2021-wimbledon-1152,2,4,1,Cumul. Set Winner,1,3
2021,2021-wimbledon-1152,2,4,2,Cumul. Set Winner,1,2
2021,2021-wimbledon-1152,2,4,3,Cumul. Set Winner,1,1
2021,2021-wimbledon-1152,2,4,4,Cumul. Set Winner,1,0
2021,2021-wimbledon-1152,2,4,1,Cumul. Unf. Error,1,3
2021,2021-wimbledon-1152,2,4,2,Cumul. Unf. Error,1,2
2021,2021-wimbledon-1152,2,4,3,Cumul. Unf. Error,2,1
2021,2021-wimbledon-1152,2,4,4,Cumul. Unf. Error,2,0
2021,2021-wimbledon-1152,2,4,1,Dynamic Model,1,3
2021,2021-wimbledon-1152,2,4,2,Dynamic Model,1,2
2021,2021-wimbledon-1152,2,4,3,Dynamic Model,2,1
2021,2021-wimbledon-1152,2,4,4,Dynamic Model,2,0
2021,2021-wimbledon-1153,1,3,1,Cumul. Point Winner,1,2
2021,2021-wimbledon-1153,1,3,2,Cumul. Point Winner,1,1
2021,2021-wimbledon-1153,1,3,3,Cumul. Point Winner,1,0
2021,2021-wimbledon-1153,1,3,1,Cumul. Game Winner,1,2
2021,2021-wimbledon-1153,1,3,2,Cumul. Game Winner,1,1
2021,2021-wimbledon-1153,1,3,3,Cumul. Game Winner,1,0
2021,2021-wimbledon-1153,1,3,1,Set Winner,1,2
2021,2021-wimbledon-1153,1,3,2,Set Winner,1,1
2021,2021-wimbledon-1153,1,3,3,Set Winner,1,0
2021,2021-wimbledon-1153,1,3,1,Cumul. Set Winner,1,2
2021,2021-wimbledon-1153,1,3,2,Cumul. Set Winner,1,1
2021,2021-wimbledon-1153,1,3,3,Cumul. Set Winner,1,0
2021,2021-wimbledon-1153,1,3,1,Cumul. Unf. Error,1,2
2021,2021-wimbledon-1153,1,3,2,Cumul. Unf. Error,1,1
2021,2021-wimbledon-1153,1,3,3,Cumul. Unf. Error,1,0
2021,2021-wimbledon-1153,1,3,1,Dynamic Model,1,2
2021,2021-wimbledon-1153,1,3,2,Dynamic Model,1,1
2021,2021-wimbledon-1153,1,3,3,Dynamic Model,1,0
2021,2021-wimbledon-1154,1,4,1,Cumul. Point Winner,1,3
2021,2021-wimbledon-1154,1,4,2,Cumul. Point Winner,2,2
2021,2021-wimbledon-1154,1,4,3,Cumul. Point Winner,1,1
2021,2021-wimbledon-1154,1,4,4,Cumul. Point Winner,1,0
2021,2021-wimbledon-1154,1,4,1,Cumul. Game Winner,1,3
2021,2021-wimbledon-1154,1,4,2,Cumul. Game Winner,1,2
2021,2021-wimbledon-1154,1,4,3,Cumul. Game Winner,1,1
2021,2021-wimbledon-1154,1,4,4,Cumul. Game Winner,1,0
2021,2021-wimbledon-1154,1,4,1,Set Winner,1,3
2021,2021-wimbledon-1154,1,4,2,Set Winner,2,2
2021,2021-wimbledon-1154,1,4,3,Set Winner,1,1
2021,2021-wimbledon-1154,1,4,4,Set Winner,1,0
2021,2021-wimbledon-1154,1,4,1,Cumul. Set Winner,1,3
2021,2021-wimbledon-1154,1,4,2,Cumul. Set Winner,1,2
2021,2021-wimbledon-1154,1,4,3,Cumul. Set Winner,1,1
2021,2021-wimbledon-1154,1,4,4,Cumul. Set Winner,1,0
2021,2021-wimbledon-1154,1,4,1,Cumul. Unf. Error,2,3
2021,2021-wimbledon-1154,1,4,2,Cumul. Unf. Error,2,2
2021,2021-wimbledon-1154,1,4,3,Cumul. Unf. Error,2,1
2021,2021-wimbledon-1154,1,4,4,Cumul. Unf. Error,2,0
2021,2021-wimbledon-1154,1,4,1,Dynamic Model,1,3
2021,2021-wimbledon-1154,1,4,2,Dynamic Model,2,2
2021,2021-wimbledon-1154,1,4,3,Dynamic Model,1,1
2021,2021-wimbledon-1154,1,4,4,Dynamic Model,1,0
2021,2021-wimbledon-1155,1,3,1,Cumul. Point Winner,1,2
2021,2021-wimbledon-1155,1,3,2,Cumul. Point Winner,1,1
2021,2021-wimbledon-1155,1,3,3,Cumul. Point Winner,1,0
2021,2021-wimbledon-1155,1,3,1,Cumul. Game Winner,1,2
2021,2021-wimbledon-1155,1,3,2,Cumul. Game Winner,1,1
2021,2021-wimbledon-1155,1,3,3,Cumul. Game Winner,1,0
2021,2021-wimbledon-1155,1,3,1,Set Winner,1,2
2021,2021-wimbledon-1155,1,3,2,Set Winner,1,1
2021,2021-wimbledon-1155,1,3,3,Set Winner,1,0
2021,2021-wimbledon-1155,1,3,1,Cumul. Set Winner,1,2
2021,2021-wimbledon-1155,1,3,2,Cumul. Set Winner,1,1
2021,2021-wimbledon-1155,1,3,3,Cumul. Set Winner,1,0
2021,2021-wimbledon-1155,1,3,1,Cumul. Unf. Error,1,2
2021,2021-wimbledon-1155,1,3,2,Cumul. Unf. Error,1,1
2021,2021-wimbledon-1155,1,3,3,Cumul. Unf. Error,1,0
2021,2021-wimbledon-1155,1,3,1,Dynamic Model,1,2
2021,2021-wimbledon-1155,1,3,2,Dynamic Model,1,1
2021,2021-wimbledon-1155,1,3,3,Dynamic Model,1,0
2021,2021-wimbledon-1156,1,3,1,Cumul. Point Winner,2,2
2021,2021-wimbledon-1156,1,3,2,Cumul. Point Winner,1,1
2021,2021-wimbledon-1156,1,3,3,Cumul. Point Winner,1,0
2021,2021-wimbledon-1156,1,3,1,Cumul. Game Winner,1,2
2021,2021-wimbledon-1156,1,3,2,Cumul. Game Winner,1,1
2021,2021-wimbledon-1156,1,3,3,Cumul. Game Winner,1,0
2021,2021-wimbledon-1156,1,3,1,Set Winner,1,2
2021,2021-wimbledon-1156,1,3,2,Set Winner,1,1
2021,2021-wimbledon-1156,1,3,3,Set Winner,1,0
2021,2021-wimbledon-1156,1,3,1,Cumul. Set Winner,1,2
2021,2021-wimbledon-1156,1,3,2,Cumul. Set Winner,1,1
2021,2021-wimbledon-1156,1,3,3,Cumul. Set Winner,1,0
2021,2021-wimbledon-1156,1,3,1,Cumul. Unf. Error,2,2
2021,2021-wimbledon-1156,1,3,2,Cumul. Unf. Error,2,1
2021,2021-wimbledon-1156,1,3,3,Cumul. Unf. Error,2,0
2021,2021-wimbledon-1156,1,3,1,Dynamic Model,1,2
2021,2021-wimbledon-1156,1,3,2,Dynamic Model,1,1
2021,2021-wimbledon-1156,1,3,3,Dynamic Model,1,0
2021,2021-wimbledon-1157,1,3,1,Cumul. Point Winner,1,2
2021,2021-wimbledon-1157,1,3,2,Cumul. Point Winner,1,1
2021,2021-wimbledon-1157,1,3,3,Cumul. Point Winner,1,0
2021,2021-wimbledon-1157,1,3,1,Cumul. Game Winner,1,2
2021,2021-wimbledon-1157,1,3,2,Cumul. Game Winner,1,1
2021,2021-wimbledon-1157,1,3,3,Cumul. Game Winner,1,0
2021,2021-wimbledon-1157,1,3,1,Set Winner,1,2
2021,2021-wimbledon-1157,1,3,2,Set Winner,1,1
2021,2021-wimbledon-1157,1,3,3,Set Winner,1,0
2021,2021-wimbledon-1157,1,3,1,Cumul. Set Winner,1,2
2021,2021-wimbledon-1157,1,3,2,Cumul. Set Winner,1,1
2021,2021-wimbledon-1157,1,3,3,Cumul. Set Winner,1,0
2021,2021-wimbledon-1157,1,3,1,Cumul. Unf. Error,2,2
2021,2021-wimbledon-1157,1,3,2,Cumul. Unf. Error,2,1
2021,2021-wimbledon-1157,1,3,3,Cumul. Unf. Error,1,0
2021,2021-wimbledon-1157,1,3,1,Dynamic Model,1,2
2021,2021-wimbledon-1157,1,3,2,Dynamic Model,1,1
2021,2021-wimbledon-1157,1,3,3,Dynamic Model,1,0
2021,2021-wimbledon-1158,2,5,1,Cumul. Point Winner,2,4
2021,2021-wimbledon-1158,2,5,2,Cumul. Point Winner,1,3
2021,2021-wimbledon-1158,2,5,3,Cumul. Point Winner,2,2
2021,2021-wimbledon-1158,2,5,4,Cumul. Point Winner,1,1
2021,2021-wimbledon-1158,2,5,5,Cumul. Point Winner,1,0
2021,2021-wimbledon-1158,2,5,1,Cumul. Game Winner,2,4
2021,2021-wimbledon-1158,2,5,2,Cumul. Game Winner,1,3
2021,2021-wimbledon-1158,2,5,3,Cumul. Game Winner,2,2
2021,2021-wimbledon-1158,2,5,4,Cumul. Game Winner,1,1
2021,2021-wimbledon-1158,2,5,5,Cumul. Game Winner,1,0
2021,2021-wimbledon-1158,2,5,1,Set Winner,2,4
2021,2021-wimbledon-1158,2,5,2,Set Winner,1,3
2021,2021-wimbledon-1158,2,5,3,Set Winner,2,2
2021,2021-wimbledon-1158,2,5,4,Set Winner,1,1
2021,2021-wimbledon-1158,2,5,5,Set Winner,2,0
2021,2021-wimbledon-1158,2,5,1,Cumul. Set Winner,2,4
2021,2021-wimbledon-1158,2,5,2,Cumul. Set Winner,2,3
2021,2021-wimbledon-1158,2,5,3,Cumul. Set Winner,2,2
2021,2021-wimbledon-1158,2,5,4,Cumul. Set Winner,2,1
2021,2021-wimbledon-1158,2,5,5,Cumul. Set Winner,2,0
2021,2021-wimbledon-1158,2,5,1,Cumul. Unf. Error,2,4
2021,2021-wimbledon-1158,2,5,2,Cumul. Unf. Error,1,3
2021,2021-wimbledon-1158,2,5,3,Cumul. Unf. Error,2,2
2021,2021-wimbledon-1158,2,5,4,Cumul. Unf. Error,2,1
2021,2021-wimbledon-1158,2,5,5,Cumul. Unf. Error,2,0
2021,2021-wimbledon-1158,2,5,1,Dynamic Model,2,4
2021,2021-wimbledon-1158,2,5,2,Dynamic Model,1,3
2021,2021-wimbledon-1158,2,5,3,Dynamic Model,2,2
2021,2021-wimbledon-1158,2,5,4,Dynamic Model,1,1
2021,2021-wimbledon-1158,2,5,5,Dynamic Model,2,0
2021,2021-wimbledon-1159,2,3,1,Cumul. Point Winner,2,2
2021,2021-wimbledon-1159,2,3,2,Cumul. Point Winner,2,1
2021,2021-wimbledon-1159,2,3,3,Cumul. Point Winner,2,0
2021,2021-wimbledon-1159,2,3,1,Cumul. Game Winner,2,2
2021,2021-wimbledon-1159,2,3,2,Cumul. Game Winner,2,1
2021,2021-wimbledon-1159,2,3,3,Cumul. Game Winner,2,0
2021,2021-wimbledon-1159,2,3,1,Set Winner,2,2
2021,2021-wimbledon-1159,2,3,2,Set Winner,2,1
2021,2021-wimbledon-1159,2,3,3,Set Winner,2,0
2021,2021-wimbledon-1159,2,3,1,Cumul. Set Winner,2,2
2021,2021-wimbledon-1159,2,3,2,Cumul. Set Winner,2,1
2021,2021-wimbledon-1159,2,3,3,Cumul. Set Winner,2,0
2021,2021-wimbledon-1159,2,3,1,Cumul. Unf. Error,1,2
2021,2021-wimbledon-1159,2,3,2,Cumul. Unf. Error,1,1
2021,2021-wimbledon-1159,2,3,3,Cumul. Unf. Error,1,0
2021,2021-wimbledon-1159,2,3,1,Dynamic Model,2,2
2021,2021-wimbledon-1159,2,3,2,Dynamic Model,2,1
2021,2021-wimbledon-1159,2,3,3,Dynamic Model,2,0
2021,2021-wimbledon-1160,2,4,1,Cumul. Point Winner,1,3
2021,2021-wimbledon-1160,2,4,2,Cumul. Point Winner,1,2
2021,2021-wimbledon-1160,2,4,3,Cumul. Point Winner,2,1
2021,2021-wimbledon-1160,2,4,4,Cumul. Point Winner,2,0
2021,2021-wimbledon-1160,2,4,1,Cumul. Game Winner,1,3
2021,2021-wimbledon-1160,2,4,2,Cumul. Game Winner,1,2
2021,2021-wimbledon-1160,2,4,3,Cumul. Game Winner,2,1
2021,2021-wimbledon-1160,2,4,4,Cumul. Game Winner,2,0
2021,2021-wimbledon-1160,2,4,1,Set Winner,1,3
2021,2021-wimbledon-1160,2,4,2,Set Winner,2,2
2021,2021-wimbledon-1160,2,4,3,Set Winner,2,1
2021,2021-wimbledon-1160,2,4,4,Set Winner,2,0
2021,2021-wimbledon-1160,2,4,1,Cumul. Set Winner,1,3
2021,2021-wimbledon-1160,2,4,2,Cumul. Set Winner,1,2
2021,2021-wimbledon-1160,2,4,3,Cumul. Set Winner,2,1
2021,2021-wimbledon-1160,2,4,4,Cumul. Set Winner,2,0
2021,2021-wimbledon-1160,2,4,1,Cumul. Unf. Error,1,3
2021,2021-wimbledon-1160,2,4,2,Cumul. Unf. Error,1,2
2021,2021-wimbledon-1160,2,4,3,Cumul. Unf. Error,2,1
2021,2021-wimbledon-1160,2,4,4,Cumul. Unf. Error,2,0
2021,2021-wimbledon-1160,2,4,1,Dynamic Model,1,3
2021,2021-wimbledon-1160,2,4,2,Dynamic Model,1,2
2021,2021-wimbledon-1160,2,4,3,Dynamic Model,2,1
2021,2021-wimbledon-1160,2,4,4,Dynamic Model,2,0
2021,2021-wimbledon-1161,1,3,1,Cumul. Point Winner,1,2
2021,2021-wimbledon-1161,1,3,2,Cumul. Point Winner,1,1
2021,2021-wimbledon-1161,1,3,3,Cumul. Point Winner,1,0
2021,2021-wimbledon-1161,1,3,1,Cumul. Game Winner,1,2
2021,2021-wimbledon-1161,1,3,2,Cumul. Game Winner,1,1
2021,2021-wimbledon-1161,1,3,3,Cumul. Game Winner,1,0
2021,2021-wimbledon-1161,1,3,1,Set Winner,1,2
2021,2021-wimbledon-1161,1,3,2,Set Winner,1,1
2021,2021-wimbledon-1161,1,3,3,Set Winner,1,0
2021,2021-wimbledon-1161,1,3,1,Cumul. Set Winner,1,2
2021,2021-wimbledon-1161,1,3,2,Cumul. Set Winner,1,1
2021,2021-wimbledon-1161,1,3,3,Cumul. Set Winner,1,0
2021,2021-wimbledon-1161,1,3,1,Cumul. Unf. Error,2,2
2021,2021-wimbledon-1161,1,3,2,Cumul. Unf. Error,2,1
2021,2021-wimbledon-1161,1,3,3,Cumul. Unf. Error,2,0
2021,2021-wimbledon-1161,1,3,1,Dynamic Model,1,2
2021,2021-wimbledon-1161,1,3,2,Dynamic Model,1,1
2021,2021-wimbledon-1161,1,3,3,Dynamic Model,1,0
2021,2021-wimbledon-1162,2,5,1,Cumul. Point Winner,2,4
2021,2021-wimbledon-1162,2,5,2,Cumul. Point Winner,1,3
2021,2021-wimbledon-1162,2,5,3,Cumul. Point Winner,1,2
2021,2021-wimbledon-1162,2,5,4,Cumul. Point Winner,2,1
2021,2021-wimbledon-1162,2,5,5,Cumul. Point Winner,2,0
2021,2021-wimbledon-1162,2,5,1,Cumul. Game Winner,2,4
2021,2021-wimbledon-1162,2,5,2,Cumul. Game Winner,2,3
2021,2021-wimbledon-1162,2,5,3,Cumul. Game Winner,1,2
2021,2021-wimbledon-1162,2,5,4,Cumul. Game Winner,2,1
2021,2021-wimbledon-1162,2,5,5,Cumul. Game Winner,2,0
2021,2021-wimbledon-1162,2,5,1,Set Winner,2,4
2021,2021-wimbledon-1162,2,5,2,Set Winner,1,3
2021,2021-wimbledon-1162,2,5,3,Set Winner,1,2
2021,2021-wimbledon-1162,2,5,4,Set Winner,2,1
2021,2021-wimbledon-1162,2,5,5,Set Winner,2,0
2021,2021-wimbledon-1162,2,5,1,Cumul. Set Winner,2,4
2021,2021-wimbledon-1162,2,5,2,Cumul. Set Winner,2,3
2021,2021-wimbledon-1162,2,5,3,Cumul. Set Winner,1,2
2021,2021-wimbledon-1162,2,5,4,Cumul. Set Winner,1,1
2021,2021-wimbledon-1162,2,5,5,Cumul. Set Winner,2,0
2021,2021-wimbledon-1162,2,5,1,Cumul. Unf. Error,2,4
2021,2021-wimbledon-1162,2,5,2,Cumul. Unf. Error,2,3
2021,2021-wimbledon-1162,2,5,3,Cumul. Unf. Error,1,2
2021,2021-wimbledon-1162,2,5,4,Cumul. Unf. Error,1,1
2021,2021-wimbledon-1162,2,5,5,Cumul. Unf. Error,2,0
2021,2021-wimbledon-1162,2,5,1,Dynamic Model,2,4
2021,2021-wimbledon-1162,2,5,2,Dynamic Model,1,3
2021,2021-wimbledon-1162,2,5,3,Dynamic Model,1,2
2021,2021-wimbledon-1162,2,5,4,Dynamic Model,1,1
2021,2021-wimbledon-1162,2,5,5,Dynamic Model,2,0
2021,2021-wimbledon-1163,2,5,1,Cumul. Point Winner,2,4
2021,2021-wimbledon-1163,2,5,2,Cumul. Point Winner,2,3
2021,2021-wimbledon-1163,2,5,3,Cumul. Point Winner,2,2
2021,2021-wimbledon-1163,2,5,4,Cumul. Point Winner,2,1
2021,2021-wimbledon-1163,2,5,5,Cumul. Point Winner,2,0
2021,2021-wimbledon-1163,2,5,1,Cumul. Game Winner,2,4
2021,2021-wimbledon-1163,2,5,2,Cumul. Game Winner,2,3
2021,2021-wimbledon-1163,2,5,3,Cumul. Game Winner,2,2
2021,2021-wimbledon-1163,2,5,4,Cumul. Game Winner,2,1
2021,2021-wimbledon-1163,2,5,5,Cumul. Game Winner,2,0
2021,2021-wimbledon-1163,2,5,1,Set Winner,2,4
2021,2021-wimbledon-1163,2,5,2,Set Winner,1,3
2021,2021-wimbledon-1163,2,5,3,Set Winner,2,2
2021,2021-wimbledon-1163,2,5,4,Set Winner,1,1
2021,2021-wimbledon-1163,2,5,5,Set Winner,2,0
2021,2021-wimbledon-1163,2,5,1,Cumul. Set Winner,2,4
2021,2021-wimbledon-1163,2,5,2,Cumul. Set Winner,2,3
2021,2021-wimbledon-1163,2,5,3,Cumul. Set Winner,2,2
2021,2021-wimbledon-1163,2,5,4,Cumul. Set Winner,2,1
2021,2021-wimbledon-1163,2,5,5,Cumul. Set Winner,2,0
2021,2021-wimbledon-1163,2,5,1,Cumul. Unf. Error,1,4
2021,2021-wimbledon-1163,2,5,2,Cumul. Unf. Error,1,3
2021,2021-wimbledon-1163,2,5,3,Cumul. Unf. Error,2,2
2021,2021-wimbledon-1163,2,5,4,Cumul. Unf. Error,2,1
2021,2021-wimbledon-1163,2,5,5,Cumul. Unf. Error,2,0
2021,2021-wimbledon-1163,2,5,1,Dynamic Model,2,4
2021,2021-wimbledon-1163,2,5,2,Dynamic Model,2,3
2021,2021-wimbledon-1163,2,5,3,Dynamic Model,2,2
2021,2021-wimbledon-1163,2,5,4,Dynamic Model,2,1
2021,2021-wimbledon-1163,2,5,5,Dynamic Model,2,0
2021,2021-wimbledon-1164,2,4,1,Cumul. Point Winner,2,3
2021,2021-wimbledon-1164,2,4,2,Cumul. Point Winner,2,2
2021,2021-wimbledon-1164,2,4,3,Cumul. Point Winner,2,1
2021,2021-wimbledon-1164,2,4,4,Cumul. Point Winner,2,0
2021,2021-wimbledon-1164,2,4,1,Cumul. Game Winner,2,3
2021,2021-wimbledon-1164,2,4,2,Cumul. Game Winner,2,2
2021,2021-wimbledon-1164,2,4,3,Cumul. Game Winner,2,1
2021,2021-wimbledon-1164,2,4,4,Cumul. Game Winner,2,0
2021,2021-wimbledon-1164,2,4,1,Set Winner,2,3
2021,2021-wimbledon-1164,2,4,2,Set Winner,2,2
2021,2021-wimbledon-1164,2,4,3,Set Winner,1,1
2021,2021-wimbledon-1164,2,4,4,Set Winner,2,0
2021,2021-wimbledon-1164,2,4,1,Cumul. Set Winner,2,3
2021,2021-wimbledon-1164,2,4,2,Cumul. Set Winner,2,2
2021,2021-wimbledon-1164,2,4,3,Cumul. Set Winner,2,1
2021,2021-wimbledon-1164,2,4,4,Cumul. Set Winner,2,0
2021,2021-wimbledon-1164,2,4,1,Cumul. Unf. Error,2,3
2021,2021-wimbledon-1164,2,4,2,Cumul. Unf. Error,2,2
2021,2021-wimbledon-1164,2,4,3,Cumul. Unf. Error,2,1
2021,2021-wimbledon-1164,2,4,4,Cumul. Unf. Error,2,0
2021,2021-wimbledon-1164,2,4,1,Dynamic Model,2,3
2021,2021-wimbledon-1164,2,4,2,Dynamic Model,2,2
2021,2021-wimbledon-1164,2,4,3,Dynamic Model,2,1
2021,2021-wimbledon-1164,2,4,4,Dynamic Model,2,0
2021,2021-wimbledon-1201,1,3,1,Cumul. Point Winner,1,2
2021,2021-wimbledon-1201,1,3,2,Cumul. Point Winner,1,1
2021,2021-wimbledon-1201,1,3,3,Cumul. Point Winner,1,0
2021,2021-wimbledon-1201,1,3,1,Cumul. Game Winner,1,2
2021,2021-wimbledon-1201,1,3,2,Cumul. Game Winner,1,1
2021,2021-wimbledon-1201,1,3,3,Cumul. Game Winner,1,0
2021,2021-wimbledon-1201,1,3,1,Set Winner,1,2
2021,2021-wimbledon-1201,1,3,2,Set Winner,1,1
2021,2021-wimbledon-1201,1,3,3,Set Winner,1,0
2021,2021-wimbledon-1201,1,3,1,Cumul. Set Winner,1,2
2021,2021-wimbledon-1201,1,3,2,Cumul. Set Winner,1,1
2021,2021-wimbledon-1201,1,3,3,Cumul. Set Winner,1,0
2021,2021-wimbledon-1201,1,3,1,Cumul. Unf. Error,1,2
2021,2021-wimbledon-1201,1,3,2,Cumul. Unf. Error,1,1
2021,2021-wimbledon-1201,1,3,3,Cumul. Unf. Error,1,0
2021,2021-wimbledon-1201,1,3,1,Dynamic Model,1,2
2021,2021-wimbledon-1201,1,3,2,Dynamic Model,1,1
2021,2021-wimbledon-1201,1,3,3,Dynamic Model,1,0
2021,2021-wimbledon-1202,2,3,1,Cumul. Point Winner,2,2
2021,2021-wimbledon-1202,2,3,2,Cumul. Point Winner,2,1
2021,2021-wimbledon-1202,2,3,3,Cumul. Point Winner,2,0
2021,2021-wimbledon-1202,2,3,1,Cumul. Game Winner,2,2
2021,2021-wimbledon-1202,2,3,2,Cumul. Game Winner,2,1
2021,2021-wimbledon-1202,2,3,3,Cumul. Game Winner,2,0
2021,2021-wimbledon-1202,2,3,1,Set Winner,2,2
2021,2021-wimbledon-1202,2,3,2,Set Winner,2,1
2021,2021-wimbledon-1202,2,3,3,Set Winner,2,0
2021,2021-wimbledon-1202,2,3,1,Cumul. Set Winner,2,2
2021,2021-wimbledon-1202,2,3,2,Cumul. Set Winner,2,1
2021,2021-wimbledon-1202,2,3,3,Cumul. Set Winner,2,0
2021,2021-wimbledon-1202,2,3,1,Cumul. Unf. Error,2,2
2021,2021-wimbledon-1202,2,3,2,Cumul. Unf. Error,2,1
2021,2021-wimbledon-1202,2,3,3,Cumul. Unf. Error,2,0
2021,2021-wimbledon-1202,2,3,1,Dynamic Model,2,2
2021,2021-wimbledon-1202,2,3,2,Dynamic Model,2,1
2021,2021-wimbledon-1202,2,3,3,Dynamic Model,2,0
2021,2021-wimbledon-1203,1,4,1,Cumul. Point Winner,1,3
2021,2021-wimbledon-1203,1,4,2,Cumul. Point Winner,1,2
2021,2021-wimbledon-1203,1,4,3,Cumul. Point Winner,1,1
2021,2021-wimbledon-1203,1,4,4,Cumul. Point Winner,1,0
2021,2021-wimbledon-1203,1,4,1,Cumul. Game Winner,1,3
2021,2021-wimbledon-1203,1,4,2,Cumul. Game Winner,1,2
2021,2021-wimbledon-1203,1,4,3,Cumul. Game Winner,1,1
2021,2021-wimbledon-1203,1,4,4,Cumul. Game Winner,1,0
2021,2021-wimbledon-1203,1,4,1,Set Winner,1,3
2021,2021-wimbledon-1203,1,4,2,Set Winner,1,2
2021,2021-wimbledon-1203,1,4,3,Set Winner,2,1
2021,2021-wimbledon-1203,1,4,4,Set Winner,1,0
2021,2021-wimbledon-1203,1,4,1,Cumul. Set Winner,1,3
2021,2021-wimbledon-1203,1,4,2,Cumul. Set Winner,1,2
2021,2021-wimbledon-1203,1,4,3,Cumul. Set Winner,1,1
2021,2021-wimbledon-1203,1,4,4,Cumul. Set Winner,1,0
2021,2021-wimbledon-1203,1,4,1,Cumul. Unf. Error,1,3
2021,2021-wimbledon-1203,1,4,2,Cumul. Unf. Error,1,2
2021,2021-wimbledon-1203,1,4,3,Cumul. Unf. Error,1,1
2021,2021-wimbledon-1203,1,4,4,Cumul. Unf. Error,1,0
2021,2021-wimbledon-1203,1,4,1,Dynamic Model,1,3
2021,2021-wimbledon-1203,1,4,2,Dynamic Model,1,2
2021,2021-wimbledon-1203,1,4,3,Dynamic Model,1,1
2021,2021-wimbledon-1203,1,4,4,Dynamic Model,1,0
2021,2021-wimbledon-1204,1,4,1,Cumul. Point Winner,1,3
2021,2021-wimbledon-1204,1,4,2,Cumul. Point Winner,1,2
2021,2021-wimbledon-1204,1,4,3,Cumul. Point Winner,1,1
2021,2021-wimbledon-1204,1,4,4,Cumul. Point Winner,1,0
2021,2021-wimbledon-1204,1,4,1,Cumul. Game Winner,1,3
2021,2021-wimbledon-1204,1,4,2,Cumul. Game Winner,1,2
2021,2021-wimbledon-1204,1,4,3,Cumul. Game Winner,1,1
2021,2021-wimbledon-1204,1,4,4,Cumul. Game Winner,1,0
2021,2021-wimbledon-1204,1,4,1,Set Winner,1,3
2021,2021-wimbledon-1204,1,4,2,Set Winner,1,2
2021,2021-wimbledon-1204,1,4,3,Set Winner,2,1
2021,2021-wimbledon-1204,1,4,4,Set Winner,1,0
2021,2021-wimbledon-1204,1,4,1,Cumul. Set Winner,1,3
2021,2021-wimbledon-1204,1,4,2,Cumul. Set Winner,1,2
2021,2021-wimbledon-1204,1,4,3,Cumul. Set Winner,1,1
2021,2021-wimbledon-1204,1,4,4,Cumul. Set Winner,1,0
2021,2021-wimbledon-1204,1,4,1,Cumul. Unf. Error,1,3
2021,2021-wimbledon-1204,1,4,2,Cumul. Unf. Error,1,2
2021,2021-wimbledon-1204,1,4,3,Cumul. Unf. Error,1,1
2021,2021-wimbledon-1204,1,4,4,Cumul. Unf. Error,1,0
2021,2021-wimbledon-1204,1,4,1,Dynamic Model,1,3
2021,2021-wimbledon-1204,1,4,2,Dynamic Model,1,2
2021,2021-wimbledon-1204,1,4,3,Dynamic Model,1,1
2021,2021-wimbledon-1204,1,4,4,Dynamic Model,1,0
2021,2021-wimbledon-1205,1,4,1,Cumul. Point Winner,2,3
2021,2021-wimbledon-1205,1,4,2,Cumul. Point Winner,1,2
2021,2021-wimbledon-1205,1,4,3,Cumul. Point Winner,1,1
2021,2021-wimbledon-1205,1,4,4,Cumul. Point Winner,1,0
2021,2021-wimbledon-1205,1,4,1,Cumul. Game Winner,2,3
2021,2021-wimbledon-1205,1,4,2,Cumul. Game Winner,1,2
2021,2021-wimbledon-1205,1,4,3,Cumul. Game Winner,1,1
2021,2021-wimbledon-1205,1,4,4,Cumul. Game Winner,1,0
2021,2021-wimbledon-1205,1,4,1,Set Winner,2,3
2021,2021-wimbledon-1205,1,4,2,Set Winner,1,2
2021,2021-wimbledon-1205,1,4,3,Set Winner,1,1
2021,2021-wimbledon-1205,1,4,4,Set Winner,1,0
2021,2021-wimbledon-1205,1,4,1,Cumul. Set Winner,2,3
2021,2021-wimbledon-1205,1,4,2,Cumul. Set Winner,2,2
2021,2021-wimbledon-1205,1,4,3,Cumul. Set Winner,1,1
2021,2021-wimbledon-1205,1,4,4,Cumul. Set Winner,1,0
2021,2021-wimbledon-1205,1,4,1,Cumul. Unf. Error,2,3
2021,2021-wimbledon-1205,1,4,2,Cumul. Unf. Error,1,2
2021,2021-wimbledon-1205,1,4,3,Cumul. Unf. Error,2,1
2021,2021-wimbledon-1205,1,4,4,Cumul. Unf. Error,2,0
2021,2021-wimbledon-1205,1,4,1,Dynamic Model,2,3
2021,2021-wimbledon-1205,1,4,2,Dynamic Model,1,2
2021,2021-wimbledon-1205,1,4,3,Dynamic Model,1,1
2021,2021-wimbledon-1205,1,4,4,Dynamic Model,1,0
2021,2021-wimbledon-1207,1,4,1,Cumul. Point Winner,1,3
2021,2021-wimbledon-1207,1,4,2,Cumul. Point Winner,1,2
2021,2021-wimbledon-1207,1,4,3,Cumul. Point Winner,1,1
2021,2021-wimbledon-1207,1,4,4,Cumul. Point Winner,1,0
2021,2021-wimbledon-1207,1,4,1,Cumul. Game Winner,1,3
2021,2021-wimbledon-1207,1,4,2,Cumul. Game Winner,1,2
2021,2021-wimbledon-1207,1,4,3,Cumul. Game Winner,2,1
2021,2021-wimbledon-1207,1,4,4,Cumul. Game Winner,1,0
2021,2021-wimbledon-1207,1,4,1,Set Winner,1,3
2021,2021-wimbledon-1207,1,4,2,Set Winner,1,2
2021,2021-wimbledon-1207,1,4,3,Set Winner,2,1
2021,2021-wimbledon-1207,1,4,4,Set Winner,1,0
2021,2021-wimbledon-1207,1,4,1,Cumul. Set Winner,1,3
2021,2021-wimbledon-1207,1,4,2,Cumul. Set Winner,1,2
2021,2021-wimbledon-1207,1,4,3,Cumul. Set Winner,1,1
2021,2021-wimbledon-1207,1,4,4,Cumul. Set Winner,1,0
2021,2021-wimbledon-1207,1,4,1,Cumul. Unf. Error,1,3
2021,2021-wimbledon-1207,1,4,2,Cumul. Unf. Error,1,2
2021,2021-wimbledon-1207,1,4,3,Cumul. Unf. Error,1,1
2021,2021-wimbledon-1207,1,4,4,Cumul. Unf. Error,1,0
2021,2021-wimbledon-1207,1,4,1,Dynamic Model,1,3
2021,2021-wimbledon-1207,1,4,2,Dynamic Model,1,2
2021,2021-wimbledon-1207,1,4,3,Dynamic Model,1,1
2021,2021-wimbledon-1207,1,4,4,Dynamic Model,1,0
2021,2021-wimbledon-1208,2,3,1,Cumul. Point Winner,2,2
2021,2021-wimbledon-1208,2,3,2,Cumul. Point Winner,2,1
2021,2021-wimbledon-1208,2,3,3,Cumul. Point Winner,2,0
2021,2021-wimbledon-1208,2,3,1,Cumul. Game Winner,2,2
2021,2021-wimbledon-1208,2,3,2,Cumul. Game Winner,2,1
2021,2021-wimbledon-1208,2,3,3,Cumul. Game Winner,2,0
2021,2021-wimbledon-1208,2,3,1,Set Winner,2,2
2021,2021-wimbledon-1208,2,3,2,Set Winner,2,1
2021,2021-wimbledon-1208,2,3,3,Set Winner,2,0
2021,2021-wimbledon-1208,2,3,1,Cumul. Set Winner,2,2
2021,2021-wimbledon-1208,2,3,2,Cumul. Set Winner,2,1
2021,2021-wimbledon-1208,2,3,3,Cumul. Set Winner,2,0
2021,2021-wimbledon-1208,2,3,1,Cumul. Unf. Error,2,2
2021,2021-wimbledon-1208,2,3,2,Cumul. Unf. Error,2,1
2021,2021-wimbledon-1208,2,3,3,Cumul. Unf. Error,2,0
2021,2021-wimbledon-1208,2,3,1,Dynamic Model,2,2
2021,2021-wimbledon-1208,2,3,2,Dynamic Model,2,1
2021,2021-wimbledon-1208,2,3,3,Dynamic Model,2,0
2021,2021-wimbledon-1209,1,3,1,Cumul. Point Winner,1,2
2021,2021-wimbledon-1209,1,3,2,Cumul. Point Winner,1,1
2021,2021-wimbledon-1209,1,3,3,Cumul. Point Winner,1,0
2021,2021-wimbledon-1209,1,3,1,Cumul. Game Winner,1,2
2021,2021-wimbledon-1209,1,3,2,Cumul. Game Winner,1,1
2021,2021-wimbledon-1209,1,3,3,Cumul. Game Winner,1,0
2021,2021-wimbledon-1209,1,3,1,Set Winner,1,2
2021,2021-wimbledon-1209,1,3,2,Set Winner,1,1
2021,2021-wimbledon-1209,1,3,3,Set Winner,1,0
2021,2021-wimbledon-1209,1,3,1,Cumul. Set Winner,1,2
2021,2021-wimbledon-1209,1,3,2,Cumul. Set Winner,1,1
2021,2021-wimbledon-1209,1,3,3,Cumul. Set Winner,1,0
2021,2021-wimbledon-1209,1,3,1,Cumul. Unf. Error,1,2
2021,2021-wimbledon-1209,1,3,2,Cumul. Unf. Error,1,1
2021,2021-wimbledon-1209,1,3,3,Cumul. Unf. Error,1,0
2021,2021-wimbledon-1209,1,3,1,Dynamic Model,1,2
2021,2021-wimbledon-1209,1,3,2,Dynamic Model,1,1
2021,2021-wimbledon-1209,1,3,3,Dynamic Model,1,0
2021,2021-wimbledon-1210,2,3,1,Cumul. Point Winner,2,2
2021,2021-wimbledon-1210,2,3,2,Cumul. Point Winner,2,1
2021,2021-wimbledon-1210,2,3,3,Cumul. Point Winner,2,0
2021,2021-wimbledon-1210,2,3,1,Cumul. Game Winner,2,2
2021,2021-wimbledon-1210,2,3,2,Cumul. Game Winner,2,1
2021,2021-wimbledon-1210,2,3,3,Cumul. Game Winner,2,0
2021,2021-wimbledon-1210,2,3,1,Set Winner,2,2
2021,2021-wimbledon-1210,2,3,2,Set Winner,2,1
2021,2021-wimbledon-1210,2,3,3,Set Winner,2,0
2021,2021-wimbledon-1210,2,3,1,Cumul. Set Winner,2,2
2021,2021-wimbledon-1210,2,3,2,Cumul. Set Winner,2,1
2021,2021-wimbledon-1210,2,3,3,Cumul. Set Winner,2,0
2021,2021-wimbledon-1210,2,3,1,Cumul. Unf. Error,2,2
2021,2021-wimbledon-1210,2,3,2,Cumul. Unf. Error,2,1
2021,2021-wimbledon-1210,2,3,3,Cumul. Unf. Error,2,0
2021,2021-wimbledon-1210,2,3,1,Dynamic Model,2,2
2021,2021-wimbledon-1210,2,3,2,Dynamic Model,2,1
2021,2021-wimbledon-1210,2,3,3,Dynamic Model,2,0
2021,2021-wimbledon-1211,1,3,1,Cumul. Point Winner,1,2
2021,2021-wimbledon-1211,1,3,2,Cumul. Point Winner,1,1
2021,2021-wimbledon-1211,1,3,3,Cumul. Point Winner,1,0
2021,2021-wimbledon-1211,1,3,1,Cumul. Game Winner,1,2
2021,2021-wimbledon-1211,1,3,2,Cumul. Game Winner,1,1
2021,2021-wimbledon-1211,1,3,3,Cumul. Game Winner,1,0
2021,2021-wimbledon-1211,1,3,1,Set Winner,1,2
2021,2021-wimbledon-1211,1,3,2,Set Winner,1,1
2021,2021-wimbledon-1211,1,3,3,Set Winner,1,0
2021,2021-wimbledon-1211,1,3,1,Cumul. Set Winner,1,2
2021,2021-wimbledon-1211,1,3,2,Cumul. Set Winner,1,1
2021,2021-wimbledon-1211,1,3,3,Cumul. Set Winner,1,0
2021,2021-wimbledon-1211,1,3,1,Cumul. Unf. Error,1,2
2021,2021-wimbledon-1211,1,3,2,Cumul. Unf. Error,1,1
2021,2021-wimbledon-1211,1,3,3,Cumul. Unf. Error,1,0
2021,2021-wimbledon-1211,1,3,1,Dynamic Model,1,2
2021,2021-wimbledon-1211,1,3,2,Dynamic Model,1,1
2021,2021-wimbledon-1211,1,3,3,Dynamic Model,1,0
2021,2021-wimbledon-1212,2,3,1,Cumul. Point Winner,2,2
2021,2021-wimbledon-1212,2,3,2,Cumul. Point Winner,2,1
2021,2021-wimbledon-1212,2,3,3,Cumul. Point Winner,2,0
2021,2021-wimbledon-1212,2,3,1,Cumul. Game Winner,2,2
2021,2021-wimbledon-1212,2,3,2,Cumul. Game Winner,2,1
2021,2021-wimbledon-1212,2,3,3,Cumul. Game Winner,2,0
2021,2021-wimbledon-1212,2,3,1,Set Winner,2,2
2021,2021-wimbledon-1212,2,3,2,Set Winner,2,1
2021,2021-wimbledon-1212,2,3,3,Set Winner,2,0
2021,2021-wimbledon-1212,2,3,1,Cumul. Set Winner,2,2
2021,2021-wimbledon-1212,2,3,2,Cumul. Set Winner,2,1
2021,2021-wimbledon-1212,2,3,3,Cumul. Set Winner,2,0
2021,2021-wimbledon-1212,2,3,1,Cumul. Unf. Error,2,2
2021,2021-wimbledon-1212,2,3,2,Cumul. Unf. Error,2,1
2021,2021-wimbledon-1212,2,3,3,Cumul. Unf. Error,2,0
2021,2021-wimbledon-1212,2,3,1,Dynamic Model,2,2
2021,2021-wimbledon-1212,2,3,2,Dynamic Model,2,1
2021,2021-wimbledon-1212,2,3,3,Dynamic Model,2,0
2021,2021-wimbledon-1214,2,5,1,Cumul. Point Winner,2,4
2021,2021-wimbledon-1214,2,5,2,Cumul. Point Winner,1,3
2021,2021-wimbledon-1214,2,5,3,Cumul. Point Winner,1,2
2021,2021-wimbledon-1214,2,5,4,Cumul. Point Winner,1,1
2021,2021-wimbledon-1214,2,5,5,Cumul. Point Winner,2,0
2021,2021-wimbledon-1214,2,5,1,Cumul. Game Winner,2,4
2021,2021-wimbledon-1214,2,5,2,Cumul. Game Winner,2,3
2021,2021-wimbledon-1214,2,5,3,Cumul. Game Winner,1,2
2021,2021-wimbledon-1214,2,5,4,Cumul. Game Winner,2,1
2021,2021-wimbledon-1214,2,5,5,Cumul. Game Winner,2,0
2021,2021-wimbledon-1214,2,5,1,Set Winner,2,4
2021,2021-wimbledon-1214,2,5,2,Set Winner,1,3
2021,2021-wimbledon-1214,2,5,3,Set Winner,1,2
2021,2021-wimbledon-1214,2,5,4,Set Winner,2,1
2021,2021-wimbledon-1214,2,5,5,Set Winner,2,0
2021,2021-wimbledon-1214,2,5,1,Cumul. Set Winner,2,4
2021,2021-wimbledon-1214,2,5,2,Cumul. Set Winner,2,3
2021,2021-wimbledon-1214,2,5,3,Cumul. Set Winner,1,2
2021,2021-wimbledon-1214,2,5,4,Cumul. Set Winner,1,1
2021,2021-wimbledon-1214,2,5,5,Cumul. Set Winner,2,0
2021,2021-wimbledon-1214,2,5,1,Cumul. Unf. Error,2,4
2021,2021-wimbledon-1214,2,5,2,Cumul. Unf. Error,2,3
2021,2021-wimbledon-1214,2,5,3,Cumul. Unf. Error,2,2
2021,2021-wimbledon-1214,2,5,4,Cumul. Unf. Error,2,1
2021,2021-wimbledon-1214,2,5,5,Cumul. Unf. Error,2,0
2021,2021-wimbledon-1214,2,5,1,Dynamic Model,2,4
2021,2021-wimbledon-1214,2,5,2,Dynamic Model,1,3
2021,2021-wimbledon-1214,2,5,3,Dynamic Model,1,2
2021,2021-wimbledon-1214,2,5,4,Dynamic Model,2,1
2021,2021-wimbledon-1214,2,5,5,Dynamic Model,2,0
2021,2021-wimbledon-1215,1,5,1,Cumul. Point Winner,1,4
2021,2021-wimbledon-1215,1,5,2,Cumul. Point Winner,1,3
2021,2021-wimbledon-1215,1,5,3,Cumul. Point Winner,1,2
2021,2021-wimbledon-1215,1,5,4,Cumul. Point Winner,1,1
2021,2021-wimbledon-1215,1,5,5,Cumul. Point Winner,1,0
2021,2021-wimbledon-1215,1,5,1,Cumul. Game Winner,1,4
2021,2021-wimbledon-1215,1,5,2,Cumul. Game Winner,1,3
2021,2021-wimbledon-1215,1,5,3,Cumul. Game Winner,1,2
2021,2021-wimbledon-1215,1,5,4,Cumul. Game Winner,1,1
2021,2021-wimbledon-1215,1,5,5,Cumul. Game Winner,1,0
2021,2021-wimbledon-1215,1,5,1,Set Winner,1,4
2021,2021-wimbledon-1215,1,5,2,Set Winner,2,3
2021,2021-wimbledon-1215,1,5,3,Set Winner,1,2
2021,2021-wimbledon-1215,1,5,4,Set Winner,2,1
2021,2021-wimbledon-1215,1,5,5,Set Winner,1,0
2021,2021-wimbledon-1215,1,5,1,Cumul. Set Winner,1,4
2021,2021-wimbledon-1215,1,5,2,Cumul. Set Winner,1,3
2021,2021-wimbledon-1215,1,5,3,Cumul. Set Winner,1,2
2021,2021-wimbledon-1215,1,5,4,Cumul. Set Winner,1,1
2021,2021-wimbledon-1215,1,5,5,Cumul. Set Winner,1,0
2021,2021-wimbledon-1215,1,5,1,Cumul. Unf. Error,1,4
2021,2021-wimbledon-1215,1,5,2,Cumul. Unf. Error,1,3
2021,2021-wimbledon-1215,1,5,3,Cumul. Unf. Error,1,2
2021,2021-wimbledon-1215,1,5,4,Cumul. Unf. Error,1,1
2021,2021-wimbledon-1215,1,5,5,Cumul. Unf. Error,1,0
2021,2021-wimbledon-1215,1,5,1,Dynamic Model,1,4
2021,2021-wimbledon-1215,1,5,2,Dynamic Model,1,3
2021,2021-wimbledon-1215,1,5,3,Dynamic Model,1,2
2021,2021-wimbledon-1215,1,5,4,Dynamic Model,1,1
2021,2021-wimbledon-1215,1,5,5,Dynamic Model,1,0
2021,2021-wimbledon-1216,2,5,1,Cumul. Point Winner,2,4
2021,2021-wimbledon-1216,2,5,2,Cumul. Point Winner,2,3
2021,2021-wimbledon-1216,2,5,3,Cumul. Point Winner,2,2
2021,2021-wimbledon-1216,2,5,4,Cumul. Point Winner,2,1
2021,2021-wimbledon-1216,2,5,5,Cumul. Point Winner,2,0
2021,2021-wimbledon-1216,2,5,1,Cumul. Game Winner,2,4
2021,2021-wimbledon-1216,2,5,2,Cumul. Game Winner,2,3
2021,2021-wimbledon-1216,2,5,3,Cumul. Game Winner,2,2
2021,2021-wimbledon-1216,2,5,4,Cumul. Game Winner,2,1
2021,2021-wimbledon-1216,2,5,5,Cumul. Game Winner,2,0
2021,2021-wimbledon-1216,2,5,1,Set Winner,2,4
2021,2021-wimbledon-1216,2,5,2,Set Winner,2,3
2021,2021-wimbledon-1216,2,5,3,Set Winner,1,2
2021,2021-wimbledon-1216,2,5,4,Set Winner,1,1
2021,2021-wimbledon-1216,2,5,5,Set Winner,2,0
2021,2021-wimbledon-1216,2,5,1,Cumul. Set Winner,2,4
2021,2021-wimbledon-1216,2,5,2,Cumul. Set Winner,2,3
2021,2021-wimbledon-1216,2,5,3,Cumul. Set Winner,2,2
2021,2021-wimbledon-1216,2,5,4,Cumul. Set Winner,2,1
2021,2021-wimbledon-1216,2,5,5,Cumul. Set Winner,2,0
2021,2021-wimbledon-1216,2,5,1,Cumul. Unf. Error,2,4
2021,2021-wimbledon-1216,2,5,2,Cumul. Unf. Error,2,3
2021,2021-wimbledon-1216,2,5,3,Cumul. Unf. Error,2,2
2021,2021-wimbledon-1216,2,5,4,Cumul. Unf. Error,2,1
2021,2021-wimbledon-1216,2,5,5,Cumul. Unf. Error,2,0
2021,2021-wimbledon-1216,2,5,1,Dynamic Model,2,4
2021,2021-wimbledon-1216,2,5,2,Dynamic Model,2,3
2021,2021-wimbledon-1216,2,5,3,Dynamic Model,2,2
2021,2021-wimbledon-1216,2,5,4,Dynamic Model,2,1
2021,2021-wimbledon-1216,2,5,5,Dynamic Model,2,0
2021,2021-wimbledon-1217,1,3,1,Cumul. Point Winner,1,2
2021,2021-wimbledon-1217,1,3,2,Cumul. Point Winner,1,1
2021,2021-wimbledon-1217,1,3,3,Cumul. Point Winner,1,0
2021,2021-wimbledon-1217,1,3,1,Cumul. Game Winner,1,2
2021,2021-wimbledon-1217,1,3,2,Cumul. Game Winner,1,1
2021,2021-wimbledon-1217,1,3,3,Cumul. Game Winner,1,0
2021,2021-wimbledon-1217,1,3,1,Set Winner,1,2
2021,2021-wimbledon-1217,1,3,2,Set Winner,1,1
2021,2021-wimbledon-1217,1,3,3,Set Winner,1,0
2021,2021-wimbledon-1217,1,3,1,Cumul. Set Winner,1,2
2021,2021-wimbledon-1217,1,3,2,Cumul. Set Winner,1,1
2021,2021-wimbledon-1217,1,3,3,Cumul. Set Winner,1,0
2021,2021-wimbledon-1217,1,3,1,Cumul. Unf. Error,1,2
2021,2021-wimbledon-1217,1,3,2,Cumul. Unf. Error,1,1
2021,2021-wimbledon-1217,1,3,3,Cumul. Unf. Error,1,0
2021,2021-wimbledon-1217,1,3,1,Dynamic Model,1,2
2021,2021-wimbledon-1217,1,3,2,Dynamic Model,1,1
2021,2021-wimbledon-1217,1,3,3,Dynamic Model,1,0
2021,2021-wimbledon-1218,1,3,1,Cumul. Point Winner,1,2
2021,2021-wimbledon-1218,1,3,2,Cumul. Point Winner,1,1
2021,2021-wimbledon-1218,1,3,3,Cumul. Point Winner,1,0
2021,2021-wimbledon-1218,1,3,1,Cumul. Game Winner,1,2
2021,2021-wimbledon-1218,1,3,2,Cumul. Game Winner,1,1
2021,2021-wimbledon-1218,1,3,3,Cumul. Game Winner,1,0
2021,2021-wimbledon-1218,1,3,1,Set Winner,1,2
2021,2021-wimbledon-1218,1,3,2,Set Winner,1,1
2021,2021-wimbledon-1218,1,3,3,Set Winner,1,0
2021,2021-wimbledon-1218,1,3,1,Cumul. Set Winner,1,2
2021,2021-wimbledon-1218,1,3,2,Cumul. Set Winner,1,1
2021,2021-wimbledon-1218,1,3,3,Cumul. Set Winner,1,0
2021,2021-wimbledon-1218,1,3,1,Cumul. Unf. Error,2,2
2021,2021-wimbledon-1218,1,3,2,Cumul. Unf. Error,2,1
2021,2021-wimbledon-1218,1,3,3,Cumul. Unf. Error,2,0
2021,2021-wimbledon-1218,1,3,1,Dynamic Model,1,2
2021,2021-wimbledon-1218,1,3,2,Dynamic Model,1,1
2021,2021-wimbledon-1218,1,3,3,Dynamic Model,1,0
2021,2021-wimbledon-1219,2,4,1,Cumul. Point Winner,1,3
2021,2021-wimbledon-1219,2,4,2,Cumul. Point Winner,2,2
2021,2021-wimbledon-1219,2,4,3,Cumul. Point Winner,2,1
2021,2021-wimbledon-1219,2,4,4,Cumul. Point Winner,2,0
2021,2021-wimbledon-1219,2,4,1,Cumul. Game Winner,1,3
2021,2021-wimbledon-1219,2,4,2,Cumul. Game Winner,2,2
2021,2021-wimbledon-1219,2,4,3,Cumul. Game Winner,2,1
2021,2021-wimbledon-1219,2,4,4,Cumul. Game Winner,2,0
2021,2021-wimbledon-1219,2,4,1,Set Winner,1,3
2021,2021-wimbledon-1219,2,4,2,Set Winner,2,2
2021,2021-wimbledon-1219,2,4,3,Set Winner,2,1
2021,2021-wimbledon-1219,2,4,4,Set Winner,2,0
2021,2021-wimbledon-1219,2,4,1,Cumul. Set Winner,1,3
2021,2021-wimbledon-1219,2,4,2,Cumul. Set Winner,1,2
2021,2021-wimbledon-1219,2,4,3,Cumul. Set Winner,2,1
2021,2021-wimbledon-1219,2,4,4,Cumul. Set Winner,2,0
2021,2021-wimbledon-1219,2,4,1,Cumul. Unf. Error,2,3
2021,2021-wimbledon-1219,2,4,2,Cumul. Unf. Error,2,2
2021,2021-wimbledon-1219,2,4,3,Cumul. Unf. Error,2,1
2021,2021-wimbledon-1219,2,4,4,Cumul. Unf. Error,2,0
2021,2021-wimbledon-1219,2,4,1,Dynamic Model,1,3
2021,2021-wimbledon-1219,2,4,2,Dynamic Model,2,2
2021,2021-wimbledon-1219,2,4,3,Dynamic Model,2,1
2021,2021-wimbledon-1219,2,4,4,Dynamic Model,2,0
2021,2021-wimbledon-1220,2,4,1,Cumul. Point Winner,2,3
2021,2021-wimbledon-1220,2,4,2,Cumul. Point Winner,2,2
2021,2021-wimbledon-1220,2,4,3,Cumul. Point Winner,2,1
2021,2021-wimbledon-1220,2,4,4,Cumul. Point Winner,2,0
2021,2021-wimbledon-1220,2,4,1,Cumul. Game Winner,2,3
2021,2021-wimbledon-1220,2,4,2,Cumul. Game Winner,2,2
2021,2021-wimbledon-1220,2,4,3,Cumul. Game Winner,2,1
2021,2021-wimbledon-1220,2,4,4,Cumul. Game Winner,2,0
2021,2021-wimbledon-1220,2,4,1,Set Winner,2,3
2021,2021-wimbledon-1220,2,4,2,Set Winner,2,2
2021,2021-wimbledon-1220,2,4,3,Set Winner,1,1
2021,2021-wimbledon-1220,2,4,4,Set Winner,2,0
2021,2021-wimbledon-1220,2,4,1,Cumul. Set Winner,2,3
2021,2021-wimbledon-1220,2,4,2,Cumul. Set Winner,2,2
2021,2021-wimbledon-1220,2,4,3,Cumul. Set Winner,2,1
2021,2021-wimbledon-1220,2,4,4,Cumul. Set Winner,2,0
2021,2021-wimbledon-1220,2,4,1,Cumul. Unf. Error,2,3
2021,2021-wimbledon-1220,2,4,2,Cumul. Unf. Error,2,2
2021,2021-wimbledon-1220,2,4,3,Cumul. Unf. Error,2,1
2021,2021-wimbledon-1220,2,4,4,Cumul. Unf. Error,2,0
2021,2021-wimbledon-1220,2,4,1,Dynamic Model,2,3
2021,2021-wimbledon-1220,2,4,2,Dynamic Model,2,2
2021,2021-wimbledon-1220,2,4,3,Dynamic Model,2,1
2021,2021-wimbledon-1220,2,4,4,Dynamic Model,2,0
2021,2021-wimbledon-1221,1,4,1,Cumul. Point Winner,1,3
2021,2021-wimbledon-1221,1,4,2,Cumul. Point Winner,1,2
2021,2021-wimbledon-1221,1,4,3,Cumul. Point Winner,1,1
2021,2021-wimbledon-1221,1,4,4,Cumul. Point Winner,1,0
2021,2021-wimbledon-1221,1,4,1,Cumul. Game Winner,1,3
2021,2021-wimbledon-1221,1,4,2,Cumul. Game Winner,1,2
2021,2021-wimbledon-1221,1,4,3,Cumul. Game Winner,1,1
2021,2021-wimbledon-1221,1,4,4,Cumul. Game Winner,1,0
2021,2021-wimbledon-1221,1,4,1,Set Winner,1,3
2021,2021-wimbledon-1221,1,4,2,Set Winner,2,2
2021,2021-wimbledon-1221,1,4,3,Set Winner,1,1
2021,2021-wimbledon-1221,1,4,4,Set Winner,1,0
2021,2021-wimbledon-1221,1,4,1,Cumul. Set Winner,1,3
2021,2021-wimbledon-1221,1,4,2,Cumul. Set Winner,1,2
2021,2021-wimbledon-1221,1,4,3,Cumul. Set Winner,1,1
2021,2021-wimbledon-1221,1,4,4,Cumul. Set Winner,1,0
2021,2021-wimbledon-1221,1,4,1,Cumul. Unf. Error,2,3
2021,2021-wimbledon-1221,1,4,2,Cumul. Unf. Error,2,2
2021,2021-wimbledon-1221,1,4,3,Cumul. Unf. Error,2,1
2021,2021-wimbledon-1221,1,4,4,Cumul. Unf. Error,2,0
2021,2021-wimbledon-1221,1,4,1,Dynamic Model,1,3
2021,2021-wimbledon-1221,1,4,2,Dynamic Model,1,2
2021,2021-wimbledon-1221,1,4,3,Dynamic Model,1,1
2021,2021-wimbledon-1221,1,4,4,Dynamic Model,1,0
2021,2021-wimbledon-1222,2,3,1,Cumul. Point Winner,2,2
2021,2021-wimbledon-1222,2,3,2,Cumul. Point Winner,2,1
2021,2021-wimbledon-1222,2,3,3,Cumul. Point Winner,2,0
2021,2021-wimbledon-1222,2,3,1,Cumul. Game Winner,2,2
2021,2021-wimbledon-1222,2,3,2,Cumul. Game Winner,2,1
2021,2021-wimbledon-1222,2,3,3,Cumul. Game Winner,2,0
2021,2021-wimbledon-1222,2,3,1,Set Winner,2,2
2021,2021-wimbledon-1222,2,3,2,Set Winner,2,1
2021,2021-wimbledon-1222,2,3,3,Set Winner,2,0
2021,2021-wimbledon-1222,2,3,1,Cumul. Set Winner,2,2
2021,2021-wimbledon-1222,2,3,2,Cumul. Set Winner,2,1
2021,2021-wimbledon-1222,2,3,3,Cumul. Set Winner,2,0
2021,2021-wimbledon-1222,2,3,1,Cumul. Unf. Error,2,2
2021,2021-wimbledon-1222,2,3,2,Cumul. Unf. Error,2,1
2021,2021-wimbledon-1222,2,3,3,Cumul. Unf. Error,2,0
2021,2021-wimbledon-1222,2,3,1,Dynamic Model,2,2
2021,2021-wimbledon-1222,2,3,2,Dynamic Model,2,1
2021,2021-wimbledon-1222,2,3,3,Dynamic Model,2,0
2021,2021-wimbledon-1223,1,5,1,Cumul. Point Winner,1,4
2021,2021-wimbledon-1223,1,5,2,Cumul. Point Winner,1,3
2021,2021-wimbledon-1223,1,5,3,Cumul. Point Winner,1,2
2021,2021-wimbledon-1223,1,5,4,Cumul. Point Winner,1,1
2021,2021-wimbledon-1223,1,5,5,Cumul. Point Winner,1,0
2021,2021-wimbledon-1223,1,5,1,Cumul. Game Winner,1,4
2021,2021-wimbledon-1223,1,5,2,Cumul. Game Winner,1,3
2021,2021-wimbledon-1223,1,5,3,Cumul. Game Winner,1,2
2021,2021-wimbledon-1223,1,5,4,Cumul. Game Winner,1,1
2021,2021-wimbledon-1223,1,5,5,Cumul. Game Winner,1,0
2021,2021-wimbledon-1223,1,5,1,Set Winner,1,4
2021,2021-wimbledon-1223,1,5,2,Set Winner,1,3
2021,2021-wimbledon-1223,1,5,3,Set Winner,2,2
2021,2021-wimbledon-1223,1,5,4,Set Winner,2,1
2021,2021-wimbledon-1223,1,5,5,Set Winner,1,0
2021,2021-wimbledon-1223,1,5,1,Cumul. Set Winner,1,4
2021,2021-wimbledon-1223,1,5,2,Cumul. Set Winner,1,3
2021,2021-wimbledon-1223,1,5,3,Cumul. Set Winner,1,2
2021,2021-wimbledon-1223,1,5,4,Cumul. Set Winner,1,1
2021,2021-wimbledon-1223,1,5,5,Cumul. Set Winner,1,0
2021,2021-wimbledon-1223,1,5,1,Cumul. Unf. Error,1,4
2021,2021-wimbledon-1223,1,5,2,Cumul. Unf. Error,1,3
2021,2021-wimbledon-1223,1,5,3,Cumul. Unf. Error,1,2
2021,2021-wimbledon-1223,1,5,4,Cumul. Unf. Error,1,1
2021,2021-wimbledon-1223,1,5,5,Cumul. Unf. Error,1,0
2021,2021-wimbledon-1223,1,5,1,Dynamic Model,1,4
2021,2021-wimbledon-1223,1,5,2,Dynamic Model,1,3
2021,2021-wimbledon-1223,1,5,3,Dynamic Model,1,2
2021,2021-wimbledon-1223,1,5,4,Dynamic Model,1,1
2021,2021-wimbledon-1223,1,5,5,Dynamic Model,1,0
2021,2021-wimbledon-1224,2,3,1,Cumul. Point Winner,2,2
2021,2021-wimbledon-1224,2,3,2,Cumul. Point Winner,2,1
2021,2021-wimbledon-1224,2,3,3,Cumul. Point Winner,2,0
2021,2021-wimbledon-1224,2,3,1,Cumul. Game Winner,2,2
2021,2021-wimbledon-1224,2,3,2,Cumul. Game Winner,2,1
2021,2021-wimbledon-1224,2,3,3,Cumul. Game Winner,2,0
2021,2021-wimbledon-1224,2,3,1,Set Winner,2,2
2021,2021-wimbledon-1224,2,3,2,Set Winner,2,1
2021,2021-wimbledon-1224,2,3,3,Set Winner,2,0
2021,2021-wimbledon-1224,2,3,1,Cumul. Set Winner,2,2
2021,2021-wimbledon-1224,2,3,2,Cumul. Set Winner,2,1
2021,2021-wimbledon-1224,2,3,3,Cumul. Set Winner,2,0
2021,2021-wimbledon-1224,2,3,1,Cumul. Unf. Error,1,2
2021,2021-wimbledon-1224,2,3,2,Cumul. Unf. Error,2,1
2021,2021-wimbledon-1224,2,3,3,Cumul. Unf. Error,2,0
2021,2021-wimbledon-1224,2,3,1,Dynamic Model,2,2
2021,2021-wimbledon-1224,2,3,2,Dynamic Model,2,1
2021,2021-wimbledon-1224,2,3,3,Dynamic Model,2,0
2021,2021-wimbledon-1225,1,3,1,Cumul. Point Winner,1,2
2021,2021-wimbledon-1225,1,3,2,Cumul. Point Winner,1,1
2021,2021-wimbledon-1225,1,3,3,Cumul. Point Winner,1,0
2021,2021-wimbledon-1225,1,3,1,Cumul. Game Winner,1,2
2021,2021-wimbledon-1225,1,3,2,Cumul. Game Winner,1,1
2021,2021-wimbledon-1225,1,3,3,Cumul. Game Winner,1,0
2021,2021-wimbledon-1225,1,3,1,Set Winner,1,2
2021,2021-wimbledon-1225,1,3,2,Set Winner,1,1
2021,2021-wimbledon-1225,1,3,3,Set Winner,1,0
2021,2021-wimbledon-1225,1,3,1,Cumul. Set Winner,1,2
2021,2021-wimbledon-1225,1,3,2,Cumul. Set Winner,1,1
2021,2021-wimbledon-1225,1,3,3,Cumul. Set Winner,1,0
2021,2021-wimbledon-1225,1,3,1,Cumul. Unf. Error,2,2
2021,2021-wimbledon-1225,1,3,2,Cumul. Unf. Error,2,1
2021,2021-wimbledon-1225,1,3,3,Cumul. Unf. Error,2,0
2021,2021-wimbledon-1225,1,3,1,Dynamic Model,1,2
2021,2021-wimbledon-1225,1,3,2,Dynamic Model,1,1
2021,2021-wimbledon-1225,1,3,3,Dynamic Model,1,0
2021,2021-wimbledon-1226,2,3,1,Cumul. Point Winner,2,2
2021,2021-wimbledon-1226,2,3,2,Cumul. Point Winner,2,1
2021,2021-wimbledon-1226,2,3,3,Cumul. Point Winner,2,0
2021,2021-wimbledon-1226,2,3,1,Cumul. Game Winner,2,2
2021,2021-wimbledon-1226,2,3,2,Cumul. Game Winner,2,1
2021,2021-wimbledon-1226,2,3,3,Cumul. Game Winner,2,0
2021,2021-wimbledon-1226,2,3,1,Set Winner,2,2
2021,2021-wimbledon-1226,2,3,2,Set Winner,2,1
2021,2021-wimbledon-1226,2,3,3,Set Winner,2,0
2021,2021-wimbledon-1226,2,3,1,Cumul. Set Winner,2,2
2021,2021-wimbledon-1226,2,3,2,Cumul. Set Winner,2,1
2021,2021-wimbledon-1226,2,3,3,Cumul. Set Winner,2,0
2021,2021-wimbledon-1226,2,3,1,Cumul. Unf. Error,2,2
2021,2021-wimbledon-1226,2,3,2,Cumul. Unf. Error,2,1
2021,2021-wimbledon-1226,2,3,3,Cumul. Unf. Error,2,0
2021,2021-wimbledon-1226,2,3,1,Dynamic Model,2,2
2021,2021-wimbledon-1226,2,3,2,Dynamic Model,2,1
2021,2021-wimbledon-1226,2,3,3,Dynamic Model,2,0
2021,2021-wimbledon-1227,1,4,1,Cumul. Point Winner,2,3
2021,2021-wimbledon-1227,1,4,2,Cumul. Point Winner,1,2
2021,2021-wimbledon-1227,1,4,3,Cumul. Point Winner,1,1
2021,2021-wimbledon-1227,1,4,4,Cumul. Point Winner,1,0
2021,2021-wimbledon-1227,1,4,1,Cumul. Game Winner,2,3
2021,2021-wimbledon-1227,1,4,2,Cumul. Game Winner,1,2
2021,2021-wimbledon-1227,1,4,3,Cumul. Game Winner,1,1
2021,2021-wimbledon-1227,1,4,4,Cumul. Game Winner,1,0
2021,2021-wimbledon-1227,1,4,1,Set Winner,2,3
2021,2021-wimbledon-1227,1,4,2,Set Winner,1,2
2021,2021-wimbledon-1227,1,4,3,Set Winner,1,1
2021,2021-wimbledon-1227,1,4,4,Set Winner,1,0
2021,2021-wimbledon-1227,1,4,1,Cumul. Set Winner,2,3
2021,2021-wimbledon-1227,1,4,2,Cumul. Set Winner,2,2
2021,2021-wimbledon-1227,1,4,3,Cumul. Set Winner,1,1
2021,2021-wimbledon-1227,1,4,4,Cumul. Set Winner,1,0
2021,2021-wimbledon-1227,1,4,1,Cumul. Unf. Error,2,3
2021,2021-wimbledon-1227,1,4,2,Cumul. Unf. Error,2,2
2021,2021-wimbledon-1227,1,4,3,Cumul. Unf. Error,2,1
2021,2021-wimbledon-1227,1,4,4,Cumul. Unf. Error,2,0
2021,2021-wimbledon-1227,1,4,1,Dynamic Model,2,3
2021,2021-wimbledon-1227,1,4,2,Dynamic Model,2,2
2021,2021-wimbledon-1227,1,4,3,Dynamic Model,1,1
2021,2021-wimbledon-1227,1,4,4,Dynamic Model,1,0
2021,2021-wimbledon-1228,1,4,1,Cumul. Point Winner,1,3
2021,2021-wimbledon-1228,1,4,2,Cumul. Point Winner,1,2
2021,2021-wimbledon-1228,1,4,3,Cumul. Point Winner,1,1
2021,2021-wimbledon-1228,1,4,4,Cumul. Point Winner,1,0
2021,2021-wimbledon-1228,1,4,1,Cumul. Game Winner,1,3
2021,2021-wimbledon-1228,1,4,2,Cumul. Game Winner,1,2
2021,2021-wimbledon-1228,1,4,3,Cumul. Game Winner,1,1
2021,2021-wimbledon-1228,1,4,4,Cumul. Game Winner,1,0
2021,2021-wimbledon-1228,1,4,1,Set Winner,1,3
2021,2021-wimbledon-1228,1,4,2,Set Winner,2,2
2021,2021-wimbledon-1228,1,4,3,Set Winner,1,1
2021,2021-wimbledon-1228,1,4,4,Set Winner,1,0
2021,2021-wimbledon-1228,1,4,1,Cumul. Set Winner,1,3
2021,2021-wimbledon-1228,1,4,2,Cumul. Set Winner,1,2
2021,2021-wimbledon-1228,1,4,3,Cumul. Set Winner,1,1
2021,2021-wimbledon-1228,1,4,4,Cumul. Set Winner,1,0
2021,2021-wimbledon-1228,1,4,1,Cumul. Unf. Error,1,3
2021,2021-wimbledon-1228,1,4,2,Cumul. Unf. Error,1,2
2021,2021-wimbledon-1228,1,4,3,Cumul. Unf. Error,1,1
2021,2021-wimbledon-1228,1,4,4,Cumul. Unf. Error,1,0
2021,2021-wimbledon-1228,1,4,1,Dynamic Model,1,3
2021,2021-wimbledon-1228,1,4,2,Dynamic Model,1,2
2021,2021-wimbledon-1228,1,4,3,Dynamic Model,1,1
2021,2021-wimbledon-1228,1,4,4,Dynamic Model,1,0
2021,2021-wimbledon-1229,1,3,1,Cumul. Point Winner,1,2
2021,2021-wimbledon-1229,1,3,2,Cumul. Point Winner,1,1
2021,2021-wimbledon-1229,1,3,3,Cumul. Point Winner,1,0
2021,2021-wimbledon-1229,1,3,1,Cumul. Game Winner,1,2
2021,2021-wimbledon-1229,1,3,2,Cumul. Game Winner,1,1
2021,2021-wimbledon-1229,1,3,3,Cumul. Game Winner,1,0
2021,2021-wimbledon-1229,1,3,1,Set Winner,1,2
2021,2021-wimbledon-1229,1,3,2,Set Winner,1,1
2021,2021-wimbledon-1229,1,3,3,Set Winner,1,0
2021,2021-wimbledon-1229,1,3,1,Cumul. Set Winner,1,2
2021,2021-wimbledon-1229,1,3,2,Cumul. Set Winner,1,1
2021,2021-wimbledon-1229,1,3,3,Cumul. Set Winner,1,0
2021,2021-wimbledon-1229,1,3,1,Cumul. Unf. Error,1,2
2021,2021-wimbledon-1229,1,3,2,Cumul. Unf. Error,1,1
2021,2021-wimbledon-1229,1,3,3,Cumul. Unf. Error,1,0
2021,2021-wimbledon-1229,1,3,1,Dynamic Model,1,2
2021,2021-wimbledon-1229,1,3,2,Dynamic Model,1,1
2021,2021-wimbledon-1229,1,3,3,Dynamic Model,1,0
2021,2021-wimbledon-1230,1,3,1,Cumul. Point Winner,1,2
2021,2021-wimbledon-1230,1,3,2,Cumul. Point Winner,1,1
2021,2021-wimbledon-1230,1,3,3,Cumul. Point Winner,1,0
2021,2021-wimbledon-1230,1,3,1,Cumul. Game Winner,1,2
2021,2021-wimbledon-1230,1,3,2,Cumul. Game Winner,1,1
2021,2021-wimbledon-1230,1,3,3,Cumul. Game Winner,1,0
2021,2021-wimbledon-1230,1,3,1,Set Winner,1,2
2021,2021-wimbledon-1230,1,3,2,Set Winner,1,1
2021,2021-wimbledon-1230,1,3,3,Set Winner,1,0
2021,2021-wimbledon-1230,1,3,1,Cumul. Set Winner,1,2
2021,2021-wimbledon-1230,1,3,2,Cumul. Set Winner,1,1
2021,2021-wimbledon-1230,1,3,3,Cumul. Set Winner,1,0
2021,2021-wimbledon-1230,1,3,1,Cumul. Unf. Error,2,2
2021,2021-wimbledon-1230,1,3,2,Cumul. Unf. Error,2,1
2021,2021-wimbledon-1230,1,3,3,Cumul. Unf. Error,2,0
2021,2021-wimbledon-1230,1,3,1,Dynamic Model,1,2
2021,2021-wimbledon-1230,1,3,2,Dynamic Model,1,1
2021,2021-wimbledon-1230,1,3,3,Dynamic Model,1,0
2021,2021-wimbledon-1231,1,4,1,Cumul. Point Winner,1,3
2021,2021-wimbledon-1231,1,4,2,Cumul. Point Winner,1,2
2021,2021-wimbledon-1231,1,4,3,Cumul. Point Winner,1,1
2021,2021-wimbledon-1231,1,4,4,Cumul. Point Winner,1,0
2021,2021-wimbledon-1231,1,4,1,Cumul. Game Winner,1,3
2021,2021-wimbledon-1231,1,4,2,Cumul. Game Winner,2,2
2021,2021-wimbledon-1231,1,4,3,Cumul. Game Winner,1,1
2021,2021-wimbledon-1231,1,4,4,Cumul. Game Winner,1,0
2021,2021-wimbledon-1231,1,4,1,Set Winner,1,3
2021,2021-wimbledon-1231,1,4,2,Set Winner,2,2
2021,2021-wimbledon-1231,1,4,3,Set Winner,1,1
2021,2021-wimbledon-1231,1,4,4,Set Winner,1,0
2021,2021-wimbledon-1231,1,4,1,Cumul. Set Winner,1,3
2021,2021-wimbledon-1231,1,4,2,Cumul. Set Winner,1,2
2021,2021-wimbledon-1231,1,4,3,Cumul. Set Winner,1,1
2021,2021-wimbledon-1231,1,4,4,Cumul. Set Winner,1,0
2021,2021-wimbledon-1231,1,4,1,Cumul. Unf. Error,2,3
2021,2021-wimbledon-1231,1,4,2,Cumul. Unf. Error,2,2
2021,2021-wimbledon-1231,1,4,3,Cumul. Unf. Error,2,1
2021,2021-wimbledon-1231,1,4,4,Cumul. Unf. Error,2,0
2021,2021-wimbledon-1231,1,4,1,Dynamic Model,1,3
2021,2021-wimbledon-1231,1,4,2,Dynamic Model,2,2
2021,2021-wimbledon-1231,1,4,3,Dynamic Model,1,1
2021,2021-wimbledon-1231,1,4,4,Dynamic Model,1,0
2021,2021-wimbledon-1232,2,3,1,Cumul. Point Winner,2,2
2021,2021-wimbledon-1232,2,3,2,Cumul. Point Winner,2,1
2021,2021-wimbledon-1232,2,3,3,Cumul. Point Winner,2,0
2021,2021-wimbledon-1232,2,3,1,Cumul. Game Winner,2,2
2021,2021-wimbledon-1232,2,3,2,Cumul. Game Winner,2,1
2021,2021-wimbledon-1232,2,3,3,Cumul. Game Winner,2,0
2021,2021-wimbledon-1232,2,3,1,Set Winner,2,2
2021,2021-wimbledon-1232,2,3,2,Set Winner,2,1
2021,2021-wimbledon-1232,2,3,3,Set Winner,2,0
2021,2021-wimbledon-1232,2,3,1,Cumul. Set Winner,2,2
2021,2021-wimbledon-1232,2,3,2,Cumul. Set Winner,2,1
2021,2021-wimbledon-1232,2,3,3,Cumul. Set Winner,2,0
2021,2021-wimbledon-1232,2,3,1,Cumul. Unf. Error,2,2
2021,2021-wimbledon-1232,2,3,2,Cumul. Unf. Error,2,1
2021,2021-wimbledon-1232,2,3,3,Cumul. Unf. Error,2,0
2021,2021-wimbledon-1232,2,3,1,Dynamic Model,2,2
2021,2021-wimbledon-1232,2,3,2,Dynamic Model,2,1
2021,2021-wimbledon-1232,2,3,3,Dynamic Model,2,0
2021,2021-wimbledon-1301,1,3,1,Cumul. Point Winner,1,2
2021,2021-wimbledon-1301,1,3,2,Cumul. Point Winner,1,1
2021,2021-wimbledon-1301,1,3,3,Cumul. Point Winner,1,0
2021,2021-wimbledon-1301,1,3,1,Cumul. Game Winner,1,2
2021,2021-wimbledon-1301,1,3,2,Cumul. Game Winner,1,1
2021,2021-wimbledon-1301,1,3,3,Cumul. Game Winner,1,0
2021,2021-wimbledon-1301,1,3,1,Set Winner,1,2
2021,2021-wimbledon-1301,1,3,2,Set Winner,1,1
2021,2021-wimbledon-1301,1,3,3,Set Winner,1,0
2021,2021-wimbledon-1301,1,3,1,Cumul. Set Winner,1,2
2021,2021-wimbledon-1301,1,3,2,Cumul. Set Winner,1,1
2021,2021-wimbledon-1301,1,3,3,Cumul. Set Winner,1,0
2021,2021-wimbledon-1301,1,3,1,Cumul. Unf. Error,2,2
2021,2021-wimbledon-1301,1,3,2,Cumul. Unf. Error,1,1
2021,2021-wimbledon-1301,1,3,3,Cumul. Unf. Error,1,0
2021,2021-wimbledon-1301,1,3,1,Dynamic Model,1,2
2021,2021-wimbledon-1301,1,3,2,Dynamic Model,1,1
2021,2021-wimbledon-1301,1,3,3,Dynamic Model,1,0
2021,2021-wimbledon-1302,1,4,1,Cumul. Point Winner,1,3
2021,2021-wimbledon-1302,1,4,2,Cumul. Point Winner,1,2
2021,2021-wimbledon-1302,1,4,3,Cumul. Point Winner,1,1
2021,2021-wimbledon-1302,1,4,4,Cumul. Point Winner,1,0
2021,2021-wimbledon-1302,1,4,1,Cumul. Game Winner,1,3
2021,2021-wimbledon-1302,1,4,2,Cumul. Game Winner,1,2
2021,2021-wimbledon-1302,1,4,3,Cumul. Game Winner,1,1
2021,2021-wimbledon-1302,1,4,4,Cumul. Game Winner,1,0
2021,2021-wimbledon-1302,1,4,1,Set Winner,1,3
2021,2021-wimbledon-1302,1,4,2,Set Winner,1,2
2021,2021-wimbledon-1302,1,4,3,Set Winner,2,1
2021,2021-wimbledon-1302,1,4,4,Set Winner,1,0
2021,2021-wimbledon-1302,1,4,1,Cumul. Set Winner,1,3
2021,2021-wimbledon-1302,1,4,2,Cumul. Set Winner,1,2
2021,2021-wimbledon-1302,1,4,3,Cumul. Set Winner,1,1
2021,2021-wimbledon-1302,1,4,4,Cumul. Set Winner,1,0
2021,2021-wimbledon-1302,1,4,1,Cumul. Unf. Error,1,3
2021,2021-wimbledon-1302,1,4,2,Cumul. Unf. Error,1,2
2021,2021-wimbledon-1302,1,4,3,Cumul. Unf. Error,1,1
2021,2021-wimbledon-1302,1,4,4,Cumul. Unf. Error,1,0
2021,2021-wimbledon-1302,1,4,1,Dynamic Model,1,3
2021,2021-wimbledon-1302,1,4,2,Dynamic Model,1,2
2021,2021-wimbledon-1302,1,4,3,Dynamic Model,1,1
2021,2021-wimbledon-1302,1,4,4,Dynamic Model,1,0
2021,2021-wimbledon-1303,2,4,1,Cumul. Point Winner,2,3
2021,2021-wimbledon-1303,2,4,2,Cumul. Point Winner,2,2
2021,2021-wimbledon-1303,2,4,3,Cumul. Point Winner,2,1
2021,2021-wimbledon-1303,2,4,4,Cumul. Point Winner,2,0
2021,2021-wimbledon-1303,2,4,1,Cumul. Game Winner,2,3
2021,2021-wimbledon-1303,2,4,2,Cumul. Game Winner,2,2
2021,2021-wimbledon-1303,2,4,3,Cumul. Game Winner,2,1
2021,2021-wimbledon-1303,2,4,4,Cumul. Game Winner,2,0
2021,2021-wimbledon-1303,2,4,1,Set Winner,2,3
2021,2021-wimbledon-1303,2,4,2,Set Winner,2,2
2021,2021-wimbledon-1303,2,4,3,Set Winner,1,1
2021,2021-wimbledon-1303,2,4,4,Set Winner,2,0
2021,2021-wimbledon-1303,2,4,1,Cumul. Set Winner,2,3
2021,2021-wimbledon-1303,2,4,2,Cumul. Set Winner,2,2
2021,2021-wimbledon-1303,2,4,3,Cumul. Set Winner,2,1
2021,2021-wimbledon-1303,2,4,4,Cumul. Set Winner,2,0
2021,2021-wimbledon-1303,2,4,1,Cumul. Unf. Error,1,3
2021,2021-wimbledon-1303,2,4,2,Cumul. Unf. Error,1,2
2021,2021-wimbledon-1303,2,4,3,Cumul. Unf. Error,1,1
2021,2021-wimbledon-1303,2,4,4,Cumul. Unf. Error,1,0
2021,2021-wimbledon-1303,2,4,1,Dynamic Model,2,3
2021,2021-wimbledon-1303,2,4,2,Dynamic Model,2,2
2021,2021-wimbledon-1303,2,4,3,Dynamic Model,2,1
2021,2021-wimbledon-1303,2,4,4,Dynamic Model,2,0
2021,2021-wimbledon-1304,2,4,1,Cumul. Point Winner,2,3
2021,2021-wimbledon-1304,2,4,2,Cumul. Point Winner,2,2
2021,2021-wimbledon-1304,2,4,3,Cumul. Point Winner,2,1
2021,2021-wimbledon-1304,2,4,4,Cumul. Point Winner,2,0
2021,2021-wimbledon-1304,2,4,1,Cumul. Game Winner,2,3
2021,2021-wimbledon-1304,2,4,2,Cumul. Game Winner,2,2
2021,2021-wimbledon-1304,2,4,3,Cumul. Game Winner,2,1
2021,2021-wimbledon-1304,2,4,4,Cumul. Game Winner,2,0
2021,2021-wimbledon-1304,2,4,1,Set Winner,2,3
2021,2021-wimbledon-1304,2,4,2,Set Winner,1,2
2021,2021-wimbledon-1304,2,4,3,Set Winner,2,1
2021,2021-wimbledon-1304,2,4,4,Set Winner,2,0
2021,2021-wimbledon-1304,2,4,1,Cumul. Set Winner,2,3
2021,2021-wimbledon-1304,2,4,2,Cumul. Set Winner,2,2
2021,2021-wimbledon-1304,2,4,3,Cumul. Set Winner,2,1
2021,2021-wimbledon-1304,2,4,4,Cumul. Set Winner,2,0
2021,2021-wimbledon-1304,2,4,1,Cumul. Unf. Error,2,3
2021,2021-wimbledon-1304,2,4,2,Cumul. Unf. Error,2,2
2021,2021-wimbledon-1304,2,4,3,Cumul. Unf. Error,2,1
2021,2021-wimbledon-1304,2,4,4,Cumul. Unf. Error,2,0
2021,2021-wimbledon-1304,2,4,1,Dynamic Model,2,3
2021,2021-wimbledon-1304,2,4,2,Dynamic Model,2,2
2021,2021-wimbledon-1304,2,4,3,Dynamic Model,2,1
2021,2021-wimbledon-1304,2,4,4,Dynamic Model,2,0
2021,2021-wimbledon-1305,2,3,1,Cumul. Point Winner,2,2
2021,2021-wimbledon-1305,2,3,2,Cumul. Point Winner,2,1
2021,2021-wimbledon-1305,2,3,3,Cumul. Point Winner,2,0
2021,2021-wimbledon-1305,2,3,1,Cumul. Game Winner,2,2
2021,2021-wimbledon-1305,2,3,2,Cumul. Game Winner,2,1
2021,2021-wimbledon-1305,2,3,3,Cumul. Game Winner,2,0
2021,2021-wimbledon-1305,2,3,1,Set Winner,2,2
2021,2021-wimbledon-1305,2,3,2,Set Winner,2,1
2021,2021-wimbledon-1305,2,3,3,Set Winner,2,0
2021,2021-wimbledon-1305,2,3,1,Cumul. Set Winner,2,2
2021,2021-wimbledon-1305,2,3,2,Cumul. Set Winner,2,1
2021,2021-wimbledon-1305,2,3,3,Cumul. Set Winner,2,0
2021,2021-wimbledon-1305,2,3,1,Cumul. Unf. Error,2,2
2021,2021-wimbledon-1305,2,3,2,Cumul. Unf. Error,2,1
2021,2021-wimbledon-1305,2,3,3,Cumul. Unf. Error,2,0
2021,2021-wimbledon-1305,2,3,1,Dynamic Model,2,2
2021,2021-wimbledon-1305,2,3,2,Dynamic Model,2,1
2021,2021-wimbledon-1305,2,3,3,Dynamic Model,2,0
2021,2021-wimbledon-1306,2,4,1,Cumul. Point Winner,2,3
2021,2021-wimbledon-1306,2,4,2,Cumul. Point Winner,1,2
2021,2021-wimbledon-1306,2,4,3,Cumul. Point Winner,2,1
2021,2021-wimbledon-1306,2,4,4,Cumul. Point Winner,2,0
2021,2021-wimbledon-1306,2,4,1,Cumul. Game Winner,2,3
2021,2021-wimbledon-1306,2,4,2,Cumul. Game Winner,2,2
2021,2021-wimbledon-1306,2,4,3,Cumul. Game Winner,2,1
2021,2021-wimbledon-1306,2,4,4,Cumul. Game Winner,2,0
2021,2021-wimbledon-1306,2,4,1,Set Winner,2,3
2021,2021-wimbledon-1306,2,4,2,Set Winner,1,2
2021,2021-wimbledon-1306,2,4,3,Set Winner,2,1
2021,2021-wimbledon-1306,2,4,4,Set Winner,2,0
2021,2021-wimbledon-1306,2,4,1,Cumul. Set Winner,2,3
2021,2021-wimbledon-1306,2,4,2,Cumul. Set Winner,2,2
2021,2021-wimbledon-1306,2,4,3,Cumul. Set Winner,2,1
2021,2021-wimbledon-1306,2,4,4,Cumul. Set Winner,2,0
2021,2021-wimbledon-1306,2,4,1,Cumul. Unf. Error,1,3
2021,2021-wimbledon-1306,2,4,2,Cumul. Unf. Error,1,2
2021,2021-wimbledon-1306,2,4,3,Cumul. Unf. Error,1,1
2021,2021-wimbledon-1306,2,4,4,Cumul. Unf. Error,1,0
2021,2021-wimbledon-1306,2,4,1,Dynamic Model,2,3
2021,2021-wimbledon-1306,2,4,2,Dynamic Model,1,2
2021,2021-wimbledon-1306,2,4,3,Dynamic Model,2,1
2021,2021-wimbledon-1306,2,4,4,Dynamic Model,2,0
2021,2021-wimbledon-1307,1,3,1,Cumul. Point Winner,1,2
2021,2021-wimbledon-1307,1,3,2,Cumul. Point Winner,1,1
2021,2021-wimbledon-1307,1,3,3,Cumul. Point Winner,1,0
2021,2021-wimbledon-1307,1,3,1,Cumul. Game Winner,1,2
2021,2021-wimbledon-1307,1,3,2,Cumul. Game Winner,1,1
2021,2021-wimbledon-1307,1,3,3,Cumul. Game Winner,1,0
2021,2021-wimbledon-1307,1,3,1,Set Winner,1,2
2021,2021-wimbledon-1307,1,3,2,Set Winner,1,1
2021,2021-wimbledon-1307,1,3,3,Set Winner,1,0
2021,2021-wimbledon-1307,1,3,1,Cumul. Set Winner,1,2
2021,2021-wimbledon-1307,1,3,2,Cumul. Set Winner,1,1
2021,2021-wimbledon-1307,1,3,3,Cumul. Set Winner,1,0
2021,2021-wimbledon-1307,1,3,1,Cumul. Unf. Error,2,2
2021,2021-wimbledon-1307,1,3,2,Cumul. Unf. Error,2,1
2021,2021-wimbledon-1307,1,3,3,Cumul. Unf. Error,2,0
2021,2021-wimbledon-1307,1,3,1,Dynamic Model,1,2
2021,2021-wimbledon-1307,1,3,2,Dynamic Model,1,1
2021,2021-wimbledon-1307,1,3,3,Dynamic Model,1,0
2021,2021-wimbledon-1308,2,3,1,Cumul. Point Winner,2,2
2021,2021-wimbledon-1308,2,3,2,Cumul. Point Winner,2,1
2021,2021-wimbledon-1308,2,3,3,Cumul. Point Winner,2,0
2021,2021-wimbledon-1308,2,3,1,Cumul. Game Winner,2,2
2021,2021-wimbledon-1308,2,3,2,Cumul. Game Winner,2,1
2021,2021-wimbledon-1308,2,3,3,Cumul. Game Winner,2,0
2021,2021-wimbledon-1308,2,3,1,Set Winner,2,2
2021,2021-wimbledon-1308,2,3,2,Set Winner,2,1
2021,2021-wimbledon-1308,2,3,3,Set Winner,2,0
2021,2021-wimbledon-1308,2,3,1,Cumul. Set Winner,2,2
2021,2021-wimbledon-1308,2,3,2,Cumul. Set Winner,2,1
2021,2021-wimbledon-1308,2,3,3,Cumul. Set Winner,2,0
2021,2021-wimbledon-1308,2,3,1,Cumul. Unf. Error,2,2
2021,2021-wimbledon-1308,2,3,2,Cumul. Unf. Error,2,1
2021,2021-wimbledon-1308,2,3,3,Cumul. Unf. Error,2,0
2021,2021-wimbledon-1308,2,3,1,Dynamic Model,2,2
2021,2021-wimbledon-1308,2,3,2,Dynamic Model,2,1
2021,2021-wimbledon-1308,2,3,3,Dynamic Model,2,0
2021,2021-wimbledon-1309,1,3,1,Cumul. Point Winner,1,2
2021,2021-wimbledon-1309,1,3,2,Cumul. Point Winner,1,1
2021,2021-wimbledon-1309,1,3,3,Cumul. Point Winner,1,0
2021,2021-wimbledon-1309,1,3,1,Cumul. Game Winner,1,2
2021,2021-wimbledon-1309,1,3,2,Cumul. Game Winner,1,1
2021,2021-wimbledon-1309,1,3,3,Cumul. Game Winner,1,0
2021,2021-wimbledon-1309,1,3,1,Set Winner,1,2
2021,2021-wimbledon-1309,1,3,2,Set Winner,1,1
2021,2021-wimbledon-1309,1,3,3,Set Winner,1,0
2021,2021-wimbledon-1309,1,3,1,Cumul. Set Winner,1,2
2021,2021-wimbledon-1309,1,3,2,Cumul. Set Winner,1,1
2021,2021-wimbledon-1309,1,3,3,Cumul. Set Winner,1,0
2021,2021-wimbledon-1309,1,3,1,Cumul. Unf. Error,1,2
2021,2021-wimbledon-1309,1,3,2,Cumul. Unf. Error,2,1
2021,2021-wimbledon-1309,1,3,3,Cumul. Unf. Error,2,0
2021,2021-wimbledon-1309,1,3,1,Dynamic Model,1,2
2021,2021-wimbledon-1309,1,3,2,Dynamic Model,1,1
2021,2021-wimbledon-1309,1,3,3,Dynamic Model,1,0
2021,2021-wimbledon-1310,1,3,1,Cumul. Point Winner,1,2
2021,2021-wimbledon-1310,1,3,2,Cumul. Point Winner,1,1
2021,2021-wimbledon-1310,1,3,3,Cumul. Point Winner,1,0
2021,2021-wimbledon-1310,1,3,1,Cumul. Game Winner,1,2
2021,2021-wimbledon-1310,1,3,2,Cumul. Game Winner,1,1
2021,2021-wimbledon-1310,1,3,3,Cumul. Game Winner,1,0
2021,2021-wimbledon-1310,1,3,1,Set Winner,1,2
2021,2021-wimbledon-1310,1,3,2,Set Winner,1,1
2021,2021-wimbledon-1310,1,3,3,Set Winner,1,0
2021,2021-wimbledon-1310,1,3,1,Cumul. Set Winner,1,2
2021,2021-wimbledon-1310,1,3,2,Cumul. Set Winner,1,1
2021,2021-wimbledon-1310,1,3,3,Cumul. Set Winner,1,0
2021,2021-wimbledon-1310,1,3,1,Cumul. Unf. Error,1,2
2021,2021-wimbledon-1310,1,3,2,Cumul. Unf. Error,1,1
2021,2021-wimbledon-1310,1,3,3,Cumul. Unf. Error,1,0
2021,2021-wimbledon-1310,1,3,1,Dynamic Model,1,2
2021,2021-wimbledon-1310,1,3,2,Dynamic Model,1,1
2021,2021-wimbledon-1310,1,3,3,Dynamic Model,1,0
2021,2021-wimbledon-1312,2,4,1,Cumul. Point Winner,1,3
2021,2021-wimbledon-1312,2,4,2,Cumul. Point Winner,2,2
2021,2021-wimbledon-1312,2,4,3,Cumul. Point Winner,2,1
2021,2021-wimbledon-1312,2,4,4,Cumul. Point Winner,2,0
2021,2021-wimbledon-1312,2,4,1,Cumul. Game Winner,1,3
2021,2021-wimbledon-1312,2,4,2,Cumul. Game Winner,2,2
2021,2021-wimbledon-1312,2,4,3,Cumul. Game Winner,2,1
2021,2021-wimbledon-1312,2,4,4,Cumul. Game Winner,2,0
2021,2021-wimbledon-1312,2,4,1,Set Winner,1,3
2021,2021-wimbledon-1312,2,4,2,Set Winner,2,2
2021,2021-wimbledon-1312,2,4,3,Set Winner,2,1
2021,2021-wimbledon-1312,2,4,4,Set Winner,2,0
2021,2021-wimbledon-1312,2,4,1,Cumul. Set Winner,1,3
2021,2021-wimbledon-1312,2,4,2,Cumul. Set Winner,1,2
2021,2021-wimbledon-1312,2,4,3,Cumul. Set Winner,2,1
2021,2021-wimbledon-1312,2,4,4,Cumul. Set Winner,2,0
2021,2021-wimbledon-1312,2,4,1,Cumul. Unf. Error,2,3
2021,2021-wimbledon-1312,2,4,2,Cumul. Unf. Error,2,2
2021,2021-wimbledon-1312,2,4,3,Cumul. Unf. Error,2,1
2021,2021-wimbledon-1312,2,4,4,Cumul. Unf. Error,2,0
2021,2021-wimbledon-1312,2,4,1,Dynamic Model,1,3
2021,2021-wimbledon-1312,2,4,2,Dynamic Model,2,2
2021,2021-wimbledon-1312,2,4,3,Dynamic Model,2,1
2021,2021-wimbledon-1312,2,4,4,Dynamic Model,2,0
2021,2021-wimbledon-1313,1,4,1,Cumul. Point Winner,1,3
2021,2021-wimbledon-1313,1,4,2,Cumul. Point Winner,1,2
2021,2021-wimbledon-1313,1,4,3,Cumul. Point Winner,1,1
2021,2021-wimbledon-1313,1,4,4,Cumul. Point Winner,1,0
2021,2021-wimbledon-1313,1,4,1,Cumul. Game Winner,1,3
2021,2021-wimbledon-1313,1,4,2,Cumul. Game Winner,1,2
2021,2021-wimbledon-1313,1,4,3,Cumul. Game Winner,1,1
2021,2021-wimbledon-1313,1,4,4,Cumul. Game Winner,1,0
2021,2021-wimbledon-1313,1,4,1,Set Winner,1,3
2021,2021-wimbledon-1313,1,4,2,Set Winner,1,2
2021,2021-wimbledon-1313,1,4,3,Set Winner,2,1
2021,2021-wimbledon-1313,1,4,4,Set Winner,1,0
2021,2021-wimbledon-1313,1,4,1,Cumul. Set Winner,1,3
2021,2021-wimbledon-1313,1,4,2,Cumul. Set Winner,1,2
2021,2021-wimbledon-1313,1,4,3,Cumul. Set Winner,1,1
2021,2021-wimbledon-1313,1,4,4,Cumul. Set Winner,1,0
2021,2021-wimbledon-1313,1,4,1,Cumul. Unf. Error,1,3
2021,2021-wimbledon-1313,1,4,2,Cumul. Unf. Error,1,2
2021,2021-wimbledon-1313,1,4,3,Cumul. Unf. Error,2,1
2021,2021-wimbledon-1313,1,4,4,Cumul. Unf. Error,2,0
2021,2021-wimbledon-1313,1,4,1,Dynamic Model,1,3
2021,2021-wimbledon-1313,1,4,2,Dynamic Model,1,2
2021,2021-wimbledon-1313,1,4,3,Dynamic Model,1,1
2021,2021-wimbledon-1313,1,4,4,Dynamic Model,1,0
2021,2021-wimbledon-1314,1,3,1,Cumul. Point Winner,1,2
2021,2021-wimbledon-1314,1,3,2,Cumul. Point Winner,1,1
2021,2021-wimbledon-1314,1,3,3,Cumul. Point Winner,1,0
2021,2021-wimbledon-1314,1,3,1,Cumul. Game Winner,1,2
2021,2021-wimbledon-1314,1,3,2,Cumul. Game Winner,1,1
2021,2021-wimbledon-1314,1,3,3,Cumul. Game Winner,1,0
2021,2021-wimbledon-1314,1,3,1,Set Winner,1,2
2021,2021-wimbledon-1314,1,3,2,Set Winner,1,1
2021,2021-wimbledon-1314,1,3,3,Set Winner,1,0
2021,2021-wimbledon-1314,1,3,1,Cumul. Set Winner,1,2
2021,2021-wimbledon-1314,1,3,2,Cumul. Set Winner,1,1
2021,2021-wimbledon-1314,1,3,3,Cumul. Set Winner,1,0
2021,2021-wimbledon-1314,1,3,1,Cumul. Unf. Error,1,2
2021,2021-wimbledon-1314,1,3,2,Cumul. Unf. Error,1,1
2021,2021-wimbledon-1314,1,3,3,Cumul. Unf. Error,1,0
2021,2021-wimbledon-1314,1,3,1,Dynamic Model,1,2
2021,2021-wimbledon-1314,1,3,2,Dynamic Model,1,1
2021,2021-wimbledon-1314,1,3,3,Dynamic Model,1,0
2021,2021-wimbledon-1315,1,3,1,Cumul. Point Winner,1,2
2021,2021-wimbledon-1315,1,3,2,Cumul. Point Winner,1,1
2021,2021-wimbledon-1315,1,3,3,Cumul. Point Winner,1,0
2021,2021-wimbledon-1315,1,3,1,Cumul. Game Winner,1,2
2021,2021-wimbledon-1315,1,3,2,Cumul. Game Winner,1,1
2021,2021-wimbledon-1315,1,3,3,Cumul. Game Winner,1,0
2021,2021-wimbledon-1315,1,3,1,Set Winner,1,2
2021,2021-wimbledon-1315,1,3,2,Set Winner,1,1
2021,2021-wimbledon-1315,1,3,3,Set Winner,1,0
2021,2021-wimbledon-1315,1,3,1,Cumul. Set Winner,1,2
2021,2021-wimbledon-1315,1,3,2,Cumul. Set Winner,1,1
2021,2021-wimbledon-1315,1,3,3,Cumul. Set Winner,1,0
2021,2021-wimbledon-1315,1,3,1,Cumul. Unf. Error,1,2
2021,2021-wimbledon-1315,1,3,2,Cumul. Unf. Error,1,1
2021,2021-wimbledon-1315,1,3,3,Cumul. Unf. Error,1,0
2021,2021-wimbledon-1315,1,3,1,Dynamic Model,1,2
2021,2021-wimbledon-1315,1,3,2,Dynamic Model,1,1
2021,2021-wimbledon-1315,1,3,3,Dynamic Model,1,0
2021,2021-wimbledon-1316,2,5,1,Cumul. Point Winner,1,4
2021,2021-wimbledon-1316,2,5,2,Cumul. Point Winner,1,3
2021,2021-wimbledon-1316,2,5,3,Cumul. Point Winner,1,2
2021,2021-wimbledon-1316,2,5,4,Cumul. Point Winner,1,1
2021,2021-wimbledon-1316,2,5,5,Cumul. Point Winner,2,0
2021,2021-wimbledon-1316,2,5,1,Cumul. Game Winner,1,4
2021,2021-wimbledon-1316,2,5,2,Cumul. Game Winner,1,3
2021,2021-wimbledon-1316,2,5,3,Cumul. Game Winner,1,2
2021,2021-wimbledon-1316,2,5,4,Cumul. Game Winner,2,1
2021,2021-wimbledon-1316,2,5,5,Cumul. Game Winner,2,0
2021,2021-wimbledon-1316,2,5,1,Set Winner,1,4
2021,2021-wimbledon-1316,2,5,2,Set Winner,1,3
2021,2021-wimbledon-1316,2,5,3,Set Winner,2,2
2021,2021-wimbledon-1316,2,5,4,Set Winner,2,1
2021,2021-wimbledon-1316,2,5,5,Set Winner,2,0
2021,2021-wimbledon-1316,2,5,1,Cumul. Set Winner,1,4
2021,2021-wimbledon-1316,2,5,2,Cumul. Set Winner,1,3
2021,2021-wimbledon-1316,2,5,3,Cumul. Set Winner,1,2
2021,2021-wimbledon-1316,2,5,4,Cumul. Set Winner,1,1
2021,2021-wimbledon-1316,2,5,5,Cumul. Set Winner,2,0
2021,2021-wimbledon-1316,2,5,1,Cumul. Unf. Error,2,4
2021,2021-wimbledon-1316,2,5,2,Cumul. Unf. Error,2,3
2021,2021-wimbledon-1316,2,5,3,Cumul. Unf. Error,2,2
2021,2021-wimbledon-1316,2,5,4,Cumul. Unf. Error,2,1
2021,2021-wimbledon-1316,2,5,5,Cumul. Unf. Error,2,0
2021,2021-wimbledon-1316,2,5,1,Dynamic Model,1,4
2021,2021-wimbledon-1316,2,5,2,Dynamic Model,1,3
2021,2021-wimbledon-1316,2,5,3,Dynamic Model,1,2
2021,2021-wimbledon-1316,2,5,4,Dynamic Model,2,1
2021,2021-wimbledon-1316,2,5,5,Dynamic Model,2,0
2021,2021-wimbledon-1401,1,3,1,Cumul. Point Winner,1,2
2021,2021-wimbledon-1401,1,3,2,Cumul. Point Winner,1,1
2021,2021-wimbledon-1401,1,3,3,Cumul. Point Winner,1,0
2021,2021-wimbledon-1401,1,3,1,Cumul. Game Winner,1,2
2021,2021-wimbledon-1401,1,3,2,Cumul. Game Winner,1,1
2021,2021-wimbledon-1401,1,3,3,Cumul. Game Winner,1,0
2021,2021-wimbledon-1401,1,3,1,Set Winner,1,2
2021,2021-wimbledon-1401,1,3,2,Set Winner,1,1
2021,2021-wimbledon-1401,1,3,3,Set Winner,1,0
2021,2021-wimbledon-1401,1,3,1,Cumul. Set Winner,1,2
2021,2021-wimbledon-1401,1,3,2,Cumul. Set Winner,1,1
2021,2021-wimbledon-1401,1,3,3,Cumul. Set Winner,1,0
2021,2021-wimbledon-1401,1,3,1,Cumul. Unf. Error,1,2
2021,2021-wimbledon-1401,1,3,2,Cumul. Unf. Error,1,1
2021,2021-wimbledon-1401,1,3,3,Cumul. Unf. Error,1,0
2021,2021-wimbledon-1401,1,3,1,Dynamic Model,1,2
2021,2021-wimbledon-1401,1,3,2,Dynamic Model,1,1
2021,2021-wimbledon-1401,1,3,3,Dynamic Model,1,0
2021,2021-wimbledon-1402,1,5,1,Cumul. Point Winner,1,4
2021,2021-wimbledon-1402,1,5,2,Cumul. Point Winner,1,3
2021,2021-wimbledon-1402,1,5,3,Cumul. Point Winner,2,2
2021,2021-wimbledon-1402,1,5,4,Cumul. Point Winner,1,1
2021,2021-wimbledon-1402,1,5,5,Cumul. Point Winner,1,0
2021,2021-wimbledon-1402,1,5,1,Cumul. Game Winner,1,4
2021,2021-wimbledon-1402,1,5,2,Cumul. Game Winner,1,3
2021,2021-wimbledon-1402,1,5,3,Cumul. Game Winner,2,2
2021,2021-wimbledon-1402,1,5,4,Cumul. Game Winner,1,1
2021,2021-wimbledon-1402,1,5,5,Cumul. Game Winner,1,0
2021,2021-wimbledon-1402,1,5,1,Set Winner,1,4
2021,2021-wimbledon-1402,1,5,2,Set Winner,2,3
2021,2021-wimbledon-1402,1,5,3,Set Winner,2,2
2021,2021-wimbledon-1402,1,5,4,Set Winner,1,1
2021,2021-wimbledon-1402,1,5,5,Set Winner,1,0
2021,2021-wimbledon-1402,1,5,1,Cumul. Set Winner,1,4
2021,2021-wimbledon-1402,1,5,2,Cumul. Set Winner,1,3
2021,2021-wimbledon-1402,1,5,3,Cumul. Set Winner,2,2
2021,2021-wimbledon-1402,1,5,4,Cumul. Set Winner,2,1
2021,2021-wimbledon-1402,1,5,5,Cumul. Set Winner,1,0
2021,2021-wimbledon-1402,1,5,1,Cumul. Unf. Error,2,4
2021,2021-wimbledon-1402,1,5,2,Cumul. Unf. Error,2,3
2021,2021-wimbledon-1402,1,5,3,Cumul. Unf. Error,2,2
2021,2021-wimbledon-1402,1,5,4,Cumul. Unf. Error,1,1
2021,2021-wimbledon-1402,1,5,5,Cumul. Unf. Error,1,0
2021,2021-wimbledon-1402,1,5,1,Dynamic Model,1,4
2021,2021-wimbledon-1402,1,5,2,Dynamic Model,1,3
2021,2021-wimbledon-1402,1,5,3,Dynamic Model,2,2
2021,2021-wimbledon-1402,1,5,4,Dynamic Model,1,1
2021,2021-wimbledon-1402,1,5,5,Dynamic Model,1,0
2021,2021-wimbledon-1403,1,5,1,Cumul. Point Winner,2,4
2021,2021-wimbledon-1403,1,5,2,Cumul. Point Winner,2,3
2021,2021-wimbledon-1403,1,5,3,Cumul. Point Winner,1,2
2021,2021-wimbledon-1403,1,5,4,Cumul. Point Winner,2,1
2021,2021-wimbledon-1403,1,5,5,Cumul. Point Winner,1,0
2021,2021-wimbledon-1403,1,5,1,Cumul. Game Winner,2,4
2021,2021-wimbledon-1403,1,5,2,Cumul. Game Winner,2,3
2021,2021-wimbledon-1403,1,5,3,Cumul. Game Winner,1,2
2021,2021-wimbledon-1403,1,5,4,Cumul. Game Winner,1,1
2021,2021-wimbledon-1403,1,5,5,Cumul. Game Winner,1,0
2021,2021-wimbledon-1403,1,5,1,Set Winner,2,4
2021,2021-wimbledon-1403,1,5,2,Set Winner,1,3
2021,2021-wimbledon-1403,1,5,3,Set Winner,1,2
2021,2021-wimbledon-1403,1,5,4,Set Winner,2,1
2021,2021-wimbledon-1403,1,5,5,Set Winner,1,0
2021,2021-wimbledon-1403,1,5,1,Cumul. Set Winner,2,4
2021,2021-wimbledon-1403,1,5,2,Cumul. Set Winner,2,3
2021,2021-wimbledon-1403,1,5,3,Cumul. Set Winner,1,2
2021,2021-wimbledon-1403,1,5,4,Cumul. Set Winner,1,1
2021,2021-wimbledon-1403,1,5,5,Cumul. Set Winner,1,0
2021,2021-wimbledon-1403,1,5,1,Cumul. Unf. Error,1,4
2021,2021-wimbledon-1403,1,5,2,Cumul. Unf. Error,1,3
2021,2021-wimbledon-1403,1,5,3,Cumul. Unf. Error,1,2
2021,2021-wimbledon-1403,1,5,4,Cumul. Unf. Error,1,1
2021,2021-wimbledon-1403,1,5,5,Cumul. Unf. Error,1,0
2021,2021-wimbledon-1403,1,5,1,Dynamic Model,2,4
2021,2021-wimbledon-1403,1,5,2,Dynamic Model,2,3
2021,2021-wimbledon-1403,1,5,3,Dynamic Model,1,2
2021,2021-wimbledon-1403,1,5,4,Dynamic Model,1,1
2021,2021-wimbledon-1403,1,5,5,Dynamic Model,1,0
2021,2021-wimbledon-1404,1,3,1,Cumul. Point Winner,1,2
2021,2021-wimbledon-1404,1,3,2,Cumul. Point Winner,1,1
2021,2021-wimbledon-1404,1,3,3,Cumul. Point Winner,1,0
2021,2021-wimbledon-1404,1,3,1,Cumul. Game Winner,1,2
2021,2021-wimbledon-1404,1,3,2,Cumul. Game Winner,1,1
2021,2021-wimbledon-1404,1,3,3,Cumul. Game Winner,1,0
2021,2021-wimbledon-1404,1,3,1,Set Winner,1,2
2021,2021-wimbledon-1404,1,3,2,Set Winner,1,1
2021,2021-wimbledon-1404,1,3,3,Set Winner,1,0
2021,2021-wimbledon-1404,1,3,1,Cumul. Set Winner,1,2
2021,2021-wimbledon-1404,1,3,2,Cumul. Set Winner,1,1
2021,2021-wimbledon-1404,1,3,3,Cumul. Set Winner,1,0
2021,2021-wimbledon-1404,1,3,1,Cumul. Unf. Error,2,2
2021,2021-wimbledon-1404,1,3,2,Cumul. Unf. Error,2,1
2021,2021-wimbledon-1404,1,3,3,Cumul. Unf. Error,2,0
2021,2021-wimbledon-1404,1,3,1,Dynamic Model,1,2
2021,2021-wimbledon-1404,1,3,2,Dynamic Model,1,1
2021,2021-wimbledon-1404,1,3,3,Dynamic Model,1,0
2021,2021-wimbledon-1405,1,3,1,Cumul. Point Winner,1,2
2021,2021-wimbledon-1405,1,3,2,Cumul. Point Winner,1,1
2021,2021-wimbledon-1405,1,3,3,Cumul. Point Winner,1,0
2021,2021-wimbledon-1405,1,3,1,Cumul. Game Winner,1,2
2021,2021-wimbledon-1405,1,3,2,Cumul. Game Winner,1,1
2021,2021-wimbledon-1405,1,3,3,Cumul. Game Winner,1,0
2021,2021-wimbledon-1405,1,3,1,Set Winner,1,2
2021,2021-wimbledon-1405,1,3,2,Set Winner,1,1
2021,2021-wimbledon-1405,1,3,3,Set Winner,1,0
2021,2021-wimbledon-1405,1,3,1,Cumul. Set Winner,1,2
2021,2021-wimbledon-1405,1,3,2,Cumul. Set Winner,1,1
2021,2021-wimbledon-1405,1,3,3,Cumul. Set Winner,1,0
2021,2021-wimbledon-1405,1,3,1,Cumul. Unf. Error,2,2
2021,2021-wimbledon-1405,1,3,2,Cumul. Unf. Error,2,1
2021,2021-wimbledon-1405,1,3,3,Cumul. Unf. Error,2,0
2021,2021-wimbledon-1405,1,3,1,Dynamic Model,1,2
2021,2021-wimbledon-1405,1,3,2,Dynamic Model,1,1
2021,2021-wimbledon-1405,1,3,3,Dynamic Model,1,0
2021,2021-wimbledon-1406,1,5,1,Cumul. Point Winner,1,4
2021,2021-wimbledon-1406,1,5,2,Cumul. Point Winner,1,3
2021,2021-wimbledon-1406,1,5,3,Cumul. Point Winner,1,2
2021,2021-wimbledon-1406,1,5,4,Cumul. Point Winner,2,1
2021,2021-wimbledon-1406,1,5,5,Cumul. Point Winner,1,0
2021,2021-wimbledon-1406,1,5,1,Cumul. Game Winner,1,4
2021,2021-wimbledon-1406,1,5,2,Cumul. Game Winner,1,3
2021,2021-wimbledon-1406,1,5,3,Cumul. Game Winner,1,2
2021,2021-wimbledon-1406,1,5,4,Cumul. Game Winner,2,1
2021,2021-wimbledon-1406,1,5,5,Cumul. Game Winner,2,0
2021,2021-wimbledon-1406,1,5,1,Set Winner,1,4
2021,2021-wimbledon-1406,1,5,2,Set Winner,1,3
2021,2021-wimbledon-1406,1,5,3,Set Winner,2,2
2021,2021-wimbledon-1406,1,5,4,Set Winner,2,1
2021,2021-wimbledon-1406,1,5,5,Set Winner,1,0
2021,2021-wimbledon-1406,1,5,1,Cumul. Set Winner,1,4
2021,2021-wimbledon-1406,1,5,2,Cumul. Set Winner,1,3
2021,2021-wimbledon-1406,1,5,3,Cumul. Set Winner,1,2
2021,2021-wimbledon-1406,1,5,4,Cumul. Set Winner,1,1
2021,2021-wimbledon-1406,1,5,5,Cumul. Set Winner,1,0
2021,2021-wimbledon-1406,1,5,1,Cumul. Unf. Error,1,4
2021,2021-wimbledon-1406,1,5,2,Cumul. Unf. Error,1,3
2021,2021-wimbledon-1406,1,5,3,Cumul. Unf. Error,2,2
2021,2021-wimbledon-1406,1,5,4,Cumul. Unf. Error,2,1
2021,2021-wimbledon-1406,1,5,5,Cumul. Unf. Error,2,0
2021,2021-wimbledon-1406,1,5,1,Dynamic Model,1,4
2021,2021-wimbledon-1406,1,5,2,Dynamic Model,1,3
2021,2021-wimbledon-1406,1,5,3,Dynamic Model,1,2
2021,2021-wimbledon-1406,1,5,4,Dynamic Model,2,1
2021,2021-wimbledon-1406,1,5,5,Dynamic Model,1,0
2021,2021-wimbledon-1407,1,3,1,Cumul. Point Winner,1,2
2021,2021-wimbledon-1407,1,3,2,Cumul. Point Winner,1,1
2021,2021-wimbledon-1407,1,3,3,Cumul. Point Winner,1,0
2021,2021-wimbledon-1407,1,3,1,Cumul. Game Winner,1,2
2021,2021-wimbledon-1407,1,3,2,Cumul. Game Winner,1,1
2021,2021-wimbledon-1407,1,3,3,Cumul. Game Winner,1,0
2021,2021-wimbledon-1407,1,3,1,Set Winner,1,2
2021,2021-wimbledon-1407,1,3,2,Set Winner,1,1
2021,2021-wimbledon-1407,1,3,3,Set Winner,1,0
2021,2021-wimbledon-1407,1,3,1,Cumul. Set Winner,1,2
2021,2021-wimbledon-1407,1,3,2,Cumul. Set Winner,1,1
2021,2021-wimbledon-1407,1,3,3,Cumul. Set Winner,1,0
2021,2021-wimbledon-1407,1,3,1,Cumul. Unf. Error,2,2
2021,2021-wimbledon-1407,1,3,2,Cumul. Unf. Error,2,1
2021,2021-wimbledon-1407,1,3,3,Cumul. Unf. Error,2,0
2021,2021-wimbledon-1407,1,3,1,Dynamic Model,1,2
2021,2021-wimbledon-1407,1,3,2,Dynamic Model,1,1
2021,2021-wimbledon-1407,1,3,3,Dynamic Model,1,0
2021,2021-wimbledon-1408,1,5,1,Cumul. Point Winner,2,4
2021,2021-wimbledon-1408,1,5,2,Cumul. Point Winner,2,3
2021,2021-wimbledon-1408,1,5,3,Cumul. Point Winner,2,2
2021,2021-wimbledon-1408,1,5,4,Cumul. Point Winner,2,1
2021,2021-wimbledon-1408,1,5,5,Cumul. Point Winner,2,0
2021,2021-wimbledon-1408,1,5,1,Cumul. Game Winner,2,4
2021,2021-wimbledon-1408,1,5,2,Cumul. Game Winner,2,3
2021,2021-wimbledon-1408,1,5,3,Cumul. Game Winner,2,2
2021,2021-wimbledon-1408,1,5,4,Cumul. Game Winner,2,1
2021,2021-wimbledon-1408,1,5,5,Cumul. Game Winner,2,0
2021,2021-wimbledon-1408,1,5,1,Set Winner,2,4
2021,2021-wimbledon-1408,1,5,2,Set Winner,1,3
2021,2021-wimbledon-1408,1,5,3,Set Winner,2,2
2021,2021-wimbledon-1408,1,5,4,Set Winner,1,1
2021,2021-wimbledon-1408,1,5,5,Set Winner,1,0
2021,2021-wimbledon-1408,1,5,1,Cumul. Set Winner,2,4
2021,2021-wimbledon-1408,1,5,2,Cumul. Set Winner,2,3
2021,2021-wimbledon-1408,1,5,3,Cumul. Set Winner,2,2
2021,2021-wimbledon-1408,1,5,4,Cumul. Set Winner,2,1
2021,2021-wimbledon-1408,1,5,5,Cumul. Set Winner,1,0
2021,2021-wimbledon-1408,1,5,1,Cumul. Unf. Error,2,4
2021,2021-wimbledon-1408,1,5,2,Cumul. Unf. Error,2,3
2021,2021-wimbledon-1408,1,5,3,Cumul. Unf. Error,2,2
2021,2021-wimbledon-1408,1,5,4,Cumul. Unf. Error,2,1
2021,2021-wimbledon-1408,1,5,5,Cumul. Unf. Error,2,0
2021,2021-wimbledon-1408,1,5,1,Dynamic Model,2,4
2021,2021-wimbledon-1408,1,5,2,Dynamic Model,2,3
2021,2021-wimbledon-1408,1,5,3,Dynamic Model,2,2
2021,2021-wimbledon-1408,1,5,4,Dynamic Model,2,1
2021,2021-wimbledon-1408,1,5,5,Dynamic Model,2,0
2021,2021-wimbledon-1501,1,3,1,Cumul. Point Winner,1,2
2021,2021-wimbledon-1501,1,3,2,Cumul. Point Winner,1,1
2021,2021-wimbledon-1501,1,3,3,Cumul. Point Winner,1,0
2021,2021-wimbledon-1501,1,3,1,Cumul. Game Winner,1,2
2021,2021-wimbledon-1501,1,3,2,Cumul. Game Winner,1,1
2021,2021-wimbledon-1501,1,3,3,Cumul. Game Winner,1,0
2021,2021-wimbledon-1501,1,3,1,Set Winner,1,2
2021,2021-wimbledon-1501,1,3,2,Set Winner,1,1
2021,2021-wimbledon-1501,1,3,3,Set Winner,1,0
2021,2021-wimbledon-1501,1,3,1,Cumul. Set Winner,1,2
2021,2021-wimbledon-1501,1,3,2,Cumul. Set Winner,1,1
2021,2021-wimbledon-1501,1,3,3,Cumul. Set Winner,1,0
2021,2021-wimbledon-1501,1,3,1,Cumul. Unf. Error,2,2
2021,2021-wimbledon-1501,1,3,2,Cumul. Unf. Error,2,1
2021,2021-wimbledon-1501,1,3,3,Cumul. Unf. Error,1,0
2021,2021-wimbledon-1501,1,3,1,Dynamic Model,1,2
2021,2021-wimbledon-1501,1,3,2,Dynamic Model,1,1
2021,2021-wimbledon-1501,1,3,3,Dynamic Model,1,0
2021,2021-wimbledon-1502,2,5,1,Cumul. Point Winner,2,4
2021,2021-wimbledon-1502,2,5,2,Cumul. Point Winner,2,3
2021,2021-wimbledon-1502,2,5,3,Cumul. Point Winner,2,2
2021,2021-wimbledon-1502,2,5,4,Cumul. Point Winner,2,1
2021,2021-wimbledon-1502,2,5,5,Cumul. Point Winner,2,0
2021,2021-wimbledon-1502,2,5,1,Cumul. Game Winner,2,4
2021,2021-wimbledon-1502,2,5,2,Cumul. Game Winner,1,3
2021,2021-wimbledon-1502,2,5,3,Cumul. Game Winner,1,2
2021,2021-wimbledon-1502,2,5,4,Cumul. Game Winner,2,1
2021,2021-wimbledon-1502,2,5,5,Cumul. Game Winner,2,0
2021,2021-wimbledon-1502,2,5,1,Set Winner,2,4
2021,2021-wimbledon-1502,2,5,2,Set Winner,1,3
2021,2021-wimbledon-1502,2,5,3,Set Winner,1,2
2021,2021-wimbledon-1502,2,5,4,Set Winner,2,1
2021,2021-wimbledon-1502,2,5,5,Set Winner,2,0
2021,2021-wimbledon-1502,2,5,1,Cumul. Set Winner,2,4
2021,2021-wimbledon-1502,2,5,2,Cumul. Set Winner,2,3
2021,2021-wimbledon-1502,2,5,3,Cumul. Set Winner,1,2
2021,2021-wimbledon-1502,2,5,4,Cumul. Set Winner,1,1
2021,2021-wimbledon-1502,2,5,5,Cumul. Set Winner,2,0
2021,2021-wimbledon-1502,2,5,1,Cumul. Unf. Error,1,4
2021,2021-wimbledon-1502,2,5,2,Cumul. Unf. Error,1,3
2021,2021-wimbledon-1502,2,5,3,Cumul. Unf. Error,1,2
2021,2021-wimbledon-1502,2,5,4,Cumul. Unf. Error,1,1
2021,2021-wimbledon-1502,2,5,5,Cumul. Unf. Error,2,0
2021,2021-wimbledon-1502,2,5,1,Dynamic Model,2,4
2021,2021-wimbledon-1502,2,5,2,Dynamic Model,2,3
2021,2021-wimbledon-1502,2,5,3,Dynamic Model,1,2
2021,2021-wimbledon-1502,2,5,4,Dynamic Model,2,1
2021,2021-wimbledon-1502,2,5,5,Dynamic Model,2,0
2021,2021-wimbledon-1503,1,4,1,Cumul. Point Winner,1,3
2021,2021-wimbledon-1503,1,4,2,Cumul. Point Winner,1,2
2021,2021-wimbledon-1503,1,4,3,Cumul. Point Winner,1,1
2021,2021-wimbledon-1503,1,4,4,Cumul. Point Winner,1,0
2021,2021-wimbledon-1503,1,4,1,Cumul. Game Winner,1,3
2021,2021-wimbledon-1503,1,4,2,Cumul. Game Winner,1,2
2021,2021-wimbledon-1503,1,4,3,Cumul. Game Winner,1,1
2021,2021-wimbledon-1503,1,4,4,Cumul. Game Winner,1,0
2021,2021-wimbledon-1503,1,4,1,Set Winner,1,3
2021,2021-wimbledon-1503,1,4,2,Set Winner,2,2
2021,2021-wimbledon-1503,1,4,3,Set Winner,1,1
2021,2021-wimbledon-1503,1,4,4,Set Winner,1,0
2021,2021-wimbledon-1503,1,4,1,Cumul. Set Winner,1,3
2021,2021-wimbledon-1503,1,4,2,Cumul. Set Winner,1,2
2021,2021-wimbledon-1503,1,4,3,Cumul. Set Winner,1,1
2021,2021-wimbledon-1503,1,4,4,Cumul. Set Winner,1,0
2021,2021-wimbledon-1503,1,4,1,Cumul. Unf. Error,1,3
2021,2021-wimbledon-1503,1,4,2,Cumul. Unf. Error,2,2
2021,2021-wimbledon-1503,1,4,3,Cumul. Unf. Error,2,1
2021,2021-wimbledon-1503,1,4,4,Cumul. Unf. Error,2,0
2021,2021-wimbledon-1503,1,4,1,Dynamic Model,1,3
2021,2021-wimbledon-1503,1,4,2,Dynamic Model,2,2
2021,2021-wimbledon-1503,1,4,3,Dynamic Model,1,1
2021,2021-wimbledon-1503,1,4,4,Dynamic Model,1,0
2021,2021-wimbledon-1504,2,3,1,Cumul. Point Winner,2,2
2021,2021-wimbledon-1504,2,3,2,Cumul. Point Winner,2,1
2021,2021-wimbledon-1504,2,3,3,Cumul. Point Winner,2,0
2021,2021-wimbledon-1504,2,3,1,Cumul. Game Winner,2,2
2021,2021-wimbledon-1504,2,3,2,Cumul. Game Winner,2,1
2021,2021-wimbledon-1504,2,3,3,Cumul. Game Winner,2,0
2021,2021-wimbledon-1504,2,3,1,Set Winner,2,2
2021,2021-wimbledon-1504,2,3,2,Set Winner,2,1
2021,2021-wimbledon-1504,2,3,3,Set Winner,2,0
2021,2021-wimbledon-1504,2,3,1,Cumul. Set Winner,2,2
2021,2021-wimbledon-1504,2,3,2,Cumul. Set Winner,2,1
2021,2021-wimbledon-1504,2,3,3,Cumul. Set Winner,2,0
2021,2021-wimbledon-1504,2,3,1,Cumul. Unf. Error,2,2
2021,2021-wimbledon-1504,2,3,2,Cumul. Unf. Error,2,1
2021,2021-wimbledon-1504,2,3,3,Cumul. Unf. Error,2,0
2021,2021-wimbledon-1504,2,3,1,Dynamic Model,2,2
2021,2021-wimbledon-1504,2,3,2,Dynamic Model,2,1
2021,2021-wimbledon-1504,2,3,3,Dynamic Model,2,0
2021,2021-wimbledon-1601,1,3,1,Cumul. Point Winner,1,2
2021,2021-wimbledon-1601,1,3,2,Cumul. Point Winner,1,1
2021,2021-wimbledon-1601,1,3,3,Cumul. Point Winner,1,0
2021,2021-wimbledon-1601,1,3,1,Cumul. Game Winner,1,2
2021,2021-wimbledon-1601,1,3,2,Cumul. Game Winner,1,1
2021,2021-wimbledon-1601,1,3,3,Cumul. Game Winner,1,0
2021,2021-wimbledon-1601,1,3,1,Set Winner,1,2
2021,2021-wimbledon-1601,1,3,2,Set Winner,1,1
2021,2021-wimbledon-1601,1,3,3,Set Winner,1,0
2021,2021-wimbledon-1601,1,3,1,Cumul. Set Winner,1,2
2021,2021-wimbledon-1601,1,3,2,Cumul. Set Winner,1,1
2021,2021-wimbledon-1601,1,3,3,Cumul. Set Winner,1,0
2021,2021-wimbledon-1601,1,3,1,Cumul. Unf. Error,1,2
2021,2021-wimbledon-1601,1,3,2,Cumul. Unf. Error,1,1
2021,2021-wimbledon-1601,1,3,3,Cumul. Unf. Error,1,0
2021,2021-wimbledon-1601,1,3,1,Dynamic Model,1,2
2021,2021-wimbledon-1601,1,3,2,Dynamic Model,1,1
2021,2021-wimbledon-1601,1,3,3,Dynamic Model,1,0
2021,2021-wimbledon-1602,1,4,1,Cumul. Point Winner,1,3
2021,2021-wimbledon-1602,1,4,2,Cumul. Point Winner,1,2
2021,2021-wimbledon-1602,1,4,3,Cumul. Point Winner,1,1
2021,2021-wimbledon-1602,1,4,4,Cumul. Point Winner,1,0
2021,2021-wimbledon-1602,1,4,1,Cumul. Game Winner,1,3
2021,2021-wimbledon-1602,1,4,2,Cumul. Game Winner,1,2
2021,2021-wimbledon-1602,1,4,3,Cumul. Game Winner,1,1
2021,2021-wimbledon-1602,1,4,4,Cumul. Game Winner,1,0
2021,2021-wimbledon-1602,1,4,1,Set Winner,1,3
2021,2021-wimbledon-1602,1,4,2,Set Winner,1,2
2021,2021-wimbledon-1602,1,4,3,Set Winner,2,1
2021,2021-wimbledon-1602,1,4,4,Set Winner,1,0
2021,2021-wimbledon-1602,1,4,1,Cumul. Set Winner,1,3
2021,2021-wimbledon-1602,1,4,2,Cumul. Set Winner,1,2
2021,2021-wimbledon-1602,1,4,3,Cumul. Set Winner,1,1
2021,2021-wimbledon-1602,1,4,4,Cumul. Set Winner,1,0
2021,2021-wimbledon-1602,1,4,1,Cumul. Unf. Error,2,3
2021,2021-wimbledon-1602,1,4,2,Cumul. Unf. Error,1,2
2021,2021-wimbledon-1602,1,4,3,Cumul. Unf. Error,1,1
2021,2021-wimbledon-1602,1,4,4,Cumul. Unf. Error,1,0
2021,2021-wimbledon-1602,1,4,1,Dynamic Model,1,3
2021,2021-wimbledon-1602,1,4,2,Dynamic Model,1,2
2021,2021-wimbledon-1602,1,4,3,Dynamic Model,1,1
2021,2021-wimbledon-1602,1,4,4,Dynamic Model,1,0
2021,2021-wimbledon-1701,1,4,1,Cumul. Point Winner,1,3
2021,2021-wimbledon-1701,1,4,2,Cumul. Point Winner,1,2
2021,2021-wimbledon-1701,1,4,3,Cumul. Point Winner,1,1
2021,2021-wimbledon-1701,1,4,4,Cumul. Point Winner,1,0
2021,2021-wimbledon-1701,1,4,1,Cumul. Game Winner,2,3
2021,2021-wimbledon-1701,1,4,2,Cumul. Game Winner,1,2
2021,2021-wimbledon-1701,1,4,3,Cumul. Game Winner,1,1
2021,2021-wimbledon-1701,1,4,4,Cumul. Game Winner,1,0
2021,2021-wimbledon-1701,1,4,1,Set Winner,2,3
2021,2021-wimbledon-1701,1,4,2,Set Winner,1,2
2021,2021-wimbledon-1701,1,4,3,Set Winner,1,1
2021,2021-wimbledon-1701,1,4,4,Set Winner,1,0
2021,2021-wimbledon-1701,1,4,1,Cumul. Set Winner,2,3
2021,2021-wimbledon-1701,1,4,2,Cumul. Set Winner,2,2
2021,2021-wimbledon-1701,1,4,3,Cumul. Set Winner,1,1
2021,2021-wimbledon-1701,1,4,4,Cumul. Set Winner,1,0
2021,2021-wimbledon-1701,1,4,1,Cumul. Unf. Error,1,3
2021,2021-wimbledon-1701,1,4,2,Cumul. Unf. Error,1,2
2021,2021-wimbledon-1701,1,4,3,Cumul. Unf. Error,1,1
2021,2021-wimbledon-1701,1,4,4,Cumul. Unf. Error,1,0
2021,2021-wimbledon-1701,1,4,1,Dynamic Model,1,3
2021,2021-wimbledon-1701,1,4,2,Dynamic Model,1,2
2021,2021-wimbledon-1701,1,4,3,Dynamic Model,1,1
2021,2021-wimbledon-1701,1,4,4,Dynamic Model,1,0
2022,2022-wimbledon-1101,1,4,1,Cumul. Point Winner,1,3
2022,2022-wimbledon-1101,1,4,2,Cumul. Point Winner,2,2
2022,2022-wimbledon-1101,1,4,3,Cumul. Point Winner,1,1
2022,2022-wimbledon-1101,1,4,4,Cumul. Point Winner,1,0
2022,2022-wimbledon-1101,1,4,1,Cumul. Game Winner,1,3
2022,2022-wimbledon-1101,1,4,2,Cumul. Game Winner,1,2
2022,2022-wimbledon-1101,1,4,3,Cumul. Game Winner,1,1
2022,2022-wimbledon-1101,1,4,4,Cumul. Game Winner,1,0
2022,2022-wimbledon-1101,1,4,1,Set Winner,1,3
2022,2022-wimbledon-1101,1,4,2,Set Winner,2,2
2022,2022-wimbledon-1101,1,4,3,Set Winner,1,1
2022,2022-wimbledon-1101,1,4,4,Set Winner,1,0
2022,2022-wimbledon-1101,1,4,1,Cumul. Set Winner,1,3
2022,2022-wimbledon-1101,1,4,2,Cumul. Set Winner,1,2
2022,2022-wimbledon-1101,1,4,3,Cumul. Set Winner,1,1
2022,2022-wimbledon-1101,1,4,4,Cumul. Set Winner,1,0
2022,2022-wimbledon-1101,1,4,1,Cumul. Unf. Error,1,3
2022,2022-wimbledon-1101,1,4,2,Cumul. Unf. Error,2,2
2022,2022-wimbledon-1101,1,4,3,Cumul. Unf. Error,2,1
2022,2022-wimbledon-1101,1,4,4,Cumul. Unf. Error,2,0
2022,2022-wimbledon-1101,1,4,1,Dynamic Model,1,3
2022,2022-wimbledon-1101,1,4,2,Dynamic Model,2,2
2022,2022-wimbledon-1101,1,4,3,Dynamic Model,1,1
2022,2022-wimbledon-1101,1,4,4,Dynamic Model,1,0
2022,2022-wimbledon-1102,1,3,1,Cumul. Point Winner,1,2
2022,2022-wimbledon-1102,1,3,2,Cumul. Point Winner,1,1
2022,2022-wimbledon-1102,1,3,3,Cumul. Point Winner,1,0
2022,2022-wimbledon-1102,1,3,1,Cumul. Game Winner,1,2
2022,2022-wimbledon-1102,1,3,2,Cumul. Game Winner,1,1
2022,2022-wimbledon-1102,1,3,3,Cumul. Game Winner,1,0
2022,2022-wimbledon-1102,1,3,1,Set Winner,1,2
2022,2022-wimbledon-1102,1,3,2,Set Winner,1,1
2022,2022-wimbledon-1102,1,3,3,Set Winner,1,0
2022,2022-wimbledon-1102,1,3,1,Cumul. Set Winner,1,2
2022,2022-wimbledon-1102,1,3,2,Cumul. Set Winner,1,1
2022,2022-wimbledon-1102,1,3,3,Cumul. Set Winner,1,0
2022,2022-wimbledon-1102,1,3,1,Cumul. Unf. Error,2,2
2022,2022-wimbledon-1102,1,3,2,Cumul. Unf. Error,2,1
2022,2022-wimbledon-1102,1,3,3,Cumul. Unf. Error,2,0
2022,2022-wimbledon-1102,1,3,1,Dynamic Model,1,2
2022,2022-wimbledon-1102,1,3,2,Dynamic Model,1,1
2022,2022-wimbledon-1102,1,3,3,Dynamic Model,1,0
2022,2022-wimbledon-1103,1,5,1,Cumul. Point Winner,1,4
2022,2022-wimbledon-1103,1,5,2,Cumul. Point Winner,1,3
2022,2022-wimbledon-1103,1,5,3,Cumul. Point Winner,1,2
2022,2022-wimbledon-1103,1,5,4,Cumul. Point Winner,2,1
2022,2022-wimbledon-1103,1,5,5,Cumul. Point Winner,1,0
2022,2022-wimbledon-1103,1,5,1,Cumul. Game Winner,1,4
2022,2022-wimbledon-1103,1,5,2,Cumul. Game Winner,1,3
2022,2022-wimbledon-1103,1,5,3,Cumul. Game Winner,1,2
2022,2022-wimbledon-1103,1,5,4,Cumul. Game Winner,2,1
2022,2022-wimbledon-1103,1,5,5,Cumul. Game Winner,2,0
2022,2022-wimbledon-1103,1,5,1,Set Winner,1,4
2022,2022-wimbledon-1103,1,5,2,Set Winner,1,3
2022,2022-wimbledon-1103,1,5,3,Set Winner,2,2
2022,2022-wimbledon-1103,1,5,4,Set Winner,2,1
2022,2022-wimbledon-1103,1,5,5,Set Winner,1,0
2022,2022-wimbledon-1103,1,5,1,Cumul. Set Winner,1,4
2022,2022-wimbledon-1103,1,5,2,Cumul. Set Winner,1,3
2022,2022-wimbledon-1103,1,5,3,Cumul. Set Winner,1,2
2022,2022-wimbledon-1103,1,5,4,Cumul. Set Winner,1,1
2022,2022-wimbledon-1103,1,5,5,Cumul. Set Winner,1,0
2022,2022-wimbledon-1103,1,5,1,Cumul. Unf. Error,1,4
2022,2022-wimbledon-1103,1,5,2,Cumul. Unf. Error,1,3
2022,2022-wimbledon-1103,1,5,3,Cumul. Unf. Error,1,2
2022,2022-wimbledon-1103,1,5,4,Cumul. Unf. Error,1,1
2022,2022-wimbledon-1103,1,5,5,Cumul. Unf. Error,1,0
2022,2022-wimbledon-1103,1,5,1,Dynamic Model,1,4
2022,2022-wimbledon-1103,1,5,2,Dynamic Model,1,3
2022,2022-wimbledon-1103,1,5,3,Dynamic Model,1,2
2022,2022-wimbledon-1103,1,5,4,Dynamic Model,1,1
2022,2022-wimbledon-1103,1,5,5,Dynamic Model,1,0
2022,2022-wimbledon-1104,2,4,1,Cumul. Point Winner,2,3
2022,2022-wimbledon-1104,2,4,2,Cumul. Point Winner,1,2
2022,2022-wimbledon-1104,2,4,3,Cumul. Point Winner,1,1
2022,2022-wimbledon-1104,2,4,4,Cumul. Point Winner,2,0
2022,2022-wimbledon-1104,2,4,1,Cumul. Game Winner,2,3
2022,2022-wimbledon-1104,2,4,2,Cumul. Game Winner,1,2
2022,2022-wimbledon-1104,2,4,3,Cumul. Game Winner,2,1
2022,2022-wimbledon-1104,2,4,4,Cumul. Game Winner,2,0
2022,2022-wimbledon-1104,2,4,1,Set Winner,2,3
2022,2022-wimbledon-1104,2,4,2,Set Winner,1,2
2022,2022-wimbledon-1104,2,4,3,Set Winner,2,1
2022,2022-wimbledon-1104,2,4,4,Set Winner,2,0
2022,2022-wimbledon-1104,2,4,1,Cumul. Set Winner,2,3
2022,2022-wimbledon-1104,2,4,2,Cumul. Set Winner,2,2
2022,2022-wimbledon-1104,2,4,3,Cumul. Set Winner,2,1
2022,2022-wimbledon-1104,2,4,4,Cumul. Set Winner,2,0
2022,2022-wimbledon-1104,2,4,1,Cumul. Unf. Error,1,3
2022,2022-wimbledon-1104,2,4,2,Cumul. Unf. Error,1,2
2022,2022-wimbledon-1104,2,4,3,Cumul. Unf. Error,1,1
2022,2022-wimbledon-1104,2,4,4,Cumul. Unf. Error,1,0
2022,2022-wimbledon-1104,2,4,1,Dynamic Model,2,3
2022,2022-wimbledon-1104,2,4,2,Dynamic Model,1,2
2022,2022-wimbledon-1104,2,4,3,Dynamic Model,2,1
2022,2022-wimbledon-1104,2,4,4,Dynamic Model,2,0
2022,2022-wimbledon-1105,1,5,1,Cumul. Point Winner,2,4
2022,2022-wimbledon-1105,1,5,2,Cumul. Point Winner,2,3
2022,2022-wimbledon-1105,1,5,3,Cumul. Point Winner,2,2
2022,2022-wimbledon-1105,1,5,4,Cumul. Point Winner,2,1
2022,2022-wimbledon-1105,1,5,5,Cumul. Point Winner,2,0
2022,2022-wimbledon-1105,1,5,1,Cumul. Game Winner,2,4
2022,2022-wimbledon-1105,1,5,2,Cumul. Game Winner,2,3
2022,2022-wimbledon-1105,1,5,3,Cumul. Game Winner,2,2
2022,2022-wimbledon-1105,1,5,4,Cumul. Game Winner,2,1
2022,2022-wimbledon-1105,1,5,5,Cumul. Game Winner,1,0
2022,2022-wimbledon-1105,1,5,1,Set Winner,2,4
2022,2022-wimbledon-1105,1,5,2,Set Winner,1,3
2022,2022-wimbledon-1105,1,5,3,Set Winner,2,2
2022,2022-wimbledon-1105,1,5,4,Set Winner,1,1
2022,2022-wimbledon-1105,1,5,5,Set Winner,1,0
2022,2022-wimbledon-1105,1,5,1,Cumul. Set Winner,2,4
2022,2022-wimbledon-1105,1,5,2,Cumul. Set Winner,2,3
2022,2022-wimbledon-1105,1,5,3,Cumul. Set Winner,2,2
2022,2022-wimbledon-1105,1,5,4,Cumul. Set Winner,2,1
2022,2022-wimbledon-1105,1,5,5,Cumul. Set Winner,1,0
2022,2022-wimbledon-1105,1,5,1,Cumul. Unf. Error,2,4
2022,2022-wimbledon-1105,1,5,2,Cumul. Unf. Error,2,3
2022,2022-wimbledon-1105,1,5,3,Cumul. Unf. Error,2,2
2022,2022-wimbledon-1105,1,5,4,Cumul. Unf. Error,2,1
2022,2022-wimbledon-1105,1,5,5,Cumul. Unf. Error,2,0
2022,2022-wimbledon-1105,1,5,1,Dynamic Model,2,4
2022,2022-wimbledon-1105,1,5,2,Dynamic Model,2,3
2022,2022-wimbledon-1105,1,5,3,Dynamic Model,2,2
2022,2022-wimbledon-1105,1,5,4,Dynamic Model,2,1
2022,2022-wimbledon-1105,1,5,5,Dynamic Model,2,0
2022,2022-wimbledon-1106,2,4,1,Cumul. Point Winner,1,3
2022,2022-wimbledon-1106,2,4,2,Cumul. Point Winner,1,2
2022,2022-wimbledon-1106,2,4,3,Cumul. Point Winner,2,1
2022,2022-wimbledon-1106,2,4,4,Cumul. Point Winner,2,0
2022,2022-wimbledon-1106,2,4,1,Cumul. Game Winner,1,3
2022,2022-wimbledon-1106,2,4,2,Cumul. Game Winner,1,2
2022,2022-wimbledon-1106,2,4,3,Cumul. Game Winner,2,1
2022,2022-wimbledon-1106,2,4,4,Cumul. Game Winner,2,0
2022,2022-wimbledon-1106,2,4,1,Set Winner,1,3
2022,2022-wimbledon-1106,2,4,2,Set Winner,1,2
2022,2022-wimbledon-1106,2,4,3,Set Winner,2,1
2022,2022-wimbledon-1106,2,4,4,Set Winner,2,0
2022,2022-wimbledon-1106,2,4,1,Cumul. Set Winner,1,3
2022,2022-wimbledon-1106,2,4,2,Cumul. Set Winner,1,2
2022,2022-wimbledon-1106,2,4,3,Cumul. Set Winner,1,1
2022,2022-wimbledon-1106,2,4,4,Cumul. Set Winner,1,0
2022,2022-wimbledon-1106,2,4,1,Cumul. Unf. Error,2,3
2022,2022-wimbledon-1106,2,4,2,Cumul. Unf. Error,2,2
2022,2022-wimbledon-1106,2,4,3,Cumul. Unf. Error,2,1
2022,2022-wimbledon-1106,2,4,4,Cumul. Unf. Error,2,0
2022,2022-wimbledon-1106,2,4,1,Dynamic Model,1,3
2022,2022-wimbledon-1106,2,4,2,Dynamic Model,1,2
2022,2022-wimbledon-1106,2,4,3,Dynamic Model,2,1
2022,2022-wimbledon-1106,2,4,4,Dynamic Model,2,0
2022,2022-wimbledon-1107,1,3,1,Cumul. Point Winner,1,2
2022,2022-wimbledon-1107,1,3,2,Cumul. Point Winner,1,1
2022,2022-wimbledon-1107,1,3,3,Cumul. Point Winner,1,0
2022,2022-wimbledon-1107,1,3,1,Cumul. Game Winner,1,2
2022,2022-wimbledon-1107,1,3,2,Cumul. Game Winner,1,1
2022,2022-wimbledon-1107,1,3,3,Cumul. Game Winner,1,0
2022,2022-wimbledon-1107,1,3,1,Set Winner,1,2
2022,2022-wimbledon-1107,1,3,2,Set Winner,1,1
2022,2022-wimbledon-1107,1,3,3,Set Winner,1,0
2022,2022-wimbledon-1107,1,3,1,Cumul. Set Winner,1,2
2022,2022-wimbledon-1107,1,3,2,Cumul. Set Winner,1,1
2022,2022-wimbledon-1107,1,3,3,Cumul. Set Winner,1,0
2022,2022-wimbledon-1107,1,3,1,Cumul. Unf. Error,2,2
2022,2022-wimbledon-1107,1,3,2,Cumul. Unf. Error,2,1
2022,2022-wimbledon-1107,1,3,3,Cumul. Unf. Error,2,0
2022,2022-wimbledon-1107,1,3,1,Dynamic Model,1,2
2022,2022-wimbledon-1107,1,3,2,Dynamic Model,1,1
2022,2022-wimbledon-1107,1,3,3,Dynamic Model,1,0
2022,2022-wimbledon-1108,2,3,1,Cumul. Point Winner,2,2
2022,2022-wimbledon-1108,2,3,2,Cumul. Point Winner,2,1
2022,2022-wimbledon-1108,2,3,3,Cumul. Point Winner,2,0
2022,2022-wimbledon-1108,2,3,1,Cumul. Game Winner,2,2
2022,2022-wimbledon-1108,2,3,2,Cumul. Game Winner,2,1
2022,2022-wimbledon-1108,2,3,3,Cumul. Game Winner,2,0
2022,2022-wimbledon-1108,2,3,1,Set Winner,2,2
2022,2022-wimbledon-1108,2,3,2,Set Winner,2,1
2022,2022-wimbledon-1108,2,3,3,Set Winner,2,0
2022,2022-wimbledon-1108,2,3,1,Cumul. Set Winner,2,2
2022,2022-wimbledon-1108,2,3,2,Cumul. Set Winner,2,1
2022,2022-wimbledon-1108,2,3,3,Cumul. Set Winner,2,0
2022,2022-wimbledon-1108,2,3,1,Cumul. Unf. Error,1,2
2022,2022-wimbledon-1108,2,3,2,Cumul. Unf. Error,1,1
2022,2022-wimbledon-1108,2,3,3,Cumul. Unf. Error,1,0
2022,2022-wimbledon-1108,2,3,1,Dynamic Model,2,2
2022,2022-wimbledon-1108,2,3,2,Dynamic Model,2,1
2022,2022-wimbledon-1108,2,3,3,Dynamic Model,2,0
2022,2022-wimbledon-1109,1,4,1,Cumul. Point Winner,1,3
2022,2022-wimbledon-1109,1,4,2,Cumul. Point Winner,1,2
2022,2022-wimbledon-1109,1,4,3,Cumul. Point Winner,1,1
2022,2022-wimbledon-1109,1,4,4,Cumul. Point Winner,1,0
2022,2022-wimbledon-1109,1,4,1,Cumul. Game Winner,1,3
2022,2022-wimbledon-1109,1,4,2,Cumul. Game Winner,1,2
2022,2022-wimbledon-1109,1,4,3,Cumul. Game Winner,1,1
2022,2022-wimbledon-1109,1,4,4,Cumul. Game Winner,1,0
2022,2022-wimbledon-1109,1,4,1,Set Winner,1,3
2022,2022-wimbledon-1109,1,4,2,Set Winner,2,2
2022,2022-wimbledon-1109,1,4,3,Set Winner,1,1
2022,2022-wimbledon-1109,1,4,4,Set Winner,1,0
2022,2022-wimbledon-1109,1,4,1,Cumul. Set Winner,1,3
2022,2022-wimbledon-1109,1,4,2,Cumul. Set Winner,1,2
2022,2022-wimbledon-1109,1,4,3,Cumul. Set Winner,1,1
2022,2022-wimbledon-1109,1,4,4,Cumul. Set Winner,1,0
2022,2022-wimbledon-1109,1,4,1,Cumul. Unf. Error,1,3
2022,2022-wimbledon-1109,1,4,2,Cumul. Unf. Error,1,2
2022,2022-wimbledon-1109,1,4,3,Cumul. Unf. Error,1,1
2022,2022-wimbledon-1109,1,4,4,Cumul. Unf. Error,1,0
2022,2022-wimbledon-1109,1,4,1,Dynamic Model,1,3
2022,2022-wimbledon-1109,1,4,2,Dynamic Model,1,2
2022,2022-wimbledon-1109,1,4,3,Dynamic Model,1,1
2022,2022-wimbledon-1109,1,4,4,Dynamic Model,1,0
2022,2022-wimbledon-1110,2,3,1,Cumul. Point Winner,2,2
2022,2022-wimbledon-1110,2,3,2,Cumul. Point Winner,2,1
2022,2022-wimbledon-1110,2,3,3,Cumul. Point Winner,2,0
2022,2022-wimbledon-1110,2,3,1,Cumul. Game Winner,2,2
2022,2022-wimbledon-1110,2,3,2,Cumul. Game Winner,2,1
2022,2022-wimbledon-1110,2,3,3,Cumul. Game Winner,2,0
2022,2022-wimbledon-1110,2,3,1,Set Winner,2,2
2022,2022-wimbledon-1110,2,3,2,Set Winner,2,1
2022,2022-wimbledon-1110,2,3,3,Set Winner,2,0
2022,2022-wimbledon-1110,2,3,1,Cumul. Set Winner,2,2
2022,2022-wimbledon-1110,2,3,2,Cumul. Set Winner,2,1
2022,2022-wimbledon-1110,2,3,3,Cumul. Set Winner,2,0
2022,2022-wimbledon-1110,2,3,1,Cumul. Unf. Error,2,2
2022,2022-wimbledon-1110,2,3,2,Cumul. Unf. Error,2,1
2022,2022-wimbledon-1110,2,3,3,Cumul. Unf. Error,2,0
2022,2022-wimbledon-1110,2,3,1,Dynamic Model,2,2
2022,2022-wimbledon-1110,2,3,2,Dynamic Model,2,1
2022,2022-wimbledon-1110,2,3,3,Dynamic Model,2,0
2022,2022-wimbledon-1111,1,4,1,Cumul. Point Winner,2,3
2022,2022-wimbledon-1111,1,4,2,Cumul. Point Winner,1,2
2022,2022-wimbledon-1111,1,4,3,Cumul. Point Winner,1,1
2022,2022-wimbledon-1111,1,4,4,Cumul. Point Winner,1,0
2022,2022-wimbledon-1111,1,4,1,Cumul. Game Winner,2,3
2022,2022-wimbledon-1111,1,4,2,Cumul. Game Winner,1,2
2022,2022-wimbledon-1111,1,4,3,Cumul. Game Winner,1,1
2022,2022-wimbledon-1111,1,4,4,Cumul. Game Winner,1,0
2022,2022-wimbledon-1111,1,4,1,Set Winner,2,3
2022,2022-wimbledon-1111,1,4,2,Set Winner,1,2
2022,2022-wimbledon-1111,1,4,3,Set Winner,1,1
2022,2022-wimbledon-1111,1,4,4,Set Winner,1,0
2022,2022-wimbledon-1111,1,4,1,Cumul. Set Winner,2,3
2022,2022-wimbledon-1111,1,4,2,Cumul. Set Winner,2,2
2022,2022-wimbledon-1111,1,4,3,Cumul. Set Winner,1,1
2022,2022-wimbledon-1111,1,4,4,Cumul. Set Winner,1,0
2022,2022-wimbledon-1111,1,4,1,Cumul. Unf. Error,1,3
2022,2022-wimbledon-1111,1,4,2,Cumul. Unf. Error,1,2
2022,2022-wimbledon-1111,1,4,3,Cumul. Unf. Error,1,1
2022,2022-wimbledon-1111,1,4,4,Cumul. Unf. Error,1,0
2022,2022-wimbledon-1111,1,4,1,Dynamic Model,2,3
2022,2022-wimbledon-1111,1,4,2,Dynamic Model,1,2
2022,2022-wimbledon-1111,1,4,3,Dynamic Model,1,1
2022,2022-wimbledon-1111,1,4,4,Dynamic Model,1,0
2022,2022-wimbledon-1112,2,5,1,Cumul. Point Winner,1,4
2022,2022-wimbledon-1112,2,5,2,Cumul. Point Winner,2,3
2022,2022-wimbledon-1112,2,5,3,Cumul. Point Winner,1,2
2022,2022-wimbledon-1112,2,5,4,Cumul. Point Winner,2,1
2022,2022-wimbledon-1112,2,5,5,Cumul. Point Winner,2,0
2022,2022-wimbledon-1112,2,5,1,Cumul. Game Winner,1,4
2022,2022-wimbledon-1112,2,5,2,Cumul. Game Winner,1,3
2022,2022-wimbledon-1112,2,5,3,Cumul. Game Winner,1,2
2022,2022-wimbledon-1112,2,5,4,Cumul. Game Winner,2,1
2022,2022-wimbledon-1112,2,5,5,Cumul. Game Winner,2,0
2022,2022-wimbledon-1112,2,5,1,Set Winner,1,4
2022,2022-wimbledon-1112,2,5,2,Set Winner,2,3
2022,2022-wimbledon-1112,2,5,3,Set Winner,1,2
2022,2022-wimbledon-1112,2,5,4,Set Winner,2,1
2022,2022-wimbledon-1112,2,5,5,Set Winner,2,0
2022,2022-wimbledon-1112,2,5,1,Cumul. Set Winner,1,4
2022,2022-wimbledon-1112,2,5,2,Cumul. Set Winner,1,3
2022,2022-wimbledon-1112,2,5,3,Cumul. Set Winner,1,2
2022,2022-wimbledon-1112,2,5,4,Cumul. Set Winner,1,1
2022,2022-wimbledon-1112,2,5,5,Cumul. Set Winner,2,0
2022,2022-wimbledon-1112,2,5,1,Cumul. Unf. Error,1,4
2022,2022-wimbledon-1112,2,5,2,Cumul. Unf. Error,1,3
2022,2022-wimbledon-1112,2,5,3,Cumul. Unf. Error,1,2
2022,2022-wimbledon-1112,2,5,4,Cumul. Unf. Error,1,1
2022,2022-wimbledon-1112,2,5,5,Cumul. Unf. Error,1,0
2022,2022-wimbledon-1112,2,5,1,Dynamic Model,1,4
2022,2022-wimbledon-1112,2,5,2,Dynamic Model,1,3
2022,2022-wimbledon-1112,2,5,3,Dynamic Model,1,2
2022,2022-wimbledon-1112,2,5,4,Dynamic Model,1,1
2022,2022-wimbledon-1112,2,5,5,Dynamic Model,2,0
2022,2022-wimbledon-1113,1,3,1,Cumul. Point Winner,1,2
2022,2022-wimbledon-1113,1,3,2,Cumul. Point Winner,1,1
2022,2022-wimbledon-1113,1,3,3,Cumul. Point Winner,1,0
2022,2022-wimbledon-1113,1,3,1,Cumul. Game Winner,1,2
2022,2022-wimbledon-1113,1,3,2,Cumul. Game Winner,1,1
2022,2022-wimbledon-1113,1,3,3,Cumul. Game Winner,1,0
2022,2022-wimbledon-1113,1,3,1,Set Winner,1,2
2022,2022-wimbledon-1113,1,3,2,Set Winner,1,1
2022,2022-wimbledon-1113,1,3,3,Set Winner,1,0
2022,2022-wimbledon-1113,1,3,1,Cumul. Set Winner,1,2
2022,2022-wimbledon-1113,1,3,2,Cumul. Set Winner,1,1
2022,2022-wimbledon-1113,1,3,3,Cumul. Set Winner,1,0
2022,2022-wimbledon-1113,1,3,1,Cumul. Unf. Error,1,2
2022,2022-wimbledon-1113,1,3,2,Cumul. Unf. Error,1,1
2022,2022-wimbledon-1113,1,3,3,Cumul. Unf. Error,1,0
2022,2022-wimbledon-1113,1,3,1,Dynamic Model,1,2
2022,2022-wimbledon-1113,1,3,2,Dynamic Model,1,1
2022,2022-wimbledon-1113,1,3,3,Dynamic Model,1,0
2022,2022-wimbledon-1114,2,3,1,Cumul. Point Winner,2,2
2022,2022-wimbledon-1114,2,3,2,Cumul. Point Winner,2,1
2022,2022-wimbledon-1114,2,3,3,Cumul. Point Winner,2,0
2022,2022-wimbledon-1114,2,3,1,Cumul. Game Winner,2,2
2022,2022-wimbledon-1114,2,3,2,Cumul. Game Winner,2,1
2022,2022-wimbledon-1114,2,3,3,Cumul. Game Winner,2,0
2022,2022-wimbledon-1114,2,3,1,Set Winner,2,2
2022,2022-wimbledon-1114,2,3,2,Set Winner,2,1
2022,2022-wimbledon-1114,2,3,3,Set Winner,2,0
2022,2022-wimbledon-1114,2,3,1,Cumul. Set Winner,2,2
2022,2022-wimbledon-1114,2,3,2,Cumul. Set Winner,2,1
2022,2022-wimbledon-1114,2,3,3,Cumul. Set Winner,2,0
2022,2022-wimbledon-1114,2,3,1,Cumul. Unf. Error,1,2
2022,2022-wimbledon-1114,2,3,2,Cumul. Unf. Error,2,1
2022,2022-wimbledon-1114,2,3,3,Cumul. Unf. Error,1,0
2022,2022-wimbledon-1114,2,3,1,Dynamic Model,2,2
2022,2022-wimbledon-1114,2,3,2,Dynamic Model,2,1
2022,2022-wimbledon-1114,2,3,3,Dynamic Model,2,0
2022,2022-wimbledon-1115,1,4,1,Cumul. Point Winner,2,3
2022,2022-wimbledon-1115,1,4,2,Cumul. Point Winner,1,2
2022,2022-wimbledon-1115,1,4,3,Cumul. Point Winner,1,1
2022,2022-wimbledon-1115,1,4,4,Cumul. Point Winner,1,0
2022,2022-wimbledon-1115,1,4,1,Cumul. Game Winner,2,3
2022,2022-wimbledon-1115,1,4,2,Cumul. Game Winner,2,2
2022,2022-wimbledon-1115,1,4,3,Cumul. Game Winner,1,1
2022,2022-wimbledon-1115,1,4,4,Cumul. Game Winner,1,0
2022,2022-wimbledon-1115,1,4,1,Set Winner,2,3
2022,2022-wimbledon-1115,1,4,2,Set Winner,1,2
2022,2022-wimbledon-1115,1,4,3,Set Winner,1,1
2022,2022-wimbledon-1115,1,4,4,Set Winner,1,0
2022,2022-wimbledon-1115,1,4,1,Cumul. Set Winner,2,3
2022,2022-wimbledon-1115,1,4,2,Cumul. Set Winner,2,2
2022,2022-wimbledon-1115,1,4,3,Cumul. Set Winner,1,1
2022,2022-wimbledon-1115,1,4,4,Cumul. Set Winner,1,0
2022,2022-wimbledon-1115,1,4,1,Cumul. Unf. Error,1,3
2022,2022-wimbledon-1115,1,4,2,Cumul. Unf. Error,1,2
2022,2022-wimbledon-1115,1,4,3,Cumul. Unf. Error,1,1
2022,2022-wimbledon-1115,1,4,4,Cumul. Unf. Error,1,0
2022,2022-wimbledon-1115,1,4,1,Dynamic Model,2,3
2022,2022-wimbledon-1115,1,4,2,Dynamic Model,1,2
2022,2022-wimbledon-1115,1,4,3,Dynamic Model,1,1
2022,2022-wimbledon-1115,1,4,4,Dynamic Model,1,0
2022,2022-wimbledon-1116,2,5,1,Cumul. Point Winner,1,4
2022,2022-wimbledon-1116,2,5,2,Cumul. Point Winner,2,3
2022,2022-wimbledon-1116,2,5,3,Cumul. Point Winner,1,2
2022,2022-wimbledon-1116,2,5,4,Cumul. Point Winner,1,1
2022,2022-wimbledon-1116,2,5,5,Cumul. Point Winner,2,0
2022,2022-wimbledon-1116,2,5,1,Cumul. Game Winner,1,4
2022,2022-wimbledon-1116,2,5,2,Cumul. Game Winner,1,3
2022,2022-wimbledon-1116,2,5,3,Cumul. Game Winner,1,2
2022,2022-wimbledon-1116,2,5,4,Cumul. Game Winner,1,1
2022,2022-wimbledon-1116,2,5,5,Cumul. Game Winner,2,0
2022,2022-wimbledon-1116,2,5,1,Set Winner,1,4
2022,2022-wimbledon-1116,2,5,2,Set Winner,2,3
2022,2022-wimbledon-1116,2,5,3,Set Winner,1,2
2022,2022-wimbledon-1116,2,5,4,Set Winner,2,1
2022,2022-wimbledon-1116,2,5,5,Set Winner,2,0
2022,2022-wimbledon-1116,2,5,1,Cumul. Set Winner,1,4
2022,2022-wimbledon-1116,2,5,2,Cumul. Set Winner,1,3
2022,2022-wimbledon-1116,2,5,3,Cumul. Set Winner,1,2
2022,2022-wimbledon-1116,2,5,4,Cumul. Set Winner,1,1
2022,2022-wimbledon-1116,2,5,5,Cumul. Set Winner,2,0
2022,2022-wimbledon-1116,2,5,1,Cumul. Unf. Error,1,4
2022,2022-wimbledon-1116,2,5,2,Cumul. Unf. Error,1,3
2022,2022-wimbledon-1116,2,5,3,Cumul. Unf. Error,1,2
2022,2022-wimbledon-1116,2,5,4,Cumul. Unf. Error,1,1
2022,2022-wimbledon-1116,2,5,5,Cumul. Unf. Error,1,0
2022,2022-wimbledon-1116,2,5,1,Dynamic Model,1,4
2022,2022-wimbledon-1116,2,5,2,Dynamic Model,2,3
2022,2022-wimbledon-1116,2,5,3,Dynamic Model,1,2
2022,2022-wimbledon-1116,2,5,4,Dynamic Model,2,1
2022,2022-wimbledon-1116,2,5,5,Dynamic Model,2,0
2022,2022-wimbledon-1117,1,3,1,Cumul. Point Winner,1,2
2022,2022-wimbledon-1117,1,3,2,Cumul. Point Winner,1,1
2022,2022-wimbledon-1117,1,3,3,Cumul. Point Winner,1,0
2022,2022-wimbledon-1117,1,3,1,Cumul. Game Winner,1,2
2022,2022-wimbledon-1117,1,3,2,Cumul. Game Winner,1,1
2022,2022-wimbledon-1117,1,3,3,Cumul. Game Winner,1,0
2022,2022-wimbledon-1117,1,3,1,Set Winner,1,2
2022,2022-wimbledon-1117,1,3,2,Set Winner,1,1
2022,2022-wimbledon-1117,1,3,3,Set Winner,1,0
2022,2022-wimbledon-1117,1,3,1,Cumul. Set Winner,1,2
2022,2022-wimbledon-1117,1,3,2,Cumul. Set Winner,1,1
2022,2022-wimbledon-1117,1,3,3,Cumul. Set Winner,1,0
2022,2022-wimbledon-1117,1,3,1,Cumul. Unf. Error,1,2
2022,2022-wimbledon-1117,1,3,2,Cumul. Unf. Error,2,1
2022,2022-wimbledon-1117,1,3,3,Cumul. Unf. Error,1,0
2022,2022-wimbledon-1117,1,3,1,Dynamic Model,1,2
2022,2022-wimbledon-1117,1,3,2,Dynamic Model,1,1
2022,2022-wimbledon-1117,1,3,3,Dynamic Model,1,0
2022,2022-wimbledon-1118,2,5,1,Cumul. Point Winner,2,4
2022,2022-wimbledon-1118,2,5,2,Cumul. Point Winner,2,3
2022,2022-wimbledon-1118,2,5,3,Cumul. Point Winner,2,2
2022,2022-wimbledon-1118,2,5,4,Cumul. Point Winner,2,1
2022,2022-wimbledon-1118,2,5,5,Cumul. Point Winner,2,0
2022,2022-wimbledon-1118,2,5,1,Cumul. Game Winner,2,4
2022,2022-wimbledon-1118,2,5,2,Cumul. Game Winner,2,3
2022,2022-wimbledon-1118,2,5,3,Cumul. Game Winner,1,2
2022,2022-wimbledon-1118,2,5,4,Cumul. Game Winner,2,1
2022,2022-wimbledon-1118,2,5,5,Cumul. Game Winner,2,0
2022,2022-wimbledon-1118,2,5,1,Set Winner,2,4
2022,2022-wimbledon-1118,2,5,2,Set Winner,1,3
2022,2022-wimbledon-1118,2,5,3,Set Winner,1,2
2022,2022-wimbledon-1118,2,5,4,Set Winner,2,1
2022,2022-wimbledon-1118,2,5,5,Set Winner,2,0
2022,2022-wimbledon-1118,2,5,1,Cumul. Set Winner,2,4
2022,2022-wimbledon-1118,2,5,2,Cumul. Set Winner,2,3
2022,2022-wimbledon-1118,2,5,3,Cumul. Set Winner,1,2
2022,2022-wimbledon-1118,2,5,4,Cumul. Set Winner,1,1
2022,2022-wimbledon-1118,2,5,5,Cumul. Set Winner,2,0
2022,2022-wimbledon-1118,2,5,1,Cumul. Unf. Error,1,4
2022,2022-wimbledon-1118,2,5,2,Cumul. Unf. Error,1,3
2022,2022-wimbledon-1118,2,5,3,Cumul. Unf. Error,1,2
2022,2022-wimbledon-1118,2,5,4,Cumul. Unf. Error,1,1
2022,2022-wimbledon-1118,2,5,5,Cumul. Unf. Error,1,0
2022,2022-wimbledon-1118,2,5,1,Dynamic Model,2,4
2022,2022-wimbledon-1118,2,5,2,Dynamic Model,2,3
2022,2022-wimbledon-1118,2,5,3,Dynamic Model,1,2
2022,2022-wimbledon-1118,2,5,4,Dynamic Model,1,1
2022,2022-wimbledon-1118,2,5,5,Dynamic Model,2,0
2022,2022-wimbledon-1119,1,3,1,Cumul. Point Winner,1,2
2022,2022-wimbledon-1119,1,3,2,Cumul. Point Winner,1,1
2022,2022-wimbledon-1119,1,3,3,Cumul. Point Winner,1,0
2022,2022-wimbledon-1119,1,3,1,Cumul. Game Winner,1,2
2022,2022-wimbledon-1119,1,3,2,Cumul. Game Winner,1,1
2022,2022-wimbledon-1119,1,3,3,Cumul. Game Winner,1,0
2022,2022-wimbledon-1119,1,3,1,Set Winner,1,2
2022,2022-wimbledon-1119,1,3,2,Set Winner,1,1
2022,2022-wimbledon-1119,1,3,3,Set Winner,1,0
2022,2022-wimbledon-1119,1,3,1,Cumul. Set Winner,1,2
2022,2022-wimbledon-1119,1,3,2,Cumul. Set Winner,1,1
2022,2022-wimbledon-1119,1,3,3,Cumul. Set Winner,1,0
2022,2022-wimbledon-1119,1,3,1,Cumul. Unf. Error,2,2
2022,2022-wimbledon-1119,1,3,2,Cumul. Unf. Error,1,1
2022,2022-wimbledon-1119,1,3,3,Cumul. Unf. Error,1,0
2022,2022-wimbledon-1119,1,3,1,Dynamic Model,1,2
2022,2022-wimbledon-1119,1,3,2,Dynamic Model,1,1
2022,2022-wimbledon-1119,1,3,3,Dynamic Model,1,0
2022,2022-wimbledon-1120,2,3,1,Cumul. Point Winner,2,2
2022,2022-wimbledon-1120,2,3,2,Cumul. Point Winner,2,1
2022,2022-wimbledon-1120,2,3,3,Cumul. Point Winner,2,0
2022,2022-wimbledon-1120,2,3,1,Cumul. Game Winner,2,2
2022,2022-wimbledon-1120,2,3,2,Cumul. Game Winner,2,1
2022,2022-wimbledon-1120,2,3,3,Cumul. Game Winner,2,0
2022,2022-wimbledon-1120,2,3,1,Set Winner,2,2
2022,2022-wimbledon-1120,2,3,2,Set Winner,2,1
2022,2022-wimbledon-1120,2,3,3,Set Winner,2,0
2022,2022-wimbledon-1120,2,3,1,Cumul. Set Winner,2,2
2022,2022-wimbledon-1120,2,3,2,Cumul. Set Winner,2,1
2022,2022-wimbledon-1120,2,3,3,Cumul. Set Winner,2,0
2022,2022-wimbledon-1120,2,3,1,Cumul. Unf. Error,1,2
2022,2022-wimbledon-1120,2,3,2,Cumul. Unf. Error,1,1
2022,2022-wimbledon-1120,2,3,3,Cumul. Unf. Error,1,0
2022,2022-wimbledon-1120,2,3,1,Dynamic Model,2,2
2022,2022-wimbledon-1120,2,3,2,Dynamic Model,2,1
2022,2022-wimbledon-1120,2,3,3,Dynamic Model,2,0
2022,2022-wimbledon-1121,1,3,1,Cumul. Point Winner,1,2
2022,2022-wimbledon-1121,1,3,2,Cumul. Point Winner,1,1
2022,2022-wimbledon-1121,1,3,3,Cumul. Point Winner,1,0
2022,2022-wimbledon-1121,1,3,1,Cumul. Game Winner,1,2
2022,2022-wimbledon-1121,1,3,2,Cumul. Game Winner,1,1
2022,2022-wimbledon-1121,1,3,3,Cumul. Game Winner,1,0
2022,2022-wimbledon-1121,1,3,1,Set Winner,1,2
2022,2022-wimbledon-1121,1,3,2,Set Winner,1,1
2022,2022-wimbledon-1121,1,3,3,Set Winner,1,0
2022,2022-wimbledon-1121,1,3,1,Cumul. Set Winner,1,2
2022,2022-wimbledon-1121,1,3,2,Cumul. Set Winner,1,1
2022,2022-wimbledon-1121,1,3,3,Cumul. Set Winner,1,0
2022,2022-wimbledon-1121,1,3,1,Cumul. Unf. Error,1,2
2022,2022-wimbledon-1121,1,3,2,Cumul. Unf. Error,1,1
2022,2022-wimbledon-1121,1,3,3,Cumul. Unf. Error,1,0
2022,2022-wimbledon-1121,1,3,1,Dynamic Model,1,2
2022,2022-wimbledon-1121,1,3,2,Dynamic Model,1,1
2022,2022-wimbledon-1121,1,3,3,Dynamic Model,1,0
2022,2022-wimbledon-1122,1,4,1,Cumul. Point Winner,1,3
2022,2022-wimbledon-1122,1,4,2,Cumul. Point Winner,1,2
2022,2022-wimbledon-1122,1,4,3,Cumul. Point Winner,1,1
2022,2022-wimbledon-1122,1,4,4,Cumul. Point Winner,1,0
2022,2022-wimbledon-1122,1,4,1,Cumul. Game Winner,2,3
2022,2022-wimbledon-1122,1,4,2,Cumul. Game Winner,2,2
2022,2022-wimbledon-1122,1,4,3,Cumul. Game Winner,1,1
2022,2022-wimbledon-1122,1,4,4,Cumul. Game Winner,1,0
2022,2022-wimbledon-1122,1,4,1,Set Winner,2,3
2022,2022-wimbledon-1122,1,4,2,Set Winner,1,2
2022,2022-wimbledon-1122,1,4,3,Set Winner,1,1
2022,2022-wimbledon-1122,1,4,4,Set Winner,1,0
2022,2022-wimbledon-1122,1,4,1,Cumul. Set Winner,2,3
2022,2022-wimbledon-1122,1,4,2,Cumul. Set Winner,2,2
2022,2022-wimbledon-1122,1,4,3,Cumul. Set Winner,1,1
2022,2022-wimbledon-1122,1,4,4,Cumul. Set Winner,1,0
2022,2022-wimbledon-1122,1,4,1,Cumul. Unf. Error,1,3
2022,2022-wimbledon-1122,1,4,2,Cumul. Unf. Error,2,2
2022,2022-wimbledon-1122,1,4,3,Cumul. Unf. Error,2,1
2022,2022-wimbledon-1122,1,4,4,Cumul. Unf. Error,1,0
2022,2022-wimbledon-1122,1,4,1,Dynamic Model,2,3
2022,2022-wimbledon-1122,1,4,2,Dynamic Model,2,2
2022,2022-wimbledon-1122,1,4,3,Dynamic Model,1,1
2022,2022-wimbledon-1122,1,4,4,Dynamic Model,1,0
2022,2022-wimbledon-1123,1,3,1,Cumul. Point Winner,1,2
2022,2022-wimbledon-1123,1,3,2,Cumul. Point Winner,1,1
2022,2022-wimbledon-1123,1,3,3,Cumul. Point Winner,1,0
2022,2022-wimbledon-1123,1,3,1,Cumul. Game Winner,1,2
2022,2022-wimbledon-1123,1,3,2,Cumul. Game Winner,1,1
2022,2022-wimbledon-1123,1,3,3,Cumul. Game Winner,1,0
2022,2022-wimbledon-1123,1,3,1,Set Winner,1,2
2022,2022-wimbledon-1123,1,3,2,Set Winner,1,1
2022,2022-wimbledon-1123,1,3,3,Set Winner,1,0
2022,2022-wimbledon-1123,1,3,1,Cumul. Set Winner,1,2
2022,2022-wimbledon-1123,1,3,2,Cumul. Set Winner,1,1
2022,2022-wimbledon-1123,1,3,3,Cumul. Set Winner,1,0
2022,2022-wimbledon-1123,1,3,1,Cumul. Unf. Error,1,2
2022,2022-wimbledon-1123,1,3,2,Cumul. Unf. Error,1,1
2022,2022-wimbledon-1123,1,3,3,Cumul. Unf. Error,1,0
2022,2022-wimbledon-1123,1,3,1,Dynamic Model,1,2
2022,2022-wimbledon-1123,1,3,2,Dynamic Model,1,1
2022,2022-wimbledon-1123,1,3,3,Dynamic Model,1,0
2022,2022-wimbledon-1125,1,3,1,Cumul. Point Winner,1,2
2022,2022-wimbledon-1125,1,3,2,Cumul. Point Winner,1,1
2022,2022-wimbledon-1125,1,3,3,Cumul. Point Winner,1,0
2022,2022-wimbledon-1125,1,3,1,Cumul. Game Winner,1,2
2022,2022-wimbledon-1125,1,3,2,Cumul. Game Winner,1,1
2022,2022-wimbledon-1125,1,3,3,Cumul. Game Winner,1,0
2022,2022-wimbledon-1125,1,3,1,Set Winner,1,2
2022,2022-wimbledon-1125,1,3,2,Set Winner,1,1
2022,2022-wimbledon-1125,1,3,3,Set Winner,1,0
2022,2022-wimbledon-1125,1,3,1,Cumul. Set Winner,1,2
2022,2022-wimbledon-1125,1,3,2,Cumul. Set Winner,1,1
2022,2022-wimbledon-1125,1,3,3,Cumul. Set Winner,1,0
2022,2022-wimbledon-1125,1,3,1,Cumul. Unf. Error,1,2
2022,2022-wimbledon-1125,1,3,2,Cumul. Unf. Error,1,1
2022,2022-wimbledon-1125,1,3,3,Cumul. Unf. Error,1,0
2022,2022-wimbledon-1125,1,3,1,Dynamic Model,1,2
2022,2022-wimbledon-1125,1,3,2,Dynamic Model,1,1
2022,2022-wimbledon-1125,1,3,3,Dynamic Model,1,0
2022,2022-wimbledon-1126,2,3,1,Cumul. Point Winner,2,2
2022,2022-wimbledon-1126,2,3,2,Cumul. Point Winner,2,1
2022,2022-wimbledon-1126,2,3,3,Cumul. Point Winner,2,0
2022,2022-wimbledon-1126,2,3,1,Cumul. Game Winner,2,2
2022,2022-wimbledon-1126,2,3,2,Cumul. Game Winner,2,1
2022,2022-wimbledon-1126,2,3,3,Cumul. Game Winner,2,0
2022,2022-wimbledon-1126,2,3,1,Set Winner,2,2
2022,2022-wimbledon-1126,2,3,2,Set Winner,2,1
2022,2022-wimbledon-1126,2,3,3,Set Winner,2,0
2022,2022-wimbledon-1126,2,3,1,Cumul. Set Winner,2,2
2022,2022-wimbledon-1126,2,3,2,Cumul. Set Winner,2,1
2022,2022-wimbledon-1126,2,3,3,Cumul. Set Winner,2,0
2022,2022-wimbledon-1126,2,3,1,Cumul. Unf. Error,2,2
2022,2022-wimbledon-1126,2,3,2,Cumul. Unf. Error,2,1
2022,2022-wimbledon-1126,2,3,3,Cumul. Unf. Error,2,0
2022,2022-wimbledon-1126,2,3,1,Dynamic Model,2,2
2022,2022-wimbledon-1126,2,3,2,Dynamic Model,2,1
2022,2022-wimbledon-1126,2,3,3,Dynamic Model,2,0
2022,2022-wimbledon-1127,1,3,1,Cumul. Point Winner,1,2
2022,2022-wimbledon-1127,1,3,2,Cumul. Point Winner,1,1
2022,2022-wimbledon-1127,1,3,3,Cumul. Point Winner,1,0
2022,2022-wimbledon-1127,1,3,1,Cumul. Game Winner,1,2
2022,2022-wimbledon-1127,1,3,2,Cumul. Game Winner,1,1
2022,2022-wimbledon-1127,1,3,3,Cumul. Game Winner,1,0
2022,2022-wimbledon-1127,1,3,1,Set Winner,1,2
2022,2022-wimbledon-1127,1,3,2,Set Winner,1,1
2022,2022-wimbledon-1127,1,3,3,Set Winner,1,0
2022,2022-wimbledon-1127,1,3,1,Cumul. Set Winner,1,2
2022,2022-wimbledon-1127,1,3,2,Cumul. Set Winner,1,1
2022,2022-wimbledon-1127,1,3,3,Cumul. Set Winner,1,0
2022,2022-wimbledon-1127,1,3,1,Cumul. Unf. Error,1,2
2022,2022-wimbledon-1127,1,3,2,Cumul. Unf. Error,1,1
2022,2022-wimbledon-1127,1,3,3,Cumul. Unf. Error,1,0
2022,2022-wimbledon-1127,1,3,1,Dynamic Model,1,2
2022,2022-wimbledon-1127,1,3,2,Dynamic Model,1,1
2022,2022-wimbledon-1127,1,3,3,Dynamic Model,1,0
2022,2022-wimbledon-1129,1,3,1,Cumul. Point Winner,1,2
2022,2022-wimbledon-1129,1,3,2,Cumul. Point Winner,1,1
2022,2022-wimbledon-1129,1,3,3,Cumul. Point Winner,1,0
2022,2022-wimbledon-1129,1,3,1,Cumul. Game Winner,1,2
2022,2022-wimbledon-1129,1,3,2,Cumul. Game Winner,1,1
2022,2022-wimbledon-1129,1,3,3,Cumul. Game Winner,1,0
2022,2022-wimbledon-1129,1,3,1,Set Winner,1,2
2022,2022-wimbledon-1129,1,3,2,Set Winner,1,1
2022,2022-wimbledon-1129,1,3,3,Set Winner,1,0
2022,2022-wimbledon-1129,1,3,1,Cumul. Set Winner,1,2
2022,2022-wimbledon-1129,1,3,2,Cumul. Set Winner,1,1
2022,2022-wimbledon-1129,1,3,3,Cumul. Set Winner,1,0
2022,2022-wimbledon-1129,1,3,1,Cumul. Unf. Error,1,2
2022,2022-wimbledon-1129,1,3,2,Cumul. Unf. Error,1,1
2022,2022-wimbledon-1129,1,3,3,Cumul. Unf. Error,1,0
2022,2022-wimbledon-1129,1,3,1,Dynamic Model,1,2
2022,2022-wimbledon-1129,1,3,2,Dynamic Model,1,1
2022,2022-wimbledon-1129,1,3,3,Dynamic Model,1,0
2022,2022-wimbledon-1130,1,5,1,Cumul. Point Winner,1,4
2022,2022-wimbledon-1130,1,5,2,Cumul. Point Winner,1,3
2022,2022-wimbledon-1130,1,5,3,Cumul. Point Winner,1,2
2022,2022-wimbledon-1130,1,5,4,Cumul. Point Winner,1,1
2022,2022-wimbledon-1130,1,5,5,Cumul. Point Winner,1,0
2022,2022-wimbledon-1130,1,5,1,Cumul. Game Winner,1,4
2022,2022-wimbledon-1130,1,5,2,Cumul. Game Winner,1,3
2022,2022-wimbledon-1130,1,5,3,Cumul. Game Winner,1,2
2022,2022-wimbledon-1130,1,5,4,Cumul. Game Winner,1,1
2022,2022-wimbledon-1130,1,5,5,Cumul. Game Winner,1,0
2022,2022-wimbledon-1130,1,5,1,Set Winner,1,4
2022,2022-wimbledon-1130,1,5,2,Set Winner,1,3
2022,2022-wimbledon-1130,1,5,3,Set Winner,2,2
2022,2022-wimbledon-1130,1,5,4,Set Winner,2,1
2022,2022-wimbledon-1130,1,5,5,Set Winner,1,0
2022,2022-wimbledon-1130,1,5,1,Cumul. Set Winner,1,4
2022,2022-wimbledon-1130,1,5,2,Cumul. Set Winner,1,3
2022,2022-wimbledon-1130,1,5,3,Cumul. Set Winner,1,2
2022,2022-wimbledon-1130,1,5,4,Cumul. Set Winner,1,1
2022,2022-wimbledon-1130,1,5,5,Cumul. Set Winner,1,0
2022,2022-wimbledon-1130,1,5,1,Cumul. Unf. Error,1,4
2022,2022-wimbledon-1130,1,5,2,Cumul. Unf. Error,1,3
2022,2022-wimbledon-1130,1,5,3,Cumul. Unf. Error,2,2
2022,2022-wimbledon-1130,1,5,4,Cumul. Unf. Error,2,1
2022,2022-wimbledon-1130,1,5,5,Cumul. Unf. Error,2,0
2022,2022-wimbledon-1130,1,5,1,Dynamic Model,1,4
2022,2022-wimbledon-1130,1,5,2,Dynamic Model,1,3
2022,2022-wimbledon-1130,1,5,3,Dynamic Model,1,2
2022,2022-wimbledon-1130,1,5,4,Dynamic Model,2,1
2022,2022-wimbledon-1130,1,5,5,Dynamic Model,1,0
2022,2022-wimbledon-1131,2,3,1,Cumul. Point Winner,2,2
2022,2022-wimbledon-1131,2,3,2,Cumul. Point Winner,2,1
2022,2022-wimbledon-1131,2,3,3,Cumul. Point Winner,2,0
2022,2022-wimbledon-1131,2,3,1,Cumul. Game Winner,2,2
2022,2022-wimbledon-1131,2,3,2,Cumul. Game Winner,2,1
2022,2022-wimbledon-1131,2,3,3,Cumul. Game Winner,2,0
2022,2022-wimbledon-1131,2,3,1,Set Winner,2,2
2022,2022-wimbledon-1131,2,3,2,Set Winner,2,1
2022,2022-wimbledon-1131,2,3,3,Set Winner,2,0
2022,2022-wimbledon-1131,2,3,1,Cumul. Set Winner,2,2
2022,2022-wimbledon-1131,2,3,2,Cumul. Set Winner,2,1
2022,2022-wimbledon-1131,2,3,3,Cumul. Set Winner,2,0
2022,2022-wimbledon-1131,2,3,1,Cumul. Unf. Error,1,2
2022,2022-wimbledon-1131,2,3,2,Cumul. Unf. Error,1,1
2022,2022-wimbledon-1131,2,3,3,Cumul. Unf. Error,1,0
2022,2022-wimbledon-1131,2,3,1,Dynamic Model,2,2
2022,2022-wimbledon-1131,2,3,2,Dynamic Model,2,1
2022,2022-wimbledon-1131,2,3,3,Dynamic Model,2,0
2022,2022-wimbledon-1132,1,5,1,Cumul. Point Winner,1,4
2022,2022-wimbledon-1132,1,5,2,Cumul. Point Winner,1,3
2022,2022-wimbledon-1132,1,5,3,Cumul. Point Winner,1,2
2022,2022-wimbledon-1132,1,5,4,Cumul. Point Winner,2,1
2022,2022-wimbledon-1132,1,5,5,Cumul. Point Winner,2,0
2022,2022-wimbledon-1132,1,5,1,Cumul. Game Winner,1,4
2022,2022-wimbledon-1132,1,5,2,Cumul. Game Winner,1,3
2022,2022-wimbledon-1132,1,5,3,Cumul. Game Winner,1,2
2022,2022-wimbledon-1132,1,5,4,Cumul. Game Winner,2,1
2022,2022-wimbledon-1132,1,5,5,Cumul. Game Winner,2,0
2022,2022-wimbledon-1132,1,5,1,Set Winner,1,4
2022,2022-wimbledon-1132,1,5,2,Set Winner,1,3
2022,2022-wimbledon-1132,1,5,3,Set Winner,2,2
2022,2022-wimbledon-1132,1,5,4,Set Winner,2,1
2022,2022-wimbledon-1132,1,5,5,Set Winner,1,0
2022,2022-wimbledon-1132,1,5,1,Cumul. Set Winner,1,4
2022,2022-wimbledon-1132,1,5,2,Cumul. Set Winner,1,3
2022,2022-wimbledon-1132,1,5,3,Cumul. Set Winner,1,2
2022,2022-wimbledon-1132,1,5,4,Cumul. Set Winner,1,1
2022,2022-wimbledon-1132,1,5,5,Cumul. Set Winner,1,0
2022,2022-wimbledon-1132,1,5,1,Cumul. Unf. Error,1,4
2022,2022-wimbledon-1132,1,5,2,Cumul. Unf. Error,1,3
2022,2022-wimbledon-1132,1,5,3,Cumul. Unf. Error,1,2
2022,2022-wimbledon-1132,1,5,4,Cumul. Unf. Error,1,1
2022,2022-wimbledon-1132,1,5,5,Cumul. Unf. Error,1,0
2022,2022-wimbledon-1132,1,5,1,Dynamic Model,1,4
2022,2022-wimbledon-1132,1,5,2,Dynamic Model,1,3
2022,2022-wimbledon-1132,1,5,3,Dynamic Model,1,2
2022,2022-wimbledon-1132,1,5,4,Dynamic Model,1,1
2022,2022-wimbledon-1132,1,5,5,Dynamic Model,1,0
2022,2022-wimbledon-1133,2,3,1,Cumul. Point Winner,2,2
2022,2022-wimbledon-1133,2,3,2,Cumul. Point Winner,2,1
2022,2022-wimbledon-1133,2,3,3,Cumul. Point Winner,2,0
2022,2022-wimbledon-1133,2,3,1,Cumul. Game Winner,2,2
2022,2022-wimbledon-1133,2,3,2,Cumul. Game Winner,2,1
2022,2022-wimbledon-1133,2,3,3,Cumul. Game Winner,2,0
2022,2022-wimbledon-1133,2,3,1,Set Winner,2,2
2022,2022-wimbledon-1133,2,3,2,Set Winner,2,1
2022,2022-wimbledon-1133,2,3,3,Set Winner,2,0
2022,2022-wimbledon-1133,2,3,1,Cumul. Set Winner,2,2
2022,2022-wimbledon-1133,2,3,2,Cumul. Set Winner,2,1
2022,2022-wimbledon-1133,2,3,3,Cumul. Set Winner,2,0
2022,2022-wimbledon-1133,2,3,1,Cumul. Unf. Error,2,2
2022,2022-wimbledon-1133,2,3,2,Cumul. Unf. Error,2,1
2022,2022-wimbledon-1133,2,3,3,Cumul. Unf. Error,2,0
2022,2022-wimbledon-1133,2,3,1,Dynamic Model,2,2
2022,2022-wimbledon-1133,2,3,2,Dynamic Model,2,1
2022,2022-wimbledon-1133,2,3,3,Dynamic Model,2,0
2022,2022-wimbledon-1134,2,5,1,Cumul. Point Winner,2,4
2022,2022-wimbledon-1134,2,5,2,Cumul. Point Winner,2,3
2022,2022-wimbledon-1134,2,5,3,Cumul. Point Winner,2,2
2022,2022-wimbledon-1134,2,5,4,Cumul. Point Winner,2,1
2022,2022-wimbledon-1134,2,5,5,Cumul. Point Winner,2,0
2022,2022-wimbledon-1134,2,5,1,Cumul. Game Winner,2,4
2022,2022-wimbledon-1134,2,5,2,Cumul. Game Winner,2,3
2022,2022-wimbledon-1134,2,5,3,Cumul. Game Winner,2,2
2022,2022-wimbledon-1134,2,5,4,Cumul. Game Winner,1,1
2022,2022-wimbledon-1134,2,5,5,Cumul. Game Winner,2,0
2022,2022-wimbledon-1134,2,5,1,Set Winner,2,4
2022,2022-wimbledon-1134,2,5,2,Set Winner,2,3
2022,2022-wimbledon-1134,2,5,3,Set Winner,1,2
2022,2022-wimbledon-1134,2,5,4,Set Winner,1,1
2022,2022-wimbledon-1134,2,5,5,Set Winner,2,0
2022,2022-wimbledon-1134,2,5,1,Cumul. Set Winner,2,4
2022,2022-wimbledon-1134,2,5,2,Cumul. Set Winner,2,3
2022,2022-wimbledon-1134,2,5,3,Cumul. Set Winner,2,2
2022,2022-wimbledon-1134,2,5,4,Cumul. Set Winner,2,1
2022,2022-wimbledon-1134,2,5,5,Cumul. Set Winner,2,0
2022,2022-wimbledon-1134,2,5,1,Cumul. Unf. Error,2,4
2022,2022-wimbledon-1134,2,5,2,Cumul. Unf. Error,2,3
2022,2022-wimbledon-1134,2,5,3,Cumul. Unf. Error,2,2
2022,2022-wimbledon-1134,2,5,4,Cumul. Unf. Error,2,1
2022,2022-wimbledon-1134,2,5,5,Cumul. Unf. Error,2,0
2022,2022-wimbledon-1134,2,5,1,Dynamic Model,2,4
2022,2022-wimbledon-1134,2,5,2,Dynamic Model,2,3
2022,2022-wimbledon-1134,2,5,3,Dynamic Model,2,2
2022,2022-wimbledon-1134,2,5,4,Dynamic Model,2,1
2022,2022-wimbledon-1134,2,5,5,Dynamic Model,2,0
2022,2022-wimbledon-1135,2,3,1,Cumul. Point Winner,2,2
2022,2022-wimbledon-1135,2,3,2,Cumul. Point Winner,2,1
2022,2022-wimbledon-1135,2,3,3,Cumul. Point Winner,2,0
2022,2022-wimbledon-1135,2,3,1,Cumul. Game Winner,2,2
2022,2022-wimbledon-1135,2,3,2,Cumul. Game Winner,2,1
2022,2022-wimbledon-1135,2,3,3,Cumul. Game Winner,2,0
2022,2022-wimbledon-1135,2,3,1,Set Winner,2,2
2022,2022-wimbledon-1135,2,3,2,Set Winner,2,1
2022,2022-wimbledon-1135,2,3,3,Set Winner,2,0
2022,2022-wimbledon-1135,2,3,1,Cumul. Set Winner,2,2
2022,2022-wimbledon-1135,2,3,2,Cumul. Set Winner,2,1
2022,2022-wimbledon-1135,2,3,3,Cumul. Set Winner,2,0
2022,2022-wimbledon-1135,2,3,1,Cumul. Unf. Error,2,2
2022,2022-wimbledon-1135,2,3,2,Cumul. Unf. Error,2,1
2022,2022-wimbledon-1135,2,3,3,Cumul. Unf. Error,2,0
2022,2022-wimbledon-1135,2,3,1,Dynamic Model,2,2
2022,2022-wimbledon-1135,2,3,2,Dynamic Model,2,1
2022,2022-wimbledon-1135,2,3,3,Dynamic Model,2,0
2022,2022-wimbledon-1136,2,3,1,Cumul. Point Winner,2,2
2022,2022-wimbledon-1136,2,3,2,Cumul. Point Winner,2,1
2022,2022-wimbledon-1136,2,3,3,Cumul. Point Winner,2,0
2022,2022-wimbledon-1136,2,3,1,Cumul. Game Winner,2,2
2022,2022-wimbledon-1136,2,3,2,Cumul. Game Winner,2,1
2022,2022-wimbledon-1136,2,3,3,Cumul. Game Winner,2,0
2022,2022-wimbledon-1136,2,3,1,Set Winner,2,2
2022,2022-wimbledon-1136,2,3,2,Set Winner,2,1
2022,2022-wimbledon-1136,2,3,3,Set Winner,2,0
2022,2022-wimbledon-1136,2,3,1,Cumul. Set Winner,2,2
2022,2022-wimbledon-1136,2,3,2,Cumul. Set Winner,2,1
2022,2022-wimbledon-1136,2,3,3,Cumul. Set Winner,2,0
2022,2022-wimbledon-1136,2,3,1,Cumul. Unf. Error,2,2
2022,2022-wimbledon-1136,2,3,2,Cumul. Unf. Error,2,1
2022,2022-wimbledon-1136,2,3,3,Cumul. Unf. Error,2,0
2022,2022-wimbledon-1136,2,3,1,Dynamic Model,2,2
2022,2022-wimbledon-1136,2,3,2,Dynamic Model,2,1
2022,2022-wimbledon-1136,2,3,3,Dynamic Model,2,0
2022,2022-wimbledon-1137,1,3,1,Cumul. Point Winner,1,2
2022,2022-wimbledon-1137,1,3,2,Cumul. Point Winner,1,1
2022,2022-wimbledon-1137,1,3,3,Cumul. Point Winner,1,0
2022,2022-wimbledon-1137,1,3,1,Cumul. Game Winner,1,2
2022,2022-wimbledon-1137,1,3,2,Cumul. Game Winner,1,1
2022,2022-wimbledon-1137,1,3,3,Cumul. Game Winner,1,0
2022,2022-wimbledon-1137,1,3,1,Set Winner,1,2
2022,2022-wimbledon-1137,1,3,2,Set Winner,1,1
2022,2022-wimbledon-1137,1,3,3,Set Winner,1,0
2022,2022-wimbledon-1137,1,3,1,Cumul. Set Winner,1,2
2022,2022-wimbledon-1137,1,3,2,Cumul. Set Winner,1,1
2022,2022-wimbledon-1137,1,3,3,Cumul. Set Winner,1,0
2022,2022-wimbledon-1137,1,3,1,Cumul. Unf. Error,1,2
2022,2022-wimbledon-1137,1,3,2,Cumul. Unf. Error,1,1
2022,2022-wimbledon-1137,1,3,3,Cumul. Unf. Error,1,0
2022,2022-wimbledon-1137,1,3,1,Dynamic Model,1,2
2022,2022-wimbledon-1137,1,3,2,Dynamic Model,1,1
2022,2022-wimbledon-1137,1,3,3,Dynamic Model,1,0
2022,2022-wimbledon-1138,2,3,1,Cumul. Point Winner,2,2
2022,2022-wimbledon-1138,2,3,2,Cumul. Point Winner,2,1
2022,2022-wimbledon-1138,2,3,3,Cumul. Point Winner,2,0
2022,2022-wimbledon-1138,2,3,1,Cumul. Game Winner,2,2
2022,2022-wimbledon-1138,2,3,2,Cumul. Game Winner,2,1
2022,2022-wimbledon-1138,2,3,3,Cumul. Game Winner,2,0
2022,2022-wimbledon-1138,2,3,1,Set Winner,2,2
2022,2022-wimbledon-1138,2,3,2,Set Winner,2,1
2022,2022-wimbledon-1138,2,3,3,Set Winner,2,0
2022,2022-wimbledon-1138,2,3,1,Cumul. Set Winner,2,2
2022,2022-wimbledon-1138,2,3,2,Cumul. Set Winner,2,1
2022,2022-wimbledon-1138,2,3,3,Cumul. Set Winner,2,0
2022,2022-wimbledon-1138,2,3,1,Cumul. Unf. Error,2,2
2022,2022-wimbledon-1138,2,3,2,Cumul. Unf. Error,2,1
2022,2022-wimbledon-1138,2,3,3,Cumul. Unf. Error,2,0
2022,2022-wimbledon-1138,2,3,1,Dynamic Model,2,2
2022,2022-wimbledon-1138,2,3,2,Dynamic Model,2,1
2022,2022-wimbledon-1138,2,3,3,Dynamic Model,2,0
2022,2022-wimbledon-1139,1,5,1,Cumul. Point Winner,2,4
2022,2022-wimbledon-1139,1,5,2,Cumul. Point Winner,2,3
2022,2022-wimbledon-1139,1,5,3,Cumul. Point Winner,2,2
2022,2022-wimbledon-1139,1,5,4,Cumul. Point Winner,2,1
2022,2022-wimbledon-1139,1,5,5,Cumul. Point Winner,1,0
2022,2022-wimbledon-1139,1,5,1,Cumul. Game Winner,2,4
2022,2022-wimbledon-1139,1,5,2,Cumul. Game Winner,1,3
2022,2022-wimbledon-1139,1,5,3,Cumul. Game Winner,1,2
2022,2022-wimbledon-1139,1,5,4,Cumul. Game Winner,1,1
2022,2022-wimbledon-1139,1,5,5,Cumul. Game Winner,1,0
2022,2022-wimbledon-1139,1,5,1,Set Winner,2,4
2022,2022-wimbledon-1139,1,5,2,Set Winner,1,3
2022,2022-wimbledon-1139,1,5,3,Set Winner,1,2
2022,2022-wimbledon-1139,1,5,4,Set Winner,2,1
2022,2022-wimbledon-1139,1,5,5,Set Winner,1,0
2022,2022-wimbledon-1139,1,5,1,Cumul. Set Winner,2,4
2022,2022-wimbledon-1139,1,5,2,Cumul. Set Winner,2,3
2022,2022-wimbledon-1139,1,5,3,Cumul. Set Winner,1,2
2022,2022-wimbledon-1139,1,5,4,Cumul. Set Winner,1,1
2022,2022-wimbledon-1139,1,5,5,Cumul. Set Winner,1,0
2022,2022-wimbledon-1139,1,5,1,Cumul. Unf. Error,2,4
2022,2022-wimbledon-1139,1,5,2,Cumul. Unf. Error,2,3
2022,2022-wimbledon-1139,1,5,3,Cumul. Unf. Error,2,2
2022,2022-wimbledon-1139,1,5,4,Cumul. Unf. Error,2,1
2022,2022-wimbledon-1139,1,5,5,Cumul. Unf. Error,1,0
2022,2022-wimbledon-1139,1,5,1,Dynamic Model,2,4
2022,2022-wimbledon-1139,1,5,2,Dynamic Model,2,3
2022,2022-wimbledon-1139,1,5,3,Dynamic Model,2,2
2022,2022-wimbledon-1139,1,5,4,Dynamic Model,2,1
2022,2022-wimbledon-1139,1,5,5,Dynamic Model,1,0
2022,2022-wimbledon-1140,2,3,1,Cumul. Point Winner,2,2
2022,2022-wimbledon-1140,2,3,2,Cumul. Point Winner,2,1
2022,2022-wimbledon-1140,2,3,3,Cumul. Point Winner,2,0
2022,2022-wimbledon-1140,2,3,1,Cumul. Game Winner,2,2
2022,2022-wimbledon-1140,2,3,2,Cumul. Game Winner,2,1
2022,2022-wimbledon-1140,2,3,3,Cumul. Game Winner,2,0
2022,2022-wimbledon-1140,2,3,1,Set Winner,2,2
2022,2022-wimbledon-1140,2,3,2,Set Winner,2,1
2022,2022-wimbledon-1140,2,3,3,Set Winner,2,0
2022,2022-wimbledon-1140,2,3,1,Cumul. Set Winner,2,2
2022,2022-wimbledon-1140,2,3,2,Cumul. Set Winner,2,1
2022,2022-wimbledon-1140,2,3,3,Cumul. Set Winner,2,0
2022,2022-wimbledon-1140,2,3,1,Cumul. Unf. Error,2,2
2022,2022-wimbledon-1140,2,3,2,Cumul. Unf. Error,2,1
2022,2022-wimbledon-1140,2,3,3,Cumul. Unf. Error,1,0
2022,2022-wimbledon-1140,2,3,1,Dynamic Model,2,2
2022,2022-wimbledon-1140,2,3,2,Dynamic Model,2,1
2022,2022-wimbledon-1140,2,3,3,Dynamic Model,2,0
2022,2022-wimbledon-1141,1,5,1,Cumul. Point Winner,1,4
2022,2022-wimbledon-1141,1,5,2,Cumul. Point Winner,1,3
2022,2022-wimbledon-1141,1,5,3,Cumul. Point Winner,1,2
2022,2022-wimbledon-1141,1,5,4,Cumul. Point Winner,1,1
2022,2022-wimbledon-1141,1,5,5,Cumul. Point Winner,1,0
2022,2022-wimbledon-1141,1,5,1,Cumul. Game Winner,1,4
2022,2022-wimbledon-1141,1,5,2,Cumul. Game Winner,1,3
2022,2022-wimbledon-1141,1,5,3,Cumul. Game Winner,1,2
2022,2022-wimbledon-1141,1,5,4,Cumul. Game Winner,1,1
2022,2022-wimbledon-1141,1,5,5,Cumul. Game Winner,1,0
2022,2022-wimbledon-1141,1,5,1,Set Winner,1,4
2022,2022-wimbledon-1141,1,5,2,Set Winner,2,3
2022,2022-wimbledon-1141,1,5,3,Set Winner,2,2
2022,2022-wimbledon-1141,1,5,4,Set Winner,1,1
2022,2022-wimbledon-1141,1,5,5,Set Winner,1,0
2022,2022-wimbledon-1141,1,5,1,Cumul. Set Winner,1,4
2022,2022-wimbledon-1141,1,5,2,Cumul. Set Winner,1,3
2022,2022-wimbledon-1141,1,5,3,Cumul. Set Winner,2,2
2022,2022-wimbledon-1141,1,5,4,Cumul. Set Winner,2,1
2022,2022-wimbledon-1141,1,5,5,Cumul. Set Winner,1,0
2022,2022-wimbledon-1141,1,5,1,Cumul. Unf. Error,1,4
2022,2022-wimbledon-1141,1,5,2,Cumul. Unf. Error,1,3
2022,2022-wimbledon-1141,1,5,3,Cumul. Unf. Error,1,2
2022,2022-wimbledon-1141,1,5,4,Cumul. Unf. Error,1,1
2022,2022-wimbledon-1141,1,5,5,Cumul. Unf. Error,1,0
2022,2022-wimbledon-1141,1,5,1,Dynamic Model,1,4
2022,2022-wimbledon-1141,1,5,2,Dynamic Model,1,3
2022,2022-wimbledon-1141,1,5,3,Dynamic Model,1,2
2022,2022-wimbledon-1141,1,5,4,Dynamic Model,1,1
2022,2022-wimbledon-1141,1,5,5,Dynamic Model,1,0
2022,2022-wimbledon-1142,1,4,1,Cumul. Point Winner,1,3
2022,2022-wimbledon-1142,1,4,2,Cumul. Point Winner,1,2
2022,2022-wimbledon-1142,1,4,3,Cumul. Point Winner,1,1
2022,2022-wimbledon-1142,1,4,4,Cumul. Point Winner,1,0
2022,2022-wimbledon-1142,1,4,1,Cumul. Game Winner,1,3
2022,2022-wimbledon-1142,1,4,2,Cumul. Game Winner,1,2
2022,2022-wimbledon-1142,1,4,3,Cumul. Game Winner,1,1
2022,2022-wimbledon-1142,1,4,4,Cumul. Game Winner,1,0
2022,2022-wimbledon-1142,1,4,1,Set Winner,1,3
2022,2022-wimbledon-1142,1,4,2,Set Winner,2,2
2022,2022-wimbledon-1142,1,4,3,Set Winner,1,1
2022,2022-wimbledon-1142,1,4,4,Set Winner,1,0
2022,2022-wimbledon-1142,1,4,1,Cumul. Set Winner,1,3
2022,2022-wimbledon-1142,1,4,2,Cumul. Set Winner,1,2
2022,2022-wimbledon-1142,1,4,3,Cumul. Set Winner,1,1
2022,2022-wimbledon-1142,1,4,4,Cumul. Set Winner,1,0
2022,2022-wimbledon-1142,1,4,1,Cumul. Unf. Error,1,3
2022,2022-wimbledon-1142,1,4,2,Cumul. Unf. Error,2,2
2022,2022-wimbledon-1142,1,4,3,Cumul. Unf. Error,2,1
2022,2022-wimbledon-1142,1,4,4,Cumul. Unf. Error,2,0
2022,2022-wimbledon-1142,1,4,1,Dynamic Model,1,3
2022,2022-wimbledon-1142,1,4,2,Dynamic Model,1,2
2022,2022-wimbledon-1142,1,4,3,Dynamic Model,1,1
2022,2022-wimbledon-1142,1,4,4,Dynamic Model,1,0
2022,2022-wimbledon-1143,1,3,1,Cumul. Point Winner,1,2
2022,2022-wimbledon-1143,1,3,2,Cumul. Point Winner,1,1
2022,2022-wimbledon-1143,1,3,3,Cumul. Point Winner,1,0
2022,2022-wimbledon-1143,1,3,1,Cumul. Game Winner,1,2
2022,2022-wimbledon-1143,1,3,2,Cumul. Game Winner,1,1
2022,2022-wimbledon-1143,1,3,3,Cumul. Game Winner,1,0
2022,2022-wimbledon-1143,1,3,1,Set Winner,1,2
2022,2022-wimbledon-1143,1,3,2,Set Winner,1,1
2022,2022-wimbledon-1143,1,3,3,Set Winner,1,0
2022,2022-wimbledon-1143,1,3,1,Cumul. Set Winner,1,2
2022,2022-wimbledon-1143,1,3,2,Cumul. Set Winner,1,1
2022,2022-wimbledon-1143,1,3,3,Cumul. Set Winner,1,0
2022,2022-wimbledon-1143,1,3,1,Cumul. Unf. Error,1,2
2022,2022-wimbledon-1143,1,3,2,Cumul. Unf. Error,1,1
2022,2022-wimbledon-1143,1,3,3,Cumul. Unf. Error,1,0
2022,2022-wimbledon-1143,1,3,1,Dynamic Model,1,2
2022,2022-wimbledon-1143,1,3,2,Dynamic Model,1,1
2022,2022-wimbledon-1143,1,3,3,Dynamic Model,1,0
2022,2022-wimbledon-1144,2,3,1,Cumul. Point Winner,2,2
2022,2022-wimbledon-1144,2,3,2,Cumul. Point Winner,2,1
2022,2022-wimbledon-1144,2,3,3,Cumul. Point Winner,2,0
2022,2022-wimbledon-1144,2,3,1,Cumul. Game Winner,2,2
2022,2022-wimbledon-1144,2,3,2,Cumul. Game Winner,2,1
2022,2022-wimbledon-1144,2,3,3,Cumul. Game Winner,2,0
2022,2022-wimbledon-1144,2,3,1,Set Winner,2,2
2022,2022-wimbledon-1144,2,3,2,Set Winner,2,1
2022,2022-wimbledon-1144,2,3,3,Set Winner,2,0
2022,2022-wimbledon-1144,2,3,1,Cumul. Set Winner,2,2
2022,2022-wimbledon-1144,2,3,2,Cumul. Set Winner,2,1
2022,2022-wimbledon-1144,2,3,3,Cumul. Set Winner,2,0
2022,2022-wimbledon-1144,2,3,1,Cumul. Unf. Error,2,2
2022,2022-wimbledon-1144,2,3,2,Cumul. Unf. Error,2,1
2022,2022-wimbledon-1144,2,3,3,Cumul. Unf. Error,2,0
2022,2022-wimbledon-1144,2,3,1,Dynamic Model,2,2
2022,2022-wimbledon-1144,2,3,2,Dynamic Model,2,1
2022,2022-wimbledon-1144,2,3,3,Dynamic Model,2,0
2022,2022-wimbledon-1145,1,5,1,Cumul. Point Winner,2,4
2022,2022-wimbledon-1145,1,5,2,Cumul. Point Winner,2,3
2022,2022-wimbledon-1145,1,5,3,Cumul. Point Winner,2,2
2022,2022-wimbledon-1145,1,5,4,Cumul. Point Winner,2,1
2022,2022-wimbledon-1145,1,5,5,Cumul. Point Winner,2,0
2022,2022-wimbledon-1145,1,5,1,Cumul. Game Winner,2,4
2022,2022-wimbledon-1145,1,5,2,Cumul. Game Winner,2,3
2022,2022-wimbledon-1145,1,5,3,Cumul. Game Winner,2,2
2022,2022-wimbledon-1145,1,5,4,Cumul. Game Winner,2,1
2022,2022-wimbledon-1145,1,5,5,Cumul. Game Winner,1,0
2022,2022-wimbledon-1145,1,5,1,Set Winner,2,4
2022,2022-wimbledon-1145,1,5,2,Set Winner,1,3
2022,2022-wimbledon-1145,1,5,3,Set Winner,2,2
2022,2022-wimbledon-1145,1,5,4,Set Winner,1,1
2022,2022-wimbledon-1145,1,5,5,Set Winner,1,0
2022,2022-wimbledon-1145,1,5,1,Cumul. Set Winner,2,4
2022,2022-wimbledon-1145,1,5,2,Cumul. Set Winner,2,3
2022,2022-wimbledon-1145,1,5,3,Cumul. Set Winner,2,2
2022,2022-wimbledon-1145,1,5,4,Cumul. Set Winner,2,1
2022,2022-wimbledon-1145,1,5,5,Cumul. Set Winner,1,0
2022,2022-wimbledon-1145,1,5,1,Cumul. Unf. Error,2,4
2022,2022-wimbledon-1145,1,5,2,Cumul. Unf. Error,2,3
2022,2022-wimbledon-1145,1,5,3,Cumul. Unf. Error,2,2
2022,2022-wimbledon-1145,1,5,4,Cumul. Unf. Error,2,1
2022,2022-wimbledon-1145,1,5,5,Cumul. Unf. Error,2,0
2022,2022-wimbledon-1145,1,5,1,Dynamic Model,2,4
2022,2022-wimbledon-1145,1,5,2,Dynamic Model,2,3
2022,2022-wimbledon-1145,1,5,3,Dynamic Model,2,2
2022,2022-wimbledon-1145,1,5,4,Dynamic Model,2,1
2022,2022-wimbledon-1145,1,5,5,Dynamic Model,2,0
2022,2022-wimbledon-1146,2,5,1,Cumul. Point Winner,1,4
2022,2022-wimbledon-1146,2,5,2,Cumul. Point Winner,2,3
2022,2022-wimbledon-1146,2,5,3,Cumul. Point Winner,2,2
2022,2022-wimbledon-1146,2,5,4,Cumul. Point Winner,2,1
2022,2022-wimbledon-1146,2,5,5,Cumul. Point Winner,2,0
2022,2022-wimbledon-1146,2,5,1,Cumul. Game Winner,1,4
2022,2022-wimbledon-1146,2,5,2,Cumul. Game Winner,2,3
2022,2022-wimbledon-1146,2,5,3,Cumul. Game Winner,2,2
2022,2022-wimbledon-1146,2,5,4,Cumul. Game Winner,2,1
2022,2022-wimbledon-1146,2,5,5,Cumul. Game Winner,2,0
2022,2022-wimbledon-1146,2,5,1,Set Winner,1,4
2022,2022-wimbledon-1146,2,5,2,Set Winner,2,3
2022,2022-wimbledon-1146,2,5,3,Set Winner,2,2
2022,2022-wimbledon-1146,2,5,4,Set Winner,1,1
2022,2022-wimbledon-1146,2,5,5,Set Winner,2,0
2022,2022-wimbledon-1146,2,5,1,Cumul. Set Winner,1,4
2022,2022-wimbledon-1146,2,5,2,Cumul. Set Winner,1,3
2022,2022-wimbledon-1146,2,5,3,Cumul. Set Winner,2,2
2022,2022-wimbledon-1146,2,5,4,Cumul. Set Winner,2,1
2022,2022-wimbledon-1146,2,5,5,Cumul. Set Winner,2,0
2022,2022-wimbledon-1146,2,5,1,Cumul. Unf. Error,1,4
2022,2022-wimbledon-1146,2,5,2,Cumul. Unf. Error,1,3
2022,2022-wimbledon-1146,2,5,3,Cumul. Unf. Error,1,2
2022,2022-wimbledon-1146,2,5,4,Cumul. Unf. Error,1,1
2022,2022-wimbledon-1146,2,5,5,Cumul. Unf. Error,1,0
2022,2022-wimbledon-1146,2,5,1,Dynamic Model,1,4
2022,2022-wimbledon-1146,2,5,2,Dynamic Model,2,3
2022,2022-wimbledon-1146,2,5,3,Dynamic Model,2,2
2022,2022-wimbledon-1146,2,5,4,Dynamic Model,2,1
2022,2022-wimbledon-1146,2,5,5,Dynamic Model,2,0
2022,2022-wimbledon-1147,2,3,1,Cumul. Point Winner,2,2
2022,2022-wimbledon-1147,2,3,2,Cumul. Point Winner,2,1
2022,2022-wimbledon-1147,2,3,3,Cumul. Point Winner,2,0
2022,2022-wimbledon-1147,2,3,1,Cumul. Game Winner,2,2
2022,2022-wimbledon-1147,2,3,2,Cumul. Game Winner,2,1
2022,2022-wimbledon-1147,2,3,3,Cumul. Game Winner,2,0
2022,2022-wimbledon-1147,2,3,1,Set Winner,2,2
2022,2022-wimbledon-1147,2,3,2,Set Winner,2,1
2022,2022-wimbledon-1147,2,3,3,Set Winner,2,0
2022,2022-wimbledon-1147,2,3,1,Cumul. Set Winner,2,2
2022,2022-wimbledon-1147,2,3,2,Cumul. Set Winner,2,1
2022,2022-wimbledon-1147,2,3,3,Cumul. Set Winner,2,0
2022,2022-wimbledon-1147,2,3,1,Cumul. Unf. Error,2,2
2022,2022-wimbledon-1147,2,3,2,Cumul. Unf. Error,2,1
2022,2022-wimbledon-1147,2,3,3,Cumul. Unf. Error,2,0
2022,2022-wimbledon-1147,2,3,1,Dynamic Model,2,2
2022,2022-wimbledon-1147,2,3,2,Dynamic Model,2,1
2022,2022-wimbledon-1147,2,3,3,Dynamic Model,2,0
2022,2022-wimbledon-1148,2,4,1,Cumul. Point Winner,2,3
2022,2022-wimbledon-1148,2,4,2,Cumul. Point Winner,2,2
2022,2022-wimbledon-1148,2,4,3,Cumul. Point Winner,2,1
2022,2022-wimbledon-1148,2,4,4,Cumul. Point Winner,2,0
2022,2022-wimbledon-1148,2,4,1,Cumul. Game Winner,2,3
2022,2022-wimbledon-1148,2,4,2,Cumul. Game Winner,2,2
2022,2022-wimbledon-1148,2,4,3,Cumul. Game Winner,2,1
2022,2022-wimbledon-1148,2,4,4,Cumul. Game Winner,2,0
2022,2022-wimbledon-1148,2,4,1,Set Winner,2,3
2022,2022-wimbledon-1148,2,4,2,Set Winner,2,2
2022,2022-wimbledon-1148,2,4,3,Set Winner,1,1
2022,2022-wimbledon-1148,2,4,4,Set Winner,2,0
2022,2022-wimbledon-1148,2,4,1,Cumul. Set Winner,2,3
2022,2022-wimbledon-1148,2,4,2,Cumul. Set Winner,2,2
2022,2022-wimbledon-1148,2,4,3,Cumul. Set Winner,2,1
2022,2022-wimbledon-1148,2,4,4,Cumul. Set Winner,2,0
2022,2022-wimbledon-1148,2,4,1,Cumul. Unf. Error,2,3
2022,2022-wimbledon-1148,2,4,2,Cumul. Unf. Error,2,2
2022,2022-wimbledon-1148,2,4,3,Cumul. Unf. Error,2,1
2022,2022-wimbledon-1148,2,4,4,Cumul. Unf. Error,2,0
2022,2022-wimbledon-1148,2,4,1,Dynamic Model,2,3
2022,2022-wimbledon-1148,2,4,2,Dynamic Model,2,2
2022,2022-wimbledon-1148,2,4,3,Dynamic Model,2,1
2022,2022-wimbledon-1148,2,4,4,Dynamic Model,2,0
2022,2022-wimbledon-1149,2,4,1,Cumul. Point Winner,1,3
2022,2022-wimbledon-1149,2,4,2,Cumul. Point Winner,2,2
2022,2022-wimbledon-1149,2,4,3,Cumul. Point Winner,2,1
2022,2022-wimbledon-1149,2,4,4,Cumul. Point Winner,2,0
2022,2022-wimbledon-1149,2,4,1,Cumul. Game Winner,1,3
2022,2022-wimbledon-1149,2,4,2,Cumul. Game Winner,2,2
2022,2022-wimbledon-1149,2,4,3,Cumul. Game Winner,2,1
2022,2022-wimbledon-1149,2,4,4,Cumul. Game Winner,2,0
2022,2022-wimbledon-1149,2,4,1,Set Winner,1,3
2022,2022-wimbledon-1149,2,4,2,Set Winner,2,2
2022,2022-wimbledon-1149,2,4,3,Set Winner,2,1
2022,2022-wimbledon-1149,2,4,4,Set Winner,2,0
2022,2022-wimbledon-1149,2,4,1,Cumul. Set Winner,1,3
2022,2022-wimbledon-1149,2,4,2,Cumul. Set Winner,1,2
2022,2022-wimbledon-1149,2,4,3,Cumul. Set Winner,2,1
2022,2022-wimbledon-1149,2,4,4,Cumul. Set Winner,2,0
2022,2022-wimbledon-1149,2,4,1,Cumul. Unf. Error,1,3
2022,2022-wimbledon-1149,2,4,2,Cumul. Unf. Error,2,2
2022,2022-wimbledon-1149,2,4,3,Cumul. Unf. Error,1,1
2022,2022-wimbledon-1149,2,4,4,Cumul. Unf. Error,1,0
2022,2022-wimbledon-1149,2,4,1,Dynamic Model,1,3
2022,2022-wimbledon-1149,2,4,2,Dynamic Model,2,2
2022,2022-wimbledon-1149,2,4,3,Dynamic Model,2,1
2022,2022-wimbledon-1149,2,4,4,Dynamic Model,2,0
2022,2022-wimbledon-1150,2,3,1,Cumul. Point Winner,2,2
2022,2022-wimbledon-1150,2,3,2,Cumul. Point Winner,2,1
2022,2022-wimbledon-1150,2,3,3,Cumul. Point Winner,2,0
2022,2022-wimbledon-1150,2,3,1,Cumul. Game Winner,2,2
2022,2022-wimbledon-1150,2,3,2,Cumul. Game Winner,2,1
2022,2022-wimbledon-1150,2,3,3,Cumul. Game Winner,2,0
2022,2022-wimbledon-1150,2,3,1,Set Winner,2,2
2022,2022-wimbledon-1150,2,3,2,Set Winner,2,1
2022,2022-wimbledon-1150,2,3,3,Set Winner,2,0
2022,2022-wimbledon-1150,2,3,1,Cumul. Set Winner,2,2
2022,2022-wimbledon-1150,2,3,2,Cumul. Set Winner,2,1
2022,2022-wimbledon-1150,2,3,3,Cumul. Set Winner,2,0
2022,2022-wimbledon-1150,2,3,1,Cumul. Unf. Error,2,2
2022,2022-wimbledon-1150,2,3,2,Cumul. Unf. Error,2,1
2022,2022-wimbledon-1150,2,3,3,Cumul. Unf. Error,2,0
2022,2022-wimbledon-1150,2,3,1,Dynamic Model,2,2
2022,2022-wimbledon-1150,2,3,2,Dynamic Model,2,1
2022,2022-wimbledon-1150,2,3,3,Dynamic Model,2,0
2022,2022-wimbledon-1151,1,4,1,Cumul. Point Winner,1,3
2022,2022-wimbledon-1151,1,4,2,Cumul. Point Winner,2,2
2022,2022-wimbledon-1151,1,4,3,Cumul. Point Winner,1,1
2022,2022-wimbledon-1151,1,4,4,Cumul. Point Winner,1,0
2022,2022-wimbledon-1151,1,4,1,Cumul. Game Winner,1,3
2022,2022-wimbledon-1151,1,4,2,Cumul. Game Winner,2,2
2022,2022-wimbledon-1151,1,4,3,Cumul. Game Winner,2,1
2022,2022-wimbledon-1151,1,4,4,Cumul. Game Winner,1,0
2022,2022-wimbledon-1151,1,4,1,Set Winner,1,3
2022,2022-wimbledon-1151,1,4,2,Set Winner,2,2
2022,2022-wimbledon-1151,1,4,3,Set Winner,1,1
2022,2022-wimbledon-1151,1,4,4,Set Winner,1,0
2022,2022-wimbledon-1151,1,4,1,Cumul. Set Winner,1,3
2022,2022-wimbledon-1151,1,4,2,Cumul. Set Winner,1,2
2022,2022-wimbledon-1151,1,4,3,Cumul. Set Winner,1,1
2022,2022-wimbledon-1151,1,4,4,Cumul. Set Winner,1,0
2022,2022-wimbledon-1151,1,4,1,Cumul. Unf. Error,1,3
2022,2022-wimbledon-1151,1,4,2,Cumul. Unf. Error,2,2
2022,2022-wimbledon-1151,1,4,3,Cumul. Unf. Error,2,1
2022,2022-wimbledon-1151,1,4,4,Cumul. Unf. Error,1,0
2022,2022-wimbledon-1151,1,4,1,Dynamic Model,1,3
2022,2022-wimbledon-1151,1,4,2,Dynamic Model,2,2
2022,2022-wimbledon-1151,1,4,3,Dynamic Model,1,1
2022,2022-wimbledon-1151,1,4,4,Dynamic Model,1,0
2022,2022-wimbledon-1152,1,3,1,Cumul. Point Winner,1,2
2022,2022-wimbledon-1152,1,3,2,Cumul. Point Winner,1,1
2022,2022-wimbledon-1152,1,3,3,Cumul. Point Winner,1,0
2022,2022-wimbledon-1152,1,3,1,Cumul. Game Winner,1,2
2022,2022-wimbledon-1152,1,3,2,Cumul. Game Winner,1,1
2022,2022-wimbledon-1152,1,3,3,Cumul. Game Winner,1,0
2022,2022-wimbledon-1152,1,3,1,Set Winner,1,2
2022,2022-wimbledon-1152,1,3,2,Set Winner,1,1
2022,2022-wimbledon-1152,1,3,3,Set Winner,1,0
2022,2022-wimbledon-1152,1,3,1,Cumul. Set Winner,1,2
2022,2022-wimbledon-1152,1,3,2,Cumul. Set Winner,1,1
2022,2022-wimbledon-1152,1,3,3,Cumul. Set Winner,1,0
2022,2022-wimbledon-1152,1,3,1,Cumul. Unf. Error,1,2
2022,2022-wimbledon-1152,1,3,2,Cumul. Unf. Error,2,1
2022,2022-wimbledon-1152,1,3,3,Cumul. Unf. Error,1,0
2022,2022-wimbledon-1152,1,3,1,Dynamic Model,1,2
2022,2022-wimbledon-1152,1,3,2,Dynamic Model,1,1
2022,2022-wimbledon-1152,1,3,3,Dynamic Model,1,0
2022,2022-wimbledon-1153,2,3,1,Cumul. Point Winner,2,2
2022,2022-wimbledon-1153,2,3,2,Cumul. Point Winner,2,1
2022,2022-wimbledon-1153,2,3,3,Cumul. Point Winner,2,0
2022,2022-wimbledon-1153,2,3,1,Cumul. Game Winner,2,2
2022,2022-wimbledon-1153,2,3,2,Cumul. Game Winner,2,1
2022,2022-wimbledon-1153,2,3,3,Cumul. Game Winner,2,0
2022,2022-wimbledon-1153,2,3,1,Set Winner,2,2
2022,2022-wimbledon-1153,2,3,2,Set Winner,2,1
2022,2022-wimbledon-1153,2,3,3,Set Winner,2,0
2022,2022-wimbledon-1153,2,3,1,Cumul. Set Winner,2,2
2022,2022-wimbledon-1153,2,3,2,Cumul. Set Winner,2,1
2022,2022-wimbledon-1153,2,3,3,Cumul. Set Winner,2,0
2022,2022-wimbledon-1153,2,3,1,Cumul. Unf. Error,2,2
2022,2022-wimbledon-1153,2,3,2,Cumul. Unf. Error,2,1
2022,2022-wimbledon-1153,2,3,3,Cumul. Unf. Error,2,0
2022,2022-wimbledon-1153,2,3,1,Dynamic Model,2,2
2022,2022-wimbledon-1153,2,3,2,Dynamic Model,2,1
2022,2022-wimbledon-1153,2,3,3,Dynamic Model,2,0
2022,2022-wimbledon-1154,2,4,1,Cumul. Point Winner,1,3
2022,2022-wimbledon-1154,2,4,2,Cumul. Point Winner,1,2
2022,2022-wimbledon-1154,2,4,3,Cumul. Point Winner,2,1
2022,2022-wimbledon-1154,2,4,4,Cumul. Point Winner,2,0
2022,2022-wimbledon-1154,2,4,1,Cumul. Game Winner,1,3
2022,2022-wimbledon-1154,2,4,2,Cumul. Game Winner,1,2
2022,2022-wimbledon-1154,2,4,3,Cumul. Game Winner,2,1
2022,2022-wimbledon-1154,2,4,4,Cumul. Game Winner,2,0
2022,2022-wimbledon-1154,2,4,1,Set Winner,1,3
2022,2022-wimbledon-1154,2,4,2,Set Winner,2,2
2022,2022-wimbledon-1154,2,4,3,Set Winner,2,1
2022,2022-wimbledon-1154,2,4,4,Set Winner,2,0
2022,2022-wimbledon-1154,2,4,1,Cumul. Set Winner,1,3
2022,2022-wimbledon-1154,2,4,2,Cumul. Set Winner,1,2
2022,2022-wimbledon-1154,2,4,3,Cumul. Set Winner,2,1
2022,2022-wimbledon-1154,2,4,4,Cumul. Set Winner,2,0
2022,2022-wimbledon-1154,2,4,1,Cumul. Unf. Error,1,3
2022,2022-wimbledon-1154,2,4,2,Cumul. Unf. Error,1,2
2022,2022-wimbledon-1154,2,4,3,Cumul. Unf. Error,1,1
2022,2022-wimbledon-1154,2,4,4,Cumul. Unf. Error,2,0
2022,2022-wimbledon-1154,2,4,1,Dynamic Model,1,3
2022,2022-wimbledon-1154,2,4,2,Dynamic Model,1,2
2022,2022-wimbledon-1154,2,4,3,Dynamic Model,2,1
2022,2022-wimbledon-1154,2,4,4,Dynamic Model,2,0
2022,2022-wimbledon-1155,1,3,1,Cumul. Point Winner,1,2
2022,2022-wimbledon-1155,1,3,2,Cumul. Point Winner,1,1
2022,2022-wimbledon-1155,1,3,3,Cumul. Point Winner,1,0
2022,2022-wimbledon-1155,1,3,1,Cumul. Game Winner,1,2
2022,2022-wimbledon-1155,1,3,2,Cumul. Game Winner,1,1
2022,2022-wimbledon-1155,1,3,3,Cumul. Game Winner,1,0
2022,2022-wimbledon-1155,1,3,1,Set Winner,1,2
2022,2022-wimbledon-1155,1,3,2,Set Winner,1,1
2022,2022-wimbledon-1155,1,3,3,Set Winner,1,0
2022,2022-wimbledon-1155,1,3,1,Cumul. Set Winner,1,2
2022,2022-wimbledon-1155,1,3,2,Cumul. Set Winner,1,1
2022,2022-wimbledon-1155,1,3,3,Cumul. Set Winner,1,0
2022,2022-wimbledon-1155,1,3,1,Cumul. Unf. Error,2,2
2022,2022-wimbledon-1155,1,3,2,Cumul. Unf. Error,2,1
2022,2022-wimbledon-1155,1,3,3,Cumul. Unf. Error,2,0
2022,2022-wimbledon-1155,1,3,1,Dynamic Model,1,2
2022,2022-wimbledon-1155,1,3,2,Dynamic Model,1,1
2022,2022-wimbledon-1155,1,3,3,Dynamic Model,1,0
2022,2022-wimbledon-1156,2,3,1,Cumul. Point Winner,2,2
2022,2022-wimbledon-1156,2,3,2,Cumul. Point Winner,2,1
2022,2022-wimbledon-1156,2,3,3,Cumul. Point Winner,2,0
2022,2022-wimbledon-1156,2,3,1,Cumul. Game Winner,2,2
2022,2022-wimbledon-1156,2,3,2,Cumul. Game Winner,2,1
2022,2022-wimbledon-1156,2,3,3,Cumul. Game Winner,2,0
2022,2022-wimbledon-1156,2,3,1,Set Winner,2,2
2022,2022-wimbledon-1156,2,3,2,Set Winner,2,1
2022,2022-wimbledon-1156,2,3,3,Set Winner,2,0
2022,2022-wimbledon-1156,2,3,1,Cumul. Set Winner,2,2
2022,2022-wimbledon-1156,2,3,2,Cumul. Set Winner,2,1
2022,2022-wimbledon-1156,2,3,3,Cumul. Set Winner,2,0
2022,2022-wimbledon-1156,2,3,1,Cumul. Unf. Error,1,2
2022,2022-wimbledon-1156,2,3,2,Cumul. Unf. Error,2,1
2022,2022-wimbledon-1156,2,3,3,Cumul. Unf. Error,2,0
2022,2022-wimbledon-1156,2,3,1,Dynamic Model,2,2
2022,2022-wimbledon-1156,2,3,2,Dynamic Model,2,1
2022,2022-wimbledon-1156,2,3,3,Dynamic Model,2,0
2022,2022-wimbledon-1157,2,3,1,Cumul. Point Winner,2,2
2022,2022-wimbledon-1157,2,3,2,Cumul. Point Winner,2,1
2022,2022-wimbledon-1157,2,3,3,Cumul. Point Winner,2,0
2022,2022-wimbledon-1157,2,3,1,Cumul. Game Winner,2,2
2022,2022-wimbledon-1157,2,3,2,Cumul. Game Winner,2,1
2022,2022-wimbledon-1157,2,3,3,Cumul. Game Winner,2,0
2022,2022-wimbledon-1157,2,3,1,Set Winner,2,2
2022,2022-wimbledon-1157,2,3,2,Set Winner,2,1
2022,2022-wimbledon-1157,2,3,3,Set Winner,2,0
2022,2022-wimbledon-1157,2,3,1,Cumul. Set Winner,2,2
2022,2022-wimbledon-1157,2,3,2,Cumul. Set Winner,2,1
2022,2022-wimbledon-1157,2,3,3,Cumul. Set Winner,2,0
2022,2022-wimbledon-1157,2,3,1,Cumul. Unf. Error,2,2
2022,2022-wimbledon-1157,2,3,2,Cumul. Unf. Error,2,1
2022,2022-wimbledon-1157,2,3,3,Cumul. Unf. Error,2,0
2022,2022-wimbledon-1157,2,3,1,Dynamic Model,2,2
2022,2022-wimbledon-1157,2,3,2,Dynamic Model,2,1
2022,2022-wimbledon-1157,2,3,3,Dynamic Model,2,0
2022,2022-wimbledon-1158,2,5,1,Cumul. Point Winner,1,4
2022,2022-wimbledon-1158,2,5,2,Cumul. Point Winner,2,3
2022,2022-wimbledon-1158,2,5,3,Cumul. Point Winner,2,2
2022,2022-wimbledon-1158,2,5,4,Cumul. Point Winner,1,1
2022,2022-wimbledon-1158,2,5,5,Cumul. Point Winner,2,0
2022,2022-wimbledon-1158,2,5,1,Cumul. Game Winner,2,4
2022,2022-wimbledon-1158,2,5,2,Cumul. Game Winner,2,3
2022,2022-wimbledon-1158,2,5,3,Cumul. Game Winner,2,2
2022,2022-wimbledon-1158,2,5,4,Cumul. Game Winner,2,1
2022,2022-wimbledon-1158,2,5,5,Cumul. Game Winner,2,0
2022,2022-wimbledon-1158,2,5,1,Set Winner,2,4
2022,2022-wimbledon-1158,2,5,2,Set Winner,2,3
2022,2022-wimbledon-1158,2,5,3,Set Winner,1,2
2022,2022-wimbledon-1158,2,5,4,Set Winner,1,1
2022,2022-wimbledon-1158,2,5,5,Set Winner,2,0
2022,2022-wimbledon-1158,2,5,1,Cumul. Set Winner,2,4
2022,2022-wimbledon-1158,2,5,2,Cumul. Set Winner,2,3
2022,2022-wimbledon-1158,2,5,3,Cumul. Set Winner,2,2
2022,2022-wimbledon-1158,2,5,4,Cumul. Set Winner,2,1
2022,2022-wimbledon-1158,2,5,5,Cumul. Set Winner,2,0
2022,2022-wimbledon-1158,2,5,1,Cumul. Unf. Error,2,4
2022,2022-wimbledon-1158,2,5,2,Cumul. Unf. Error,2,3
2022,2022-wimbledon-1158,2,5,3,Cumul. Unf. Error,2,2
2022,2022-wimbledon-1158,2,5,4,Cumul. Unf. Error,2,1
2022,2022-wimbledon-1158,2,5,5,Cumul. Unf. Error,2,0
2022,2022-wimbledon-1158,2,5,1,Dynamic Model,2,4
2022,2022-wimbledon-1158,2,5,2,Dynamic Model,2,3
2022,2022-wimbledon-1158,2,5,3,Dynamic Model,2,2
2022,2022-wimbledon-1158,2,5,4,Dynamic Model,1,1
2022,2022-wimbledon-1158,2,5,5,Dynamic Model,2,0
2022,2022-wimbledon-1159,1,4,1,Cumul. Point Winner,1,3
2022,2022-wimbledon-1159,1,4,2,Cumul. Point Winner,1,2
2022,2022-wimbledon-1159,1,4,3,Cumul. Point Winner,1,1
2022,2022-wimbledon-1159,1,4,4,Cumul. Point Winner,1,0
2022,2022-wimbledon-1159,1,4,1,Cumul. Game Winner,1,3
2022,2022-wimbledon-1159,1,4,2,Cumul. Game Winner,1,2
2022,2022-wimbledon-1159,1,4,3,Cumul. Game Winner,1,1
2022,2022-wimbledon-1159,1,4,4,Cumul. Game Winner,1,0
2022,2022-wimbledon-1159,1,4,1,Set Winner,1,3
2022,2022-wimbledon-1159,1,4,2,Set Winner,1,2
2022,2022-wimbledon-1159,1,4,3,Set Winner,2,1
2022,2022-wimbledon-1159,1,4,4,Set Winner,1,0
2022,2022-wimbledon-1159,1,4,1,Cumul. Set Winner,1,3
2022,2022-wimbledon-1159,1,4,2,Cumul. Set Winner,1,2
2022,2022-wimbledon-1159,1,4,3,Cumul. Set Winner,1,1
2022,2022-wimbledon-1159,1,4,4,Cumul. Set Winner,1,0
2022,2022-wimbledon-1159,1,4,1,Cumul. Unf. Error,2,3
2022,2022-wimbledon-1159,1,4,2,Cumul. Unf. Error,1,2
2022,2022-wimbledon-1159,1,4,3,Cumul. Unf. Error,1,1
2022,2022-wimbledon-1159,1,4,4,Cumul. Unf. Error,2,0
2022,2022-wimbledon-1159,1,4,1,Dynamic Model,1,3
2022,2022-wimbledon-1159,1,4,2,Dynamic Model,1,2
2022,2022-wimbledon-1159,1,4,3,Dynamic Model,1,1
2022,2022-wimbledon-1159,1,4,4,Dynamic Model,1,0
2022,2022-wimbledon-1160,2,3,1,Cumul. Point Winner,2,2
2022,2022-wimbledon-1160,2,3,2,Cumul. Point Winner,2,1
2022,2022-wimbledon-1160,2,3,3,Cumul. Point Winner,2,0
2022,2022-wimbledon-1160,2,3,1,Cumul. Game Winner,2,2
2022,2022-wimbledon-1160,2,3,2,Cumul. Game Winner,2,1
2022,2022-wimbledon-1160,2,3,3,Cumul. Game Winner,2,0
2022,2022-wimbledon-1160,2,3,1,Set Winner,2,2
2022,2022-wimbledon-1160,2,3,2,Set Winner,2,1
2022,2022-wimbledon-1160,2,3,3,Set Winner,2,0
2022,2022-wimbledon-1160,2,3,1,Cumul. Set Winner,2,2
2022,2022-wimbledon-1160,2,3,2,Cumul. Set Winner,2,1
2022,2022-wimbledon-1160,2,3,3,Cumul. Set Winner,2,0
2022,2022-wimbledon-1160,2,3,1,Cumul. Unf. Error,2,2
2022,2022-wimbledon-1160,2,3,2,Cumul. Unf. Error,2,1
2022,2022-wimbledon-1160,2,3,3,Cumul. Unf. Error,2,0
2022,2022-wimbledon-1160,2,3,1,Dynamic Model,2,2
2022,2022-wimbledon-1160,2,3,2,Dynamic Model,2,1
2022,2022-wimbledon-1160,2,3,3,Dynamic Model,2,0
2022,2022-wimbledon-1161,1,5,1,Cumul. Point Winner,2,4
2022,2022-wimbledon-1161,1,5,2,Cumul. Point Winner,1,3
2022,2022-wimbledon-1161,1,5,3,Cumul. Point Winner,1,2
2022,2022-wimbledon-1161,1,5,4,Cumul. Point Winner,1,1
2022,2022-wimbledon-1161,1,5,5,Cumul. Point Winner,1,0
2022,2022-wimbledon-1161,1,5,1,Cumul. Game Winner,2,4
2022,2022-wimbledon-1161,1,5,2,Cumul. Game Winner,1,3
2022,2022-wimbledon-1161,1,5,3,Cumul. Game Winner,1,2
2022,2022-wimbledon-1161,1,5,4,Cumul. Game Winner,1,1
2022,2022-wimbledon-1161,1,5,5,Cumul. Game Winner,1,0
2022,2022-wimbledon-1161,1,5,1,Set Winner,2,4
2022,2022-wimbledon-1161,1,5,2,Set Winner,1,3
2022,2022-wimbledon-1161,1,5,3,Set Winner,1,2
2022,2022-wimbledon-1161,1,5,4,Set Winner,2,1
2022,2022-wimbledon-1161,1,5,5,Set Winner,1,0
2022,2022-wimbledon-1161,1,5,1,Cumul. Set Winner,2,4
2022,2022-wimbledon-1161,1,5,2,Cumul. Set Winner,2,3
2022,2022-wimbledon-1161,1,5,3,Cumul. Set Winner,1,2
2022,2022-wimbledon-1161,1,5,4,Cumul. Set Winner,1,1
2022,2022-wimbledon-1161,1,5,5,Cumul. Set Winner,1,0
2022,2022-wimbledon-1161,1,5,1,Cumul. Unf. Error,2,4
2022,2022-wimbledon-1161,1,5,2,Cumul. Unf. Error,2,3
2022,2022-wimbledon-1161,1,5,3,Cumul. Unf. Error,2,2
2022,2022-wimbledon-1161,1,5,4,Cumul. Unf. Error,2,1
2022,2022-wimbledon-1161,1,5,5,Cumul. Unf. Error,1,0
2022,2022-wimbledon-1161,1,5,1,Dynamic Model,2,4
2022,2022-wimbledon-1161,1,5,2,Dynamic Model,1,3
2022,2022-wimbledon-1161,1,5,3,Dynamic Model,1,2
2022,2022-wimbledon-1161,1,5,4,Dynamic Model,1,1
2022,2022-wimbledon-1161,1,5,5,Dynamic Model,1,0
2022,2022-wimbledon-1162,2,5,1,Cumul. Point Winner,2,4
2022,2022-wimbledon-1162,2,5,2,Cumul. Point Winner,2,3
2022,2022-wimbledon-1162,2,5,3,Cumul. Point Winner,1,2
2022,2022-wimbledon-1162,2,5,4,Cumul. Point Winner,1,1
2022,2022-wimbledon-1162,2,5,5,Cumul. Point Winner,2,0
2022,2022-wimbledon-1162,2,5,1,Cumul. Game Winner,2,4
2022,2022-wimbledon-1162,2,5,2,Cumul. Game Winner,2,3
2022,2022-wimbledon-1162,2,5,3,Cumul. Game Winner,1,2
2022,2022-wimbledon-1162,2,5,4,Cumul. Game Winner,1,1
2022,2022-wimbledon-1162,2,5,5,Cumul. Game Winner,1,0
2022,2022-wimbledon-1162,2,5,1,Set Winner,2,4
2022,2022-wimbledon-1162,2,5,2,Set Winner,1,3
2022,2022-wimbledon-1162,2,5,3,Set Winner,1,2
2022,2022-wimbledon-1162,2,5,4,Set Winner,2,1
2022,2022-wimbledon-1162,2,5,5,Set Winner,2,0
2022,2022-wimbledon-1162,2,5,1,Cumul. Set Winner,2,4
2022,2022-wimbledon-1162,2,5,2,Cumul. Set Winner,2,3
2022,2022-wimbledon-1162,2,5,3,Cumul. Set Winner,1,2
2022,2022-wimbledon-1162,2,5,4,Cumul. Set Winner,1,1
2022,2022-wimbledon-1162,2,5,5,Cumul. Set Winner,2,0
2022,2022-wimbledon-1162,2,5,1,Cumul. Unf. Error,2,4
2022,2022-wimbledon-1162,2,5,2,Cumul. Unf. Error,2,3
2022,2022-wimbledon-1162,2,5,3,Cumul. Unf. Error,2,2
2022,2022-wimbledon-1162,2,5,4,Cumul. Unf. Error,2,1
2022,2022-wimbledon-1162,2,5,5,Cumul. Unf. Error,2,0
2022,2022-wimbledon-1162,2,5,1,Dynamic Model,2,4
2022,2022-wimbledon-1162,2,5,2,Dynamic Model,2,3
2022,2022-wimbledon-1162,2,5,3,Dynamic Model,1,2
2022,2022-wimbledon-1162,2,5,4,Dynamic Model,2,1
2022,2022-wimbledon-1162,2,5,5,Dynamic Model,2,0
2022,2022-wimbledon-1163,2,3,1,Cumul. Point Winner,2,2
2022,2022-wimbledon-1163,2,3,2,Cumul. Point Winner,2,1
2022,2022-wimbledon-1163,2,3,3,Cumul. Point Winner,2,0
2022,2022-wimbledon-1163,2,3,1,Cumul. Game Winner,2,2
2022,2022-wimbledon-1163,2,3,2,Cumul. Game Winner,2,1
2022,2022-wimbledon-1163,2,3,3,Cumul. Game Winner,2,0
2022,2022-wimbledon-1163,2,3,1,Set Winner,2,2
2022,2022-wimbledon-1163,2,3,2,Set Winner,2,1
2022,2022-wimbledon-1163,2,3,3,Set Winner,2,0
2022,2022-wimbledon-1163,2,3,1,Cumul. Set Winner,2,2
2022,2022-wimbledon-1163,2,3,2,Cumul. Set Winner,2,1
2022,2022-wimbledon-1163,2,3,3,Cumul. Set Winner,2,0
2022,2022-wimbledon-1163,2,3,1,Cumul. Unf. Error,2,2
2022,2022-wimbledon-1163,2,3,2,Cumul. Unf. Error,2,1
2022,2022-wimbledon-1163,2,3,3,Cumul. Unf. Error,2,0
2022,2022-wimbledon-1163,2,3,1,Dynamic Model,2,2
2022,2022-wimbledon-1163,2,3,2,Dynamic Model,2,1
2022,2022-wimbledon-1163,2,3,3,Dynamic Model,2,0
2022,2022-wimbledon-1164,2,4,1,Cumul. Point Winner,2,3
2022,2022-wimbledon-1164,2,4,2,Cumul. Point Winner,2,2
2022,2022-wimbledon-1164,2,4,3,Cumul. Point Winner,2,1
2022,2022-wimbledon-1164,2,4,4,Cumul. Point Winner,2,0
2022,2022-wimbledon-1164,2,4,1,Cumul. Game Winner,2,3
2022,2022-wimbledon-1164,2,4,2,Cumul. Game Winner,2,2
2022,2022-wimbledon-1164,2,4,3,Cumul. Game Winner,2,1
2022,2022-wimbledon-1164,2,4,4,Cumul. Game Winner,2,0
2022,2022-wimbledon-1164,2,4,1,Set Winner,2,3
2022,2022-wimbledon-1164,2,4,2,Set Winner,2,2
2022,2022-wimbledon-1164,2,4,3,Set Winner,1,1
2022,2022-wimbledon-1164,2,4,4,Set Winner,2,0
2022,2022-wimbledon-1164,2,4,1,Cumul. Set Winner,2,3
2022,2022-wimbledon-1164,2,4,2,Cumul. Set Winner,2,2
2022,2022-wimbledon-1164,2,4,3,Cumul. Set Winner,2,1
2022,2022-wimbledon-1164,2,4,4,Cumul. Set Winner,2,0
2022,2022-wimbledon-1164,2,4,1,Cumul. Unf. Error,1,3
2022,2022-wimbledon-1164,2,4,2,Cumul. Unf. Error,1,2
2022,2022-wimbledon-1164,2,4,3,Cumul. Unf. Error,1,1
2022,2022-wimbledon-1164,2,4,4,Cumul. Unf. Error,2,0
2022,2022-wimbledon-1164,2,4,1,Dynamic Model,2,3
2022,2022-wimbledon-1164,2,4,2,Dynamic Model,2,2
2022,2022-wimbledon-1164,2,4,3,Dynamic Model,2,1
2022,2022-wimbledon-1164,2,4,4,Dynamic Model,2,0
2022,2022-wimbledon-1201,1,3,1,Cumul. Point Winner,1,2
2022,2022-wimbledon-1201,1,3,2,Cumul. Point Winner,1,1
2022,2022-wimbledon-1201,1,3,3,Cumul. Point Winner,1,0
2022,2022-wimbledon-1201,1,3,1,Cumul. Game Winner,1,2
2022,2022-wimbledon-1201,1,3,2,Cumul. Game Winner,1,1
2022,2022-wimbledon-1201,1,3,3,Cumul. Game Winner,1,0
2022,2022-wimbledon-1201,1,3,1,Set Winner,1,2
2022,2022-wimbledon-1201,1,3,2,Set Winner,1,1
2022,2022-wimbledon-1201,1,3,3,Set Winner,1,0
2022,2022-wimbledon-1201,1,3,1,Cumul. Set Winner,1,2
2022,2022-wimbledon-1201,1,3,2,Cumul. Set Winner,1,1
2022,2022-wimbledon-1201,1,3,3,Cumul. Set Winner,1,0
2022,2022-wimbledon-1201,1,3,1,Cumul. Unf. Error,1,2
2022,2022-wimbledon-1201,1,3,2,Cumul. Unf. Error,1,1
2022,2022-wimbledon-1201,1,3,3,Cumul. Unf. Error,1,0
2022,2022-wimbledon-1201,1,3,1,Dynamic Model,1,2
2022,2022-wimbledon-1201,1,3,2,Dynamic Model,1,1
2022,2022-wimbledon-1201,1,3,3,Dynamic Model,1,0
2022,2022-wimbledon-1202,2,4,1,Cumul. Point Winner,2,3
2022,2022-wimbledon-1202,2,4,2,Cumul. Point Winner,2,2
2022,2022-wimbledon-1202,2,4,3,Cumul. Point Winner,1,1
2022,2022-wimbledon-1202,2,4,4,Cumul. Point Winner,2,0
2022,2022-wimbledon-1202,2,4,1,Cumul. Game Winner,2,3
2022,2022-wimbledon-1202,2,4,2,Cumul. Game Winner,2,2
2022,2022-wimbledon-1202,2,4,3,Cumul. Game Winner,1,1
2022,2022-wimbledon-1202,2,4,4,Cumul. Game Winner,2,0
2022,2022-wimbledon-1202,2,4,1,Set Winner,2,3
2022,2022-wimbledon-1202,2,4,2,Set Winner,2,2
2022,2022-wimbledon-1202,2,4,3,Set Winner,1,1
2022,2022-wimbledon-1202,2,4,4,Set Winner,2,0
2022,2022-wimbledon-1202,2,4,1,Cumul. Set Winner,2,3
2022,2022-wimbledon-1202,2,4,2,Cumul. Set Winner,2,2
2022,2022-wimbledon-1202,2,4,3,Cumul. Set Winner,2,1
2022,2022-wimbledon-1202,2,4,4,Cumul. Set Winner,2,0
2022,2022-wimbledon-1202,2,4,1,Cumul. Unf. Error,2,3
2022,2022-wimbledon-1202,2,4,2,Cumul. Unf. Error,2,2
2022,2022-wimbledon-1202,2,4,3,Cumul. Unf. Error,2,1
2022,2022-wimbledon-1202,2,4,4,Cumul. Unf. Error,2,0
2022,2022-wimbledon-1202,2,4,1,Dynamic Model,2,3
2022,2022-wimbledon-1202,2,4,2,Dynamic Model,2,2
2022,2022-wimbledon-1202,2,4,3,Dynamic Model,2,1
2022,2022-wimbledon-1202,2,4,4,Dynamic Model,2,0
2022,2022-wimbledon-1203,1,4,1,Cumul. Point Winner,2,3
2022,2022-wimbledon-1203,1,4,2,Cumul. Point Winner,2,2
2022,2022-wimbledon-1203,1,4,3,Cumul. Point Winner,2,1
2022,2022-wimbledon-1203,1,4,4,Cumul. Point Winner,2,0
2022,2022-wimbledon-1203,1,4,1,Cumul. Game Winner,1,3
2022,2022-wimbledon-1203,1,4,2,Cumul. Game Winner,2,2
2022,2022-wimbledon-1203,1,4,3,Cumul. Game Winner,2,1
2022,2022-wimbledon-1203,1,4,4,Cumul. Game Winner,2,0
2022,2022-wimbledon-1203,1,4,1,Set Winner,1,3
2022,2022-wimbledon-1203,1,4,2,Set Winner,2,2
2022,2022-wimbledon-1203,1,4,3,Set Winner,1,1
2022,2022-wimbledon-1203,1,4,4,Set Winner,1,0
2022,2022-wimbledon-1203,1,4,1,Cumul. Set Winner,1,3
2022,2022-wimbledon-1203,1,4,2,Cumul. Set Winner,1,2
2022,2022-wimbledon-1203,1,4,3,Cumul. Set Winner,1,1
2022,2022-wimbledon-1203,1,4,4,Cumul. Set Winner,1,0
2022,2022-wimbledon-1203,1,4,1,Cumul. Unf. Error,1,3
2022,2022-wimbledon-1203,1,4,2,Cumul. Unf. Error,2,2
2022,2022-wimbledon-1203,1,4,3,Cumul. Unf. Error,2,1
2022,2022-wimbledon-1203,1,4,4,Cumul. Unf. Error,2,0
2022,2022-wimbledon-1203,1,4,1,Dynamic Model,1,3
2022,2022-wimbledon-1203,1,4,2,Dynamic Model,2,2
2022,2022-wimbledon-1203,1,4,3,Dynamic Model,2,1
2022,2022-wimbledon-1203,1,4,4,Dynamic Model,2,0
2022,2022-wimbledon-1204,1,4,1,Cumul. Point Winner,1,3
2022,2022-wimbledon-1204,1,4,2,Cumul. Point Winner,1,2
2022,2022-wimbledon-1204,1,4,3,Cumul. Point Winner,1,1
2022,2022-wimbledon-1204,1,4,4,Cumul. Point Winner,1,0
2022,2022-wimbledon-1204,1,4,1,Cumul. Game Winner,1,3
2022,2022-wimbledon-1204,1,4,2,Cumul. Game Winner,1,2
2022,2022-wimbledon-1204,1,4,3,Cumul. Game Winner,1,1
2022,2022-wimbledon-1204,1,4,4,Cumul. Game Winner,1,0
2022,2022-wimbledon-1204,1,4,1,Set Winner,1,3
2022,2022-wimbledon-1204,1,4,2,Set Winner,2,2
2022,2022-wimbledon-1204,1,4,3,Set Winner,1,1
2022,2022-wimbledon-1204,1,4,4,Set Winner,1,0
2022,2022-wimbledon-1204,1,4,1,Cumul. Set Winner,1,3
2022,2022-wimbledon-1204,1,4,2,Cumul. Set Winner,1,2
2022,2022-wimbledon-1204,1,4,3,Cumul. Set Winner,1,1
2022,2022-wimbledon-1204,1,4,4,Cumul. Set Winner,1,0
2022,2022-wimbledon-1204,1,4,1,Cumul. Unf. Error,1,3
2022,2022-wimbledon-1204,1,4,2,Cumul. Unf. Error,1,2
2022,2022-wimbledon-1204,1,4,3,Cumul. Unf. Error,1,1
2022,2022-wimbledon-1204,1,4,4,Cumul. Unf. Error,1,0
2022,2022-wimbledon-1204,1,4,1,Dynamic Model,1,3
2022,2022-wimbledon-1204,1,4,2,Dynamic Model,1,2
2022,2022-wimbledon-1204,1,4,3,Dynamic Model,1,1
2022,2022-wimbledon-1204,1,4,4,Dynamic Model,1,0
2022,2022-wimbledon-1205,1,4,1,Cumul. Point Winner,1,3
2022,2022-wimbledon-1205,1,4,2,Cumul. Point Winner,1,2
2022,2022-wimbledon-1205,1,4,3,Cumul. Point Winner,1,1
2022,2022-wimbledon-1205,1,4,4,Cumul. Point Winner,1,0
2022,2022-wimbledon-1205,1,4,1,Cumul. Game Winner,1,3
2022,2022-wimbledon-1205,1,4,2,Cumul. Game Winner,1,2
2022,2022-wimbledon-1205,1,4,3,Cumul. Game Winner,1,1
2022,2022-wimbledon-1205,1,4,4,Cumul. Game Winner,1,0
2022,2022-wimbledon-1205,1,4,1,Set Winner,1,3
2022,2022-wimbledon-1205,1,4,2,Set Winner,1,2
2022,2022-wimbledon-1205,1,4,3,Set Winner,2,1
2022,2022-wimbledon-1205,1,4,4,Set Winner,1,0
2022,2022-wimbledon-1205,1,4,1,Cumul. Set Winner,1,3
2022,2022-wimbledon-1205,1,4,2,Cumul. Set Winner,1,2
2022,2022-wimbledon-1205,1,4,3,Cumul. Set Winner,1,1
2022,2022-wimbledon-1205,1,4,4,Cumul. Set Winner,1,0
2022,2022-wimbledon-1205,1,4,1,Cumul. Unf. Error,2,3
2022,2022-wimbledon-1205,1,4,2,Cumul. Unf. Error,2,2
2022,2022-wimbledon-1205,1,4,3,Cumul. Unf. Error,2,1
2022,2022-wimbledon-1205,1,4,4,Cumul. Unf. Error,2,0
2022,2022-wimbledon-1205,1,4,1,Dynamic Model,1,3
2022,2022-wimbledon-1205,1,4,2,Dynamic Model,1,2
2022,2022-wimbledon-1205,1,4,3,Dynamic Model,1,1
2022,2022-wimbledon-1205,1,4,4,Dynamic Model,1,0
2022,2022-wimbledon-1206,2,4,1,Cumul. Point Winner,2,3
2022,2022-wimbledon-1206,2,4,2,Cumul. Point Winner,2,2
2022,2022-wimbledon-1206,2,4,3,Cumul. Point Winner,2,1
2022,2022-wimbledon-1206,2,4,4,Cumul. Point Winner,2,0
2022,2022-wimbledon-1206,2,4,1,Cumul. Game Winner,2,3
2022,2022-wimbledon-1206,2,4,2,Cumul. Game Winner,2,2
2022,2022-wimbledon-1206,2,4,3,Cumul. Game Winner,2,1
2022,2022-wimbledon-1206,2,4,4,Cumul. Game Winner,2,0
2022,2022-wimbledon-1206,2,4,1,Set Winner,2,3
2022,2022-wimbledon-1206,2,4,2,Set Winner,2,2
2022,2022-wimbledon-1206,2,4,3,Set Winner,1,1
2022,2022-wimbledon-1206,2,4,4,Set Winner,2,0
2022,2022-wimbledon-1206,2,4,1,Cumul. Set Winner,2,3
2022,2022-wimbledon-1206,2,4,2,Cumul. Set Winner,2,2
2022,2022-wimbledon-1206,2,4,3,Cumul. Set Winner,2,1
2022,2022-wimbledon-1206,2,4,4,Cumul. Set Winner,2,0
2022,2022-wimbledon-1206,2,4,1,Cumul. Unf. Error,1,3
2022,2022-wimbledon-1206,2,4,2,Cumul. Unf. Error,1,2
2022,2022-wimbledon-1206,2,4,3,Cumul. Unf. Error,1,1
2022,2022-wimbledon-1206,2,4,4,Cumul. Unf. Error,1,0
2022,2022-wimbledon-1206,2,4,1,Dynamic Model,2,3
2022,2022-wimbledon-1206,2,4,2,Dynamic Model,2,2
2022,2022-wimbledon-1206,2,4,3,Dynamic Model,2,1
2022,2022-wimbledon-1206,2,4,4,Dynamic Model,2,0
2022,2022-wimbledon-1208,2,3,1,Cumul. Point Winner,2,2
2022,2022-wimbledon-1208,2,3,2,Cumul. Point Winner,2,1
2022,2022-wimbledon-1208,2,3,3,Cumul. Point Winner,2,0
2022,2022-wimbledon-1208,2,3,1,Cumul. Game Winner,2,2
2022,2022-wimbledon-1208,2,3,2,Cumul. Game Winner,2,1
2022,2022-wimbledon-1208,2,3,3,Cumul. Game Winner,2,0
2022,2022-wimbledon-1208,2,3,1,Set Winner,2,2
2022,2022-wimbledon-1208,2,3,2,Set Winner,2,1
2022,2022-wimbledon-1208,2,3,3,Set Winner,2,0
2022,2022-wimbledon-1208,2,3,1,Cumul. Set Winner,2,2
2022,2022-wimbledon-1208,2,3,2,Cumul. Set Winner,2,1
2022,2022-wimbledon-1208,2,3,3,Cumul. Set Winner,2,0
2022,2022-wimbledon-1208,2,3,1,Cumul. Unf. Error,1,2
2022,2022-wimbledon-1208,2,3,2,Cumul. Unf. Error,1,1
2022,2022-wimbledon-1208,2,3,3,Cumul. Unf. Error,1,0
2022,2022-wimbledon-1208,2,3,1,Dynamic Model,2,2
2022,2022-wimbledon-1208,2,3,2,Dynamic Model,2,1
2022,2022-wimbledon-1208,2,3,3,Dynamic Model,2,0
2022,2022-wimbledon-1209,2,4,1,Cumul. Point Winner,1,3
2022,2022-wimbledon-1209,2,4,2,Cumul. Point Winner,2,2
2022,2022-wimbledon-1209,2,4,3,Cumul. Point Winner,2,1
2022,2022-wimbledon-1209,2,4,4,Cumul. Point Winner,2,0
2022,2022-wimbledon-1209,2,4,1,Cumul. Game Winner,1,3
2022,2022-wimbledon-1209,2,4,2,Cumul. Game Winner,2,2
2022,2022-wimbledon-1209,2,4,3,Cumul. Game Winner,2,1
2022,2022-wimbledon-1209,2,4,4,Cumul. Game Winner,2,0
2022,2022-wimbledon-1209,2,4,1,Set Winner,1,3
2022,2022-wimbledon-1209,2,4,2,Set Winner,2,2
2022,2022-wimbledon-1209,2,4,3,Set Winner,2,1
2022,2022-wimbledon-1209,2,4,4,Set Winner,2,0
2022,2022-wimbledon-1209,2,4,1,Cumul. Set Winner,1,3
2022,2022-wimbledon-1209,2,4,2,Cumul. Set Winner,1,2
2022,2022-wimbledon-1209,2,4,3,Cumul. Set Winner,2,1
2022,2022-wimbledon-1209,2,4,4,Cumul. Set Winner,2,0
2022,2022-wimbledon-1209,2,4,1,Cumul. Unf. Error,1,3
2022,2022-wimbledon-1209,2,4,2,Cumul. Unf. Error,1,2
2022,2022-wimbledon-1209,2,4,3,Cumul. Unf. Error,1,1
2022,2022-wimbledon-1209,2,4,4,Cumul. Unf. Error,1,0
2022,2022-wimbledon-1209,2,4,1,Dynamic Model,1,3
2022,2022-wimbledon-1209,2,4,2,Dynamic Model,1,2
2022,2022-wimbledon-1209,2,4,3,Dynamic Model,2,1
2022,2022-wimbledon-1209,2,4,4,Dynamic Model,2,0
2022,2022-wimbledon-1210,1,3,1,Cumul. Point Winner,1,2
2022,2022-wimbledon-1210,1,3,2,Cumul. Point Winner,1,1
2022,2022-wimbledon-1210,1,3,3,Cumul. Point Winner,1,0
2022,2022-wimbledon-1210,1,3,1,Cumul. Game Winner,1,2
2022,2022-wimbledon-1210,1,3,2,Cumul. Game Winner,1,1
2022,2022-wimbledon-1210,1,3,3,Cumul. Game Winner,1,0
2022,2022-wimbledon-1210,1,3,1,Set Winner,1,2
2022,2022-wimbledon-1210,1,3,2,Set Winner,1,1
2022,2022-wimbledon-1210,1,3,3,Set Winner,1,0
2022,2022-wimbledon-1210,1,3,1,Cumul. Set Winner,1,2
2022,2022-wimbledon-1210,1,3,2,Cumul. Set Winner,1,1
2022,2022-wimbledon-1210,1,3,3,Cumul. Set Winner,1,0
2022,2022-wimbledon-1210,1,3,1,Cumul. Unf. Error,1,2
2022,2022-wimbledon-1210,1,3,2,Cumul. Unf. Error,1,1
2022,2022-wimbledon-1210,1,3,3,Cumul. Unf. Error,1,0
2022,2022-wimbledon-1210,1,3,1,Dynamic Model,1,2
2022,2022-wimbledon-1210,1,3,2,Dynamic Model,1,1
2022,2022-wimbledon-1210,1,3,3,Dynamic Model,1,0
2022,2022-wimbledon-1211,1,3,1,Cumul. Point Winner,1,2
2022,2022-wimbledon-1211,1,3,2,Cumul. Point Winner,1,1
2022,2022-wimbledon-1211,1,3,3,Cumul. Point Winner,1,0
2022,2022-wimbledon-1211,1,3,1,Cumul. Game Winner,1,2
2022,2022-wimbledon-1211,1,3,2,Cumul. Game Winner,1,1
2022,2022-wimbledon-1211,1,3,3,Cumul. Game Winner,1,0
2022,2022-wimbledon-1211,1,3,1,Set Winner,1,2
2022,2022-wimbledon-1211,1,3,2,Set Winner,1,1
2022,2022-wimbledon-1211,1,3,3,Set Winner,1,0
2022,2022-wimbledon-1211,1,3,1,Cumul. Set Winner,1,2
2022,2022-wimbledon-1211,1,3,2,Cumul. Set Winner,1,1
2022,2022-wimbledon-1211,1,3,3,Cumul. Set Winner,1,0
2022,2022-wimbledon-1211,1,3,1,Cumul. Unf. Error,1,2
2022,2022-wimbledon-1211,1,3,2,Cumul. Unf. Error,1,1
2022,2022-wimbledon-1211,1,3,3,Cumul. Unf. Error,1,0
2022,2022-wimbledon-1211,1,3,1,Dynamic Model,1,2
2022,2022-wimbledon-1211,1,3,2,Dynamic Model,1,1
2022,2022-wimbledon-1211,1,3,3,Dynamic Model,1,0
2022,2022-wimbledon-1212,1,3,1,Cumul. Point Winner,1,2
2022,2022-wimbledon-1212,1,3,2,Cumul. Point Winner,1,1
2022,2022-wimbledon-1212,1,3,3,Cumul. Point Winner,1,0
2022,2022-wimbledon-1212,1,3,1,Cumul. Game Winner,1,2
2022,2022-wimbledon-1212,1,3,2,Cumul. Game Winner,1,1
2022,2022-wimbledon-1212,1,3,3,Cumul. Game Winner,1,0
2022,2022-wimbledon-1212,1,3,1,Set Winner,1,2
2022,2022-wimbledon-1212,1,3,2,Set Winner,1,1
2022,2022-wimbledon-1212,1,3,3,Set Winner,1,0
2022,2022-wimbledon-1212,1,3,1,Cumul. Set Winner,1,2
2022,2022-wimbledon-1212,1,3,2,Cumul. Set Winner,1,1
2022,2022-wimbledon-1212,1,3,3,Cumul. Set Winner,1,0
2022,2022-wimbledon-1212,1,3,1,Cumul. Unf. Error,2,2
2022,2022-wimbledon-1212,1,3,2,Cumul. Unf. Error,1,1
2022,2022-wimbledon-1212,1,3,3,Cumul. Unf. Error,2,0
2022,2022-wimbledon-1212,1,3,1,Dynamic Model,1,2
2022,2022-wimbledon-1212,1,3,2,Dynamic Model,1,1
2022,2022-wimbledon-1212,1,3,3,Dynamic Model,1,0
2022,2022-wimbledon-1213,1,5,1,Cumul. Point Winner,1,4
2022,2022-wimbledon-1213,1,5,2,Cumul. Point Winner,2,3
2022,2022-wimbledon-1213,1,5,3,Cumul. Point Winner,2,2
2022,2022-wimbledon-1213,1,5,4,Cumul. Point Winner,1,1
2022,2022-wimbledon-1213,1,5,5,Cumul. Point Winner,1,0
2022,2022-wimbledon-1213,1,5,1,Cumul. Game Winner,1,4
2022,2022-wimbledon-1213,1,5,2,Cumul. Game Winner,2,3
2022,2022-wimbledon-1213,1,5,3,Cumul. Game Winner,2,2
2022,2022-wimbledon-1213,1,5,4,Cumul. Game Winner,1,1
2022,2022-wimbledon-1213,1,5,5,Cumul. Game Winner,1,0
2022,2022-wimbledon-1213,1,5,1,Set Winner,1,4
2022,2022-wimbledon-1213,1,5,2,Set Winner,2,3
2022,2022-wimbledon-1213,1,5,3,Set Winner,2,2
2022,2022-wimbledon-1213,1,5,4,Set Winner,1,1
2022,2022-wimbledon-1213,1,5,5,Set Winner,1,0
2022,2022-wimbledon-1213,1,5,1,Cumul. Set Winner,1,4
2022,2022-wimbledon-1213,1,5,2,Cumul. Set Winner,1,3
2022,2022-wimbledon-1213,1,5,3,Cumul. Set Winner,2,2
2022,2022-wimbledon-1213,1,5,4,Cumul. Set Winner,2,1
2022,2022-wimbledon-1213,1,5,5,Cumul. Set Winner,1,0
2022,2022-wimbledon-1213,1,5,1,Cumul. Unf. Error,1,4
2022,2022-wimbledon-1213,1,5,2,Cumul. Unf. Error,1,3
2022,2022-wimbledon-1213,1,5,3,Cumul. Unf. Error,2,2
2022,2022-wimbledon-1213,1,5,4,Cumul. Unf. Error,2,1
2022,2022-wimbledon-1213,1,5,5,Cumul. Unf. Error,2,0
2022,2022-wimbledon-1213,1,5,1,Dynamic Model,1,4
2022,2022-wimbledon-1213,1,5,2,Dynamic Model,2,3
2022,2022-wimbledon-1213,1,5,3,Dynamic Model,2,2
2022,2022-wimbledon-1213,1,5,4,Dynamic Model,1,1
2022,2022-wimbledon-1213,1,5,5,Dynamic Model,1,0
2022,2022-wimbledon-1214,2,3,1,Cumul. Point Winner,2,2
2022,2022-wimbledon-1214,2,3,2,Cumul. Point Winner,2,1
2022,2022-wimbledon-1214,2,3,3,Cumul. Point Winner,2,0
2022,2022-wimbledon-1214,2,3,1,Cumul. Game Winner,2,2
2022,2022-wimbledon-1214,2,3,2,Cumul. Game Winner,2,1
2022,2022-wimbledon-1214,2,3,3,Cumul. Game Winner,2,0
2022,2022-wimbledon-1214,2,3,1,Set Winner,2,2
2022,2022-wimbledon-1214,2,3,2,Set Winner,2,1
2022,2022-wimbledon-1214,2,3,3,Set Winner,2,0
2022,2022-wimbledon-1214,2,3,1,Cumul. Set Winner,2,2
2022,2022-wimbledon-1214,2,3,2,Cumul. Set Winner,2,1
2022,2022-wimbledon-1214,2,3,3,Cumul. Set Winner,2,0
2022,2022-wimbledon-1214,2,3,1,Cumul. Unf. Error,2,2
2022,2022-wimbledon-1214,2,3,2,Cumul. Unf. Error,2,1
2022,2022-wimbledon-1214,2,3,3,Cumul. Unf. Error,2,0
2022,2022-wimbledon-1214,2,3,1,Dynamic Model,2,2
2022,2022-wimbledon-1214,2,3,2,Dynamic Model,2,1
2022,2022-wimbledon-1214,2,3,3,Dynamic Model,2,0
2022,2022-wimbledon-1215,1,3,1,Cumul. Point Winner,1,2
2022,2022-wimbledon-1215,1,3,2,Cumul. Point Winner,1,1
2022,2022-wimbledon-1215,1,3,3,Cumul. Point Winner,1,0
2022,2022-wimbledon-1215,1,3,1,Cumul. Game Winner,1,2
2022,2022-wimbledon-1215,1,3,2,Cumul. Game Winner,1,1
2022,2022-wimbledon-1215,1,3,3,Cumul. Game Winner,1,0
2022,2022-wimbledon-1215,1,3,1,Set Winner,1,2
2022,2022-wimbledon-1215,1,3,2,Set Winner,1,1
2022,2022-wimbledon-1215,1,3,3,Set Winner,1,0
2022,2022-wimbledon-1215,1,3,1,Cumul. Set Winner,1,2
2022,2022-wimbledon-1215,1,3,2,Cumul. Set Winner,1,1
2022,2022-wimbledon-1215,1,3,3,Cumul. Set Winner,1,0
2022,2022-wimbledon-1215,1,3,1,Cumul. Unf. Error,1,2
2022,2022-wimbledon-1215,1,3,2,Cumul. Unf. Error,1,1
2022,2022-wimbledon-1215,1,3,3,Cumul. Unf. Error,1,0
2022,2022-wimbledon-1215,1,3,1,Dynamic Model,1,2
2022,2022-wimbledon-1215,1,3,2,Dynamic Model,1,1
2022,2022-wimbledon-1215,1,3,3,Dynamic Model,1,0
2022,2022-wimbledon-1216,1,5,1,Cumul. Point Winner,1,4
2022,2022-wimbledon-1216,1,5,2,Cumul. Point Winner,1,3
2022,2022-wimbledon-1216,1,5,3,Cumul. Point Winner,2,2
2022,2022-wimbledon-1216,1,5,4,Cumul. Point Winner,1,1
2022,2022-wimbledon-1216,1,5,5,Cumul. Point Winner,1,0
2022,2022-wimbledon-1216,1,5,1,Cumul. Game Winner,1,4
2022,2022-wimbledon-1216,1,5,2,Cumul. Game Winner,1,3
2022,2022-wimbledon-1216,1,5,3,Cumul. Game Winner,1,2
2022,2022-wimbledon-1216,1,5,4,Cumul. Game Winner,1,1
2022,2022-wimbledon-1216,1,5,5,Cumul. Game Winner,1,0
2022,2022-wimbledon-1216,1,5,1,Set Winner,1,4
2022,2022-wimbledon-1216,1,5,2,Set Winner,2,3
2022,2022-wimbledon-1216,1,5,3,Set Winner,2,2
2022,2022-wimbledon-1216,1,5,4,Set Winner,1,1
2022,2022-wimbledon-1216,1,5,5,Set Winner,1,0
2022,2022-wimbledon-1216,1,5,1,Cumul. Set Winner,1,4
2022,2022-wimbledon-1216,1,5,2,Cumul. Set Winner,1,3
2022,2022-wimbledon-1216,1,5,3,Cumul. Set Winner,2,2
2022,2022-wimbledon-1216,1,5,4,Cumul. Set Winner,2,1
2022,2022-wimbledon-1216,1,5,5,Cumul. Set Winner,1,0
2022,2022-wimbledon-1216,1,5,1,Cumul. Unf. Error,2,4
2022,2022-wimbledon-1216,1,5,2,Cumul. Unf. Error,2,3
2022,2022-wimbledon-1216,1,5,3,Cumul. Unf. Error,2,2
2022,2022-wimbledon-1216,1,5,4,Cumul. Unf. Error,2,1
2022,2022-wimbledon-1216,1,5,5,Cumul. Unf. Error,2,0
2022,2022-wimbledon-1216,1,5,1,Dynamic Model,1,4
2022,2022-wimbledon-1216,1,5,2,Dynamic Model,2,3
2022,2022-wimbledon-1216,1,5,3,Dynamic Model,2,2
2022,2022-wimbledon-1216,1,5,4,Dynamic Model,2,1
2022,2022-wimbledon-1216,1,5,5,Dynamic Model,1,0
2022,2022-wimbledon-1217,1,3,1,Cumul. Point Winner,1,2
2022,2022-wimbledon-1217,1,3,2,Cumul. Point Winner,1,1
2022,2022-wimbledon-1217,1,3,3,Cumul. Point Winner,1,0
2022,2022-wimbledon-1217,1,3,1,Cumul. Game Winner,1,2
2022,2022-wimbledon-1217,1,3,2,Cumul. Game Winner,1,1
2022,2022-wimbledon-1217,1,3,3,Cumul. Game Winner,1,0
2022,2022-wimbledon-1217,1,3,1,Set Winner,1,2
2022,2022-wimbledon-1217,1,3,2,Set Winner,1,1
2022,2022-wimbledon-1217,1,3,3,Set Winner,1,0
2022,2022-wimbledon-1217,1,3,1,Cumul. Set Winner,1,2
2022,2022-wimbledon-1217,1,3,2,Cumul. Set Winner,1,1
2022,2022-wimbledon-1217,1,3,3,Cumul. Set Winner,1,0
2022,2022-wimbledon-1217,1,3,1,Cumul. Unf. Error,2,2
2022,2022-wimbledon-1217,1,3,2,Cumul. Unf. Error,2,1
2022,2022-wimbledon-1217,1,3,3,Cumul. Unf. Error,2,0
2022,2022-wimbledon-1217,1,3,1,Dynamic Model,1,2
2022,2022-wimbledon-1217,1,3,2,Dynamic Model,1,1
2022,2022-wimbledon-1217,1,3,3,Dynamic Model,1,0
2022,2022-wimbledon-1218,2,3,1,Cumul. Point Winner,2,2
2022,2022-wimbledon-1218,2,3,2,Cumul. Point Winner,2,1
2022,2022-wimbledon-1218,2,3,3,Cumul. Point Winner,2,0
2022,2022-wimbledon-1218,2,3,1,Cumul. Game Winner,2,2
2022,2022-wimbledon-1218,2,3,2,Cumul. Game Winner,2,1
2022,2022-wimbledon-1218,2,3,3,Cumul. Game Winner,2,0
2022,2022-wimbledon-1218,2,3,1,Set Winner,2,2
2022,2022-wimbledon-1218,2,3,2,Set Winner,2,1
2022,2022-wimbledon-1218,2,3,3,Set Winner,2,0
2022,2022-wimbledon-1218,2,3,1,Cumul. Set Winner,2,2
2022,2022-wimbledon-1218,2,3,2,Cumul. Set Winner,2,1
2022,2022-wimbledon-1218,2,3,3,Cumul. Set Winner,2,0
2022,2022-wimbledon-1218,2,3,1,Cumul. Unf. Error,2,2
2022,2022-wimbledon-1218,2,3,2,Cumul. Unf. Error,2,1
2022,2022-wimbledon-1218,2,3,3,Cumul. Unf. Error,2,0
2022,2022-wimbledon-1218,2,3,1,Dynamic Model,2,2
2022,2022-wimbledon-1218,2,3,2,Dynamic Model,2,1
2022,2022-wimbledon-1218,2,3,3,Dynamic Model,2,0
2022,2022-wimbledon-1219,1,4,1,Cumul. Point Winner,2,3
2022,2022-wimbledon-1219,1,4,2,Cumul. Point Winner,1,2
2022,2022-wimbledon-1219,1,4,3,Cumul. Point Winner,1,1
2022,2022-wimbledon-1219,1,4,4,Cumul. Point Winner,1,0
2022,2022-wimbledon-1219,1,4,1,Cumul. Game Winner,2,3
2022,2022-wimbledon-1219,1,4,2,Cumul. Game Winner,2,2
2022,2022-wimbledon-1219,1,4,3,Cumul. Game Winner,1,1
2022,2022-wimbledon-1219,1,4,4,Cumul. Game Winner,1,0
2022,2022-wimbledon-1219,1,4,1,Set Winner,2,3
2022,2022-wimbledon-1219,1,4,2,Set Winner,1,2
2022,2022-wimbledon-1219,1,4,3,Set Winner,1,1
2022,2022-wimbledon-1219,1,4,4,Set Winner,1,0
2022,2022-wimbledon-1219,1,4,1,Cumul. Set Winner,2,3
2022,2022-wimbledon-1219,1,4,2,Cumul. Set Winner,2,2
2022,2022-wimbledon-1219,1,4,3,Cumul. Set Winner,1,1
2022,2022-wimbledon-1219,1,4,4,Cumul. Set Winner,1,0
2022,2022-wimbledon-1219,1,4,1,Cumul. Unf. Error,1,3
2022,2022-wimbledon-1219,1,4,2,Cumul. Unf. Error,1,2
2022,2022-wimbledon-1219,1,4,3,Cumul. Unf. Error,1,1
2022,2022-wimbledon-1219,1,4,4,Cumul. Unf. Error,1,0
2022,2022-wimbledon-1219,1,4,1,Dynamic Model,2,3
2022,2022-wimbledon-1219,1,4,2,Dynamic Model,1,2
2022,2022-wimbledon-1219,1,4,3,Dynamic Model,1,1
2022,2022-wimbledon-1219,1,4,4,Dynamic Model,1,0
2022,2022-wimbledon-1220,1,5,1,Cumul. Point Winner,1,4
2022,2022-wimbledon-1220,1,5,2,Cumul. Point Winner,1,3
2022,2022-wimbledon-1220,1,5,3,Cumul. Point Winner,2,2
2022,2022-wimbledon-1220,1,5,4,Cumul. Point Winner,2,1
2022,2022-wimbledon-1220,1,5,5,Cumul. Point Winner,2,0
2022,2022-wimbledon-1220,1,5,1,Cumul. Game Winner,1,4
2022,2022-wimbledon-1220,1,5,2,Cumul. Game Winner,1,3
2022,2022-wimbledon-1220,1,5,3,Cumul. Game Winner,2,2
2022,2022-wimbledon-1220,1,5,4,Cumul. Game Winner,2,1
2022,2022-wimbledon-1220,1,5,5,Cumul. Game Winner,1,0
2022,2022-wimbledon-1220,1,5,1,Set Winner,1,4
2022,2022-wimbledon-1220,1,5,2,Set Winner,2,3
2022,2022-wimbledon-1220,1,5,3,Set Winner,2,2
2022,2022-wimbledon-1220,1,5,4,Set Winner,1,1
2022,2022-wimbledon-1220,1,5,5,Set Winner,1,0
2022,2022-wimbledon-1220,1,5,1,Cumul. Set Winner,1,4
2022,2022-wimbledon-1220,1,5,2,Cumul. Set Winner,1,3
2022,2022-wimbledon-1220,1,5,3,Cumul. Set Winner,2,2
2022,2022-wimbledon-1220,1,5,4,Cumul. Set Winner,2,1
2022,2022-wimbledon-1220,1,5,5,Cumul. Set Winner,1,0
2022,2022-wimbledon-1220,1,5,1,Cumul. Unf. Error,2,4
2022,2022-wimbledon-1220,1,5,2,Cumul. Unf. Error,2,3
2022,2022-wimbledon-1220,1,5,3,Cumul. Unf. Error,2,2
2022,2022-wimbledon-1220,1,5,4,Cumul. Unf. Error,2,1
2022,2022-wimbledon-1220,1,5,5,Cumul. Unf. Error,1,0
2022,2022-wimbledon-1220,1,5,1,Dynamic Model,1,4
2022,2022-wimbledon-1220,1,5,2,Dynamic Model,2,3
2022,2022-wimbledon-1220,1,5,3,Dynamic Model,2,2
2022,2022-wimbledon-1220,1,5,4,Dynamic Model,2,1
2022,2022-wimbledon-1220,1,5,5,Dynamic Model,1,0
2022,2022-wimbledon-1221,2,4,1,Cumul. Point Winner,2,3
2022,2022-wimbledon-1221,2,4,2,Cumul. Point Winner,1,2
2022,2022-wimbledon-1221,2,4,3,Cumul. Point Winner,2,1
2022,2022-wimbledon-1221,2,4,4,Cumul. Point Winner,2,0
2022,2022-wimbledon-1221,2,4,1,Cumul. Game Winner,2,3
2022,2022-wimbledon-1221,2,4,2,Cumul. Game Winner,2,2
2022,2022-wimbledon-1221,2,4,3,Cumul. Game Winner,2,1
2022,2022-wimbledon-1221,2,4,4,Cumul. Game Winner,2,0
2022,2022-wimbledon-1221,2,4,1,Set Winner,2,3
2022,2022-wimbledon-1221,2,4,2,Set Winner,1,2
2022,2022-wimbledon-1221,2,4,3,Set Winner,2,1
2022,2022-wimbledon-1221,2,4,4,Set Winner,2,0
2022,2022-wimbledon-1221,2,4,1,Cumul. Set Winner,2,3
2022,2022-wimbledon-1221,2,4,2,Cumul. Set Winner,2,2
2022,2022-wimbledon-1221,2,4,3,Cumul. Set Winner,2,1
2022,2022-wimbledon-1221,2,4,4,Cumul. Set Winner,2,0
2022,2022-wimbledon-1221,2,4,1,Cumul. Unf. Error,2,3
2022,2022-wimbledon-1221,2,4,2,Cumul. Unf. Error,2,2
2022,2022-wimbledon-1221,2,4,3,Cumul. Unf. Error,2,1
2022,2022-wimbledon-1221,2,4,4,Cumul. Unf. Error,2,0
2022,2022-wimbledon-1221,2,4,1,Dynamic Model,2,3
2022,2022-wimbledon-1221,2,4,2,Dynamic Model,1,2
2022,2022-wimbledon-1221,2,4,3,Dynamic Model,2,1
2022,2022-wimbledon-1221,2,4,4,Dynamic Model,2,0
2022,2022-wimbledon-1223,2,3,1,Cumul. Point Winner,2,2
2022,2022-wimbledon-1223,2,3,2,Cumul. Point Winner,2,1
2022,2022-wimbledon-1223,2,3,3,Cumul. Point Winner,2,0
2022,2022-wimbledon-1223,2,3,1,Cumul. Game Winner,2,2
2022,2022-wimbledon-1223,2,3,2,Cumul. Game Winner,2,1
2022,2022-wimbledon-1223,2,3,3,Cumul. Game Winner,2,0
2022,2022-wimbledon-1223,2,3,1,Set Winner,2,2
2022,2022-wimbledon-1223,2,3,2,Set Winner,2,1
2022,2022-wimbledon-1223,2,3,3,Set Winner,2,0
2022,2022-wimbledon-1223,2,3,1,Cumul. Set Winner,2,2
2022,2022-wimbledon-1223,2,3,2,Cumul. Set Winner,2,1
2022,2022-wimbledon-1223,2,3,3,Cumul. Set Winner,2,0
2022,2022-wimbledon-1223,2,3,1,Cumul. Unf. Error,2,2
2022,2022-wimbledon-1223,2,3,2,Cumul. Unf. Error,2,1
2022,2022-wimbledon-1223,2,3,3,Cumul. Unf. Error,2,0
2022,2022-wimbledon-1223,2,3,1,Dynamic Model,2,2
2022,2022-wimbledon-1223,2,3,2,Dynamic Model,2,1
2022,2022-wimbledon-1223,2,3,3,Dynamic Model,2,0
2022,2022-wimbledon-1224,2,3,1,Cumul. Point Winner,2,2
2022,2022-wimbledon-1224,2,3,2,Cumul. Point Winner,2,1
2022,2022-wimbledon-1224,2,3,3,Cumul. Point Winner,2,0
2022,2022-wimbledon-1224,2,3,1,Cumul. Game Winner,2,2
2022,2022-wimbledon-1224,2,3,2,Cumul. Game Winner,2,1
2022,2022-wimbledon-1224,2,3,3,Cumul. Game Winner,2,0
2022,2022-wimbledon-1224,2,3,1,Set Winner,2,2
2022,2022-wimbledon-1224,2,3,2,Set Winner,2,1
2022,2022-wimbledon-1224,2,3,3,Set Winner,2,0
2022,2022-wimbledon-1224,2,3,1,Cumul. Set Winner,2,2
2022,2022-wimbledon-1224,2,3,2,Cumul. Set Winner,2,1
2022,2022-wimbledon-1224,2,3,3,Cumul. Set Winner,2,0
2022,2022-wimbledon-1224,2,3,1,Cumul. Unf. Error,1,2
2022,2022-wimbledon-1224,2,3,2,Cumul. Unf. Error,2,1
2022,2022-wimbledon-1224,2,3,3,Cumul. Unf. Error,2,0
2022,2022-wimbledon-1224,2,3,1,Dynamic Model,2,2
2022,2022-wimbledon-1224,2,3,2,Dynamic Model,2,1
2022,2022-wimbledon-1224,2,3,3,Dynamic Model,2,0
2022,2022-wimbledon-1225,2,4,1,Cumul. Point Winner,2,3
2022,2022-wimbledon-1225,2,4,2,Cumul. Point Winner,2,2
2022,2022-wimbledon-1225,2,4,3,Cumul. Point Winner,2,1
2022,2022-wimbledon-1225,2,4,4,Cumul. Point Winner,2,0
2022,2022-wimbledon-1225,2,4,1,Cumul. Game Winner,2,3
2022,2022-wimbledon-1225,2,4,2,Cumul. Game Winner,2,2
2022,2022-wimbledon-1225,2,4,3,Cumul. Game Winner,2,1
2022,2022-wimbledon-1225,2,4,4,Cumul. Game Winner,2,0
2022,2022-wimbledon-1225,2,4,1,Set Winner,2,3
2022,2022-wimbledon-1225,2,4,2,Set Winner,2,2
2022,2022-wimbledon-1225,2,4,3,Set Winner,1,1
2022,2022-wimbledon-1225,2,4,4,Set Winner,2,0
2022,2022-wimbledon-1225,2,4,1,Cumul. Set Winner,2,3
2022,2022-wimbledon-1225,2,4,2,Cumul. Set Winner,2,2
2022,2022-wimbledon-1225,2,4,3,Cumul. Set Winner,2,1
2022,2022-wimbledon-1225,2,4,4,Cumul. Set Winner,2,0
2022,2022-wimbledon-1225,2,4,1,Cumul. Unf. Error,2,3
2022,2022-wimbledon-1225,2,4,2,Cumul. Unf. Error,2,2
2022,2022-wimbledon-1225,2,4,3,Cumul. Unf. Error,2,1
2022,2022-wimbledon-1225,2,4,4,Cumul. Unf. Error,2,0
2022,2022-wimbledon-1225,2,4,1,Dynamic Model,2,3
2022,2022-wimbledon-1225,2,4,2,Dynamic Model,2,2
2022,2022-wimbledon-1225,2,4,3,Dynamic Model,2,1
2022,2022-wimbledon-1225,2,4,4,Dynamic Model,2,0
2022,2022-wimbledon-1226,2,3,1,Cumul. Point Winner,2,2
2022,2022-wimbledon-1226,2,3,2,Cumul. Point Winner,2,1
2022,2022-wimbledon-1226,2,3,3,Cumul. Point Winner,2,0
2022,2022-wimbledon-1226,2,3,1,Cumul. Game Winner,2,2
2022,2022-wimbledon-1226,2,3,2,Cumul. Game Winner,2,1
2022,2022-wimbledon-1226,2,3,3,Cumul. Game Winner,2,0
2022,2022-wimbledon-1226,2,3,1,Set Winner,2,2
2022,2022-wimbledon-1226,2,3,2,Set Winner,2,1
2022,2022-wimbledon-1226,2,3,3,Set Winner,2,0
2022,2022-wimbledon-1226,2,3,1,Cumul. Set Winner,2,2
2022,2022-wimbledon-1226,2,3,2,Cumul. Set Winner,2,1
2022,2022-wimbledon-1226,2,3,3,Cumul. Set Winner,2,0
2022,2022-wimbledon-1226,2,3,1,Cumul. Unf. Error,2,2
2022,2022-wimbledon-1226,2,3,2,Cumul. Unf. Error,2,1
2022,2022-wimbledon-1226,2,3,3,Cumul. Unf. Error,2,0
2022,2022-wimbledon-1226,2,3,1,Dynamic Model,2,2
2022,2022-wimbledon-1226,2,3,2,Dynamic Model,2,1
2022,2022-wimbledon-1226,2,3,3,Dynamic Model,2,0
2022,2022-wimbledon-1227,2,3,1,Cumul. Point Winner,2,2
2022,2022-wimbledon-1227,2,3,2,Cumul. Point Winner,2,1
2022,2022-wimbledon-1227,2,3,3,Cumul. Point Winner,2,0
2022,2022-wimbledon-1227,2,3,1,Cumul. Game Winner,2,2
2022,2022-wimbledon-1227,2,3,2,Cumul. Game Winner,2,1
2022,2022-wimbledon-1227,2,3,3,Cumul. Game Winner,2,0
2022,2022-wimbledon-1227,2,3,1,Set Winner,2,2
2022,2022-wimbledon-1227,2,3,2,Set Winner,2,1
2022,2022-wimbledon-1227,2,3,3,Set Winner,2,0
2022,2022-wimbledon-1227,2,3,1,Cumul. Set Winner,2,2
2022,2022-wimbledon-1227,2,3,2,Cumul. Set Winner,2,1
2022,2022-wimbledon-1227,2,3,3,Cumul. Set Winner,2,0
2022,2022-wimbledon-1227,2,3,1,Cumul. Unf. Error,1,2
2022,2022-wimbledon-1227,2,3,2,Cumul. Unf. Error,1,1
2022,2022-wimbledon-1227,2,3,3,Cumul. Unf. Error,1,0
2022,2022-wimbledon-1227,2,3,1,Dynamic Model,2,2
2022,2022-wimbledon-1227,2,3,2,Dynamic Model,2,1
2022,2022-wimbledon-1227,2,3,3,Dynamic Model,2,0
2022,2022-wimbledon-1228,2,3,1,Cumul. Point Winner,2,2
2022,2022-wimbledon-1228,2,3,2,Cumul. Point Winner,2,1
2022,2022-wimbledon-1228,2,3,3,Cumul. Point Winner,2,0
2022,2022-wimbledon-1228,2,3,1,Cumul. Game Winner,2,2
2022,2022-wimbledon-1228,2,3,2,Cumul. Game Winner,2,1
2022,2022-wimbledon-1228,2,3,3,Cumul. Game Winner,2,0
2022,2022-wimbledon-1228,2,3,1,Set Winner,2,2
2022,2022-wimbledon-1228,2,3,2,Set Winner,2,1
2022,2022-wimbledon-1228,2,3,3,Set Winner,2,0
2022,2022-wimbledon-1228,2,3,1,Cumul. Set Winner,2,2
2022,2022-wimbledon-1228,2,3,2,Cumul. Set Winner,2,1
2022,2022-wimbledon-1228,2,3,3,Cumul. Set Winner,2,0
2022,2022-wimbledon-1228,2,3,1,Cumul. Unf. Error,2,2
2022,2022-wimbledon-1228,2,3,2,Cumul. Unf. Error,2,1
2022,2022-wimbledon-1228,2,3,3,Cumul. Unf. Error,2,0
2022,2022-wimbledon-1228,2,3,1,Dynamic Model,2,2
2022,2022-wimbledon-1228,2,3,2,Dynamic Model,2,1
2022,2022-wimbledon-1228,2,3,3,Dynamic Model,2,0
2022,2022-wimbledon-1229,2,4,1,Cumul. Point Winner,2,3
2022,2022-wimbledon-1229,2,4,2,Cumul. Point Winner,1,2
2022,2022-wimbledon-1229,2,4,3,Cumul. Point Winner,2,1
2022,2022-wimbledon-1229,2,4,4,Cumul. Point Winner,2,0
2022,2022-wimbledon-1229,2,4,1,Cumul. Game Winner,2,3
2022,2022-wimbledon-1229,2,4,2,Cumul. Game Winner,2,2
2022,2022-wimbledon-1229,2,4,3,Cumul. Game Winner,2,1
2022,2022-wimbledon-1229,2,4,4,Cumul. Game Winner,2,0
2022,2022-wimbledon-1229,2,4,1,Set Winner,2,3
2022,2022-wimbledon-1229,2,4,2,Set Winner,1,2
2022,2022-wimbledon-1229,2,4,3,Set Winner,2,1
2022,2022-wimbledon-1229,2,4,4,Set Winner,2,0
2022,2022-wimbledon-1229,2,4,1,Cumul. Set Winner,2,3
2022,2022-wimbledon-1229,2,4,2,Cumul. Set Winner,2,2
2022,2022-wimbledon-1229,2,4,3,Cumul. Set Winner,2,1
2022,2022-wimbledon-1229,2,4,4,Cumul. Set Winner,2,0
2022,2022-wimbledon-1229,2,4,1,Cumul. Unf. Error,2,3
2022,2022-wimbledon-1229,2,4,2,Cumul. Unf. Error,2,2
2022,2022-wimbledon-1229,2,4,3,Cumul. Unf. Error,2,1
2022,2022-wimbledon-1229,2,4,4,Cumul. Unf. Error,2,0
2022,2022-wimbledon-1229,2,4,1,Dynamic Model,2,3
2022,2022-wimbledon-1229,2,4,2,Dynamic Model,2,2
2022,2022-wimbledon-1229,2,4,3,Dynamic Model,2,1
2022,2022-wimbledon-1229,2,4,4,Dynamic Model,2,0
2022,2022-wimbledon-1230,2,4,1,Cumul. Point Winner,1,3
2022,2022-wimbledon-1230,2,4,2,Cumul. Point Winner,2,2
2022,2022-wimbledon-1230,2,4,3,Cumul. Point Winner,2,1
2022,2022-wimbledon-1230,2,4,4,Cumul. Point Winner,2,0
2022,2022-wimbledon-1230,2,4,1,Cumul. Game Winner,1,3
2022,2022-wimbledon-1230,2,4,2,Cumul. Game Winner,2,2
2022,2022-wimbledon-1230,2,4,3,Cumul. Game Winner,2,1
2022,2022-wimbledon-1230,2,4,4,Cumul. Game Winner,2,0
2022,2022-wimbledon-1230,2,4,1,Set Winner,1,3
2022,2022-wimbledon-1230,2,4,2,Set Winner,2,2
2022,2022-wimbledon-1230,2,4,3,Set Winner,2,1
2022,2022-wimbledon-1230,2,4,4,Set Winner,2,0
2022,2022-wimbledon-1230,2,4,1,Cumul. Set Winner,1,3
2022,2022-wimbledon-1230,2,4,2,Cumul. Set Winner,1,2
2022,2022-wimbledon-1230,2,4,3,Cumul. Set Winner,2,1
2022,2022-wimbledon-1230,2,4,4,Cumul. Set Winner,2,0
2022,2022-wimbledon-1230,2,4,1,Cumul. Unf. Error,1,3
2022,2022-wimbledon-1230,2,4,2,Cumul. Unf. Error,1,2
2022,2022-wimbledon-1230,2,4,3,Cumul. Unf. Error,1,1
2022,2022-wimbledon-1230,2,4,4,Cumul. Unf. Error,1,0
2022,2022-wimbledon-1230,2,4,1,Dynamic Model,1,3
2022,2022-wimbledon-1230,2,4,2,Dynamic Model,2,2
2022,2022-wimbledon-1230,2,4,3,Dynamic Model,2,1
2022,2022-wimbledon-1230,2,4,4,Dynamic Model,2,0
2022,2022-wimbledon-1231,1,3,1,Cumul. Point Winner,1,2
2022,2022-wimbledon-1231,1,3,2,Cumul. Point Winner,1,1
2022,2022-wimbledon-1231,1,3,3,Cumul. Point Winner,1,0
2022,2022-wimbledon-1231,1,3,1,Cumul. Game Winner,1,2
2022,2022-wimbledon-1231,1,3,2,Cumul. Game Winner,1,1
2022,2022-wimbledon-1231,1,3,3,Cumul. Game Winner,1,0
2022,2022-wimbledon-1231,1,3,1,Set Winner,1,2
2022,2022-wimbledon-1231,1,3,2,Set Winner,1,1
2022,2022-wimbledon-1231,1,3,3,Set Winner,1,0
2022,2022-wimbledon-1231,1,3,1,Cumul. Set Winner,1,2
2022,2022-wimbledon-1231,1,3,2,Cumul. Set Winner,1,1
2022,2022-wimbledon-1231,1,3,3,Cumul. Set Winner,1,0
2022,2022-wimbledon-1231,1,3,1,Cumul. Unf. Error,2,2
2022,2022-wimbledon-1231,1,3,2,Cumul. Unf. Error,2,1
2022,2022-wimbledon-1231,1,3,3,Cumul. Unf. Error,1,0
2022,2022-wimbledon-1231,1,3,1,Dynamic Model,1,2
2022,2022-wimbledon-1231,1,3,2,Dynamic Model,1,1
2022,2022-wimbledon-1231,1,3,3,Dynamic Model,1,0
2022,2022-wimbledon-1232,2,4,1,Cumul. Point Winner,2,3
2022,2022-wimbledon-1232,2,4,2,Cumul. Point Winner,2,2
2022,2022-wimbledon-1232,2,4,3,Cumul. Point Winner,2,1
2022,2022-wimbledon-1232,2,4,4,Cumul. Point Winner,2,0
2022,2022-wimbledon-1232,2,4,1,Cumul. Game Winner,2,3
2022,2022-wimbledon-1232,2,4,2,Cumul. Game Winner,2,2
2022,2022-wimbledon-1232,2,4,3,Cumul. Game Winner,2,1
2022,2022-wimbledon-1232,2,4,4,Cumul. Game Winner,2,0
2022,2022-wimbledon-1232,2,4,1,Set Winner,2,3
2022,2022-wimbledon-1232,2,4,2,Set Winner,2,2
2022,2022-wimbledon-1232,2,4,3,Set Winner,1,1
2022,2022-wimbledon-1232,2,4,4,Set Winner,2,0
2022,2022-wimbledon-1232,2,4,1,Cumul. Set Winner,2,3
2022,2022-wimbledon-1232,2,4,2,Cumul. Set Winner,2,2
2022,2022-wimbledon-1232,2,4,3,Cumul. Set Winner,2,1
2022,2022-wimbledon-1232,2,4,4,Cumul. Set Winner,2,0
2022,2022-wimbledon-1232,2,4,1,Cumul. Unf. Error,2,3
2022,2022-wimbledon-1232,2,4,2,Cumul. Unf. Error,2,2
2022,2022-wimbledon-1232,2,4,3,Cumul. Unf. Error,1,1
2022,2022-wimbledon-1232,2,4,4,Cumul. Unf. Error,1,0
2022,2022-wimbledon-1232,2,4,1,Dynamic Model,2,3
2022,2022-wimbledon-1232,2,4,2,Dynamic Model,2,2
2022,2022-wimbledon-1232,2,4,3,Dynamic Model,2,1
2022,2022-wimbledon-1232,2,4,4,Dynamic Model,2,0
2022,2022-wimbledon-1301,1,3,1,Cumul. Point Winner,1,2
2022,2022-wimbledon-1301,1,3,2,Cumul. Point Winner,1,1
2022,2022-wimbledon-1301,1,3,3,Cumul. Point Winner,1,0
2022,2022-wimbledon-1301,1,3,1,Cumul. Game Winner,1,2
2022,2022-wimbledon-1301,1,3,2,Cumul. Game Winner,1,1
2022,2022-wimbledon-1301,1,3,3,Cumul. Game Winner,1,0
2022,2022-wimbledon-1301,1,3,1,Set Winner,1,2
2022,2022-wimbledon-1301,1,3,2,Set Winner,1,1
2022,2022-wimbledon-1301,1,3,3,Set Winner,1,0
2022,2022-wimbledon-1301,1,3,1,Cumul. Set Winner,1,2
2022,2022-wimbledon-1301,1,3,2,Cumul. Set Winner,1,1
2022,2022-wimbledon-1301,1,3,3,Cumul. Set Winner,1,0
2022,2022-wimbledon-1301,1,3,1,Cumul. Unf. Error,1,2
2022,2022-wimbledon-1301,1,3,2,Cumul. Unf. Error,1,1
2022,2022-wimbledon-1301,1,3,3,Cumul. Unf. Error,1,0
2022,2022-wimbledon-1301,1,3,1,Dynamic Model,1,2
2022,2022-wimbledon-1301,1,3,2,Dynamic Model,1,1
2022,2022-wimbledon-1301,1,3,3,Dynamic Model,1,0
2022,2022-wimbledon-1302,2,3,1,Cumul. Point Winner,2,2
2022,2022-wimbledon-1302,2,3,2,Cumul. Point Winner,2,1
2022,2022-wimbledon-1302,2,3,3,Cumul. Point Winner,2,0
2022,2022-wimbledon-1302,2,3,1,Cumul. Game Winner,2,2
2022,2022-wimbledon-1302,2,3,2,Cumul. Game Winner,2,1
2022,2022-wimbledon-1302,2,3,3,Cumul. Game Winner,2,0
2022,2022-wimbledon-1302,2,3,1,Set Winner,2,2
2022,2022-wimbledon-1302,2,3,2,Set Winner,2,1
2022,2022-wimbledon-1302,2,3,3,Set Winner,2,0
2022,2022-wimbledon-1302,2,3,1,Cumul. Set Winner,2,2
2022,2022-wimbledon-1302,2,3,2,Cumul. Set Winner,2,1
2022,2022-wimbledon-1302,2,3,3,Cumul. Set Winner,2,0
2022,2022-wimbledon-1302,2,3,1,Cumul. Unf. Error,2,2
2022,2022-wimbledon-1302,2,3,2,Cumul. Unf. Error,2,1
2022,2022-wimbledon-1302,2,3,3,Cumul. Unf. Error,2,0
2022,2022-wimbledon-1302,2,3,1,Dynamic Model,2,2
2022,2022-wimbledon-1302,2,3,2,Dynamic Model,2,1
2022,2022-wimbledon-1302,2,3,3,Dynamic Model,2,0
2022,2022-wimbledon-1303,1,3,1,Cumul. Point Winner,1,2
2022,2022-wimbledon-1303,1,3,2,Cumul. Point Winner,1,1
2022,2022-wimbledon-1303,1,3,3,Cumul. Point Winner,1,0
2022,2022-wimbledon-1303,1,3,1,Cumul. Game Winner,1,2
2022,2022-wimbledon-1303,1,3,2,Cumul. Game Winner,1,1
2022,2022-wimbledon-1303,1,3,3,Cumul. Game Winner,1,0
2022,2022-wimbledon-1303,1,3,1,Set Winner,1,2
2022,2022-wimbledon-1303,1,3,2,Set Winner,1,1
2022,2022-wimbledon-1303,1,3,3,Set Winner,1,0
2022,2022-wimbledon-1303,1,3,1,Cumul. Set Winner,1,2
2022,2022-wimbledon-1303,1,3,2,Cumul. Set Winner,1,1
2022,2022-wimbledon-1303,1,3,3,Cumul. Set Winner,1,0
2022,2022-wimbledon-1303,1,3,1,Cumul. Unf. Error,1,2
2022,2022-wimbledon-1303,1,3,2,Cumul. Unf. Error,1,1
2022,2022-wimbledon-1303,1,3,3,Cumul. Unf. Error,1,0
2022,2022-wimbledon-1303,1,3,1,Dynamic Model,1,2
2022,2022-wimbledon-1303,1,3,2,Dynamic Model,1,1
2022,2022-wimbledon-1303,1,3,3,Dynamic Model,1,0
2022,2022-wimbledon-1304,2,3,1,Cumul. Point Winner,2,2
2022,2022-wimbledon-1304,2,3,2,Cumul. Point Winner,2,1
2022,2022-wimbledon-1304,2,3,3,Cumul. Point Winner,2,0
2022,2022-wimbledon-1304,2,3,1,Cumul. Game Winner,2,2
2022,2022-wimbledon-1304,2,3,2,Cumul. Game Winner,2,1
2022,2022-wimbledon-1304,2,3,3,Cumul. Game Winner,2,0
2022,2022-wimbledon-1304,2,3,1,Set Winner,2,2
2022,2022-wimbledon-1304,2,3,2,Set Winner,2,1
2022,2022-wimbledon-1304,2,3,3,Set Winner,2,0
2022,2022-wimbledon-1304,2,3,1,Cumul. Set Winner,2,2
2022,2022-wimbledon-1304,2,3,2,Cumul. Set Winner,2,1
2022,2022-wimbledon-1304,2,3,3,Cumul. Set Winner,2,0
2022,2022-wimbledon-1304,2,3,1,Cumul. Unf. Error,2,2
2022,2022-wimbledon-1304,2,3,2,Cumul. Unf. Error,2,1
2022,2022-wimbledon-1304,2,3,3,Cumul. Unf. Error,2,0
2022,2022-wimbledon-1304,2,3,1,Dynamic Model,2,2
2022,2022-wimbledon-1304,2,3,2,Dynamic Model,2,1
2022,2022-wimbledon-1304,2,3,3,Dynamic Model,2,0
2022,2022-wimbledon-1305,2,4,1,Cumul. Point Winner,1,3
2022,2022-wimbledon-1305,2,4,2,Cumul. Point Winner,2,2
2022,2022-wimbledon-1305,2,4,3,Cumul. Point Winner,2,1
2022,2022-wimbledon-1305,2,4,4,Cumul. Point Winner,2,0
2022,2022-wimbledon-1305,2,4,1,Cumul. Game Winner,1,3
2022,2022-wimbledon-1305,2,4,2,Cumul. Game Winner,1,2
2022,2022-wimbledon-1305,2,4,3,Cumul. Game Winner,2,1
2022,2022-wimbledon-1305,2,4,4,Cumul. Game Winner,2,0
2022,2022-wimbledon-1305,2,4,1,Set Winner,1,3
2022,2022-wimbledon-1305,2,4,2,Set Winner,2,2
2022,2022-wimbledon-1305,2,4,3,Set Winner,2,1
2022,2022-wimbledon-1305,2,4,4,Set Winner,2,0
2022,2022-wimbledon-1305,2,4,1,Cumul. Set Winner,1,3
2022,2022-wimbledon-1305,2,4,2,Cumul. Set Winner,1,2
2022,2022-wimbledon-1305,2,4,3,Cumul. Set Winner,2,1
2022,2022-wimbledon-1305,2,4,4,Cumul. Set Winner,2,0
2022,2022-wimbledon-1305,2,4,1,Cumul. Unf. Error,2,3
2022,2022-wimbledon-1305,2,4,2,Cumul. Unf. Error,2,2
2022,2022-wimbledon-1305,2,4,3,Cumul. Unf. Error,2,1
2022,2022-wimbledon-1305,2,4,4,Cumul. Unf. Error,2,0
2022,2022-wimbledon-1305,2,4,1,Dynamic Model,1,3
2022,2022-wimbledon-1305,2,4,2,Dynamic Model,2,2
2022,2022-wimbledon-1305,2,4,3,Dynamic Model,2,1
2022,2022-wimbledon-1305,2,4,4,Dynamic Model,2,0
2022,2022-wimbledon-1306,1,4,1,Cumul. Point Winner,2,3
2022,2022-wimbledon-1306,1,4,2,Cumul. Point Winner,2,2
2022,2022-wimbledon-1306,1,4,3,Cumul. Point Winner,2,1
2022,2022-wimbledon-1306,1,4,4,Cumul. Point Winner,1,0
2022,2022-wimbledon-1306,1,4,1,Cumul. Game Winner,2,3
2022,2022-wimbledon-1306,1,4,2,Cumul. Game Winner,2,2
2022,2022-wimbledon-1306,1,4,3,Cumul. Game Winner,2,1
2022,2022-wimbledon-1306,1,4,4,Cumul. Game Winner,1,0
2022,2022-wimbledon-1306,1,4,1,Set Winner,2,3
2022,2022-wimbledon-1306,1,4,2,Set Winner,1,2
2022,2022-wimbledon-1306,1,4,3,Set Winner,1,1
2022,2022-wimbledon-1306,1,4,4,Set Winner,1,0
2022,2022-wimbledon-1306,1,4,1,Cumul. Set Winner,2,3
2022,2022-wimbledon-1306,1,4,2,Cumul. Set Winner,2,2
2022,2022-wimbledon-1306,1,4,3,Cumul. Set Winner,1,1
2022,2022-wimbledon-1306,1,4,4,Cumul. Set Winner,1,0
2022,2022-wimbledon-1306,1,4,1,Cumul. Unf. Error,1,3
2022,2022-wimbledon-1306,1,4,2,Cumul. Unf. Error,1,2
2022,2022-wimbledon-1306,1,4,3,Cumul. Unf. Error,1,1
2022,2022-wimbledon-1306,1,4,4,Cumul. Unf. Error,1,0
2022,2022-wimbledon-1306,1,4,1,Dynamic Model,2,3
2022,2022-wimbledon-1306,1,4,2,Dynamic Model,2,2
2022,2022-wimbledon-1306,1,4,3,Dynamic Model,1,1
2022,2022-wimbledon-1306,1,4,4,Dynamic Model,1,0
2022,2022-wimbledon-1307,1,3,1,Cumul. Point Winner,1,2
2022,2022-wimbledon-1307,1,3,2,Cumul. Point Winner,1,1
2022,2022-wimbledon-1307,1,3,3,Cumul. Point Winner,1,0
2022,2022-wimbledon-1307,1,3,1,Cumul. Game Winner,1,2
2022,2022-wimbledon-1307,1,3,2,Cumul. Game Winner,1,1
2022,2022-wimbledon-1307,1,3,3,Cumul. Game Winner,1,0
2022,2022-wimbledon-1307,1,3,1,Set Winner,1,2
2022,2022-wimbledon-1307,1,3,2,Set Winner,1,1
2022,2022-wimbledon-1307,1,3,3,Set Winner,1,0
2022,2022-wimbledon-1307,1,3,1,Cumul. Set Winner,1,2
2022,2022-wimbledon-1307,1,3,2,Cumul. Set Winner,1,1
2022,2022-wimbledon-1307,1,3,3,Cumul. Set Winner,1,0
2022,2022-wimbledon-1307,1,3,1,Cumul. Unf. Error,1,2
2022,2022-wimbledon-1307,1,3,2,Cumul. Unf. Error,1,1
2022,2022-wimbledon-1307,1,3,3,Cumul. Unf. Error,1,0
2022,2022-wimbledon-1307,1,3,1,Dynamic Model,1,2
2022,2022-wimbledon-1307,1,3,2,Dynamic Model,1,1
2022,2022-wimbledon-1307,1,3,3,Dynamic Model,1,0
2022,2022-wimbledon-1308,1,3,1,Cumul. Point Winner,1,2
2022,2022-wimbledon-1308,1,3,2,Cumul. Point Winner,1,1
2022,2022-wimbledon-1308,1,3,3,Cumul. Point Winner,1,0
2022,2022-wimbledon-1308,1,3,1,Cumul. Game Winner,1,2
2022,2022-wimbledon-1308,1,3,2,Cumul. Game Winner,1,1
2022,2022-wimbledon-1308,1,3,3,Cumul. Game Winner,1,0
2022,2022-wimbledon-1308,1,3,1,Set Winner,1,2
2022,2022-wimbledon-1308,1,3,2,Set Winner,1,1
2022,2022-wimbledon-1308,1,3,3,Set Winner,1,0
2022,2022-wimbledon-1308,1,3,1,Cumul. Set Winner,1,2
2022,2022-wimbledon-1308,1,3,2,Cumul. Set Winner,1,1
2022,2022-wimbledon-1308,1,3,3,Cumul. Set Winner,1,0
2022,2022-wimbledon-1308,1,3,1,Cumul. Unf. Error,1,2
2022,2022-wimbledon-1308,1,3,2,Cumul. Unf. Error,1,1
2022,2022-wimbledon-1308,1,3,3,Cumul. Unf. Error,1,0
2022,2022-wimbledon-1308,1,3,1,Dynamic Model,1,2
2022,2022-wimbledon-1308,1,3,2,Dynamic Model,1,1
2022,2022-wimbledon-1308,1,3,3,Dynamic Model,1,0
2022,2022-wimbledon-1309,1,4,1,Cumul. Point Winner,1,3
2022,2022-wimbledon-1309,1,4,2,Cumul. Point Winner,1,2
2022,2022-wimbledon-1309,1,4,3,Cumul. Point Winner,1,1
2022,2022-wimbledon-1309,1,4,4,Cumul. Point Winner,1,0
2022,2022-wimbledon-1309,1,4,1,Cumul. Game Winner,1,3
2022,2022-wimbledon-1309,1,4,2,Cumul. Game Winner,1,2
2022,2022-wimbledon-1309,1,4,3,Cumul. Game Winner,1,1
2022,2022-wimbledon-1309,1,4,4,Cumul. Game Winner,1,0
2022,2022-wimbledon-1309,1,4,1,Set Winner,1,3
2022,2022-wimbledon-1309,1,4,2,Set Winner,1,2
2022,2022-wimbledon-1309,1,4,3,Set Winner,2,1
2022,2022-wimbledon-1309,1,4,4,Set Winner,1,0
2022,2022-wimbledon-1309,1,4,1,Cumul. Set Winner,1,3
2022,2022-wimbledon-1309,1,4,2,Cumul. Set Winner,1,2
2022,2022-wimbledon-1309,1,4,3,Cumul. Set Winner,1,1
2022,2022-wimbledon-1309,1,4,4,Cumul. Set Winner,1,0
2022,2022-wimbledon-1309,1,4,1,Cumul. Unf. Error,2,3
2022,2022-wimbledon-1309,1,4,2,Cumul. Unf. Error,2,2
2022,2022-wimbledon-1309,1,4,3,Cumul. Unf. Error,2,1
2022,2022-wimbledon-1309,1,4,4,Cumul. Unf. Error,2,0
2022,2022-wimbledon-1309,1,4,1,Dynamic Model,1,3
2022,2022-wimbledon-1309,1,4,2,Dynamic Model,1,2
2022,2022-wimbledon-1309,1,4,3,Dynamic Model,1,1
2022,2022-wimbledon-1309,1,4,4,Dynamic Model,1,0
2022,2022-wimbledon-1310,1,3,1,Cumul. Point Winner,1,2
2022,2022-wimbledon-1310,1,3,2,Cumul. Point Winner,1,1
2022,2022-wimbledon-1310,1,3,3,Cumul. Point Winner,1,0
2022,2022-wimbledon-1310,1,3,1,Cumul. Game Winner,1,2
2022,2022-wimbledon-1310,1,3,2,Cumul. Game Winner,1,1
2022,2022-wimbledon-1310,1,3,3,Cumul. Game Winner,1,0
2022,2022-wimbledon-1310,1,3,1,Set Winner,1,2
2022,2022-wimbledon-1310,1,3,2,Set Winner,1,1
2022,2022-wimbledon-1310,1,3,3,Set Winner,1,0
2022,2022-wimbledon-1310,1,3,1,Cumul. Set Winner,1,2
2022,2022-wimbledon-1310,1,3,2,Cumul. Set Winner,1,1
2022,2022-wimbledon-1310,1,3,3,Cumul. Set Winner,1,0
2022,2022-wimbledon-1310,1,3,1,Cumul. Unf. Error,1,2
2022,2022-wimbledon-1310,1,3,2,Cumul. Unf. Error,1,1
2022,2022-wimbledon-1310,1,3,3,Cumul. Unf. Error,1,0
2022,2022-wimbledon-1310,1,3,1,Dynamic Model,1,2
2022,2022-wimbledon-1310,1,3,2,Dynamic Model,1,1
2022,2022-wimbledon-1310,1,3,3,Dynamic Model,1,0
2022,2022-wimbledon-1311,1,3,1,Cumul. Point Winner,1,2
2022,2022-wimbledon-1311,1,3,2,Cumul. Point Winner,1,1
2022,2022-wimbledon-1311,1,3,3,Cumul. Point Winner,1,0
2022,2022-wimbledon-1311,1,3,1,Cumul. Game Winner,1,2
2022,2022-wimbledon-1311,1,3,2,Cumul. Game Winner,1,1
2022,2022-wimbledon-1311,1,3,3,Cumul. Game Winner,1,0
2022,2022-wimbledon-1311,1,3,1,Set Winner,1,2
2022,2022-wimbledon-1311,1,3,2,Set Winner,1,1
2022,2022-wimbledon-1311,1,3,3,Set Winner,1,0
2022,2022-wimbledon-1311,1,3,1,Cumul. Set Winner,1,2
2022,2022-wimbledon-1311,1,3,2,Cumul. Set Winner,1,1
2022,2022-wimbledon-1311,1,3,3,Cumul. Set Winner,1,0
2022,2022-wimbledon-1311,1,3,1,Cumul. Unf. Error,1,2
2022,2022-wimbledon-1311,1,3,2,Cumul. Unf. Error,1,1
2022,2022-wimbledon-1311,1,3,3,Cumul. Unf. Error,1,0
2022,2022-wimbledon-1311,1,3,1,Dynamic Model,1,2
2022,2022-wimbledon-1311,1,3,2,Dynamic Model,1,1
2022,2022-wimbledon-1311,1,3,3,Dynamic Model,1,0
2022,2022-wimbledon-1312,1,4,1,Cumul. Point Winner,1,3
2022,2022-wimbledon-1312,1,4,2,Cumul. Point Winner,1,2
2022,2022-wimbledon-1312,1,4,3,Cumul. Point Winner,1,1
2022,2022-wimbledon-1312,1,4,4,Cumul. Point Winner,1,0
2022,2022-wimbledon-1312,1,4,1,Cumul. Game Winner,2,3
2022,2022-wimbledon-1312,1,4,2,Cumul. Game Winner,1,2
2022,2022-wimbledon-1312,1,4,3,Cumul. Game Winner,1,1
2022,2022-wimbledon-1312,1,4,4,Cumul. Game Winner,1,0
2022,2022-wimbledon-1312,1,4,1,Set Winner,2,3
2022,2022-wimbledon-1312,1,4,2,Set Winner,1,2
2022,2022-wimbledon-1312,1,4,3,Set Winner,1,1
2022,2022-wimbledon-1312,1,4,4,Set Winner,1,0
2022,2022-wimbledon-1312,1,4,1,Cumul. Set Winner,2,3
2022,2022-wimbledon-1312,1,4,2,Cumul. Set Winner,2,2
2022,2022-wimbledon-1312,1,4,3,Cumul. Set Winner,1,1
2022,2022-wimbledon-1312,1,4,4,Cumul. Set Winner,1,0
2022,2022-wimbledon-1312,1,4,1,Cumul. Unf. Error,1,3
2022,2022-wimbledon-1312,1,4,2,Cumul. Unf. Error,2,2
2022,2022-wimbledon-1312,1,4,3,Cumul. Unf. Error,1,1
2022,2022-wimbledon-1312,1,4,4,Cumul. Unf. Error,1,0
2022,2022-wimbledon-1312,1,4,1,Dynamic Model,1,3
2022,2022-wimbledon-1312,1,4,2,Dynamic Model,1,2
2022,2022-wimbledon-1312,1,4,3,Dynamic Model,1,1
2022,2022-wimbledon-1312,1,4,4,Dynamic Model,1,0
2022,2022-wimbledon-1313,2,5,1,Cumul. Point Winner,2,4
2022,2022-wimbledon-1313,2,5,2,Cumul. Point Winner,2,3
2022,2022-wimbledon-1313,2,5,3,Cumul. Point Winner,1,2
2022,2022-wimbledon-1313,2,5,4,Cumul. Point Winner,1,1
2022,2022-wimbledon-1313,2,5,5,Cumul. Point Winner,1,0
2022,2022-wimbledon-1313,2,5,1,Cumul. Game Winner,2,4
2022,2022-wimbledon-1313,2,5,2,Cumul. Game Winner,2,3
2022,2022-wimbledon-1313,2,5,3,Cumul. Game Winner,2,2
2022,2022-wimbledon-1313,2,5,4,Cumul. Game Winner,2,1
2022,2022-wimbledon-1313,2,5,5,Cumul. Game Winner,2,0
2022,2022-wimbledon-1313,2,5,1,Set Winner,2,4
2022,2022-wimbledon-1313,2,5,2,Set Winner,1,3
2022,2022-wimbledon-1313,2,5,3,Set Winner,1,2
2022,2022-wimbledon-1313,2,5,4,Set Winner,2,1
2022,2022-wimbledon-1313,2,5,5,Set Winner,2,0
2022,2022-wimbledon-1313,2,5,1,Cumul. Set Winner,2,4
2022,2022-wimbledon-1313,2,5,2,Cumul. Set Winner,2,3
2022,2022-wimbledon-1313,2,5,3,Cumul. Set Winner,1,2
2022,2022-wimbledon-1313,2,5,4,Cumul. Set Winner,1,1
2022,2022-wimbledon-1313,2,5,5,Cumul. Set Winner,2,0
2022,2022-wimbledon-1313,2,5,1,Cumul. Unf. Error,2,4
2022,2022-wimbledon-1313,2,5,2,Cumul. Unf. Error,2,3
2022,2022-wimbledon-1313,2,5,3,Cumul. Unf. Error,2,2
2022,2022-wimbledon-1313,2,5,4,Cumul. Unf. Error,2,1
2022,2022-wimbledon-1313,2,5,5,Cumul. Unf. Error,2,0
2022,2022-wimbledon-1313,2,5,1,Dynamic Model,2,4
2022,2022-wimbledon-1313,2,5,2,Dynamic Model,2,3
2022,2022-wimbledon-1313,2,5,3,Dynamic Model,1,2
2022,2022-wimbledon-1313,2,5,4,Dynamic Model,1,1
2022,2022-wimbledon-1313,2,5,5,Dynamic Model,2,0
2022,2022-wimbledon-1314,2,3,1,Cumul. Point Winner,2,2
2022,2022-wimbledon-1314,2,3,2,Cumul. Point Winner,2,1
2022,2022-wimbledon-1314,2,3,3,Cumul. Point Winner,2,0
2022,2022-wimbledon-1314,2,3,1,Cumul. Game Winner,2,2
2022,2022-wimbledon-1314,2,3,2,Cumul. Game Winner,2,1
2022,2022-wimbledon-1314,2,3,3,Cumul. Game Winner,2,0
2022,2022-wimbledon-1314,2,3,1,Set Winner,2,2
2022,2022-wimbledon-1314,2,3,2,Set Winner,2,1
2022,2022-wimbledon-1314,2,3,3,Set Winner,2,0
2022,2022-wimbledon-1314,2,3,1,Cumul. Set Winner,2,2
2022,2022-wimbledon-1314,2,3,2,Cumul. Set Winner,2,1
2022,2022-wimbledon-1314,2,3,3,Cumul. Set Winner,2,0
2022,2022-wimbledon-1314,2,3,1,Cumul. Unf. Error,1,2
2022,2022-wimbledon-1314,2,3,2,Cumul. Unf. Error,2,1
2022,2022-wimbledon-1314,2,3,3,Cumul. Unf. Error,2,0
2022,2022-wimbledon-1314,2,3,1,Dynamic Model,2,2
2022,2022-wimbledon-1314,2,3,2,Dynamic Model,2,1
2022,2022-wimbledon-1314,2,3,3,Dynamic Model,2,0
2022,2022-wimbledon-1315,2,4,1,Cumul. Point Winner,2,3
2022,2022-wimbledon-1315,2,4,2,Cumul. Point Winner,2,2
2022,2022-wimbledon-1315,2,4,3,Cumul. Point Winner,1,1
2022,2022-wimbledon-1315,2,4,4,Cumul. Point Winner,2,0
2022,2022-wimbledon-1315,2,4,1,Cumul. Game Winner,2,3
2022,2022-wimbledon-1315,2,4,2,Cumul. Game Winner,1,2
2022,2022-wimbledon-1315,2,4,3,Cumul. Game Winner,1,1
2022,2022-wimbledon-1315,2,4,4,Cumul. Game Winner,2,0
2022,2022-wimbledon-1315,2,4,1,Set Winner,2,3
2022,2022-wimbledon-1315,2,4,2,Set Winner,1,2
2022,2022-wimbledon-1315,2,4,3,Set Winner,2,1
2022,2022-wimbledon-1315,2,4,4,Set Winner,2,0
2022,2022-wimbledon-1315,2,4,1,Cumul. Set Winner,2,3
2022,2022-wimbledon-1315,2,4,2,Cumul. Set Winner,2,2
2022,2022-wimbledon-1315,2,4,3,Cumul. Set Winner,2,1
2022,2022-wimbledon-1315,2,4,4,Cumul. Set Winner,2,0
2022,2022-wimbledon-1315,2,4,1,Cumul. Unf. Error,1,3
2022,2022-wimbledon-1315,2,4,2,Cumul. Unf. Error,1,2
2022,2022-wimbledon-1315,2,4,3,Cumul. Unf. Error,1,1
2022,2022-wimbledon-1315,2,4,4,Cumul. Unf. Error,1,0
2022,2022-wimbledon-1315,2,4,1,Dynamic Model,2,3
2022,2022-wimbledon-1315,2,4,2,Dynamic Model,2,2
2022,2022-wimbledon-1315,2,4,3,Dynamic Model,2,1
2022,2022-wimbledon-1315,2,4,4,Dynamic Model,2,0
2022,2022-wimbledon-1316,2,3,1,Cumul. Point Winner,2,2
2022,2022-wimbledon-1316,2,3,2,Cumul. Point Winner,2,1
2022,2022-wimbledon-1316,2,3,3,Cumul. Point Winner,2,0
2022,2022-wimbledon-1316,2,3,1,Cumul. Game Winner,2,2
2022,2022-wimbledon-1316,2,3,2,Cumul. Game Winner,2,1
2022,2022-wimbledon-1316,2,3,3,Cumul. Game Winner,2,0
2022,2022-wimbledon-1316,2,3,1,Set Winner,2,2
2022,2022-wimbledon-1316,2,3,2,Set Winner,2,1
2022,2022-wimbledon-1316,2,3,3,Set Winner,2,0
2022,2022-wimbledon-1316,2,3,1,Cumul. Set Winner,2,2
2022,2022-wimbledon-1316,2,3,2,Cumul. Set Winner,2,1
2022,2022-wimbledon-1316,2,3,3,Cumul. Set Winner,2,0
2022,2022-wimbledon-1316,2,3,1,Cumul. Unf. Error,2,2
2022,2022-wimbledon-1316,2,3,2,Cumul. Unf. Error,2,1
2022,2022-wimbledon-1316,2,3,3,Cumul. Unf. Error,2,0
2022,2022-wimbledon-1316,2,3,1,Dynamic Model,2,2
2022,2022-wimbledon-1316,2,3,2,Dynamic Model,2,1
2022,2022-wimbledon-1316,2,3,3,Dynamic Model,2,0
2022,2022-wimbledon-1401,1,4,1,Cumul. Point Winner,1,3
2022,2022-wimbledon-1401,1,4,2,Cumul. Point Winner,1,2
2022,2022-wimbledon-1401,1,4,3,Cumul. Point Winner,1,1
2022,2022-wimbledon-1401,1,4,4,Cumul. Point Winner,1,0
2022,2022-wimbledon-1401,1,4,1,Cumul. Game Winner,1,3
2022,2022-wimbledon-1401,1,4,2,Cumul. Game Winner,1,2
2022,2022-wimbledon-1401,1,4,3,Cumul. Game Winner,1,1
2022,2022-wimbledon-1401,1,4,4,Cumul. Game Winner,1,0
2022,2022-wimbledon-1401,1,4,1,Set Winner,1,3
2022,2022-wimbledon-1401,1,4,2,Set Winner,2,2
2022,2022-wimbledon-1401,1,4,3,Set Winner,1,1
2022,2022-wimbledon-1401,1,4,4,Set Winner,1,0
2022,2022-wimbledon-1401,1,4,1,Cumul. Set Winner,1,3
2022,2022-wimbledon-1401,1,4,2,Cumul. Set Winner,1,2
2022,2022-wimbledon-1401,1,4,3,Cumul. Set Winner,1,1
2022,2022-wimbledon-1401,1,4,4,Cumul. Set Winner,1,0
2022,2022-wimbledon-1401,1,4,1,Cumul. Unf. Error,1,3
2022,2022-wimbledon-1401,1,4,2,Cumul. Unf. Error,1,2
2022,2022-wimbledon-1401,1,4,3,Cumul. Unf. Error,1,1
2022,2022-wimbledon-1401,1,4,4,Cumul. Unf. Error,1,0
2022,2022-wimbledon-1401,1,4,1,Dynamic Model,1,3
2022,2022-wimbledon-1401,1,4,2,Dynamic Model,1,2
2022,2022-wimbledon-1401,1,4,3,Dynamic Model,1,1
2022,2022-wimbledon-1401,1,4,4,Dynamic Model,1,0
2022,2022-wimbledon-1402,1,4,1,Cumul. Point Winner,1,3
2022,2022-wimbledon-1402,1,4,2,Cumul. Point Winner,1,2
2022,2022-wimbledon-1402,1,4,3,Cumul. Point Winner,1,1
2022,2022-wimbledon-1402,1,4,4,Cumul. Point Winner,1,0
2022,2022-wimbledon-1402,1,4,1,Cumul. Game Winner,1,3
2022,2022-wimbledon-1402,1,4,2,Cumul. Game Winner,1,2
2022,2022-wimbledon-1402,1,4,3,Cumul. Game Winner,1,1
2022,2022-wimbledon-1402,1,4,4,Cumul. Game Winner,1,0
2022,2022-wimbledon-1402,1,4,1,Set Winner,1,3
2022,2022-wimbledon-1402,1,4,2,Set Winner,1,2
2022,2022-wimbledon-1402,1,4,3,Set Winner,2,1
2022,2022-wimbledon-1402,1,4,4,Set Winner,1,0
2022,2022-wimbledon-1402,1,4,1,Cumul. Set Winner,1,3
2022,2022-wimbledon-1402,1,4,2,Cumul. Set Winner,1,2
2022,2022-wimbledon-1402,1,4,3,Cumul. Set Winner,1,1
2022,2022-wimbledon-1402,1,4,4,Cumul. Set Winner,1,0
2022,2022-wimbledon-1402,1,4,1,Cumul. Unf. Error,1,3
2022,2022-wimbledon-1402,1,4,2,Cumul. Unf. Error,1,2
2022,2022-wimbledon-1402,1,4,3,Cumul. Unf. Error,1,1
2022,2022-wimbledon-1402,1,4,4,Cumul. Unf. Error,2,0
2022,2022-wimbledon-1402,1,4,1,Dynamic Model,1,3
2022,2022-wimbledon-1402,1,4,2,Dynamic Model,1,2
2022,2022-wimbledon-1402,1,4,3,Dynamic Model,1,1
2022,2022-wimbledon-1402,1,4,4,Dynamic Model,1,0
2022,2022-wimbledon-1403,1,5,1,Cumul. Point Winner,1,4
2022,2022-wimbledon-1403,1,5,2,Cumul. Point Winner,2,3
2022,2022-wimbledon-1403,1,5,3,Cumul. Point Winner,2,2
2022,2022-wimbledon-1403,1,5,4,Cumul. Point Winner,1,1
2022,2022-wimbledon-1403,1,5,5,Cumul. Point Winner,1,0
2022,2022-wimbledon-1403,1,5,1,Cumul. Game Winner,1,4
2022,2022-wimbledon-1403,1,5,2,Cumul. Game Winner,2,3
2022,2022-wimbledon-1403,1,5,3,Cumul. Game Winner,2,2
2022,2022-wimbledon-1403,1,5,4,Cumul. Game Winner,2,1
2022,2022-wimbledon-1403,1,5,5,Cumul. Game Winner,1,0
2022,2022-wimbledon-1403,1,5,1,Set Winner,1,4
2022,2022-wimbledon-1403,1,5,2,Set Winner,2,3
2022,2022-wimbledon-1403,1,5,3,Set Winner,2,2
2022,2022-wimbledon-1403,1,5,4,Set Winner,1,1
2022,2022-wimbledon-1403,1,5,5,Set Winner,1,0
2022,2022-wimbledon-1403,1,5,1,Cumul. Set Winner,1,4
2022,2022-wimbledon-1403,1,5,2,Cumul. Set Winner,1,3
2022,2022-wimbledon-1403,1,5,3,Cumul. Set Winner,2,2
2022,2022-wimbledon-1403,1,5,4,Cumul. Set Winner,2,1
2022,2022-wimbledon-1403,1,5,5,Cumul. Set Winner,1,0
2022,2022-wimbledon-1403,1,5,1,Cumul. Unf. Error,1,4
2022,2022-wimbledon-1403,1,5,2,Cumul. Unf. Error,1,3
2022,2022-wimbledon-1403,1,5,3,Cumul. Unf. Error,1,2
2022,2022-wimbledon-1403,1,5,4,Cumul. Unf. Error,1,1
2022,2022-wimbledon-1403,1,5,5,Cumul. Unf. Error,1,0
2022,2022-wimbledon-1403,1,5,1,Dynamic Model,1,4
2022,2022-wimbledon-1403,1,5,2,Dynamic Model,2,3
2022,2022-wimbledon-1403,1,5,3,Dynamic Model,2,2
2022,2022-wimbledon-1403,1,5,4,Dynamic Model,1,1
2022,2022-wimbledon-1403,1,5,5,Dynamic Model,1,0
2022,2022-wimbledon-1404,1,3,1,Cumul. Point Winner,1,2
2022,2022-wimbledon-1404,1,3,2,Cumul. Point Winner,1,1
2022,2022-wimbledon-1404,1,3,3,Cumul. Point Winner,1,0
2022,2022-wimbledon-1404,1,3,1,Cumul. Game Winner,1,2
2022,2022-wimbledon-1404,1,3,2,Cumul. Game Winner,1,1
2022,2022-wimbledon-1404,1,3,3,Cumul. Game Winner,1,0
2022,2022-wimbledon-1404,1,3,1,Set Winner,1,2
2022,2022-wimbledon-1404,1,3,2,Set Winner,1,1
2022,2022-wimbledon-1404,1,3,3,Set Winner,1,0
2022,2022-wimbledon-1404,1,3,1,Cumul. Set Winner,1,2
2022,2022-wimbledon-1404,1,3,2,Cumul. Set Winner,1,1
2022,2022-wimbledon-1404,1,3,3,Cumul. Set Winner,1,0
2022,2022-wimbledon-1404,1,3,1,Cumul. Unf. Error,2,2
2022,2022-wimbledon-1404,1,3,2,Cumul. Unf. Error,2,1
2022,2022-wimbledon-1404,1,3,3,Cumul. Unf. Error,2,0
2022,2022-wimbledon-1404,1,3,1,Dynamic Model,1,2
2022,2022-wimbledon-1404,1,3,2,Dynamic Model,1,1
2022,2022-wimbledon-1404,1,3,3,Dynamic Model,1,0
2022,2022-wimbledon-1405,1,5,1,Cumul. Point Winner,2,4
2022,2022-wimbledon-1405,1,5,2,Cumul. Point Winner,2,3
2022,2022-wimbledon-1405,1,5,3,Cumul. Point Winner,2,2
2022,2022-wimbledon-1405,1,5,4,Cumul. Point Winner,2,1
2022,2022-wimbledon-1405,1,5,5,Cumul. Point Winner,2,0
2022,2022-wimbledon-1405,1,5,1,Cumul. Game Winner,2,4
2022,2022-wimbledon-1405,1,5,2,Cumul. Game Winner,2,3
2022,2022-wimbledon-1405,1,5,3,Cumul. Game Winner,2,2
2022,2022-wimbledon-1405,1,5,4,Cumul. Game Winner,2,1
2022,2022-wimbledon-1405,1,5,5,Cumul. Game Winner,2,0
2022,2022-wimbledon-1405,1,5,1,Set Winner,2,4
2022,2022-wimbledon-1405,1,5,2,Set Winner,2,3
2022,2022-wimbledon-1405,1,5,3,Set Winner,1,2
2022,2022-wimbledon-1405,1,5,4,Set Winner,1,1
2022,2022-wimbledon-1405,1,5,5,Set Winner,1,0
2022,2022-wimbledon-1405,1,5,1,Cumul. Set Winner,2,4
2022,2022-wimbledon-1405,1,5,2,Cumul. Set Winner,2,3
2022,2022-wimbledon-1405,1,5,3,Cumul. Set Winner,2,2
2022,2022-wimbledon-1405,1,5,4,Cumul. Set Winner,2,1
2022,2022-wimbledon-1405,1,5,5,Cumul. Set Winner,1,0
2022,2022-wimbledon-1405,1,5,1,Cumul. Unf. Error,2,4
2022,2022-wimbledon-1405,1,5,2,Cumul. Unf. Error,2,3
2022,2022-wimbledon-1405,1,5,3,Cumul. Unf. Error,2,2
2022,2022-wimbledon-1405,1,5,4,Cumul. Unf. Error,2,1
2022,2022-wimbledon-1405,1,5,5,Cumul. Unf. Error,2,0
2022,2022-wimbledon-1405,1,5,1,Dynamic Model,2,4
2022,2022-wimbledon-1405,1,5,2,Dynamic Model,2,3
2022,2022-wimbledon-1405,1,5,3,Dynamic Model,2,2
2022,2022-wimbledon-1405,1,5,4,Dynamic Model,2,1
2022,2022-wimbledon-1405,1,5,5,Dynamic Model,2,0
2022,2022-wimbledon-1406,2,5,1,Cumul. Point Winner,1,4
2022,2022-wimbledon-1406,2,5,2,Cumul. Point Winner,1,3
2022,2022-wimbledon-1406,2,5,3,Cumul. Point Winner,2,2
2022,2022-wimbledon-1406,2,5,4,Cumul. Point Winner,1,1
2022,2022-wimbledon-1406,2,5,5,Cumul. Point Winner,2,0
2022,2022-wimbledon-1406,2,5,1,Cumul. Game Winner,1,4
2022,2022-wimbledon-1406,2,5,2,Cumul. Game Winner,1,3
2022,2022-wimbledon-1406,2,5,3,Cumul. Game Winner,2,2
2022,2022-wimbledon-1406,2,5,4,Cumul. Game Winner,1,1
2022,2022-wimbledon-1406,2,5,5,Cumul. Game Winner,2,0
2022,2022-wimbledon-1406,2,5,1,Set Winner,1,4
2022,2022-wimbledon-1406,2,5,2,Set Winner,2,3
2022,2022-wimbledon-1406,2,5,3,Set Winner,2,2
2022,2022-wimbledon-1406,2,5,4,Set Winner,1,1
2022,2022-wimbledon-1406,2,5,5,Set Winner,2,0
2022,2022-wimbledon-1406,2,5,1,Cumul. Set Winner,1,4
2022,2022-wimbledon-1406,2,5,2,Cumul. Set Winner,1,3
2022,2022-wimbledon-1406,2,5,3,Cumul. Set Winner,2,2
2022,2022-wimbledon-1406,2,5,4,Cumul. Set Winner,2,1
2022,2022-wimbledon-1406,2,5,5,Cumul. Set Winner,2,0
2022,2022-wimbledon-1406,2,5,1,Cumul. Unf. Error,1,4
2022,2022-wimbledon-1406,2,5,2,Cumul. Unf. Error,1,3
2022,2022-wimbledon-1406,2,5,3,Cumul. Unf. Error,1,2
2022,2022-wimbledon-1406,2,5,4,Cumul. Unf. Error,1,1
2022,2022-wimbledon-1406,2,5,5,Cumul. Unf. Error,1,0
2022,2022-wimbledon-1406,2,5,1,Dynamic Model,1,4
2022,2022-wimbledon-1406,2,5,2,Dynamic Model,1,3
2022,2022-wimbledon-1406,2,5,3,Dynamic Model,2,2
2022,2022-wimbledon-1406,2,5,4,Dynamic Model,1,1
2022,2022-wimbledon-1406,2,5,5,Dynamic Model,2,0
2022,2022-wimbledon-1407,2,3,1,Cumul. Point Winner,2,2
2022,2022-wimbledon-1407,2,3,2,Cumul. Point Winner,2,1
2022,2022-wimbledon-1407,2,3,3,Cumul. Point Winner,2,0
2022,2022-wimbledon-1407,2,3,1,Cumul. Game Winner,2,2
2022,2022-wimbledon-1407,2,3,2,Cumul. Game Winner,2,1
2022,2022-wimbledon-1407,2,3,3,Cumul. Game Winner,2,0
2022,2022-wimbledon-1407,2,3,1,Set Winner,2,2
2022,2022-wimbledon-1407,2,3,2,Set Winner,2,1
2022,2022-wimbledon-1407,2,3,3,Set Winner,2,0
2022,2022-wimbledon-1407,2,3,1,Cumul. Set Winner,2,2
2022,2022-wimbledon-1407,2,3,2,Cumul. Set Winner,2,1
2022,2022-wimbledon-1407,2,3,3,Cumul. Set Winner,2,0
2022,2022-wimbledon-1407,2,3,1,Cumul. Unf. Error,1,2
2022,2022-wimbledon-1407,2,3,2,Cumul. Unf. Error,1,1
2022,2022-wimbledon-1407,2,3,3,Cumul. Unf. Error,1,0
2022,2022-wimbledon-1407,2,3,1,Dynamic Model,2,2
2022,2022-wimbledon-1407,2,3,2,Dynamic Model,2,1
2022,2022-wimbledon-1407,2,3,3,Dynamic Model,2,0
2022,2022-wimbledon-1408,2,3,1,Cumul. Point Winner,2,2
2022,2022-wimbledon-1408,2,3,2,Cumul. Point Winner,2,1
2022,2022-wimbledon-1408,2,3,3,Cumul. Point Winner,2,0
2022,2022-wimbledon-1408,2,3,1,Cumul. Game Winner,2,2
2022,2022-wimbledon-1408,2,3,2,Cumul. Game Winner,2,1
2022,2022-wimbledon-1408,2,3,3,Cumul. Game Winner,2,0
2022,2022-wimbledon-1408,2,3,1,Set Winner,2,2
2022,2022-wimbledon-1408,2,3,2,Set Winner,2,1
2022,2022-wimbledon-1408,2,3,3,Set Winner,2,0
2022,2022-wimbledon-1408,2,3,1,Cumul. Set Winner,2,2
2022,2022-wimbledon-1408,2,3,2,Cumul. Set Winner,2,1
2022,2022-wimbledon-1408,2,3,3,Cumul. Set Winner,2,0
2022,2022-wimbledon-1408,2,3,1,Cumul. Unf. Error,2,2
2022,2022-wimbledon-1408,2,3,2,Cumul. Unf. Error,2,1
2022,2022-wimbledon-1408,2,3,3,Cumul. Unf. Error,2,0
2022,2022-wimbledon-1408,2,3,1,Dynamic Model,2,2
2022,2022-wimbledon-1408,2,3,2,Dynamic Model,2,1
2022,2022-wimbledon-1408,2,3,3,Dynamic Model,2,0
2022,2022-wimbledon-1501,1,5,1,Cumul. Point Winner,2,4
2022,2022-wimbledon-1501,1,5,2,Cumul. Point Winner,2,3
2022,2022-wimbledon-1501,1,5,3,Cumul. Point Winner,2,2
2022,2022-wimbledon-1501,1,5,4,Cumul. Point Winner,1,1
2022,2022-wimbledon-1501,1,5,5,Cumul. Point Winner,1,0
2022,2022-wimbledon-1501,1,5,1,Cumul. Game Winner,2,4
2022,2022-wimbledon-1501,1,5,2,Cumul. Game Winner,2,3
2022,2022-wimbledon-1501,1,5,3,Cumul. Game Winner,2,2
2022,2022-wimbledon-1501,1,5,4,Cumul. Game Winner,1,1
2022,2022-wimbledon-1501,1,5,5,Cumul. Game Winner,1,0
2022,2022-wimbledon-1501,1,5,1,Set Winner,2,4
2022,2022-wimbledon-1501,1,5,2,Set Winner,2,3
2022,2022-wimbledon-1501,1,5,3,Set Winner,1,2
2022,2022-wimbledon-1501,1,5,4,Set Winner,1,1
2022,2022-wimbledon-1501,1,5,5,Set Winner,1,0
2022,2022-wimbledon-1501,1,5,1,Cumul. Set Winner,2,4
2022,2022-wimbledon-1501,1,5,2,Cumul. Set Winner,2,3
2022,2022-wimbledon-1501,1,5,3,Cumul. Set Winner,2,2
2022,2022-wimbledon-1501,1,5,4,Cumul. Set Winner,2,1
2022,2022-wimbledon-1501,1,5,5,Cumul. Set Winner,1,0
2022,2022-wimbledon-1501,1,5,1,Cumul. Unf. Error,2,4
2022,2022-wimbledon-1501,1,5,2,Cumul. Unf. Error,2,3
2022,2022-wimbledon-1501,1,5,3,Cumul. Unf. Error,1,2
2022,2022-wimbledon-1501,1,5,4,Cumul. Unf. Error,1,1
2022,2022-wimbledon-1501,1,5,5,Cumul. Unf. Error,1,0
2022,2022-wimbledon-1501,1,5,1,Dynamic Model,2,4
2022,2022-wimbledon-1501,1,5,2,Dynamic Model,2,3
2022,2022-wimbledon-1501,1,5,3,Dynamic Model,2,2
2022,2022-wimbledon-1501,1,5,4,Dynamic Model,1,1
2022,2022-wimbledon-1501,1,5,5,Dynamic Model,1,0
2022,2022-wimbledon-1502,2,5,1,Cumul. Point Winner,1,4
2022,2022-wimbledon-1502,2,5,2,Cumul. Point Winner,1,3
2022,2022-wimbledon-1502,2,5,3,Cumul. Point Winner,1,2
2022,2022-wimbledon-1502,2,5,4,Cumul. Point Winner,1,1
2022,2022-wimbledon-1502,2,5,5,Cumul. Point Winner,1,0
2022,2022-wimbledon-1502,2,5,1,Cumul. Game Winner,1,4
2022,2022-wimbledon-1502,2,5,2,Cumul. Game Winner,1,3
2022,2022-wimbledon-1502,2,5,3,Cumul. Game Winner,1,2
2022,2022-wimbledon-1502,2,5,4,Cumul. Game Winner,1,1
2022,2022-wimbledon-1502,2,5,5,Cumul. Game Winner,1,0
2022,2022-wimbledon-1502,2,5,1,Set Winner,1,4
2022,2022-wimbledon-1502,2,5,2,Set Winner,2,3
2022,2022-wimbledon-1502,2,5,3,Set Winner,1,2
2022,2022-wimbledon-1502,2,5,4,Set Winner,2,1
2022,2022-wimbledon-1502,2,5,5,Set Winner,2,0
2022,2022-wimbledon-1502,2,5,1,Cumul. Set Winner,1,4
2022,2022-wimbledon-1502,2,5,2,Cumul. Set Winner,1,3
2022,2022-wimbledon-1502,2,5,3,Cumul. Set Winner,1,2
2022,2022-wimbledon-1502,2,5,4,Cumul. Set Winner,1,1
2022,2022-wimbledon-1502,2,5,5,Cumul. Set Winner,2,0
2022,2022-wimbledon-1502,2,5,1,Cumul. Unf. Error,1,4
2022,2022-wimbledon-1502,2,5,2,Cumul. Unf. Error,1,3
2022,2022-wimbledon-1502,2,5,3,Cumul. Unf. Error,1,2
2022,2022-wimbledon-1502,2,5,4,Cumul. Unf. Error,1,1
2022,2022-wimbledon-1502,2,5,5,Cumul. Unf. Error,1,0
2022,2022-wimbledon-1502,2,5,1,Dynamic Model,1,4
2022,2022-wimbledon-1502,2,5,2,Dynamic Model,1,3
2022,2022-wimbledon-1502,2,5,3,Dynamic Model,1,2
2022,2022-wimbledon-1502,2,5,4,Dynamic Model,1,1
2022,2022-wimbledon-1502,2,5,5,Dynamic Model,2,0
2022,2022-wimbledon-1503,2,3,1,Cumul. Point Winner,2,2
2022,2022-wimbledon-1503,2,3,2,Cumul. Point Winner,2,1
2022,2022-wimbledon-1503,2,3,3,Cumul. Point Winner,2,0
2022,2022-wimbledon-1503,2,3,1,Cumul. Game Winner,2,2
2022,2022-wimbledon-1503,2,3,2,Cumul. Game Winner,2,1
2022,2022-wimbledon-1503,2,3,3,Cumul. Game Winner,2,0
2022,2022-wimbledon-1503,2,3,1,Set Winner,2,2
2022,2022-wimbledon-1503,2,3,2,Set Winner,2,1
2022,2022-wimbledon-1503,2,3,3,Set Winner,2,0
2022,2022-wimbledon-1503,2,3,1,Cumul. Set Winner,2,2
2022,2022-wimbledon-1503,2,3,2,Cumul. Set Winner,2,1
2022,2022-wimbledon-1503,2,3,3,Cumul. Set Winner,2,0
2022,2022-wimbledon-1503,2,3,1,Cumul. Unf. Error,1,2
2022,2022-wimbledon-1503,2,3,2,Cumul. Unf. Error,2,1
2022,2022-wimbledon-1503,2,3,3,Cumul. Unf. Error,1,0
2022,2022-wimbledon-1503,2,3,1,Dynamic Model,2,2
2022,2022-wimbledon-1503,2,3,2,Dynamic Model,2,1
2022,2022-wimbledon-1503,2,3,3,Dynamic Model,2,0
2022,2022-wimbledon-1504,2,5,1,Cumul. Point Winner,1,4
2022,2022-wimbledon-1504,2,5,2,Cumul. Point Winner,1,3
2022,2022-wimbledon-1504,2,5,3,Cumul. Point Winner,1,2
2022,2022-wimbledon-1504,2,5,4,Cumul. Point Winner,1,1
2022,2022-wimbledon-1504,2,5,5,Cumul. Point Winner,1,0
2022,2022-wimbledon-1504,2,5,1,Cumul. Game Winner,1,4
2022,2022-wimbledon-1504,2,5,2,Cumul. Game Winner,1,3
2022,2022-wimbledon-1504,2,5,3,Cumul. Game Winner,1,2
2022,2022-wimbledon-1504,2,5,4,Cumul. Game Winner,1,1
2022,2022-wimbledon-1504,2,5,5,Cumul. Game Winner,1,0
2022,2022-wimbledon-1504,2,5,1,Set Winner,1,4
2022,2022-wimbledon-1504,2,5,2,Set Winner,2,3
2022,2022-wimbledon-1504,2,5,3,Set Winner,1,2
2022,2022-wimbledon-1504,2,5,4,Set Winner,2,1
2022,2022-wimbledon-1504,2,5,5,Set Winner,2,0
2022,2022-wimbledon-1504,2,5,1,Cumul. Set Winner,1,4
2022,2022-wimbledon-1504,2,5,2,Cumul. Set Winner,1,3
2022,2022-wimbledon-1504,2,5,3,Cumul. Set Winner,1,2
2022,2022-wimbledon-1504,2,5,4,Cumul. Set Winner,1,1
2022,2022-wimbledon-1504,2,5,5,Cumul. Set Winner,2,0
2022,2022-wimbledon-1504,2,5,1,Cumul. Unf. Error,1,4
2022,2022-wimbledon-1504,2,5,2,Cumul. Unf. Error,1,3
2022,2022-wimbledon-1504,2,5,3,Cumul. Unf. Error,1,2
2022,2022-wimbledon-1504,2,5,4,Cumul. Unf. Error,1,1
2022,2022-wimbledon-1504,2,5,5,Cumul. Unf. Error,1,0
2022,2022-wimbledon-1504,2,5,1,Dynamic Model,1,4
2022,2022-wimbledon-1504,2,5,2,Dynamic Model,1,3
2022,2022-wimbledon-1504,2,5,3,Dynamic Model,1,2
2022,2022-wimbledon-1504,2,5,4,Dynamic Model,1,1
2022,2022-wimbledon-1504,2,5,5,Dynamic Model,2,0
2022,2022-wimbledon-1601,1,4,1,Cumul. Point Winner,2,3
2022,2022-wimbledon-1601,1,4,2,Cumul. Point Winner,1,2
2022,2022-wimbledon-1601,1,4,3,Cumul. Point Winner,1,1
2022,2022-wimbledon-1601,1,4,4,Cumul. Point Winner,1,0
2022,2022-wimbledon-1601,1,4,1,Cumul. Game Winner,2,3
2022,2022-wimbledon-1601,1,4,2,Cumul. Game Winner,2,2
2022,2022-wimbledon-1601,1,4,3,Cumul. Game Winner,1,1
2022,2022-wimbledon-1601,1,4,4,Cumul. Game Winner,1,0
2022,2022-wimbledon-1601,1,4,1,Set Winner,2,3
2022,2022-wimbledon-1601,1,4,2,Set Winner,1,2
2022,2022-wimbledon-1601,1,4,3,Set Winner,1,1
2022,2022-wimbledon-1601,1,4,4,Set Winner,1,0
2022,2022-wimbledon-1601,1,4,1,Cumul. Set Winner,2,3
2022,2022-wimbledon-1601,1,4,2,Cumul. Set Winner,2,2
2022,2022-wimbledon-1601,1,4,3,Cumul. Set Winner,1,1
2022,2022-wimbledon-1601,1,4,4,Cumul. Set Winner,1,0
2022,2022-wimbledon-1601,1,4,1,Cumul. Unf. Error,2,3
2022,2022-wimbledon-1601,1,4,2,Cumul. Unf. Error,1,2
2022,2022-wimbledon-1601,1,4,3,Cumul. Unf. Error,1,1
2022,2022-wimbledon-1601,1,4,4,Cumul. Unf. Error,1,0
2022,2022-wimbledon-1601,1,4,1,Dynamic Model,2,3
2022,2022-wimbledon-1601,1,4,2,Dynamic Model,1,2
2022,2022-wimbledon-1601,1,4,3,Dynamic Model,1,1
2022,2022-wimbledon-1601,1,4,4,Dynamic Model,1,0
2022,2022-wimbledon-1701,1,4,1,Cumul. Point Winner,2,3
2022,2022-wimbledon-1701,1,4,2,Cumul. Point Winner,1,2
2022,2022-wimbledon-1701,1,4,3,Cumul. Point Winner,1,1
2022,2022-wimbledon-1701,1,4,4,Cumul. Point Winner,1,0
2022,2022-wimbledon-1701,1,4,1,Cumul. Game Winner,2,3
2022,2022-wimbledon-1701,1,4,2,Cumul. Game Winner,1,2
2022,2022-wimbledon-1701,1,4,3,Cumul. Game Winner,1,1
2022,2022-wimbledon-1701,1,4,4,Cumul. Game Winner,1,0
2022,2022-wimbledon-1701,1,4,1,Set Winner,2,3
2022,2022-wimbledon-1701,1,4,2,Set Winner,1,2
2022,2022-wimbledon-1701,1,4,3,Set Winner,1,1
2022,2022-wimbledon-1701,1,4,4,Set Winner,1,0
2022,2022-wimbledon-1701,1,4,1,Cumul. Set Winner,2,3
2022,2022-wimbledon-1701,1,4,2,Cumul. Set Winner,2,2
2022,2022-wimbledon-1701,1,4,3,Cumul. Set Winner,1,1
2022,2022-wimbledon-1701,1,4,4,Cumul. Set Winner,1,0
2022,2022-wimbledon-1701,1,4,1,Cumul. Unf. Error,2,3
2022,2022-wimbledon-1701,1,4,2,Cumul. Unf. Error,1,2
2022,2022-wimbledon-1701,1,4,3,Cumul. Unf. Error,1,1
2022,2022-wimbledon-1701,1,4,4,Cumul. Unf. Error,1,0
2022,2022-wimbledon-1701,1,4,1,Dynamic Model,2,3
2022,2022-wimbledon-1701,1,4,2,Dynamic Model,1,2
2022,2022-wimbledon-1701,1,4,3,Dynamic Model,1,1
2022,2022-wimbledon-1701,1,4,4,Dynamic Model,1,0
2022,2022-wimbledon-2136,2,2,1,Cumul. Point Winner,2,1
2022,2022-wimbledon-2136,2,2,2,Cumul. Point Winner,2,0
2022,2022-wimbledon-2136,2,2,1,Cumul. Game Winner,2,1
2022,2022-wimbledon-2136,2,2,2,Cumul. Game Winner,2,0
2022,2022-wimbledon-2136,2,2,1,Set Winner,2,1
2022,2022-wimbledon-2136,2,2,2,Set Winner,2,0
2022,2022-wimbledon-2136,2,2,1,Cumul. Set Winner,2,1
2022,2022-wimbledon-2136,2,2,2,Cumul. Set Winner,2,0
2022,2022-wimbledon-2136,2,2,1,Cumul. Unf. Error,2,1
2022,2022-wimbledon-2136,2,2,2,Cumul. Unf. Error,2,0
2022,2022-wimbledon-2136,2,2,1,Dynamic Model,2,1
2022,2022-wimbledon-2136,2,2,2,Dynamic Model,2,0
2023,2023-wimbledon-1301,1,4,1,Cumul. Point Winner,1,3
2023,2023-wimbledon-1301,1,4,2,Cumul. Point Winner,1,2
2023,2023-wimbledon-1301,1,4,3,Cumul. Point Winner,1,1
2023,2023-wimbledon-1301,1,4,4,Cumul. Point Winner,1,0
2023,2023-wimbledon-1301,1,4,1,Cumul. Game Winner,1,3
2023,2023-wimbledon-1301,1,4,2,Cumul. Game Winner,1,2
2023,2023-wimbledon-1301,1,4,3,Cumul. Game Winner,1,1
2023,2023-wimbledon-1301,1,4,4,Cumul. Game Winner,1,0
2023,2023-wimbledon-1301,1,4,1,Set Winner,1,3
2023,2023-wimbledon-1301,1,4,2,Set Winner,2,2
2023,2023-wimbledon-1301,1,4,3,Set Winner,1,1
2023,2023-wimbledon-1301,1,4,4,Set Winner,1,0
2023,2023-wimbledon-1301,1,4,1,Cumul. Set Winner,1,3
2023,2023-wimbledon-1301,1,4,2,Cumul. Set Winner,1,2
2023,2023-wimbledon-1301,1,4,3,Cumul. Set Winner,1,1
2023,2023-wimbledon-1301,1,4,4,Cumul. Set Winner,1,0
2023,2023-wimbledon-1301,1,4,1,Cumul. Unf. Error,1,3
2023,2023-wimbledon-1301,1,4,2,Cumul. Unf. Error,1,2
2023,2023-wimbledon-1301,1,4,3,Cumul. Unf. Error,1,1
2023,2023-wimbledon-1301,1,4,4,Cumul. Unf. Error,1,0
2023,2023-wimbledon-1301,1,4,1,Dynamic Model,1,3
2023,2023-wimbledon-1301,1,4,2,Dynamic Model,2,2
2023,2023-wimbledon-1301,1,4,3,Dynamic Model,1,1
2023,2023-wimbledon-1301,1,4,4,Dynamic Model,1,0
2023,2023-wimbledon-1302,2,3,1,Cumul. Point Winner,2,2
2023,2023-wimbledon-1302,2,3,2,Cumul. Point Winner,2,1
2023,2023-wimbledon-1302,2,3,3,Cumul. Point Winner,2,0
2023,2023-wimbledon-1302,2,3,1,Cumul. Game Winner,2,2
2023,2023-wimbledon-1302,2,3,2,Cumul. Game Winner,2,1
2023,2023-wimbledon-1302,2,3,3,Cumul. Game Winner,2,0
2023,2023-wimbledon-1302,2,3,1,Set Winner,2,2
2023,2023-wimbledon-1302,2,3,2,Set Winner,2,1
2023,2023-wimbledon-1302,2,3,3,Set Winner,2,0
2023,2023-wimbledon-1302,2,3,1,Cumul. Set Winner,2,2
2023,2023-wimbledon-1302,2,3,2,Cumul. Set Winner,2,1
2023,2023-wimbledon-1302,2,3,3,Cumul. Set Winner,2,0
2023,2023-wimbledon-1302,2,3,1,Cumul. Unf. Error,1,2
2023,2023-wimbledon-1302,2,3,2,Cumul. Unf. Error,1,1
2023,2023-wimbledon-1302,2,3,3,Cumul. Unf. Error,2,0
2023,2023-wimbledon-1302,2,3,1,Dynamic Model,2,2
2023,2023-wimbledon-1302,2,3,2,Dynamic Model,2,1
2023,2023-wimbledon-1302,2,3,3,Dynamic Model,2,0
2023,2023-wimbledon-1303,2,3,1,Cumul. Point Winner,2,2
2023,2023-wimbledon-1303,2,3,2,Cumul. Point Winner,2,1
2023,2023-wimbledon-1303,2,3,3,Cumul. Point Winner,2,0
2023,2023-wimbledon-1303,2,3,1,Cumul. Game Winner,2,2
2023,2023-wimbledon-1303,2,3,2,Cumul. Game Winner,2,1
2023,2023-wimbledon-1303,2,3,3,Cumul. Game Winner,2,0
2023,2023-wimbledon-1303,2,3,1,Set Winner,2,2
2023,2023-wimbledon-1303,2,3,2,Set Winner,2,1
2023,2023-wimbledon-1303,2,3,3,Set Winner,2,0
2023,2023-wimbledon-1303,2,3,1,Cumul. Set Winner,2,2
2023,2023-wimbledon-1303,2,3,2,Cumul. Set Winner,2,1
2023,2023-wimbledon-1303,2,3,3,Cumul. Set Winner,2,0
2023,2023-wimbledon-1303,2,3,1,Cumul. Unf. Error,2,2
2023,2023-wimbledon-1303,2,3,2,Cumul. Unf. Error,2,1
2023,2023-wimbledon-1303,2,3,3,Cumul. Unf. Error,2,0
2023,2023-wimbledon-1303,2,3,1,Dynamic Model,2,2
2023,2023-wimbledon-1303,2,3,2,Dynamic Model,2,1
2023,2023-wimbledon-1303,2,3,3,Dynamic Model,2,0
2023,2023-wimbledon-1304,2,5,1,Cumul. Point Winner,2,4
2023,2023-wimbledon-1304,2,5,2,Cumul. Point Winner,1,3
2023,2023-wimbledon-1304,2,5,3,Cumul. Point Winner,1,2
2023,2023-wimbledon-1304,2,5,4,Cumul. Point Winner,1,1
2023,2023-wimbledon-1304,2,5,5,Cumul. Point Winner,1,0
2023,2023-wimbledon-1304,2,5,1,Cumul. Game Winner,2,4
2023,2023-wimbledon-1304,2,5,2,Cumul. Game Winner,2,3
2023,2023-wimbledon-1304,2,5,3,Cumul. Game Winner,1,2
2023,2023-wimbledon-1304,2,5,4,Cumul. Game Winner,1,1
2023,2023-wimbledon-1304,2,5,5,Cumul. Game Winner,2,0
2023,2023-wimbledon-1304,2,5,1,Set Winner,2,4
2023,2023-wimbledon-1304,2,5,2,Set Winner,1,3
2023,2023-wimbledon-1304,2,5,3,Set Winner,1,2
2023,2023-wimbledon-1304,2,5,4,Set Winner,2,1
2023,2023-wimbledon-1304,2,5,5,Set Winner,2,0
2023,2023-wimbledon-1304,2,5,1,Cumul. Set Winner,2,4
2023,2023-wimbledon-1304,2,5,2,Cumul. Set Winner,2,3
2023,2023-wimbledon-1304,2,5,3,Cumul. Set Winner,1,2
2023,2023-wimbledon-1304,2,5,4,Cumul. Set Winner,1,1
2023,2023-wimbledon-1304,2,5,5,Cumul. Set Winner,2,0
2023,2023-wimbledon-1304,2,5,1,Cumul. Unf. Error,1,4
2023,2023-wimbledon-1304,2,5,2,Cumul. Unf. Error,1,3
2023,2023-wimbledon-1304,2,5,3,Cumul. Unf. Error,1,2
2023,2023-wimbledon-1304,2,5,4,Cumul. Unf. Error,1,1
2023,2023-wimbledon-1304,2,5,5,Cumul. Unf. Error,1,0
2023,2023-wimbledon-1304,2,5,1,Dynamic Model,2,4
2023,2023-wimbledon-1304,2,5,2,Dynamic Model,1,3
2023,2023-wimbledon-1304,2,5,3,Dynamic Model,1,2
2023,2023-wimbledon-1304,2,5,4,Dynamic Model,1,1
2023,2023-wimbledon-1304,2,5,5,Dynamic Model,1,0
2023,2023-wimbledon-1305,1,4,1,Cumul. Point Winner,2,3
2023,2023-wimbledon-1305,1,4,2,Cumul. Point Winner,1,2
2023,2023-wimbledon-1305,1,4,3,Cumul. Point Winner,1,1
2023,2023-wimbledon-1305,1,4,4,Cumul. Point Winner,1,0
2023,2023-wimbledon-1305,1,4,1,Cumul. Game Winner,2,3
2023,2023-wimbledon-1305,1,4,2,Cumul. Game Winner,1,2
2023,2023-wimbledon-1305,1,4,3,Cumul. Game Winner,1,1
2023,2023-wimbledon-1305,1,4,4,Cumul. Game Winner,1,0
2023,2023-wimbledon-1305,1,4,1,Set Winner,2,3
2023,2023-wimbledon-1305,1,4,2,Set Winner,1,2
2023,2023-wimbledon-1305,1,4,3,Set Winner,1,1
2023,2023-wimbledon-1305,1,4,4,Set Winner,1,0
2023,2023-wimbledon-1305,1,4,1,Cumul. Set Winner,2,3
2023,2023-wimbledon-1305,1,4,2,Cumul. Set Winner,2,2
2023,2023-wimbledon-1305,1,4,3,Cumul. Set Winner,1,1
2023,2023-wimbledon-1305,1,4,4,Cumul. Set Winner,1,0
2023,2023-wimbledon-1305,1,4,1,Cumul. Unf. Error,2,3
2023,2023-wimbledon-1305,1,4,2,Cumul. Unf. Error,2,2
2023,2023-wimbledon-1305,1,4,3,Cumul. Unf. Error,1,1
2023,2023-wimbledon-1305,1,4,4,Cumul. Unf. Error,1,0
2023,2023-wimbledon-1305,1,4,1,Dynamic Model,2,3
2023,2023-wimbledon-1305,1,4,2,Dynamic Model,2,2
2023,2023-wimbledon-1305,1,4,3,Dynamic Model,1,1
2023,2023-wimbledon-1305,1,4,4,Dynamic Model,1,0
2023,2023-wimbledon-1306,1,5,1,Cumul. Point Winner,1,4
2023,2023-wimbledon-1306,1,5,2,Cumul. Point Winner,1,3
2023,2023-wimbledon-1306,1,5,3,Cumul. Point Winner,1,2
2023,2023-wimbledon-1306,1,5,4,Cumul. Point Winner,1,1
2023,2023-wimbledon-1306,1,5,5,Cumul. Point Winner,1,0
2023,2023-wimbledon-1306,1,5,1,Cumul. Game Winner,1,4
2023,2023-wimbledon-1306,1,5,2,Cumul. Game Winner,1,3
2023,2023-wimbledon-1306,1,5,3,Cumul. Game Winner,1,2
2023,2023-wimbledon-1306,1,5,4,Cumul. Game Winner,1,1
2023,2023-wimbledon-1306,1,5,5,Cumul. Game Winner,1,0
2023,2023-wimbledon-1306,1,5,1,Set Winner,1,4
2023,2023-wimbledon-1306,1,5,2,Set Winner,1,3
2023,2023-wimbledon-1306,1,5,3,Set Winner,2,2
2023,2023-wimbledon-1306,1,5,4,Set Winner,2,1
2023,2023-wimbledon-1306,1,5,5,Set Winner,1,0
2023,2023-wimbledon-1306,1,5,1,Cumul. Set Winner,1,4
2023,2023-wimbledon-1306,1,5,2,Cumul. Set Winner,1,3
2023,2023-wimbledon-1306,1,5,3,Cumul. Set Winner,1,2
2023,2023-wimbledon-1306,1,5,4,Cumul. Set Winner,1,1
2023,2023-wimbledon-1306,1,5,5,Cumul. Set Winner,1,0
2023,2023-wimbledon-1306,1,5,1,Cumul. Unf. Error,2,4
2023,2023-wimbledon-1306,1,5,2,Cumul. Unf. Error,2,3
2023,2023-wimbledon-1306,1,5,3,Cumul. Unf. Error,2,2
2023,2023-wimbledon-1306,1,5,4,Cumul. Unf. Error,2,1
2023,2023-wimbledon-1306,1,5,5,Cumul. Unf. Error,2,0
2023,2023-wimbledon-1306,1,5,1,Dynamic Model,1,4
2023,2023-wimbledon-1306,1,5,2,Dynamic Model,1,3
2023,2023-wimbledon-1306,1,5,3,Dynamic Model,1,2
2023,2023-wimbledon-1306,1,5,4,Dynamic Model,1,1
2023,2023-wimbledon-1306,1,5,5,Dynamic Model,1,0
2023,2023-wimbledon-1307,1,3,1,Cumul. Point Winner,1,2
2023,2023-wimbledon-1307,1,3,2,Cumul. Point Winner,1,1
2023,2023-wimbledon-1307,1,3,3,Cumul. Point Winner,1,0
2023,2023-wimbledon-1307,1,3,1,Cumul. Game Winner,1,2
2023,2023-wimbledon-1307,1,3,2,Cumul. Game Winner,1,1
2023,2023-wimbledon-1307,1,3,3,Cumul. Game Winner,1,0
2023,2023-wimbledon-1307,1,3,1,Set Winner,1,2
2023,2023-wimbledon-1307,1,3,2,Set Winner,1,1
2023,2023-wimbledon-1307,1,3,3,Set Winner,1,0
2023,2023-wimbledon-1307,1,3,1,Cumul. Set Winner,1,2
2023,2023-wimbledon-1307,1,3,2,Cumul. Set Winner,1,1
2023,2023-wimbledon-1307,1,3,3,Cumul. Set Winner,1,0
2023,2023-wimbledon-1307,1,3,1,Cumul. Unf. Error,1,2
2023,2023-wimbledon-1307,1,3,2,Cumul. Unf. Error,2,1
2023,2023-wimbledon-1307,1,3,3,Cumul. Unf. Error,2,0
2023,2023-wimbledon-1307,1,3,1,Dynamic Model,1,2
2023,2023-wimbledon-1307,1,3,2,Dynamic Model,1,1
2023,2023-wimbledon-1307,1,3,3,Dynamic Model,1,0
2023,2023-wimbledon-1308,2,3,1,Cumul. Point Winner,2,2
2023,2023-wimbledon-1308,2,3,2,Cumul. Point Winner,2,1
2023,2023-wimbledon-1308,2,3,3,Cumul. Point Winner,2,0
2023,2023-wimbledon-1308,2,3,1,Cumul. Game Winner,2,2
2023,2023-wimbledon-1308,2,3,2,Cumul. Game Winner,2,1
2023,2023-wimbledon-1308,2,3,3,Cumul. Game Winner,2,0
2023,2023-wimbledon-1308,2,3,1,Set Winner,2,2
2023,2023-wimbledon-1308,2,3,2,Set Winner,2,1
2023,2023-wimbledon-1308,2,3,3,Set Winner,2,0
2023,2023-wimbledon-1308,2,3,1,Cumul. Set Winner,2,2
2023,2023-wimbledon-1308,2,3,2,Cumul. Set Winner,2,1
2023,2023-wimbledon-1308,2,3,3,Cumul. Set Winner,2,0
2023,2023-wimbledon-1308,2,3,1,Cumul. Unf. Error,1,2
2023,2023-wimbledon-1308,2,3,2,Cumul. Unf. Error,1,1
2023,2023-wimbledon-1308,2,3,3,Cumul. Unf. Error,1,0
2023,2023-wimbledon-1308,2,3,1,Dynamic Model,2,2
2023,2023-wimbledon-1308,2,3,2,Dynamic Model,2,1
2023,2023-wimbledon-1308,2,3,3,Dynamic Model,2,0
2023,2023-wimbledon-1309,1,4,1,Cumul. Point Winner,2,3
2023,2023-wimbledon-1309,1,4,2,Cumul. Point Winner,1,2
2023,2023-wimbledon-1309,1,4,3,Cumul. Point Winner,1,1
2023,2023-wimbledon-1309,1,4,4,Cumul. Point Winner,1,0
2023,2023-wimbledon-1309,1,4,1,Cumul. Game Winner,2,3
2023,2023-wimbledon-1309,1,4,2,Cumul. Game Winner,1,2
2023,2023-wimbledon-1309,1,4,3,Cumul. Game Winner,1,1
2023,2023-wimbledon-1309,1,4,4,Cumul. Game Winner,1,0
2023,2023-wimbledon-1309,1,4,1,Set Winner,2,3
2023,2023-wimbledon-1309,1,4,2,Set Winner,1,2
2023,2023-wimbledon-1309,1,4,3,Set Winner,1,1
2023,2023-wimbledon-1309,1,4,4,Set Winner,1,0
2023,2023-wimbledon-1309,1,4,1,Cumul. Set Winner,2,3
2023,2023-wimbledon-1309,1,4,2,Cumul. Set Winner,2,2
2023,2023-wimbledon-1309,1,4,3,Cumul. Set Winner,1,1
2023,2023-wimbledon-1309,1,4,4,Cumul. Set Winner,1,0
2023,2023-wimbledon-1309,1,4,1,Cumul. Unf. Error,1,3
2023,2023-wimbledon-1309,1,4,2,Cumul. Unf. Error,1,2
2023,2023-wimbledon-1309,1,4,3,Cumul. Unf. Error,1,1
2023,2023-wimbledon-1309,1,4,4,Cumul. Unf. Error,1,0
2023,2023-wimbledon-1309,1,4,1,Dynamic Model,2,3
2023,2023-wimbledon-1309,1,4,2,Dynamic Model,1,2
2023,2023-wimbledon-1309,1,4,3,Dynamic Model,1,1
2023,2023-wimbledon-1309,1,4,4,Dynamic Model,1,0
2023,2023-wimbledon-1310,1,5,1,Cumul. Point Winner,1,4
2023,2023-wimbledon-1310,1,5,2,Cumul. Point Winner,1,3
2023,2023-wimbledon-1310,1,5,3,Cumul. Point Winner,1,2
2023,2023-wimbledon-1310,1,5,4,Cumul. Point Winner,2,1
2023,2023-wimbledon-1310,1,5,5,Cumul. Point Winner,1,0
2023,2023-wimbledon-1310,1,5,1,Cumul. Game Winner,1,4
2023,2023-wimbledon-1310,1,5,2,Cumul. Game Winner,1,3
2023,2023-wimbledon-1310,1,5,3,Cumul. Game Winner,1,2
2023,2023-wimbledon-1310,1,5,4,Cumul. Game Winner,1,1
2023,2023-wimbledon-1310,1,5,5,Cumul. Game Winner,1,0
2023,2023-wimbledon-1310,1,5,1,Set Winner,1,4
2023,2023-wimbledon-1310,1,5,2,Set Winner,2,3
2023,2023-wimbledon-1310,1,5,3,Set Winner,1,2
2023,2023-wimbledon-1310,1,5,4,Set Winner,2,1
2023,2023-wimbledon-1310,1,5,5,Set Winner,1,0
2023,2023-wimbledon-1310,1,5,1,Cumul. Set Winner,1,4
2023,2023-wimbledon-1310,1,5,2,Cumul. Set Winner,1,3
2023,2023-wimbledon-1310,1,5,3,Cumul. Set Winner,1,2
2023,2023-wimbledon-1310,1,5,4,Cumul. Set Winner,1,1
2023,2023-wimbledon-1310,1,5,5,Cumul. Set Winner,1,0
2023,2023-wimbledon-1310,1,5,1,Cumul. Unf. Error,1,4
2023,2023-wimbledon-1310,1,5,2,Cumul. Unf. Error,1,3
2023,2023-wimbledon-1310,1,5,3,Cumul. Unf. Error,1,2
2023,2023-wimbledon-1310,1,5,4,Cumul. Unf. Error,2,1
2023,2023-wimbledon-1310,1,5,5,Cumul. Unf. Error,1,0
2023,2023-wimbledon-1310,1,5,1,Dynamic Model,1,4
2023,2023-wimbledon-1310,1,5,2,Dynamic Model,1,3
2023,2023-wimbledon-1310,1,5,3,Dynamic Model,1,2
2023,2023-wimbledon-1310,1,5,4,Dynamic Model,2,1
2023,2023-wimbledon-1310,1,5,5,Dynamic Model,1,0
2023,2023-wimbledon-1311,2,3,1,Cumul. Point Winner,2,2
2023,2023-wimbledon-1311,2,3,2,Cumul. Point Winner,2,1
2023,2023-wimbledon-1311,2,3,3,Cumul. Point Winner,2,0
2023,2023-wimbledon-1311,2,3,1,Cumul. Game Winner,2,2
2023,2023-wimbledon-1311,2,3,2,Cumul. Game Winner,2,1
2023,2023-wimbledon-1311,2,3,3,Cumul. Game Winner,2,0
2023,2023-wimbledon-1311,2,3,1,Set Winner,2,2
2023,2023-wimbledon-1311,2,3,2,Set Winner,2,1
2023,2023-wimbledon-1311,2,3,3,Set Winner,2,0
2023,2023-wimbledon-1311,2,3,1,Cumul. Set Winner,2,2
2023,2023-wimbledon-1311,2,3,2,Cumul. Set Winner,2,1
2023,2023-wimbledon-1311,2,3,3,Cumul. Set Winner,2,0
2023,2023-wimbledon-1311,2,3,1,Cumul. Unf. Error,1,2
2023,2023-wimbledon-1311,2,3,2,Cumul. Unf. Error,1,1
2023,2023-wimbledon-1311,2,3,3,Cumul. Unf. Error,1,0
2023,2023-wimbledon-1311,2,3,1,Dynamic Model,2,2
2023,2023-wimbledon-1311,2,3,2,Dynamic Model,2,1
2023,2023-wimbledon-1311,2,3,3,Dynamic Model,2,0
2023,2023-wimbledon-1312,1,4,1,Cumul. Point Winner,2,3
2023,2023-wimbledon-1312,1,4,2,Cumul. Point Winner,1,2
2023,2023-wimbledon-1312,1,4,3,Cumul. Point Winner,1,1
2023,2023-wimbledon-1312,1,4,4,Cumul. Point Winner,1,0
2023,2023-wimbledon-1312,1,4,1,Cumul. Game Winner,2,3
2023,2023-wimbledon-1312,1,4,2,Cumul. Game Winner,1,2
2023,2023-wimbledon-1312,1,4,3,Cumul. Game Winner,1,1
2023,2023-wimbledon-1312,1,4,4,Cumul. Game Winner,1,0
2023,2023-wimbledon-1312,1,4,1,Set Winner,2,3
2023,2023-wimbledon-1312,1,4,2,Set Winner,1,2
2023,2023-wimbledon-1312,1,4,3,Set Winner,1,1
2023,2023-wimbledon-1312,1,4,4,Set Winner,1,0
2023,2023-wimbledon-1312,1,4,1,Cumul. Set Winner,2,3
2023,2023-wimbledon-1312,1,4,2,Cumul. Set Winner,2,2
2023,2023-wimbledon-1312,1,4,3,Cumul. Set Winner,1,1
2023,2023-wimbledon-1312,1,4,4,Cumul. Set Winner,1,0
2023,2023-wimbledon-1312,1,4,1,Cumul. Unf. Error,2,3
2023,2023-wimbledon-1312,1,4,2,Cumul. Unf. Error,2,2
2023,2023-wimbledon-1312,1,4,3,Cumul. Unf. Error,2,1
2023,2023-wimbledon-1312,1,4,4,Cumul. Unf. Error,2,0
2023,2023-wimbledon-1312,1,4,1,Dynamic Model,2,3
2023,2023-wimbledon-1312,1,4,2,Dynamic Model,2,2
2023,2023-wimbledon-1312,1,4,3,Dynamic Model,1,1
2023,2023-wimbledon-1312,1,4,4,Dynamic Model,1,0
2023,2023-wimbledon-1313,1,4,1,Cumul. Point Winner,1,3
2023,2023-wimbledon-1313,1,4,2,Cumul. Point Winner,1,2
2023,2023-wimbledon-1313,1,4,3,Cumul. Point Winner,1,1
2023,2023-wimbledon-1313,1,4,4,Cumul. Point Winner,1,0
2023,2023-wimbledon-1313,1,4,1,Cumul. Game Winner,1,3
2023,2023-wimbledon-1313,1,4,2,Cumul. Game Winner,1,2
2023,2023-wimbledon-1313,1,4,3,Cumul. Game Winner,1,1
2023,2023-wimbledon-1313,1,4,4,Cumul. Game Winner,1,0
2023,2023-wimbledon-1313,1,4,1,Set Winner,1,3
2023,2023-wimbledon-1313,1,4,2,Set Winner,2,2
2023,2023-wimbledon-1313,1,4,3,Set Winner,1,1
2023,2023-wimbledon-1313,1,4,4,Set Winner,1,0
2023,2023-wimbledon-1313,1,4,1,Cumul. Set Winner,1,3
2023,2023-wimbledon-1313,1,4,2,Cumul. Set Winner,1,2
2023,2023-wimbledon-1313,1,4,3,Cumul. Set Winner,1,1
2023,2023-wimbledon-1313,1,4,4,Cumul. Set Winner,1,0
2023,2023-wimbledon-1313,1,4,1,Cumul. Unf. Error,1,3
2023,2023-wimbledon-1313,1,4,2,Cumul. Unf. Error,2,2
2023,2023-wimbledon-1313,1,4,3,Cumul. Unf. Error,2,1
2023,2023-wimbledon-1313,1,4,4,Cumul. Unf. Error,2,0
2023,2023-wimbledon-1313,1,4,1,Dynamic Model,1,3
2023,2023-wimbledon-1313,1,4,2,Dynamic Model,1,2
2023,2023-wimbledon-1313,1,4,3,Dynamic Model,1,1
2023,2023-wimbledon-1313,1,4,4,Dynamic Model,1,0
2023,2023-wimbledon-1314,1,3,1,Cumul. Point Winner,1,2
2023,2023-wimbledon-1314,1,3,2,Cumul. Point Winner,1,1
2023,2023-wimbledon-1314,1,3,3,Cumul. Point Winner,1,0
2023,2023-wimbledon-1314,1,3,1,Cumul. Game Winner,1,2
2023,2023-wimbledon-1314,1,3,2,Cumul. Game Winner,1,1
2023,2023-wimbledon-1314,1,3,3,Cumul. Game Winner,1,0
2023,2023-wimbledon-1314,1,3,1,Set Winner,1,2
2023,2023-wimbledon-1314,1,3,2,Set Winner,1,1
2023,2023-wimbledon-1314,1,3,3,Set Winner,1,0
2023,2023-wimbledon-1314,1,3,1,Cumul. Set Winner,1,2
2023,2023-wimbledon-1314,1,3,2,Cumul. Set Winner,1,1
2023,2023-wimbledon-1314,1,3,3,Cumul. Set Winner,1,0
2023,2023-wimbledon-1314,1,3,1,Cumul. Unf. Error,2,2
2023,2023-wimbledon-1314,1,3,2,Cumul. Unf. Error,2,1
2023,2023-wimbledon-1314,1,3,3,Cumul. Unf. Error,1,0
2023,2023-wimbledon-1314,1,3,1,Dynamic Model,1,2
2023,2023-wimbledon-1314,1,3,2,Dynamic Model,1,1
2023,2023-wimbledon-1314,1,3,3,Dynamic Model,1,0
2023,2023-wimbledon-1315,2,3,1,Cumul. Point Winner,2,2
2023,2023-wimbledon-1315,2,3,2,Cumul. Point Winner,2,1
2023,2023-wimbledon-1315,2,3,3,Cumul. Point Winner,2,0
2023,2023-wimbledon-1315,2,3,1,Cumul. Game Winner,2,2
2023,2023-wimbledon-1315,2,3,2,Cumul. Game Winner,2,1
2023,2023-wimbledon-1315,2,3,3,Cumul. Game Winner,2,0
2023,2023-wimbledon-1315,2,3,1,Set Winner,2,2
2023,2023-wimbledon-1315,2,3,2,Set Winner,2,1
2023,2023-wimbledon-1315,2,3,3,Set Winner,2,0
2023,2023-wimbledon-1315,2,3,1,Cumul. Set Winner,2,2
2023,2023-wimbledon-1315,2,3,2,Cumul. Set Winner,2,1
2023,2023-wimbledon-1315,2,3,3,Cumul. Set Winner,2,0
2023,2023-wimbledon-1315,2,3,1,Cumul. Unf. Error,2,2
2023,2023-wimbledon-1315,2,3,2,Cumul. Unf. Error,1,1
2023,2023-wimbledon-1315,2,3,3,Cumul. Unf. Error,1,0
2023,2023-wimbledon-1315,2,3,1,Dynamic Model,2,2
2023,2023-wimbledon-1315,2,3,2,Dynamic Model,2,1
2023,2023-wimbledon-1315,2,3,3,Dynamic Model,2,0
2023,2023-wimbledon-1316,2,3,1,Cumul. Point Winner,2,2
2023,2023-wimbledon-1316,2,3,2,Cumul. Point Winner,2,1
2023,2023-wimbledon-1316,2,3,3,Cumul. Point Winner,2,0
2023,2023-wimbledon-1316,2,3,1,Cumul. Game Winner,2,2
2023,2023-wimbledon-1316,2,3,2,Cumul. Game Winner,2,1
2023,2023-wimbledon-1316,2,3,3,Cumul. Game Winner,2,0
2023,2023-wimbledon-1316,2,3,1,Set Winner,2,2
2023,2023-wimbledon-1316,2,3,2,Set Winner,2,1
2023,2023-wimbledon-1316,2,3,3,Set Winner,2,0
2023,2023-wimbledon-1316,2,3,1,Cumul. Set Winner,2,2
2023,2023-wimbledon-1316,2,3,2,Cumul. Set Winner,2,1
2023,2023-wimbledon-1316,2,3,3,Cumul. Set Winner,2,0
2023,2023-wimbledon-1316,2,3,1,Cumul. Unf. Error,2,2
2023,2023-wimbledon-1316,2,3,2,Cumul. Unf. Error,2,1
2023,2023-wimbledon-1316,2,3,3,Cumul. Unf. Error,2,0
2023,2023-wimbledon-1316,2,3,1,Dynamic Model,2,2
2023,2023-wimbledon-1316,2,3,2,Dynamic Model,2,1
2023,2023-wimbledon-1316,2,3,3,Dynamic Model,2,0
2023,2023-wimbledon-1401,1,4,1,Cumul. Point Winner,2,3
2023,2023-wimbledon-1401,1,4,2,Cumul. Point Winner,1,2
2023,2023-wimbledon-1401,1,4,3,Cumul. Point Winner,1,1
2023,2023-wimbledon-1401,1,4,4,Cumul. Point Winner,1,0
2023,2023-wimbledon-1401,1,4,1,Cumul. Game Winner,2,3
2023,2023-wimbledon-1401,1,4,2,Cumul. Game Winner,2,2
2023,2023-wimbledon-1401,1,4,3,Cumul. Game Winner,1,1
2023,2023-wimbledon-1401,1,4,4,Cumul. Game Winner,1,0
2023,2023-wimbledon-1401,1,4,1,Set Winner,2,3
2023,2023-wimbledon-1401,1,4,2,Set Winner,1,2
2023,2023-wimbledon-1401,1,4,3,Set Winner,1,1
2023,2023-wimbledon-1401,1,4,4,Set Winner,1,0
2023,2023-wimbledon-1401,1,4,1,Cumul. Set Winner,2,3
2023,2023-wimbledon-1401,1,4,2,Cumul. Set Winner,2,2
2023,2023-wimbledon-1401,1,4,3,Cumul. Set Winner,1,1
2023,2023-wimbledon-1401,1,4,4,Cumul. Set Winner,1,0
2023,2023-wimbledon-1401,1,4,1,Cumul. Unf. Error,1,3
2023,2023-wimbledon-1401,1,4,2,Cumul. Unf. Error,1,2
2023,2023-wimbledon-1401,1,4,3,Cumul. Unf. Error,1,1
2023,2023-wimbledon-1401,1,4,4,Cumul. Unf. Error,1,0
2023,2023-wimbledon-1401,1,4,1,Dynamic Model,2,3
2023,2023-wimbledon-1401,1,4,2,Dynamic Model,1,2
2023,2023-wimbledon-1401,1,4,3,Dynamic Model,1,1
2023,2023-wimbledon-1401,1,4,4,Dynamic Model,1,0
2023,2023-wimbledon-1402,2,4,1,Cumul. Point Winner,1,3
2023,2023-wimbledon-1402,2,4,2,Cumul. Point Winner,1,2
2023,2023-wimbledon-1402,2,4,3,Cumul. Point Winner,1,1
2023,2023-wimbledon-1402,2,4,4,Cumul. Point Winner,2,0
2023,2023-wimbledon-1402,2,4,1,Cumul. Game Winner,1,3
2023,2023-wimbledon-1402,2,4,2,Cumul. Game Winner,1,2
2023,2023-wimbledon-1402,2,4,3,Cumul. Game Winner,1,1
2023,2023-wimbledon-1402,2,4,4,Cumul. Game Winner,2,0
2023,2023-wimbledon-1402,2,4,1,Set Winner,1,3
2023,2023-wimbledon-1402,2,4,2,Set Winner,2,2
2023,2023-wimbledon-1402,2,4,3,Set Winner,2,1
2023,2023-wimbledon-1402,2,4,4,Set Winner,2,0
2023,2023-wimbledon-1402,2,4,1,Cumul. Set Winner,1,3
2023,2023-wimbledon-1402,2,4,2,Cumul. Set Winner,1,2
2023,2023-wimbledon-1402,2,4,3,Cumul. Set Winner,2,1
2023,2023-wimbledon-1402,2,4,4,Cumul. Set Winner,2,0
2023,2023-wimbledon-1402,2,4,1,Cumul. Unf. Error,2,3
2023,2023-wimbledon-1402,2,4,2,Cumul. Unf. Error,2,2
2023,2023-wimbledon-1402,2,4,3,Cumul. Unf. Error,2,1
2023,2023-wimbledon-1402,2,4,4,Cumul. Unf. Error,2,0
2023,2023-wimbledon-1402,2,4,1,Dynamic Model,1,3
2023,2023-wimbledon-1402,2,4,2,Dynamic Model,2,2
2023,2023-wimbledon-1402,2,4,3,Dynamic Model,2,1
2023,2023-wimbledon-1402,2,4,4,Dynamic Model,2,0
2023,2023-wimbledon-1404,1,5,1,Cumul. Point Winner,2,4
2023,2023-wimbledon-1404,1,5,2,Cumul. Point Winner,2,3
2023,2023-wimbledon-1404,1,5,3,Cumul. Point Winner,2,2
2023,2023-wimbledon-1404,1,5,4,Cumul. Point Winner,2,1
2023,2023-wimbledon-1404,1,5,5,Cumul. Point Winner,2,0
2023,2023-wimbledon-1404,1,5,1,Cumul. Game Winner,2,4
2023,2023-wimbledon-1404,1,5,2,Cumul. Game Winner,2,3
2023,2023-wimbledon-1404,1,5,3,Cumul. Game Winner,2,2
2023,2023-wimbledon-1404,1,5,4,Cumul. Game Winner,2,1
2023,2023-wimbledon-1404,1,5,5,Cumul. Game Winner,2,0
2023,2023-wimbledon-1404,1,5,1,Set Winner,2,4
2023,2023-wimbledon-1404,1,5,2,Set Winner,1,3
2023,2023-wimbledon-1404,1,5,3,Set Winner,2,2
2023,2023-wimbledon-1404,1,5,4,Set Winner,1,1
2023,2023-wimbledon-1404,1,5,5,Set Winner,1,0
2023,2023-wimbledon-1404,1,5,1,Cumul. Set Winner,2,4
2023,2023-wimbledon-1404,1,5,2,Cumul. Set Winner,2,3
2023,2023-wimbledon-1404,1,5,3,Cumul. Set Winner,2,2
2023,2023-wimbledon-1404,1,5,4,Cumul. Set Winner,2,1
2023,2023-wimbledon-1404,1,5,5,Cumul. Set Winner,1,0
2023,2023-wimbledon-1404,1,5,1,Cumul. Unf. Error,2,4
2023,2023-wimbledon-1404,1,5,2,Cumul. Unf. Error,2,3
2023,2023-wimbledon-1404,1,5,3,Cumul. Unf. Error,2,2
2023,2023-wimbledon-1404,1,5,4,Cumul. Unf. Error,2,1
2023,2023-wimbledon-1404,1,5,5,Cumul. Unf. Error,2,0
2023,2023-wimbledon-1404,1,5,1,Dynamic Model,2,4
2023,2023-wimbledon-1404,1,5,2,Dynamic Model,2,3
2023,2023-wimbledon-1404,1,5,3,Dynamic Model,2,2
2023,2023-wimbledon-1404,1,5,4,Dynamic Model,2,1
2023,2023-wimbledon-1404,1,5,5,Dynamic Model,2,0
2023,2023-wimbledon-1405,1,3,1,Cumul. Point Winner,1,2
2023,2023-wimbledon-1405,1,3,2,Cumul. Point Winner,1,1
2023,2023-wimbledon-1405,1,3,3,Cumul. Point Winner,1,0
2023,2023-wimbledon-1405,1,3,1,Cumul. Game Winner,1,2
2023,2023-wimbledon-1405,1,3,2,Cumul. Game Winner,1,1
2023,2023-wimbledon-1405,1,3,3,Cumul. Game Winner,1,0
2023,2023-wimbledon-1405,1,3,1,Set Winner,1,2
2023,2023-wimbledon-1405,1,3,2,Set Winner,1,1
2023,2023-wimbledon-1405,1,3,3,Set Winner,1,0
2023,2023-wimbledon-1405,1,3,1,Cumul. Set Winner,1,2
2023,2023-wimbledon-1405,1,3,2,Cumul. Set Winner,1,1
2023,2023-wimbledon-1405,1,3,3,Cumul. Set Winner,1,0
2023,2023-wimbledon-1405,1,3,1,Cumul. Unf. Error,1,2
2023,2023-wimbledon-1405,1,3,2,Cumul. Unf. Error,1,1
2023,2023-wimbledon-1405,1,3,3,Cumul. Unf. Error,1,0
2023,2023-wimbledon-1405,1,3,1,Dynamic Model,1,2
2023,2023-wimbledon-1405,1,3,2,Dynamic Model,1,1
2023,2023-wimbledon-1405,1,3,3,Dynamic Model,1,0
2023,2023-wimbledon-1406,1,4,1,Cumul. Point Winner,2,3
2023,2023-wimbledon-1406,1,4,2,Cumul. Point Winner,2,2
2023,2023-wimbledon-1406,1,4,3,Cumul. Point Winner,1,1
2023,2023-wimbledon-1406,1,4,4,Cumul. Point Winner,1,0
2023,2023-wimbledon-1406,1,4,1,Cumul. Game Winner,2,3
2023,2023-wimbledon-1406,1,4,2,Cumul. Game Winner,2,2
2023,2023-wimbledon-1406,1,4,3,Cumul. Game Winner,1,1
2023,2023-wimbledon-1406,1,4,4,Cumul. Game Winner,1,0
2023,2023-wimbledon-1406,1,4,1,Set Winner,2,3
2023,2023-wimbledon-1406,1,4,2,Set Winner,1,2
2023,2023-wimbledon-1406,1,4,3,Set Winner,1,1
2023,2023-wimbledon-1406,1,4,4,Set Winner,1,0
2023,2023-wimbledon-1406,1,4,1,Cumul. Set Winner,2,3
2023,2023-wimbledon-1406,1,4,2,Cumul. Set Winner,2,2
2023,2023-wimbledon-1406,1,4,3,Cumul. Set Winner,1,1
2023,2023-wimbledon-1406,1,4,4,Cumul. Set Winner,1,0
2023,2023-wimbledon-1406,1,4,1,Cumul. Unf. Error,2,3
2023,2023-wimbledon-1406,1,4,2,Cumul. Unf. Error,2,2
2023,2023-wimbledon-1406,1,4,3,Cumul. Unf. Error,1,1
2023,2023-wimbledon-1406,1,4,4,Cumul. Unf. Error,1,0
2023,2023-wimbledon-1406,1,4,1,Dynamic Model,2,3
2023,2023-wimbledon-1406,1,4,2,Dynamic Model,2,2
2023,2023-wimbledon-1406,1,4,3,Dynamic Model,1,1
2023,2023-wimbledon-1406,1,4,4,Dynamic Model,1,0
2023,2023-wimbledon-1407,1,5,1,Cumul. Point Winner,1,4
2023,2023-wimbledon-1407,1,5,2,Cumul. Point Winner,1,3
2023,2023-wimbledon-1407,1,5,3,Cumul. Point Winner,1,2
2023,2023-wimbledon-1407,1,5,4,Cumul. Point Winner,1,1
2023,2023-wimbledon-1407,1,5,5,Cumul. Point Winner,1,0
2023,2023-wimbledon-1407,1,5,1,Cumul. Game Winner,1,4
2023,2023-wimbledon-1407,1,5,2,Cumul. Game Winner,1,3
2023,2023-wimbledon-1407,1,5,3,Cumul. Game Winner,1,2
2023,2023-wimbledon-1407,1,5,4,Cumul. Game Winner,1,1
2023,2023-wimbledon-1407,1,5,5,Cumul. Game Winner,1,0
2023,2023-wimbledon-1407,1,5,1,Set Winner,1,4
2023,2023-wimbledon-1407,1,5,2,Set Winner,1,3
2023,2023-wimbledon-1407,1,5,3,Set Winner,2,2
2023,2023-wimbledon-1407,1,5,4,Set Winner,2,1
2023,2023-wimbledon-1407,1,5,5,Set Winner,1,0
2023,2023-wimbledon-1407,1,5,1,Cumul. Set Winner,1,4
2023,2023-wimbledon-1407,1,5,2,Cumul. Set Winner,1,3
2023,2023-wimbledon-1407,1,5,3,Cumul. Set Winner,1,2
2023,2023-wimbledon-1407,1,5,4,Cumul. Set Winner,1,1
2023,2023-wimbledon-1407,1,5,5,Cumul. Set Winner,1,0
2023,2023-wimbledon-1407,1,5,1,Cumul. Unf. Error,1,4
2023,2023-wimbledon-1407,1,5,2,Cumul. Unf. Error,1,3
2023,2023-wimbledon-1407,1,5,3,Cumul. Unf. Error,1,2
2023,2023-wimbledon-1407,1,5,4,Cumul. Unf. Error,1,1
2023,2023-wimbledon-1407,1,5,5,Cumul. Unf. Error,1,0
2023,2023-wimbledon-1407,1,5,1,Dynamic Model,1,4
2023,2023-wimbledon-1407,1,5,2,Dynamic Model,1,3
2023,2023-wimbledon-1407,1,5,3,Dynamic Model,1,2
2023,2023-wimbledon-1407,1,5,4,Dynamic Model,1,1
2023,2023-wimbledon-1407,1,5,5,Dynamic Model,1,0
2023,2023-wimbledon-1408,2,4,1,Cumul. Point Winner,2,3
2023,2023-wimbledon-1408,2,4,2,Cumul. Point Winner,2,2
2023,2023-wimbledon-1408,2,4,3,Cumul. Point Winner,2,1
2023,2023-wimbledon-1408,2,4,4,Cumul. Point Winner,2,0
2023,2023-wimbledon-1408,2,4,1,Cumul. Game Winner,2,3
2023,2023-wimbledon-1408,2,4,2,Cumul. Game Winner,2,2
2023,2023-wimbledon-1408,2,4,3,Cumul. Game Winner,2,1
2023,2023-wimbledon-1408,2,4,4,Cumul. Game Winner,2,0
2023,2023-wimbledon-1408,2,4,1,Set Winner,2,3
2023,2023-wimbledon-1408,2,4,2,Set Winner,2,2
2023,2023-wimbledon-1408,2,4,3,Set Winner,1,1
2023,2023-wimbledon-1408,2,4,4,Set Winner,2,0
2023,2023-wimbledon-1408,2,4,1,Cumul. Set Winner,2,3
2023,2023-wimbledon-1408,2,4,2,Cumul. Set Winner,2,2
2023,2023-wimbledon-1408,2,4,3,Cumul. Set Winner,2,1
2023,2023-wimbledon-1408,2,4,4,Cumul. Set Winner,2,0
2023,2023-wimbledon-1408,2,4,1,Cumul. Unf. Error,2,3
2023,2023-wimbledon-1408,2,4,2,Cumul. Unf. Error,2,2
2023,2023-wimbledon-1408,2,4,3,Cumul. Unf. Error,2,1
2023,2023-wimbledon-1408,2,4,4,Cumul. Unf. Error,2,0
2023,2023-wimbledon-1408,2,4,1,Dynamic Model,2,3
2023,2023-wimbledon-1408,2,4,2,Dynamic Model,2,2
2023,2023-wimbledon-1408,2,4,3,Dynamic Model,2,1
2023,2023-wimbledon-1408,2,4,4,Dynamic Model,2,0
2023,2023-wimbledon-1501,1,3,1,Cumul. Point Winner,1,2
2023,2023-wimbledon-1501,1,3,2,Cumul. Point Winner,1,1
2023,2023-wimbledon-1501,1,3,3,Cumul. Point Winner,1,0
2023,2023-wimbledon-1501,1,3,1,Cumul. Game Winner,1,2
2023,2023-wimbledon-1501,1,3,2,Cumul. Game Winner,1,1
2023,2023-wimbledon-1501,1,3,3,Cumul. Game Winner,1,0
2023,2023-wimbledon-1501,1,3,1,Set Winner,1,2
2023,2023-wimbledon-1501,1,3,2,Set Winner,1,1
2023,2023-wimbledon-1501,1,3,3,Set Winner,1,0
2023,2023-wimbledon-1501,1,3,1,Cumul. Set Winner,1,2
2023,2023-wimbledon-1501,1,3,2,Cumul. Set Winner,1,1
2023,2023-wimbledon-1501,1,3,3,Cumul. Set Winner,1,0
2023,2023-wimbledon-1501,1,3,1,Cumul. Unf. Error,1,2
2023,2023-wimbledon-1501,1,3,2,Cumul. Unf. Error,1,1
2023,2023-wimbledon-1501,1,3,3,Cumul. Unf. Error,1,0
2023,2023-wimbledon-1501,1,3,1,Dynamic Model,1,2
2023,2023-wimbledon-1501,1,3,2,Dynamic Model,1,1
2023,2023-wimbledon-1501,1,3,3,Dynamic Model,1,0
2023,2023-wimbledon-1502,1,5,1,Cumul. Point Winner,1,4
2023,2023-wimbledon-1502,1,5,2,Cumul. Point Winner,2,3
2023,2023-wimbledon-1502,1,5,3,Cumul. Point Winner,2,2
2023,2023-wimbledon-1502,1,5,4,Cumul. Point Winner,1,1
2023,2023-wimbledon-1502,1,5,5,Cumul. Point Winner,1,0
2023,2023-wimbledon-1502,1,5,1,Cumul. Game Winner,1,4
2023,2023-wimbledon-1502,1,5,2,Cumul. Game Winner,2,3
2023,2023-wimbledon-1502,1,5,3,Cumul. Game Winner,2,2
2023,2023-wimbledon-1502,1,5,4,Cumul. Game Winner,2,1
2023,2023-wimbledon-1502,1,5,5,Cumul. Game Winner,1,0
2023,2023-wimbledon-1502,1,5,1,Set Winner,1,4
2023,2023-wimbledon-1502,1,5,2,Set Winner,2,3
2023,2023-wimbledon-1502,1,5,3,Set Winner,2,2
2023,2023-wimbledon-1502,1,5,4,Set Winner,1,1
2023,2023-wimbledon-1502,1,5,5,Set Winner,1,0
2023,2023-wimbledon-1502,1,5,1,Cumul. Set Winner,1,4
2023,2023-wimbledon-1502,1,5,2,Cumul. Set Winner,1,3
2023,2023-wimbledon-1502,1,5,3,Cumul. Set Winner,2,2
2023,2023-wimbledon-1502,1,5,4,Cumul. Set Winner,2,1
2023,2023-wimbledon-1502,1,5,5,Cumul. Set Winner,1,0
2023,2023-wimbledon-1502,1,5,1,Cumul. Unf. Error,1,4
2023,2023-wimbledon-1502,1,5,2,Cumul. Unf. Error,1,3
2023,2023-wimbledon-1502,1,5,3,Cumul. Unf. Error,1,2
2023,2023-wimbledon-1502,1,5,4,Cumul. Unf. Error,1,1
2023,2023-wimbledon-1502,1,5,5,Cumul. Unf. Error,1,0
2023,2023-wimbledon-1502,1,5,1,Dynamic Model,1,4
2023,2023-wimbledon-1502,1,5,2,Dynamic Model,1,3
2023,2023-wimbledon-1502,1,5,3,Dynamic Model,2,2
2023,2023-wimbledon-1502,1,5,4,Dynamic Model,1,1
2023,2023-wimbledon-1502,1,5,5,Dynamic Model,1,0
2023,2023-wimbledon-1503,1,4,1,Cumul. Point Winner,1,3
2023,2023-wimbledon-1503,1,4,2,Cumul. Point Winner,2,2
2023,2023-wimbledon-1503,1,4,3,Cumul. Point Winner,1,1
2023,2023-wimbledon-1503,1,4,4,Cumul. Point Winner,1,0
2023,2023-wimbledon-1503,1,4,1,Cumul. Game Winner,1,3
2023,2023-wimbledon-1503,1,4,2,Cumul. Game Winner,2,2
2023,2023-wimbledon-1503,1,4,3,Cumul. Game Winner,1,1
2023,2023-wimbledon-1503,1,4,4,Cumul. Game Winner,1,0
2023,2023-wimbledon-1503,1,4,1,Set Winner,1,3
2023,2023-wimbledon-1503,1,4,2,Set Winner,2,2
2023,2023-wimbledon-1503,1,4,3,Set Winner,1,1
2023,2023-wimbledon-1503,1,4,4,Set Winner,1,0
2023,2023-wimbledon-1503,1,4,1,Cumul. Set Winner,1,3
2023,2023-wimbledon-1503,1,4,2,Cumul. Set Winner,1,2
2023,2023-wimbledon-1503,1,4,3,Cumul. Set Winner,1,1
2023,2023-wimbledon-1503,1,4,4,Cumul. Set Winner,1,0
2023,2023-wimbledon-1503,1,4,1,Cumul. Unf. Error,1,3
2023,2023-wimbledon-1503,1,4,2,Cumul. Unf. Error,1,2
2023,2023-wimbledon-1503,1,4,3,Cumul. Unf. Error,1,1
2023,2023-wimbledon-1503,1,4,4,Cumul. Unf. Error,1,0
2023,2023-wimbledon-1503,1,4,1,Dynamic Model,1,3
2023,2023-wimbledon-1503,1,4,2,Dynamic Model,1,2
2023,2023-wimbledon-1503,1,4,3,Dynamic Model,1,1
2023,2023-wimbledon-1503,1,4,4,Dynamic Model,1,0
2023,2023-wimbledon-1504,2,4,1,Cumul. Point Winner,1,3
2023,2023-wimbledon-1504,2,4,2,Cumul. Point Winner,2,2
2023,2023-wimbledon-1504,2,4,3,Cumul. Point Winner,2,1
2023,2023-wimbledon-1504,2,4,4,Cumul. Point Winner,2,0
2023,2023-wimbledon-1504,2,4,1,Cumul. Game Winner,1,3
2023,2023-wimbledon-1504,2,4,2,Cumul. Game Winner,2,2
2023,2023-wimbledon-1504,2,4,3,Cumul. Game Winner,2,1
2023,2023-wimbledon-1504,2,4,4,Cumul. Game Winner,2,0
2023,2023-wimbledon-1504,2,4,1,Set Winner,1,3
2023,2023-wimbledon-1504,2,4,2,Set Winner,2,2
2023,2023-wimbledon-1504,2,4,3,Set Winner,2,1
2023,2023-wimbledon-1504,2,4,4,Set Winner,2,0
2023,2023-wimbledon-1504,2,4,1,Cumul. Set Winner,1,3
2023,2023-wimbledon-1504,2,4,2,Cumul. Set Winner,1,2
2023,2023-wimbledon-1504,2,4,3,Cumul. Set Winner,2,1
2023,2023-wimbledon-1504,2,4,4,Cumul. Set Winner,2,0
2023,2023-wimbledon-1504,2,4,1,Cumul. Unf. Error,1,3
2023,2023-wimbledon-1504,2,4,2,Cumul. Unf. Error,2,2
2023,2023-wimbledon-1504,2,4,3,Cumul. Unf. Error,2,1
2023,2023-wimbledon-1504,2,4,4,Cumul. Unf. Error,2,0
2023,2023-wimbledon-1504,2,4,1,Dynamic Model,1,3
2023,2023-wimbledon-1504,2,4,2,Dynamic Model,2,2
2023,2023-wimbledon-1504,2,4,3,Dynamic Model,2,1
2023,2023-wimbledon-1504,2,4,4,Dynamic Model,2,0
2023,2023-wimbledon-1601,1,3,1,Cumul. Point Winner,1,2
2023,2023-wimbledon-1601,1,3,2,Cumul. Point Winner,1,1
2023,2023-wimbledon-1601,1,3,3,Cumul. Point Winner,1,0
2023,2023-wimbledon-1601,1,3,1,Cumul. Game Winner,1,2
2023,2023-wimbledon-1601,1,3,2,Cumul. Game Winner,1,1
2023,2023-wimbledon-1601,1,3,3,Cumul. Game Winner,1,0
2023,2023-wimbledon-1601,1,3,1,Set Winner,1,2
2023,2023-wimbledon-1601,1,3,2,Set Winner,1,1
2023,2023-wimbledon-1601,1,3,3,Set Winner,1,0
2023,2023-wimbledon-1601,1,3,1,Cumul. Set Winner,1,2
2023,2023-wimbledon-1601,1,3,2,Cumul. Set Winner,1,1
2023,2023-wimbledon-1601,1,3,3,Cumul. Set Winner,1,0
2023,2023-wimbledon-1601,1,3,1,Cumul. Unf. Error,2,2
2023,2023-wimbledon-1601,1,3,2,Cumul. Unf. Error,2,1
2023,2023-wimbledon-1601,1,3,3,Cumul. Unf. Error,1,0
2023,2023-wimbledon-1601,1,3,1,Dynamic Model,1,2
2023,2023-wimbledon-1601,1,3,2,Dynamic Model,1,1
2023,2023-wimbledon-1601,1,3,3,Dynamic Model,1,0
2023,2023-wimbledon-1602,2,3,1,Cumul. Point Winner,2,2
2023,2023-wimbledon-1602,2,3,2,Cumul. Point Winner,2,1
2023,2023-wimbledon-1602,2,3,3,Cumul. Point Winner,2,0
2023,2023-wimbledon-1602,2,3,1,Cumul. Game Winner,2,2
2023,2023-wimbledon-1602,2,3,2,Cumul. Game Winner,2,1
2023,2023-wimbledon-1602,2,3,3,Cumul. Game Winner,2,0
2023,2023-wimbledon-1602,2,3,1,Set Winner,2,2
2023,2023-wimbledon-1602,2,3,2,Set Winner,2,1
2023,2023-wimbledon-1602,2,3,3,Set Winner,2,0
2023,2023-wimbledon-1602,2,3,1,Cumul. Set Winner,2,2
2023,2023-wimbledon-1602,2,3,2,Cumul. Set Winner,2,1
2023,2023-wimbledon-1602,2,3,3,Cumul. Set Winner,2,0
2023,2023-wimbledon-1602,2,3,1,Cumul. Unf. Error,2,2
2023,2023-wimbledon-1602,2,3,2,Cumul. Unf. Error,2,1
2023,2023-wimbledon-1602,2,3,3,Cumul. Unf. Error,2,0
2023,2023-wimbledon-1602,2,3,1,Dynamic Model,2,2
2023,2023-wimbledon-1602,2,3,2,Dynamic Model,2,1
2023,2023-wimbledon-1602,2,3,3,Dynamic Model,2,0
2023,2023-wimbledon-1701,1,5,1,Cumul. Point Winner,2,4
2023,2023-wimbledon-1701,1,5,2,Cumul. Point Winner,2,3
2023,2023-wimbledon-1701,1,5,3,Cumul. Point Winner,1,2
2023,2023-wimbledon-1701,1,5,4,Cumul. Point Winner,2,1
2023,2023-wimbledon-1701,1,5,5,Cumul. Point Winner,1,0
2023,2023-wimbledon-1701,1,5,1,Cumul. Game Winner,2,4
2023,2023-wimbledon-1701,1,5,2,Cumul. Game Winner,2,3
2023,2023-wimbledon-1701,1,5,3,Cumul. Game Winner,1,2
2023,2023-wimbledon-1701,1,5,4,Cumul. Game Winner,2,1
2023,2023-wimbledon-1701,1,5,5,Cumul. Game Winner,2,0
2023,2023-wimbledon-1701,1,5,1,Set Winner,2,4
2023,2023-wimbledon-1701,1,5,2,Set Winner,1,3
2023,2023-wimbledon-1701,1,5,3,Set Winner,1,2
2023,2023-wimbledon-1701,1,5,4,Set Winner,2,1
2023,2023-wimbledon-1701,1,5,5,Set Winner,1,0
2023,2023-wimbledon-1701,1,5,1,Cumul. Set Winner,2,4
2023,2023-wimbledon-1701,1,5,2,Cumul. Set Winner,2,3
2023,2023-wimbledon-1701,1,5,3,Cumul. Set Winner,1,2
2023,2023-wimbledon-1701,1,5,4,Cumul. Set Winner,1,1
2023,2023-wimbledon-1701,1,5,5,Cumul. Set Winner,1,0
2023,2023-wimbledon-1701,1,5,1,Cumul. Unf. Error,2,4
2023,2023-wimbledon-1701,1,5,2,Cumul. Unf. Error,2,3
2023,2023-wimbledon-1701,1,5,3,Cumul. Unf. Error,1,2
2023,2023-wimbledon-1701,1,5,4,Cumul. Unf. Error,2,1
2023,2023-wimbledon-1701,1,5,5,Cumul. Unf. Error,2,0
2023,2023-wimbledon-1701,1,5,1,Dynamic Model,2,4
2023,2023-wimbledon-1701,1,5,2,Dynamic Model,2,3
2023,2023-wimbledon-1701,1,5,3,Dynamic Model,1,2
2023,2023-wimbledon-1701,1,5,4,Dynamic Model,2,1
2023,2023-wimbledon-1701,1,5,5,Dynamic Model,1,0
2024,2024-wimbledon-1101,1,4,1,Cumul. Point Winner,1,3
2024,2024-wimbledon-1101,1,4,2,Cumul. Point Winner,1,2
2024,2024-wimbledon-1101,1,4,3,Cumul. Point Winner,1,1
2024,2024-wimbledon-1101,1,4,4,Cumul. Point Winner,1,0
2024,2024-wimbledon-1101,1,4,1,Cumul. Game Winner,1,3
2024,2024-wimbledon-1101,1,4,2,Cumul. Game Winner,1,2
2024,2024-wimbledon-1101,1,4,3,Cumul. Game Winner,1,1
2024,2024-wimbledon-1101,1,4,4,Cumul. Game Winner,1,0
2024,2024-wimbledon-1101,1,4,1,Set Winner,1,3
2024,2024-wimbledon-1101,1,4,2,Set Winner,1,2
2024,2024-wimbledon-1101,1,4,3,Set Winner,2,1
2024,2024-wimbledon-1101,1,4,4,Set Winner,1,0
2024,2024-wimbledon-1101,1,4,1,Cumul. Set Winner,1,3
2024,2024-wimbledon-1101,1,4,2,Cumul. Set Winner,1,2
2024,2024-wimbledon-1101,1,4,3,Cumul. Set Winner,1,1
2024,2024-wimbledon-1101,1,4,4,Cumul. Set Winner,1,0
2024,2024-wimbledon-1101,1,4,1,Cumul. Unf. Error,1,3
2024,2024-wimbledon-1101,1,4,2,Cumul. Unf. Error,1,2
2024,2024-wimbledon-1101,1,4,3,Cumul. Unf. Error,1,1
2024,2024-wimbledon-1101,1,4,4,Cumul. Unf. Error,1,0
2024,2024-wimbledon-1101,1,4,1,Dynamic Model,1,3
2024,2024-wimbledon-1101,1,4,2,Dynamic Model,1,2
2024,2024-wimbledon-1101,1,4,3,Dynamic Model,1,1
2024,2024-wimbledon-1101,1,4,4,Dynamic Model,1,0
2024,2024-wimbledon-1102,1,4,1,Cumul. Point Winner,1,3
2024,2024-wimbledon-1102,1,4,2,Cumul. Point Winner,1,2
2024,2024-wimbledon-1102,1,4,3,Cumul. Point Winner,1,1
2024,2024-wimbledon-1102,1,4,4,Cumul. Point Winner,1,0
2024,2024-wimbledon-1102,1,4,1,Cumul. Game Winner,1,3
2024,2024-wimbledon-1102,1,4,2,Cumul. Game Winner,1,2
2024,2024-wimbledon-1102,1,4,3,Cumul. Game Winner,1,1
2024,2024-wimbledon-1102,1,4,4,Cumul. Game Winner,1,0
2024,2024-wimbledon-1102,1,4,1,Set Winner,1,3
2024,2024-wimbledon-1102,1,4,2,Set Winner,1,2
2024,2024-wimbledon-1102,1,4,3,Set Winner,2,1
2024,2024-wimbledon-1102,1,4,4,Set Winner,1,0
2024,2024-wimbledon-1102,1,4,1,Cumul. Set Winner,1,3
2024,2024-wimbledon-1102,1,4,2,Cumul. Set Winner,1,2
2024,2024-wimbledon-1102,1,4,3,Cumul. Set Winner,1,1
2024,2024-wimbledon-1102,1,4,4,Cumul. Set Winner,1,0
2024,2024-wimbledon-1102,1,4,1,Cumul. Unf. Error,1,3
2024,2024-wimbledon-1102,1,4,2,Cumul. Unf. Error,1,2
2024,2024-wimbledon-1102,1,4,3,Cumul. Unf. Error,1,1
2024,2024-wimbledon-1102,1,4,4,Cumul. Unf. Error,1,0
2024,2024-wimbledon-1102,1,4,1,Dynamic Model,1,3
2024,2024-wimbledon-1102,1,4,2,Dynamic Model,1,2
2024,2024-wimbledon-1102,1,4,3,Dynamic Model,1,1
2024,2024-wimbledon-1102,1,4,4,Dynamic Model,1,0
2024,2024-wimbledon-1103,2,4,1,Cumul. Point Winner,2,3
2024,2024-wimbledon-1103,2,4,2,Cumul. Point Winner,2,2
2024,2024-wimbledon-1103,2,4,3,Cumul. Point Winner,2,1
2024,2024-wimbledon-1103,2,4,4,Cumul. Point Winner,2,0
2024,2024-wimbledon-1103,2,4,1,Cumul. Game Winner,2,3
2024,2024-wimbledon-1103,2,4,2,Cumul. Game Winner,2,2
2024,2024-wimbledon-1103,2,4,3,Cumul. Game Winner,2,1
2024,2024-wimbledon-1103,2,4,4,Cumul. Game Winner,2,0
2024,2024-wimbledon-1103,2,4,1,Set Winner,2,3
2024,2024-wimbledon-1103,2,4,2,Set Winner,1,2
2024,2024-wimbledon-1103,2,4,3,Set Winner,2,1
2024,2024-wimbledon-1103,2,4,4,Set Winner,2,0
2024,2024-wimbledon-1103,2,4,1,Cumul. Set Winner,2,3
2024,2024-wimbledon-1103,2,4,2,Cumul. Set Winner,2,2
2024,2024-wimbledon-1103,2,4,3,Cumul. Set Winner,2,1
2024,2024-wimbledon-1103,2,4,4,Cumul. Set Winner,2,0
2024,2024-wimbledon-1103,2,4,1,Cumul. Unf. Error,2,3
2024,2024-wimbledon-1103,2,4,2,Cumul. Unf. Error,2,2
2024,2024-wimbledon-1103,2,4,3,Cumul. Unf. Error,2,1
2024,2024-wimbledon-1103,2,4,4,Cumul. Unf. Error,2,0
2024,2024-wimbledon-1103,2,4,1,Dynamic Model,2,3
2024,2024-wimbledon-1103,2,4,2,Dynamic Model,2,2
2024,2024-wimbledon-1103,2,4,3,Dynamic Model,2,1
2024,2024-wimbledon-1103,2,4,4,Dynamic Model,2,0
2024,2024-wimbledon-1104,2,3,1,Cumul. Point Winner,2,2
2024,2024-wimbledon-1104,2,3,2,Cumul. Point Winner,2,1
2024,2024-wimbledon-1104,2,3,3,Cumul. Point Winner,2,0
2024,2024-wimbledon-1104,2,3,1,Cumul. Game Winner,2,2
2024,2024-wimbledon-1104,2,3,2,Cumul. Game Winner,2,1
2024,2024-wimbledon-1104,2,3,3,Cumul. Game Winner,2,0
2024,2024-wimbledon-1104,2,3,1,Set Winner,2,2
2024,2024-wimbledon-1104,2,3,2,Set Winner,2,1
2024,2024-wimbledon-1104,2,3,3,Set Winner,2,0
2024,2024-wimbledon-1104,2,3,1,Cumul. Set Winner,2,2
2024,2024-wimbledon-1104,2,3,2,Cumul. Set Winner,2,1
2024,2024-wimbledon-1104,2,3,3,Cumul. Set Winner,2,0
2024,2024-wimbledon-1104,2,3,1,Cumul. Unf. Error,1,2
2024,2024-wimbledon-1104,2,3,2,Cumul. Unf. Error,1,1
2024,2024-wimbledon-1104,2,3,3,Cumul. Unf. Error,1,0
2024,2024-wimbledon-1104,2,3,1,Dynamic Model,2,2
2024,2024-wimbledon-1104,2,3,2,Dynamic Model,2,1
2024,2024-wimbledon-1104,2,3,3,Dynamic Model,2,0
2024,2024-wimbledon-1105,2,3,1,Cumul. Point Winner,2,2
2024,2024-wimbledon-1105,2,3,2,Cumul. Point Winner,2,1
2024,2024-wimbledon-1105,2,3,3,Cumul. Point Winner,2,0
2024,2024-wimbledon-1105,2,3,1,Cumul. Game Winner,2,2
2024,2024-wimbledon-1105,2,3,2,Cumul. Game Winner,2,1
2024,2024-wimbledon-1105,2,3,3,Cumul. Game Winner,2,0
2024,2024-wimbledon-1105,2,3,1,Set Winner,2,2
2024,2024-wimbledon-1105,2,3,2,Set Winner,2,1
2024,2024-wimbledon-1105,2,3,3,Set Winner,2,0
2024,2024-wimbledon-1105,2,3,1,Cumul. Set Winner,2,2
2024,2024-wimbledon-1105,2,3,2,Cumul. Set Winner,2,1
2024,2024-wimbledon-1105,2,3,3,Cumul. Set Winner,2,0
2024,2024-wimbledon-1105,2,3,1,Cumul. Unf. Error,2,2
2024,2024-wimbledon-1105,2,3,2,Cumul. Unf. Error,2,1
2024,2024-wimbledon-1105,2,3,3,Cumul. Unf. Error,2,0
2024,2024-wimbledon-1105,2,3,1,Dynamic Model,2,2
2024,2024-wimbledon-1105,2,3,2,Dynamic Model,2,1
2024,2024-wimbledon-1105,2,3,3,Dynamic Model,2,0
2024,2024-wimbledon-1106,1,5,1,Cumul. Point Winner,2,4
2024,2024-wimbledon-1106,1,5,2,Cumul. Point Winner,2,3
2024,2024-wimbledon-1106,1,5,3,Cumul. Point Winner,2,2
2024,2024-wimbledon-1106,1,5,4,Cumul. Point Winner,2,1
2024,2024-wimbledon-1106,1,5,5,Cumul. Point Winner,1,0
2024,2024-wimbledon-1106,1,5,1,Cumul. Game Winner,2,4
2024,2024-wimbledon-1106,1,5,2,Cumul. Game Winner,2,3
2024,2024-wimbledon-1106,1,5,3,Cumul. Game Winner,2,2
2024,2024-wimbledon-1106,1,5,4,Cumul. Game Winner,2,1
2024,2024-wimbledon-1106,1,5,5,Cumul. Game Winner,1,0
2024,2024-wimbledon-1106,1,5,1,Set Winner,2,4
2024,2024-wimbledon-1106,1,5,2,Set Winner,1,3
2024,2024-wimbledon-1106,1,5,3,Set Winner,2,2
2024,2024-wimbledon-1106,1,5,4,Set Winner,1,1
2024,2024-wimbledon-1106,1,5,5,Set Winner,1,0
2024,2024-wimbledon-1106,1,5,1,Cumul. Set Winner,2,4
2024,2024-wimbledon-1106,1,5,2,Cumul. Set Winner,2,3
2024,2024-wimbledon-1106,1,5,3,Cumul. Set Winner,2,2
2024,2024-wimbledon-1106,1,5,4,Cumul. Set Winner,2,1
2024,2024-wimbledon-1106,1,5,5,Cumul. Set Winner,1,0
2024,2024-wimbledon-1106,1,5,1,Cumul. Unf. Error,2,4
2024,2024-wimbledon-1106,1,5,2,Cumul. Unf. Error,2,3
2024,2024-wimbledon-1106,1,5,3,Cumul. Unf. Error,2,2
2024,2024-wimbledon-1106,1,5,4,Cumul. Unf. Error,2,1
2024,2024-wimbledon-1106,1,5,5,Cumul. Unf. Error,2,0
2024,2024-wimbledon-1106,1,5,1,Dynamic Model,2,4
2024,2024-wimbledon-1106,1,5,2,Dynamic Model,2,3
2024,2024-wimbledon-1106,1,5,3,Dynamic Model,2,2
2024,2024-wimbledon-1106,1,5,4,Dynamic Model,2,1
2024,2024-wimbledon-1106,1,5,5,Dynamic Model,1,0
2024,2024-wimbledon-1107,1,5,1,Cumul. Point Winner,2,4
2024,2024-wimbledon-1107,1,5,2,Cumul. Point Winner,2,3
2024,2024-wimbledon-1107,1,5,3,Cumul. Point Winner,2,2
2024,2024-wimbledon-1107,1,5,4,Cumul. Point Winner,1,1
2024,2024-wimbledon-1107,1,5,5,Cumul. Point Winner,1,0
2024,2024-wimbledon-1107,1,5,1,Cumul. Game Winner,2,4
2024,2024-wimbledon-1107,1,5,2,Cumul. Game Winner,2,3
2024,2024-wimbledon-1107,1,5,3,Cumul. Game Winner,2,2
2024,2024-wimbledon-1107,1,5,4,Cumul. Game Winner,2,1
2024,2024-wimbledon-1107,1,5,5,Cumul. Game Winner,1,0
2024,2024-wimbledon-1107,1,5,1,Set Winner,2,4
2024,2024-wimbledon-1107,1,5,2,Set Winner,2,3
2024,2024-wimbledon-1107,1,5,3,Set Winner,1,2
2024,2024-wimbledon-1107,1,5,4,Set Winner,1,1
2024,2024-wimbledon-1107,1,5,5,Set Winner,1,0
2024,2024-wimbledon-1107,1,5,1,Cumul. Set Winner,2,4
2024,2024-wimbledon-1107,1,5,2,Cumul. Set Winner,2,3
2024,2024-wimbledon-1107,1,5,3,Cumul. Set Winner,2,2
2024,2024-wimbledon-1107,1,5,4,Cumul. Set Winner,2,1
2024,2024-wimbledon-1107,1,5,5,Cumul. Set Winner,1,0
2024,2024-wimbledon-1107,1,5,1,Cumul. Unf. Error,2,4
2024,2024-wimbledon-1107,1,5,2,Cumul. Unf. Error,2,3
2024,2024-wimbledon-1107,1,5,3,Cumul. Unf. Error,1,2
2024,2024-wimbledon-1107,1,5,4,Cumul. Unf. Error,1,1
2024,2024-wimbledon-1107,1,5,5,Cumul. Unf. Error,2,0
2024,2024-wimbledon-1107,1,5,1,Dynamic Model,2,4
2024,2024-wimbledon-1107,1,5,2,Dynamic Model,2,3
2024,2024-wimbledon-1107,1,5,3,Dynamic Model,2,2
2024,2024-wimbledon-1107,1,5,4,Dynamic Model,1,1
2024,2024-wimbledon-1107,1,5,5,Dynamic Model,1,0
2024,2024-wimbledon-1108,2,5,1,Cumul. Point Winner,1,4
2024,2024-wimbledon-1108,2,5,2,Cumul. Point Winner,1,3
2024,2024-wimbledon-1108,2,5,3,Cumul. Point Winner,1,2
2024,2024-wimbledon-1108,2,5,4,Cumul. Point Winner,1,1
2024,2024-wimbledon-1108,2,5,5,Cumul. Point Winner,2,0
2024,2024-wimbledon-1108,2,5,1,Cumul. Game Winner,1,4
2024,2024-wimbledon-1108,2,5,2,Cumul. Game Winner,2,3
2024,2024-wimbledon-1108,2,5,3,Cumul. Game Winner,1,2
2024,2024-wimbledon-1108,2,5,4,Cumul. Game Winner,2,1
2024,2024-wimbledon-1108,2,5,5,Cumul. Game Winner,2,0
2024,2024-wimbledon-1108,2,5,1,Set Winner,1,4
2024,2024-wimbledon-1108,2,5,2,Set Winner,2,3
2024,2024-wimbledon-1108,2,5,3,Set Winner,1,2
2024,2024-wimbledon-1108,2,5,4,Set Winner,2,1
2024,2024-wimbledon-1108,2,5,5,Set Winner,2,0
2024,2024-wimbledon-1108,2,5,1,Cumul. Set Winner,1,4
2024,2024-wimbledon-1108,2,5,2,Cumul. Set Winner,1,3
2024,2024-wimbledon-1108,2,5,3,Cumul. Set Winner,1,2
2024,2024-wimbledon-1108,2,5,4,Cumul. Set Winner,1,1
2024,2024-wimbledon-1108,2,5,5,Cumul. Set Winner,2,0
2024,2024-wimbledon-1108,2,5,1,Cumul. Unf. Error,1,4
2024,2024-wimbledon-1108,2,5,2,Cumul. Unf. Error,1,3
2024,2024-wimbledon-1108,2,5,3,Cumul. Unf. Error,1,2
2024,2024-wimbledon-1108,2,5,4,Cumul. Unf. Error,1,1
2024,2024-wimbledon-1108,2,5,5,Cumul. Unf. Error,1,0
2024,2024-wimbledon-1108,2,5,1,Dynamic Model,1,4
2024,2024-wimbledon-1108,2,5,2,Dynamic Model,1,3
2024,2024-wimbledon-1108,2,5,3,Dynamic Model,1,2
2024,2024-wimbledon-1108,2,5,4,Dynamic Model,1,1
2024,2024-wimbledon-1108,2,5,5,Dynamic Model,2,0
2024,2024-wimbledon-1109,1,3,1,Cumul. Point Winner,1,2
2024,2024-wimbledon-1109,1,3,2,Cumul. Point Winner,1,1
2024,2024-wimbledon-1109,1,3,3,Cumul. Point Winner,1,0
2024,2024-wimbledon-1109,1,3,1,Cumul. Game Winner,1,2
2024,2024-wimbledon-1109,1,3,2,Cumul. Game Winner,1,1
2024,2024-wimbledon-1109,1,3,3,Cumul. Game Winner,1,0
2024,2024-wimbledon-1109,1,3,1,Set Winner,1,2
2024,2024-wimbledon-1109,1,3,2,Set Winner,1,1
2024,2024-wimbledon-1109,1,3,3,Set Winner,1,0
2024,2024-wimbledon-1109,1,3,1,Cumul. Set Winner,1,2
2024,2024-wimbledon-1109,1,3,2,Cumul. Set Winner,1,1
2024,2024-wimbledon-1109,1,3,3,Cumul. Set Winner,1,0
2024,2024-wimbledon-1109,1,3,1,Cumul. Unf. Error,2,2
2024,2024-wimbledon-1109,1,3,2,Cumul. Unf. Error,2,1
2024,2024-wimbledon-1109,1,3,3,Cumul. Unf. Error,2,0
2024,2024-wimbledon-1109,1,3,1,Dynamic Model,1,2
2024,2024-wimbledon-1109,1,3,2,Dynamic Model,1,1
2024,2024-wimbledon-1109,1,3,3,Dynamic Model,1,0
2024,2024-wimbledon-1110,2,3,1,Cumul. Point Winner,2,2
2024,2024-wimbledon-1110,2,3,2,Cumul. Point Winner,2,1
2024,2024-wimbledon-1110,2,3,3,Cumul. Point Winner,2,0
2024,2024-wimbledon-1110,2,3,1,Cumul. Game Winner,2,2
2024,2024-wimbledon-1110,2,3,2,Cumul. Game Winner,2,1
2024,2024-wimbledon-1110,2,3,3,Cumul. Game Winner,2,0
2024,2024-wimbledon-1110,2,3,1,Set Winner,2,2
2024,2024-wimbledon-1110,2,3,2,Set Winner,2,1
2024,2024-wimbledon-1110,2,3,3,Set Winner,2,0
2024,2024-wimbledon-1110,2,3,1,Cumul. Set Winner,2,2
2024,2024-wimbledon-1110,2,3,2,Cumul. Set Winner,2,1
2024,2024-wimbledon-1110,2,3,3,Cumul. Set Winner,2,0
2024,2024-wimbledon-1110,2,3,1,Cumul. Unf. Error,1,2
2024,2024-wimbledon-1110,2,3,2,Cumul. Unf. Error,1,1
2024,2024-wimbledon-1110,2,3,3,Cumul. Unf. Error,1,0
2024,2024-wimbledon-1110,2,3,1,Dynamic Model,2,2
2024,2024-wimbledon-1110,2,3,2,Dynamic Model,2,1
2024,2024-wimbledon-1110,2,3,3,Dynamic Model,2,0
2024,2024-wimbledon-1111,1,3,1,Cumul. Point Winner,1,2
2024,2024-wimbledon-1111,1,3,2,Cumul. Point Winner,1,1
2024,2024-wimbledon-1111,1,3,3,Cumul. Point Winner,1,0
2024,2024-wimbledon-1111,1,3,1,Cumul. Game Winner,1,2
2024,2024-wimbledon-1111,1,3,2,Cumul. Game Winner,1,1
2024,2024-wimbledon-1111,1,3,3,Cumul. Game Winner,1,0
2024,2024-wimbledon-1111,1,3,1,Set Winner,1,2
2024,2024-wimbledon-1111,1,3,2,Set Winner,1,1
2024,2024-wimbledon-1111,1,3,3,Set Winner,1,0
2024,2024-wimbledon-1111,1,3,1,Cumul. Set Winner,1,2
2024,2024-wimbledon-1111,1,3,2,Cumul. Set Winner,1,1
2024,2024-wimbledon-1111,1,3,3,Cumul. Set Winner,1,0
2024,2024-wimbledon-1111,1,3,1,Cumul. Unf. Error,2,2
2024,2024-wimbledon-1111,1,3,2,Cumul. Unf. Error,2,1
2024,2024-wimbledon-1111,1,3,3,Cumul. Unf. Error,2,0
2024,2024-wimbledon-1111,1,3,1,Dynamic Model,1,2
2024,2024-wimbledon-1111,1,3,2,Dynamic Model,1,1
2024,2024-wimbledon-1111,1,3,3,Dynamic Model,1,0
2024,2024-wimbledon-1112,1,4,1,Cumul. Point Winner,1,3
2024,2024-wimbledon-1112,1,4,2,Cumul. Point Winner,1,2
2024,2024-wimbledon-1112,1,4,3,Cumul. Point Winner,1,1
2024,2024-wimbledon-1112,1,4,4,Cumul. Point Winner,1,0
2024,2024-wimbledon-1112,1,4,1,Cumul. Game Winner,1,3
2024,2024-wimbledon-1112,1,4,2,Cumul. Game Winner,2,2
2024,2024-wimbledon-1112,1,4,3,Cumul. Game Winner,1,1
2024,2024-wimbledon-1112,1,4,4,Cumul. Game Winner,1,0
2024,2024-wimbledon-1112,1,4,1,Set Winner,1,3
2024,2024-wimbledon-1112,1,4,2,Set Winner,2,2
2024,2024-wimbledon-1112,1,4,3,Set Winner,1,1
2024,2024-wimbledon-1112,1,4,4,Set Winner,1,0
2024,2024-wimbledon-1112,1,4,1,Cumul. Set Winner,1,3
2024,2024-wimbledon-1112,1,4,2,Cumul. Set Winner,1,2
2024,2024-wimbledon-1112,1,4,3,Cumul. Set Winner,1,1
2024,2024-wimbledon-1112,1,4,4,Cumul. Set Winner,1,0
2024,2024-wimbledon-1112,1,4,1,Cumul. Unf. Error,1,3
2024,2024-wimbledon-1112,1,4,2,Cumul. Unf. Error,2,2
2024,2024-wimbledon-1112,1,4,3,Cumul. Unf. Error,2,1
2024,2024-wimbledon-1112,1,4,4,Cumul. Unf. Error,2,0
2024,2024-wimbledon-1112,1,4,1,Dynamic Model,1,3
2024,2024-wimbledon-1112,1,4,2,Dynamic Model,1,2
2024,2024-wimbledon-1112,1,4,3,Dynamic Model,1,1
2024,2024-wimbledon-1112,1,4,4,Dynamic Model,1,0
2024,2024-wimbledon-1113,1,3,1,Cumul. Point Winner,1,2
2024,2024-wimbledon-1113,1,3,2,Cumul. Point Winner,1,1
2024,2024-wimbledon-1113,1,3,3,Cumul. Point Winner,1,0
2024,2024-wimbledon-1113,1,3,1,Cumul. Game Winner,1,2
2024,2024-wimbledon-1113,1,3,2,Cumul. Game Winner,1,1
2024,2024-wimbledon-1113,1,3,3,Cumul. Game Winner,1,0
2024,2024-wimbledon-1113,1,3,1,Set Winner,1,2
2024,2024-wimbledon-1113,1,3,2,Set Winner,1,1
2024,2024-wimbledon-1113,1,3,3,Set Winner,1,0
2024,2024-wimbledon-1113,1,3,1,Cumul. Set Winner,1,2
2024,2024-wimbledon-1113,1,3,2,Cumul. Set Winner,1,1
2024,2024-wimbledon-1113,1,3,3,Cumul. Set Winner,1,0
2024,2024-wimbledon-1113,1,3,1,Cumul. Unf. Error,1,2
2024,2024-wimbledon-1113,1,3,2,Cumul. Unf. Error,1,1
2024,2024-wimbledon-1113,1,3,3,Cumul. Unf. Error,1,0
2024,2024-wimbledon-1113,1,3,1,Dynamic Model,1,2
2024,2024-wimbledon-1113,1,3,2,Dynamic Model,1,1
2024,2024-wimbledon-1113,1,3,3,Dynamic Model,1,0
2024,2024-wimbledon-1114,1,4,1,Cumul. Point Winner,1,3
2024,2024-wimbledon-1114,1,4,2,Cumul. Point Winner,1,2
2024,2024-wimbledon-1114,1,4,3,Cumul. Point Winner,1,1
2024,2024-wimbledon-1114,1,4,4,Cumul. Point Winner,1,0
2024,2024-wimbledon-1114,1,4,1,Cumul. Game Winner,1,3
2024,2024-wimbledon-1114,1,4,2,Cumul. Game Winner,1,2
2024,2024-wimbledon-1114,1,4,3,Cumul. Game Winner,1,1
2024,2024-wimbledon-1114,1,4,4,Cumul. Game Winner,1,0
2024,2024-wimbledon-1114,1,4,1,Set Winner,1,3
2024,2024-wimbledon-1114,1,4,2,Set Winner,2,2
2024,2024-wimbledon-1114,1,4,3,Set Winner,1,1
2024,2024-wimbledon-1114,1,4,4,Set Winner,1,0
2024,2024-wimbledon-1114,1,4,1,Cumul. Set Winner,1,3
2024,2024-wimbledon-1114,1,4,2,Cumul. Set Winner,1,2
2024,2024-wimbledon-1114,1,4,3,Cumul. Set Winner,1,1
2024,2024-wimbledon-1114,1,4,4,Cumul. Set Winner,1,0
2024,2024-wimbledon-1114,1,4,1,Cumul. Unf. Error,1,3
2024,2024-wimbledon-1114,1,4,2,Cumul. Unf. Error,2,2
2024,2024-wimbledon-1114,1,4,3,Cumul. Unf. Error,2,1
2024,2024-wimbledon-1114,1,4,4,Cumul. Unf. Error,2,0
2024,2024-wimbledon-1114,1,4,1,Dynamic Model,1,3
2024,2024-wimbledon-1114,1,4,2,Dynamic Model,1,2
2024,2024-wimbledon-1114,1,4,3,Dynamic Model,1,1
2024,2024-wimbledon-1114,1,4,4,Dynamic Model,1,0
2024,2024-wimbledon-1115,1,3,1,Cumul. Point Winner,1,2
2024,2024-wimbledon-1115,1,3,2,Cumul. Point Winner,1,1
2024,2024-wimbledon-1115,1,3,3,Cumul. Point Winner,1,0
2024,2024-wimbledon-1115,1,3,1,Cumul. Game Winner,1,2
2024,2024-wimbledon-1115,1,3,2,Cumul. Game Winner,1,1
2024,2024-wimbledon-1115,1,3,3,Cumul. Game Winner,1,0
2024,2024-wimbledon-1115,1,3,1,Set Winner,1,2
2024,2024-wimbledon-1115,1,3,2,Set Winner,1,1
2024,2024-wimbledon-1115,1,3,3,Set Winner,1,0
2024,2024-wimbledon-1115,1,3,1,Cumul. Set Winner,1,2
2024,2024-wimbledon-1115,1,3,2,Cumul. Set Winner,1,1
2024,2024-wimbledon-1115,1,3,3,Cumul. Set Winner,1,0
2024,2024-wimbledon-1115,1,3,1,Cumul. Unf. Error,1,2
2024,2024-wimbledon-1115,1,3,2,Cumul. Unf. Error,1,1
2024,2024-wimbledon-1115,1,3,3,Cumul. Unf. Error,1,0
2024,2024-wimbledon-1115,1,3,1,Dynamic Model,1,2
2024,2024-wimbledon-1115,1,3,2,Dynamic Model,1,1
2024,2024-wimbledon-1115,1,3,3,Dynamic Model,1,0
2024,2024-wimbledon-1116,2,3,1,Cumul. Point Winner,2,2
2024,2024-wimbledon-1116,2,3,2,Cumul. Point Winner,2,1
2024,2024-wimbledon-1116,2,3,3,Cumul. Point Winner,2,0
2024,2024-wimbledon-1116,2,3,1,Cumul. Game Winner,2,2
2024,2024-wimbledon-1116,2,3,2,Cumul. Game Winner,2,1
2024,2024-wimbledon-1116,2,3,3,Cumul. Game Winner,2,0
2024,2024-wimbledon-1116,2,3,1,Set Winner,2,2
2024,2024-wimbledon-1116,2,3,2,Set Winner,2,1
2024,2024-wimbledon-1116,2,3,3,Set Winner,2,0
2024,2024-wimbledon-1116,2,3,1,Cumul. Set Winner,2,2
2024,2024-wimbledon-1116,2,3,2,Cumul. Set Winner,2,1
2024,2024-wimbledon-1116,2,3,3,Cumul. Set Winner,2,0
2024,2024-wimbledon-1116,2,3,1,Cumul. Unf. Error,2,2
2024,2024-wimbledon-1116,2,3,2,Cumul. Unf. Error,2,1
2024,2024-wimbledon-1116,2,3,3,Cumul. Unf. Error,2,0
2024,2024-wimbledon-1116,2,3,1,Dynamic Model,2,2
2024,2024-wimbledon-1116,2,3,2,Dynamic Model,2,1
2024,2024-wimbledon-1116,2,3,3,Dynamic Model,2,0
2024,2024-wimbledon-1117,1,3,1,Cumul. Point Winner,1,2
2024,2024-wimbledon-1117,1,3,2,Cumul. Point Winner,1,1
2024,2024-wimbledon-1117,1,3,3,Cumul. Point Winner,1,0
2024,2024-wimbledon-1117,1,3,1,Cumul. Game Winner,1,2
2024,2024-wimbledon-1117,1,3,2,Cumul. Game Winner,1,1
2024,2024-wimbledon-1117,1,3,3,Cumul. Game Winner,1,0
2024,2024-wimbledon-1117,1,3,1,Set Winner,1,2
2024,2024-wimbledon-1117,1,3,2,Set Winner,1,1
2024,2024-wimbledon-1117,1,3,3,Set Winner,1,0
2024,2024-wimbledon-1117,1,3,1,Cumul. Set Winner,1,2
2024,2024-wimbledon-1117,1,3,2,Cumul. Set Winner,1,1
2024,2024-wimbledon-1117,1,3,3,Cumul. Set Winner,1,0
2024,2024-wimbledon-1117,1,3,1,Cumul. Unf. Error,1,2
2024,2024-wimbledon-1117,1,3,2,Cumul. Unf. Error,2,1
2024,2024-wimbledon-1117,1,3,3,Cumul. Unf. Error,2,0
2024,2024-wimbledon-1117,1,3,1,Dynamic Model,1,2
2024,2024-wimbledon-1117,1,3,2,Dynamic Model,1,1
2024,2024-wimbledon-1117,1,3,3,Dynamic Model,1,0
2024,2024-wimbledon-1118,1,5,1,Cumul. Point Winner,2,4
2024,2024-wimbledon-1118,1,5,2,Cumul. Point Winner,1,3
2024,2024-wimbledon-1118,1,5,3,Cumul. Point Winner,1,2
2024,2024-wimbledon-1118,1,5,4,Cumul. Point Winner,2,1
2024,2024-wimbledon-1118,1,5,5,Cumul. Point Winner,1,0
2024,2024-wimbledon-1118,1,5,1,Cumul. Game Winner,2,4
2024,2024-wimbledon-1118,1,5,2,Cumul. Game Winner,1,3
2024,2024-wimbledon-1118,1,5,3,Cumul. Game Winner,1,2
2024,2024-wimbledon-1118,1,5,4,Cumul. Game Winner,1,1
2024,2024-wimbledon-1118,1,5,5,Cumul. Game Winner,1,0
2024,2024-wimbledon-1118,1,5,1,Set Winner,2,4
2024,2024-wimbledon-1118,1,5,2,Set Winner,1,3
2024,2024-wimbledon-1118,1,5,3,Set Winner,1,2
2024,2024-wimbledon-1118,1,5,4,Set Winner,2,1
2024,2024-wimbledon-1118,1,5,5,Set Winner,1,0
2024,2024-wimbledon-1118,1,5,1,Cumul. Set Winner,2,4
2024,2024-wimbledon-1118,1,5,2,Cumul. Set Winner,2,3
2024,2024-wimbledon-1118,1,5,3,Cumul. Set Winner,1,2
2024,2024-wimbledon-1118,1,5,4,Cumul. Set Winner,1,1
2024,2024-wimbledon-1118,1,5,5,Cumul. Set Winner,1,0
2024,2024-wimbledon-1118,1,5,1,Cumul. Unf. Error,2,4
2024,2024-wimbledon-1118,1,5,2,Cumul. Unf. Error,1,3
2024,2024-wimbledon-1118,1,5,3,Cumul. Unf. Error,1,2
2024,2024-wimbledon-1118,1,5,4,Cumul. Unf. Error,1,1
2024,2024-wimbledon-1118,1,5,5,Cumul. Unf. Error,1,0
2024,2024-wimbledon-1118,1,5,1,Dynamic Model,2,4
2024,2024-wimbledon-1118,1,5,2,Dynamic Model,2,3
2024,2024-wimbledon-1118,1,5,3,Dynamic Model,1,2
2024,2024-wimbledon-1118,1,5,4,Dynamic Model,1,1
2024,2024-wimbledon-1118,1,5,5,Dynamic Model,1,0
2024,2024-wimbledon-1119,1,3,1,Cumul. Point Winner,1,2
2024,2024-wimbledon-1119,1,3,2,Cumul. Point Winner,1,1
2024,2024-wimbledon-1119,1,3,3,Cumul. Point Winner,1,0
2024,2024-wimbledon-1119,1,3,1,Cumul. Game Winner,1,2
2024,2024-wimbledon-1119,1,3,2,Cumul. Game Winner,1,1
2024,2024-wimbledon-1119,1,3,3,Cumul. Game Winner,1,0
2024,2024-wimbledon-1119,1,3,1,Set Winner,1,2
2024,2024-wimbledon-1119,1,3,2,Set Winner,1,1
2024,2024-wimbledon-1119,1,3,3,Set Winner,1,0
2024,2024-wimbledon-1119,1,3,1,Cumul. Set Winner,1,2
2024,2024-wimbledon-1119,1,3,2,Cumul. Set Winner,1,1
2024,2024-wimbledon-1119,1,3,3,Cumul. Set Winner,1,0
2024,2024-wimbledon-1119,1,3,1,Cumul. Unf. Error,2,2
2024,2024-wimbledon-1119,1,3,2,Cumul. Unf. Error,1,1
2024,2024-wimbledon-1119,1,3,3,Cumul. Unf. Error,1,0
2024,2024-wimbledon-1119,1,3,1,Dynamic Model,1,2
2024,2024-wimbledon-1119,1,3,2,Dynamic Model,1,1
2024,2024-wimbledon-1119,1,3,3,Dynamic Model,1,0
2024,2024-wimbledon-1120,2,5,1,Cumul. Point Winner,1,4
2024,2024-wimbledon-1120,2,5,2,Cumul. Point Winner,1,3
2024,2024-wimbledon-1120,2,5,3,Cumul. Point Winner,1,2
2024,2024-wimbledon-1120,2,5,4,Cumul. Point Winner,2,1
2024,2024-wimbledon-1120,2,5,5,Cumul. Point Winner,2,0
2024,2024-wimbledon-1120,2,5,1,Cumul. Game Winner,1,4
2024,2024-wimbledon-1120,2,5,2,Cumul. Game Winner,1,3
2024,2024-wimbledon-1120,2,5,3,Cumul. Game Winner,1,2
2024,2024-wimbledon-1120,2,5,4,Cumul. Game Winner,2,1
2024,2024-wimbledon-1120,2,5,5,Cumul. Game Winner,2,0
2024,2024-wimbledon-1120,2,5,1,Set Winner,1,4
2024,2024-wimbledon-1120,2,5,2,Set Winner,1,3
2024,2024-wimbledon-1120,2,5,3,Set Winner,2,2
2024,2024-wimbledon-1120,2,5,4,Set Winner,2,1
2024,2024-wimbledon-1120,2,5,5,Set Winner,2,0
2024,2024-wimbledon-1120,2,5,1,Cumul. Set Winner,1,4
2024,2024-wimbledon-1120,2,5,2,Cumul. Set Winner,1,3
2024,2024-wimbledon-1120,2,5,3,Cumul. Set Winner,1,2
2024,2024-wimbledon-1120,2,5,4,Cumul. Set Winner,1,1
2024,2024-wimbledon-1120,2,5,5,Cumul. Set Winner,2,0
2024,2024-wimbledon-1120,2,5,1,Cumul. Unf. Error,2,4
2024,2024-wimbledon-1120,2,5,2,Cumul. Unf. Error,1,3
2024,2024-wimbledon-1120,2,5,3,Cumul. Unf. Error,2,2
2024,2024-wimbledon-1120,2,5,4,Cumul. Unf. Error,2,1
2024,2024-wimbledon-1120,2,5,5,Cumul. Unf. Error,2,0
2024,2024-wimbledon-1120,2,5,1,Dynamic Model,1,4
2024,2024-wimbledon-1120,2,5,2,Dynamic Model,1,3
2024,2024-wimbledon-1120,2,5,3,Dynamic Model,1,2
2024,2024-wimbledon-1120,2,5,4,Dynamic Model,2,1
2024,2024-wimbledon-1120,2,5,5,Dynamic Model,2,0
2024,2024-wimbledon-1121,2,3,1,Cumul. Point Winner,2,2
2024,2024-wimbledon-1121,2,3,2,Cumul. Point Winner,2,1
2024,2024-wimbledon-1121,2,3,3,Cumul. Point Winner,2,0
2024,2024-wimbledon-1121,2,3,1,Cumul. Game Winner,2,2
2024,2024-wimbledon-1121,2,3,2,Cumul. Game Winner,2,1
2024,2024-wimbledon-1121,2,3,3,Cumul. Game Winner,2,0
2024,2024-wimbledon-1121,2,3,1,Set Winner,2,2
2024,2024-wimbledon-1121,2,3,2,Set Winner,2,1
2024,2024-wimbledon-1121,2,3,3,Set Winner,2,0
2024,2024-wimbledon-1121,2,3,1,Cumul. Set Winner,2,2
2024,2024-wimbledon-1121,2,3,2,Cumul. Set Winner,2,1
2024,2024-wimbledon-1121,2,3,3,Cumul. Set Winner,2,0
2024,2024-wimbledon-1121,2,3,1,Cumul. Unf. Error,2,2
2024,2024-wimbledon-1121,2,3,2,Cumul. Unf. Error,2,1
2024,2024-wimbledon-1121,2,3,3,Cumul. Unf. Error,2,0
2024,2024-wimbledon-1121,2,3,1,Dynamic Model,2,2
2024,2024-wimbledon-1121,2,3,2,Dynamic Model,2,1
2024,2024-wimbledon-1121,2,3,3,Dynamic Model,2,0
2024,2024-wimbledon-1122,2,5,1,Cumul. Point Winner,2,4
2024,2024-wimbledon-1122,2,5,2,Cumul. Point Winner,1,3
2024,2024-wimbledon-1122,2,5,3,Cumul. Point Winner,1,2
2024,2024-wimbledon-1122,2,5,4,Cumul. Point Winner,2,1
2024,2024-wimbledon-1122,2,5,5,Cumul. Point Winner,2,0
2024,2024-wimbledon-1122,2,5,1,Cumul. Game Winner,1,4
2024,2024-wimbledon-1122,2,5,2,Cumul. Game Winner,1,3
2024,2024-wimbledon-1122,2,5,3,Cumul. Game Winner,1,2
2024,2024-wimbledon-1122,2,5,4,Cumul. Game Winner,1,1
2024,2024-wimbledon-1122,2,5,5,Cumul. Game Winner,2,0
2024,2024-wimbledon-1122,2,5,1,Set Winner,1,4
2024,2024-wimbledon-1122,2,5,2,Set Winner,1,3
2024,2024-wimbledon-1122,2,5,3,Set Winner,2,2
2024,2024-wimbledon-1122,2,5,4,Set Winner,2,1
2024,2024-wimbledon-1122,2,5,5,Set Winner,2,0
2024,2024-wimbledon-1122,2,5,1,Cumul. Set Winner,1,4
2024,2024-wimbledon-1122,2,5,2,Cumul. Set Winner,1,3
2024,2024-wimbledon-1122,2,5,3,Cumul. Set Winner,1,2
2024,2024-wimbledon-1122,2,5,4,Cumul. Set Winner,1,1
2024,2024-wimbledon-1122,2,5,5,Cumul. Set Winner,2,0
2024,2024-wimbledon-1122,2,5,1,Cumul. Unf. Error,2,4
2024,2024-wimbledon-1122,2,5,2,Cumul. Unf. Error,2,3
2024,2024-wimbledon-1122,2,5,3,Cumul. Unf. Error,1,2
2024,2024-wimbledon-1122,2,5,4,Cumul. Unf. Error,2,1
2024,2024-wimbledon-1122,2,5,5,Cumul. Unf. Error,2,0
2024,2024-wimbledon-1122,2,5,1,Dynamic Model,2,4
2024,2024-wimbledon-1122,2,5,2,Dynamic Model,1,3
2024,2024-wimbledon-1122,2,5,3,Dynamic Model,1,2
2024,2024-wimbledon-1122,2,5,4,Dynamic Model,2,1
2024,2024-wimbledon-1122,2,5,5,Dynamic Model,2,0
2024,2024-wimbledon-1123,1,4,1,Cumul. Point Winner,1,3
2024,2024-wimbledon-1123,1,4,2,Cumul. Point Winner,1,2
2024,2024-wimbledon-1123,1,4,3,Cumul. Point Winner,1,1
2024,2024-wimbledon-1123,1,4,4,Cumul. Point Winner,1,0
2024,2024-wimbledon-1123,1,4,1,Cumul. Game Winner,1,3
2024,2024-wimbledon-1123,1,4,2,Cumul. Game Winner,1,2
2024,2024-wimbledon-1123,1,4,3,Cumul. Game Winner,1,1
2024,2024-wimbledon-1123,1,4,4,Cumul. Game Winner,1,0
2024,2024-wimbledon-1123,1,4,1,Set Winner,1,3
2024,2024-wimbledon-1123,1,4,2,Set Winner,2,2
2024,2024-wimbledon-1123,1,4,3,Set Winner,1,1
2024,2024-wimbledon-1123,1,4,4,Set Winner,1,0
2024,2024-wimbledon-1123,1,4,1,Cumul. Set Winner,1,3
2024,2024-wimbledon-1123,1,4,2,Cumul. Set Winner,1,2
2024,2024-wimbledon-1123,1,4,3,Cumul. Set Winner,1,1
2024,2024-wimbledon-1123,1,4,4,Cumul. Set Winner,1,0
2024,2024-wimbledon-1123,1,4,1,Cumul. Unf. Error,2,3
2024,2024-wimbledon-1123,1,4,2,Cumul. Unf. Error,2,2
2024,2024-wimbledon-1123,1,4,3,Cumul. Unf. Error,2,1
2024,2024-wimbledon-1123,1,4,4,Cumul. Unf. Error,1,0
2024,2024-wimbledon-1123,1,4,1,Dynamic Model,1,3
2024,2024-wimbledon-1123,1,4,2,Dynamic Model,1,2
2024,2024-wimbledon-1123,1,4,3,Dynamic Model,1,1
2024,2024-wimbledon-1123,1,4,4,Dynamic Model,1,0
2024,2024-wimbledon-1124,2,5,1,Cumul. Point Winner,2,4
2024,2024-wimbledon-1124,2,5,2,Cumul. Point Winner,2,3
2024,2024-wimbledon-1124,2,5,3,Cumul. Point Winner,2,2
2024,2024-wimbledon-1124,2,5,4,Cumul. Point Winner,2,1
2024,2024-wimbledon-1124,2,5,5,Cumul. Point Winner,2,0
2024,2024-wimbledon-1124,2,5,1,Cumul. Game Winner,2,4
2024,2024-wimbledon-1124,2,5,2,Cumul. Game Winner,2,3
2024,2024-wimbledon-1124,2,5,3,Cumul. Game Winner,2,2
2024,2024-wimbledon-1124,2,5,4,Cumul. Game Winner,2,1
2024,2024-wimbledon-1124,2,5,5,Cumul. Game Winner,2,0
2024,2024-wimbledon-1124,2,5,1,Set Winner,2,4
2024,2024-wimbledon-1124,2,5,2,Set Winner,1,3
2024,2024-wimbledon-1124,2,5,3,Set Winner,2,2
2024,2024-wimbledon-1124,2,5,4,Set Winner,1,1
2024,2024-wimbledon-1124,2,5,5,Set Winner,2,0
2024,2024-wimbledon-1124,2,5,1,Cumul. Set Winner,2,4
2024,2024-wimbledon-1124,2,5,2,Cumul. Set Winner,2,3
2024,2024-wimbledon-1124,2,5,3,Cumul. Set Winner,2,2
2024,2024-wimbledon-1124,2,5,4,Cumul. Set Winner,2,1
2024,2024-wimbledon-1124,2,5,5,Cumul. Set Winner,2,0
2024,2024-wimbledon-1124,2,5,1,Cumul. Unf. Error,2,4
2024,2024-wimbledon-1124,2,5,2,Cumul. Unf. Error,2,3
2024,2024-wimbledon-1124,2,5,3,Cumul. Unf. Error,2,2
2024,2024-wimbledon-1124,2,5,4,Cumul. Unf. Error,2,1
2024,2024-wimbledon-1124,2,5,5,Cumul. Unf. Error,2,0
2024,2024-wimbledon-1124,2,5,1,Dynamic Model,2,4
2024,2024-wimbledon-1124,2,5,2,Dynamic Model,2,3
2024,2024-wimbledon-1124,2,5,3,Dynamic Model,2,2
2024,2024-wimbledon-1124,2,5,4,Dynamic Model,2,1
2024,2024-wimbledon-1124,2,5,5,Dynamic Model,2,0
2024,2024-wimbledon-1125,1,4,1,Cumul. Point Winner,1,3
2024,2024-wimbledon-1125,1,4,2,Cumul. Point Winner,1,2
2024,2024-wimbledon-1125,1,4,3,Cumul. Point Winner,1,1
2024,2024-wimbledon-1125,1,4,4,Cumul. Point Winner,1,0
2024,2024-wimbledon-1125,1,4,1,Cumul. Game Winner,1,3
2024,2024-wimbledon-1125,1,4,2,Cumul. Game Winner,1,2
2024,2024-wimbledon-1125,1,4,3,Cumul. Game Winner,1,1
2024,2024-wimbledon-1125,1,4,4,Cumul. Game Winner,1,0
2024,2024-wimbledon-1125,1,4,1,Set Winner,1,3
2024,2024-wimbledon-1125,1,4,2,Set Winner,1,2
2024,2024-wimbledon-1125,1,4,3,Set Winner,2,1
2024,2024-wimbledon-1125,1,4,4,Set Winner,1,0
2024,2024-wimbledon-1125,1,4,1,Cumul. Set Winner,1,3
2024,2024-wimbledon-1125,1,4,2,Cumul. Set Winner,1,2
2024,2024-wimbledon-1125,1,4,3,Cumul. Set Winner,1,1
2024,2024-wimbledon-1125,1,4,4,Cumul. Set Winner,1,0
2024,2024-wimbledon-1125,1,4,1,Cumul. Unf. Error,1,3
2024,2024-wimbledon-1125,1,4,2,Cumul. Unf. Error,1,2
2024,2024-wimbledon-1125,1,4,3,Cumul. Unf. Error,1,1
2024,2024-wimbledon-1125,1,4,4,Cumul. Unf. Error,1,0
2024,2024-wimbledon-1125,1,4,1,Dynamic Model,1,3
2024,2024-wimbledon-1125,1,4,2,Dynamic Model,1,2
2024,2024-wimbledon-1125,1,4,3,Dynamic Model,1,1
2024,2024-wimbledon-1125,1,4,4,Dynamic Model,1,0
2024,2024-wimbledon-1126,1,3,1,Cumul. Point Winner,1,2
2024,2024-wimbledon-1126,1,3,2,Cumul. Point Winner,1,1
2024,2024-wimbledon-1126,1,3,3,Cumul. Point Winner,1,0
2024,2024-wimbledon-1126,1,3,1,Cumul. Game Winner,1,2
2024,2024-wimbledon-1126,1,3,2,Cumul. Game Winner,1,1
2024,2024-wimbledon-1126,1,3,3,Cumul. Game Winner,1,0
2024,2024-wimbledon-1126,1,3,1,Set Winner,1,2
2024,2024-wimbledon-1126,1,3,2,Set Winner,1,1
2024,2024-wimbledon-1126,1,3,3,Set Winner,1,0
2024,2024-wimbledon-1126,1,3,1,Cumul. Set Winner,1,2
2024,2024-wimbledon-1126,1,3,2,Cumul. Set Winner,1,1
2024,2024-wimbledon-1126,1,3,3,Cumul. Set Winner,1,0
2024,2024-wimbledon-1126,1,3,1,Cumul. Unf. Error,2,2
2024,2024-wimbledon-1126,1,3,2,Cumul. Unf. Error,1,1
2024,2024-wimbledon-1126,1,3,3,Cumul. Unf. Error,2,0
2024,2024-wimbledon-1126,1,3,1,Dynamic Model,1,2
2024,2024-wimbledon-1126,1,3,2,Dynamic Model,1,1
2024,2024-wimbledon-1126,1,3,3,Dynamic Model,1,0
2024,2024-wimbledon-1127,2,5,1,Cumul. Point Winner,2,4
2024,2024-wimbledon-1127,2,5,2,Cumul. Point Winner,2,3
2024,2024-wimbledon-1127,2,5,3,Cumul. Point Winner,2,2
2024,2024-wimbledon-1127,2,5,4,Cumul. Point Winner,2,1
2024,2024-wimbledon-1127,2,5,5,Cumul. Point Winner,2,0
2024,2024-wimbledon-1127,2,5,1,Cumul. Game Winner,2,4
2024,2024-wimbledon-1127,2,5,2,Cumul. Game Winner,2,3
2024,2024-wimbledon-1127,2,5,3,Cumul. Game Winner,2,2
2024,2024-wimbledon-1127,2,5,4,Cumul. Game Winner,2,1
2024,2024-wimbledon-1127,2,5,5,Cumul. Game Winner,2,0
2024,2024-wimbledon-1127,2,5,1,Set Winner,2,4
2024,2024-wimbledon-1127,2,5,2,Set Winner,2,3
2024,2024-wimbledon-1127,2,5,3,Set Winner,1,2
2024,2024-wimbledon-1127,2,5,4,Set Winner,1,1
2024,2024-wimbledon-1127,2,5,5,Set Winner,2,0
2024,2024-wimbledon-1127,2,5,1,Cumul. Set Winner,2,4
2024,2024-wimbledon-1127,2,5,2,Cumul. Set Winner,2,3
2024,2024-wimbledon-1127,2,5,3,Cumul. Set Winner,2,2
2024,2024-wimbledon-1127,2,5,4,Cumul. Set Winner,2,1
2024,2024-wimbledon-1127,2,5,5,Cumul. Set Winner,2,0
2024,2024-wimbledon-1127,2,5,1,Cumul. Unf. Error,1,4
2024,2024-wimbledon-1127,2,5,2,Cumul. Unf. Error,1,3
2024,2024-wimbledon-1127,2,5,3,Cumul. Unf. Error,1,2
2024,2024-wimbledon-1127,2,5,4,Cumul. Unf. Error,1,1
2024,2024-wimbledon-1127,2,5,5,Cumul. Unf. Error,1,0
2024,2024-wimbledon-1127,2,5,1,Dynamic Model,2,4
2024,2024-wimbledon-1127,2,5,2,Dynamic Model,2,3
2024,2024-wimbledon-1127,2,5,3,Dynamic Model,2,2
2024,2024-wimbledon-1127,2,5,4,Dynamic Model,1,1
2024,2024-wimbledon-1127,2,5,5,Dynamic Model,1,0
2024,2024-wimbledon-1128,2,5,1,Cumul. Point Winner,1,4
2024,2024-wimbledon-1128,2,5,2,Cumul. Point Winner,1,3
2024,2024-wimbledon-1128,2,5,3,Cumul. Point Winner,1,2
2024,2024-wimbledon-1128,2,5,4,Cumul. Point Winner,2,1
2024,2024-wimbledon-1128,2,5,5,Cumul. Point Winner,2,0
2024,2024-wimbledon-1128,2,5,1,Cumul. Game Winner,1,4
2024,2024-wimbledon-1128,2,5,2,Cumul. Game Winner,1,3
2024,2024-wimbledon-1128,2,5,3,Cumul. Game Winner,1,2
2024,2024-wimbledon-1128,2,5,4,Cumul. Game Winner,2,1
2024,2024-wimbledon-1128,2,5,5,Cumul. Game Winner,2,0
2024,2024-wimbledon-1128,2,5,1,Set Winner,1,4
2024,2024-wimbledon-1128,2,5,2,Set Winner,1,3
2024,2024-wimbledon-1128,2,5,3,Set Winner,2,2
2024,2024-wimbledon-1128,2,5,4,Set Winner,2,1
2024,2024-wimbledon-1128,2,5,5,Set Winner,2,0
2024,2024-wimbledon-1128,2,5,1,Cumul. Set Winner,1,4
2024,2024-wimbledon-1128,2,5,2,Cumul. Set Winner,1,3
2024,2024-wimbledon-1128,2,5,3,Cumul. Set Winner,1,2
2024,2024-wimbledon-1128,2,5,4,Cumul. Set Winner,1,1
2024,2024-wimbledon-1128,2,5,5,Cumul. Set Winner,2,0
2024,2024-wimbledon-1128,2,5,1,Cumul. Unf. Error,2,4
2024,2024-wimbledon-1128,2,5,2,Cumul. Unf. Error,2,3
2024,2024-wimbledon-1128,2,5,3,Cumul. Unf. Error,2,2
2024,2024-wimbledon-1128,2,5,4,Cumul. Unf. Error,2,1
2024,2024-wimbledon-1128,2,5,5,Cumul. Unf. Error,2,0
2024,2024-wimbledon-1128,2,5,1,Dynamic Model,1,4
2024,2024-wimbledon-1128,2,5,2,Dynamic Model,1,3
2024,2024-wimbledon-1128,2,5,3,Dynamic Model,1,2
2024,2024-wimbledon-1128,2,5,4,Dynamic Model,2,1
2024,2024-wimbledon-1128,2,5,5,Dynamic Model,2,0
2024,2024-wimbledon-1129,2,3,1,Cumul. Point Winner,2,2
2024,2024-wimbledon-1129,2,3,2,Cumul. Point Winner,2,1
2024,2024-wimbledon-1129,2,3,3,Cumul. Point Winner,2,0
2024,2024-wimbledon-1129,2,3,1,Cumul. Game Winner,2,2
2024,2024-wimbledon-1129,2,3,2,Cumul. Game Winner,2,1
2024,2024-wimbledon-1129,2,3,3,Cumul. Game Winner,2,0
2024,2024-wimbledon-1129,2,3,1,Set Winner,2,2
2024,2024-wimbledon-1129,2,3,2,Set Winner,2,1
2024,2024-wimbledon-1129,2,3,3,Set Winner,2,0
2024,2024-wimbledon-1129,2,3,1,Cumul. Set Winner,2,2
2024,2024-wimbledon-1129,2,3,2,Cumul. Set Winner,2,1
2024,2024-wimbledon-1129,2,3,3,Cumul. Set Winner,2,0
2024,2024-wimbledon-1129,2,3,1,Cumul. Unf. Error,2,2
2024,2024-wimbledon-1129,2,3,2,Cumul. Unf. Error,2,1
2024,2024-wimbledon-1129,2,3,3,Cumul. Unf. Error,2,0
2024,2024-wimbledon-1129,2,3,1,Dynamic Model,2,2
2024,2024-wimbledon-1129,2,3,2,Dynamic Model,2,1
2024,2024-wimbledon-1129,2,3,3,Dynamic Model,2,0
2024,2024-wimbledon-1130,1,3,1,Cumul. Point Winner,1,2
2024,2024-wimbledon-1130,1,3,2,Cumul. Point Winner,1,1
2024,2024-wimbledon-1130,1,3,3,Cumul. Point Winner,1,0
2024,2024-wimbledon-1130,1,3,1,Cumul. Game Winner,1,2
2024,2024-wimbledon-1130,1,3,2,Cumul. Game Winner,1,1
2024,2024-wimbledon-1130,1,3,3,Cumul. Game Winner,1,0
2024,2024-wimbledon-1130,1,3,1,Set Winner,1,2
2024,2024-wimbledon-1130,1,3,2,Set Winner,1,1
2024,2024-wimbledon-1130,1,3,3,Set Winner,1,0
2024,2024-wimbledon-1130,1,3,1,Cumul. Set Winner,1,2
2024,2024-wimbledon-1130,1,3,2,Cumul. Set Winner,1,1
2024,2024-wimbledon-1130,1,3,3,Cumul. Set Winner,1,0
2024,2024-wimbledon-1130,1,3,1,Cumul. Unf. Error,2,2
2024,2024-wimbledon-1130,1,3,2,Cumul. Unf. Error,1,1
2024,2024-wimbledon-1130,1,3,3,Cumul. Unf. Error,1,0
2024,2024-wimbledon-1130,1,3,1,Dynamic Model,1,2
2024,2024-wimbledon-1130,1,3,2,Dynamic Model,1,1
2024,2024-wimbledon-1130,1,3,3,Dynamic Model,1,0
2024,2024-wimbledon-1131,2,3,1,Cumul. Point Winner,2,2
2024,2024-wimbledon-1131,2,3,2,Cumul. Point Winner,2,1
2024,2024-wimbledon-1131,2,3,3,Cumul. Point Winner,2,0
2024,2024-wimbledon-1131,2,3,1,Cumul. Game Winner,2,2
2024,2024-wimbledon-1131,2,3,2,Cumul. Game Winner,2,1
2024,2024-wimbledon-1131,2,3,3,Cumul. Game Winner,2,0
2024,2024-wimbledon-1131,2,3,1,Set Winner,2,2
2024,2024-wimbledon-1131,2,3,2,Set Winner,2,1
2024,2024-wimbledon-1131,2,3,3,Set Winner,2,0
2024,2024-wimbledon-1131,2,3,1,Cumul. Set Winner,2,2
2024,2024-wimbledon-1131,2,3,2,Cumul. Set Winner,2,1
2024,2024-wimbledon-1131,2,3,3,Cumul. Set Winner,2,0
2024,2024-wimbledon-1131,2,3,1,Cumul. Unf. Error,2,2
2024,2024-wimbledon-1131,2,3,2,Cumul. Unf. Error,2,1
2024,2024-wimbledon-1131,2,3,3,Cumul. Unf. Error,2,0
2024,2024-wimbledon-1131,2,3,1,Dynamic Model,2,2
2024,2024-wimbledon-1131,2,3,2,Dynamic Model,2,1
2024,2024-wimbledon-1131,2,3,3,Dynamic Model,2,0
2024,2024-wimbledon-1132,2,3,1,Cumul. Point Winner,2,2
2024,2024-wimbledon-1132,2,3,2,Cumul. Point Winner,2,1
2024,2024-wimbledon-1132,2,3,3,Cumul. Point Winner,2,0
2024,2024-wimbledon-1132,2,3,1,Cumul. Game Winner,2,2
2024,2024-wimbledon-1132,2,3,2,Cumul. Game Winner,2,1
2024,2024-wimbledon-1132,2,3,3,Cumul. Game Winner,2,0
2024,2024-wimbledon-1132,2,3,1,Set Winner,2,2
2024,2024-wimbledon-1132,2,3,2,Set Winner,2,1
2024,2024-wimbledon-1132,2,3,3,Set Winner,2,0
2024,2024-wimbledon-1132,2,3,1,Cumul. Set Winner,2,2
2024,2024-wimbledon-1132,2,3,2,Cumul. Set Winner,2,1
2024,2024-wimbledon-1132,2,3,3,Cumul. Set Winner,2,0
2024,2024-wimbledon-1132,2,3,1,Cumul. Unf. Error,2,2
2024,2024-wimbledon-1132,2,3,2,Cumul. Unf. Error,2,1
2024,2024-wimbledon-1132,2,3,3,Cumul. Unf. Error,2,0
2024,2024-wimbledon-1132,2,3,1,Dynamic Model,2,2
2024,2024-wimbledon-1132,2,3,2,Dynamic Model,2,1
2024,2024-wimbledon-1132,2,3,3,Dynamic Model,2,0
2024,2024-wimbledon-1133,2,4,1,Cumul. Point Winner,2,3
2024,2024-wimbledon-1133,2,4,2,Cumul. Point Winner,1,2
2024,2024-wimbledon-1133,2,4,3,Cumul. Point Winner,2,1
2024,2024-wimbledon-1133,2,4,4,Cumul. Point Winner,2,0
2024,2024-wimbledon-1133,2,4,1,Cumul. Game Winner,2,3
2024,2024-wimbledon-1133,2,4,2,Cumul. Game Winner,2,2
2024,2024-wimbledon-1133,2,4,3,Cumul. Game Winner,2,1
2024,2024-wimbledon-1133,2,4,4,Cumul. Game Winner,2,0
2024,2024-wimbledon-1133,2,4,1,Set Winner,2,3
2024,2024-wimbledon-1133,2,4,2,Set Winner,1,2
2024,2024-wimbledon-1133,2,4,3,Set Winner,2,1
2024,2024-wimbledon-1133,2,4,4,Set Winner,2,0
2024,2024-wimbledon-1133,2,4,1,Cumul. Set Winner,2,3
2024,2024-wimbledon-1133,2,4,2,Cumul. Set Winner,2,2
2024,2024-wimbledon-1133,2,4,3,Cumul. Set Winner,2,1
2024,2024-wimbledon-1133,2,4,4,Cumul. Set Winner,2,0
2024,2024-wimbledon-1133,2,4,1,Cumul. Unf. Error,2,3
2024,2024-wimbledon-1133,2,4,2,Cumul. Unf. Error,2,2
2024,2024-wimbledon-1133,2,4,3,Cumul. Unf. Error,2,1
2024,2024-wimbledon-1133,2,4,4,Cumul. Unf. Error,2,0
2024,2024-wimbledon-1133,2,4,1,Dynamic Model,2,3
2024,2024-wimbledon-1133,2,4,2,Dynamic Model,1,2
2024,2024-wimbledon-1133,2,4,3,Dynamic Model,2,1
2024,2024-wimbledon-1133,2,4,4,Dynamic Model,2,0
2024,2024-wimbledon-1134,2,3,1,Cumul. Point Winner,2,2
2024,2024-wimbledon-1134,2,3,2,Cumul. Point Winner,2,1
2024,2024-wimbledon-1134,2,3,3,Cumul. Point Winner,2,0
2024,2024-wimbledon-1134,2,3,1,Cumul. Game Winner,2,2
2024,2024-wimbledon-1134,2,3,2,Cumul. Game Winner,2,1
2024,2024-wimbledon-1134,2,3,3,Cumul. Game Winner,2,0
2024,2024-wimbledon-1134,2,3,1,Set Winner,2,2
2024,2024-wimbledon-1134,2,3,2,Set Winner,2,1
2024,2024-wimbledon-1134,2,3,3,Set Winner,2,0
2024,2024-wimbledon-1134,2,3,1,Cumul. Set Winner,2,2
2024,2024-wimbledon-1134,2,3,2,Cumul. Set Winner,2,1
2024,2024-wimbledon-1134,2,3,3,Cumul. Set Winner,2,0
2024,2024-wimbledon-1134,2,3,1,Cumul. Unf. Error,2,2
2024,2024-wimbledon-1134,2,3,2,Cumul. Unf. Error,2,1
2024,2024-wimbledon-1134,2,3,3,Cumul. Unf. Error,2,0
2024,2024-wimbledon-1134,2,3,1,Dynamic Model,2,2
2024,2024-wimbledon-1134,2,3,2,Dynamic Model,2,1
2024,2024-wimbledon-1134,2,3,3,Dynamic Model,2,0
2024,2024-wimbledon-1135,1,5,1,Cumul. Point Winner,1,4
2024,2024-wimbledon-1135,1,5,2,Cumul. Point Winner,1,3
2024,2024-wimbledon-1135,1,5,3,Cumul. Point Winner,2,2
2024,2024-wimbledon-1135,1,5,4,Cumul. Point Winner,2,1
2024,2024-wimbledon-1135,1,5,5,Cumul. Point Winner,1,0
2024,2024-wimbledon-1135,1,5,1,Cumul. Game Winner,1,4
2024,2024-wimbledon-1135,1,5,2,Cumul. Game Winner,1,3
2024,2024-wimbledon-1135,1,5,3,Cumul. Game Winner,2,2
2024,2024-wimbledon-1135,1,5,4,Cumul. Game Winner,2,1
2024,2024-wimbledon-1135,1,5,5,Cumul. Game Winner,1,0
2024,2024-wimbledon-1135,1,5,1,Set Winner,1,4
2024,2024-wimbledon-1135,1,5,2,Set Winner,2,3
2024,2024-wimbledon-1135,1,5,3,Set Winner,2,2
2024,2024-wimbledon-1135,1,5,4,Set Winner,1,1
2024,2024-wimbledon-1135,1,5,5,Set Winner,1,0
2024,2024-wimbledon-1135,1,5,1,Cumul. Set Winner,1,4
2024,2024-wimbledon-1135,1,5,2,Cumul. Set Winner,1,3
2024,2024-wimbledon-1135,1,5,3,Cumul. Set Winner,2,2
2024,2024-wimbledon-1135,1,5,4,Cumul. Set Winner,2,1
2024,2024-wimbledon-1135,1,5,5,Cumul. Set Winner,1,0
2024,2024-wimbledon-1135,1,5,1,Cumul. Unf. Error,2,4
2024,2024-wimbledon-1135,1,5,2,Cumul. Unf. Error,1,3
2024,2024-wimbledon-1135,1,5,3,Cumul. Unf. Error,2,2
2024,2024-wimbledon-1135,1,5,4,Cumul. Unf. Error,2,1
2024,2024-wimbledon-1135,1,5,5,Cumul. Unf. Error,1,0
2024,2024-wimbledon-1135,1,5,1,Dynamic Model,1,4
2024,2024-wimbledon-1135,1,5,2,Dynamic Model,1,3
2024,2024-wimbledon-1135,1,5,3,Dynamic Model,2,2
2024,2024-wimbledon-1135,1,5,4,Dynamic Model,1,1
2024,2024-wimbledon-1135,1,5,5,Dynamic Model,1,0
2024,2024-wimbledon-1136,2,4,1,Cumul. Point Winner,1,3
2024,2024-wimbledon-1136,2,4,2,Cumul. Point Winner,1,2
2024,2024-wimbledon-1136,2,4,3,Cumul. Point Winner,2,1
2024,2024-wimbledon-1136,2,4,4,Cumul. Point Winner,2,0
2024,2024-wimbledon-1136,2,4,1,Cumul. Game Winner,1,3
2024,2024-wimbledon-1136,2,4,2,Cumul. Game Winner,1,2
2024,2024-wimbledon-1136,2,4,3,Cumul. Game Winner,2,1
2024,2024-wimbledon-1136,2,4,4,Cumul. Game Winner,2,0
2024,2024-wimbledon-1136,2,4,1,Set Winner,1,3
2024,2024-wimbledon-1136,2,4,2,Set Winner,2,2
2024,2024-wimbledon-1136,2,4,3,Set Winner,2,1
2024,2024-wimbledon-1136,2,4,4,Set Winner,2,0
2024,2024-wimbledon-1136,2,4,1,Cumul. Set Winner,1,3
2024,2024-wimbledon-1136,2,4,2,Cumul. Set Winner,1,2
2024,2024-wimbledon-1136,2,4,3,Cumul. Set Winner,2,1
2024,2024-wimbledon-1136,2,4,4,Cumul. Set Winner,2,0
2024,2024-wimbledon-1136,2,4,1,Cumul. Unf. Error,1,3
2024,2024-wimbledon-1136,2,4,2,Cumul. Unf. Error,2,2
2024,2024-wimbledon-1136,2,4,3,Cumul. Unf. Error,2,1
2024,2024-wimbledon-1136,2,4,4,Cumul. Unf. Error,2,0
2024,2024-wimbledon-1136,2,4,1,Dynamic Model,1,3
2024,2024-wimbledon-1136,2,4,2,Dynamic Model,1,2
2024,2024-wimbledon-1136,2,4,3,Dynamic Model,2,1
2024,2024-wimbledon-1136,2,4,4,Dynamic Model,2,0
2024,2024-wimbledon-1137,2,5,1,Cumul. Point Winner,2,4
2024,2024-wimbledon-1137,2,5,2,Cumul. Point Winner,2,3
2024,2024-wimbledon-1137,2,5,3,Cumul. Point Winner,2,2
2024,2024-wimbledon-1137,2,5,4,Cumul. Point Winner,1,1
2024,2024-wimbledon-1137,2,5,5,Cumul. Point Winner,2,0
2024,2024-wimbledon-1137,2,5,1,Cumul. Game Winner,2,4
2024,2024-wimbledon-1137,2,5,2,Cumul. Game Winner,2,3
2024,2024-wimbledon-1137,2,5,3,Cumul. Game Winner,2,2
2024,2024-wimbledon-1137,2,5,4,Cumul. Game Winner,2,1
2024,2024-wimbledon-1137,2,5,5,Cumul. Game Winner,2,0
2024,2024-wimbledon-1137,2,5,1,Set Winner,2,4
2024,2024-wimbledon-1137,2,5,2,Set Winner,1,3
2024,2024-wimbledon-1137,2,5,3,Set Winner,2,2
2024,2024-wimbledon-1137,2,5,4,Set Winner,1,1
2024,2024-wimbledon-1137,2,5,5,Set Winner,2,0
2024,2024-wimbledon-1137,2,5,1,Cumul. Set Winner,2,4
2024,2024-wimbledon-1137,2,5,2,Cumul. Set Winner,2,3
2024,2024-wimbledon-1137,2,5,3,Cumul. Set Winner,2,2
2024,2024-wimbledon-1137,2,5,4,Cumul. Set Winner,2,1
2024,2024-wimbledon-1137,2,5,5,Cumul. Set Winner,2,0
2024,2024-wimbledon-1137,2,5,1,Cumul. Unf. Error,2,4
2024,2024-wimbledon-1137,2,5,2,Cumul. Unf. Error,1,3
2024,2024-wimbledon-1137,2,5,3,Cumul. Unf. Error,1,2
2024,2024-wimbledon-1137,2,5,4,Cumul. Unf. Error,1,1
2024,2024-wimbledon-1137,2,5,5,Cumul. Unf. Error,1,0
2024,2024-wimbledon-1137,2,5,1,Dynamic Model,2,4
2024,2024-wimbledon-1137,2,5,2,Dynamic Model,2,3
2024,2024-wimbledon-1137,2,5,3,Dynamic Model,2,2
2024,2024-wimbledon-1137,2,5,4,Dynamic Model,1,1
2024,2024-wimbledon-1137,2,5,5,Dynamic Model,1,0
2024,2024-wimbledon-1138,1,4,1,Cumul. Point Winner,1,3
2024,2024-wimbledon-1138,1,4,2,Cumul. Point Winner,1,2
2024,2024-wimbledon-1138,1,4,3,Cumul. Point Winner,2,1
2024,2024-wimbledon-1138,1,4,4,Cumul. Point Winner,1,0
2024,2024-wimbledon-1138,1,4,1,Cumul. Game Winner,1,3
2024,2024-wimbledon-1138,1,4,2,Cumul. Game Winner,1,2
2024,2024-wimbledon-1138,1,4,3,Cumul. Game Winner,1,1
2024,2024-wimbledon-1138,1,4,4,Cumul. Game Winner,1,0
2024,2024-wimbledon-1138,1,4,1,Set Winner,1,3
2024,2024-wimbledon-1138,1,4,2,Set Winner,1,2
2024,2024-wimbledon-1138,1,4,3,Set Winner,2,1
2024,2024-wimbledon-1138,1,4,4,Set Winner,1,0
2024,2024-wimbledon-1138,1,4,1,Cumul. Set Winner,1,3
2024,2024-wimbledon-1138,1,4,2,Cumul. Set Winner,1,2
2024,2024-wimbledon-1138,1,4,3,Cumul. Set Winner,1,1
2024,2024-wimbledon-1138,1,4,4,Cumul. Set Winner,1,0
2024,2024-wimbledon-1138,1,4,1,Cumul. Unf. Error,1,3
2024,2024-wimbledon-1138,1,4,2,Cumul. Unf. Error,1,2
2024,2024-wimbledon-1138,1,4,3,Cumul. Unf. Error,1,1
2024,2024-wimbledon-1138,1,4,4,Cumul. Unf. Error,1,0
2024,2024-wimbledon-1138,1,4,1,Dynamic Model,1,3
2024,2024-wimbledon-1138,1,4,2,Dynamic Model,1,2
2024,2024-wimbledon-1138,1,4,3,Dynamic Model,1,1
2024,2024-wimbledon-1138,1,4,4,Dynamic Model,1,0
2024,2024-wimbledon-1139,1,5,1,Cumul. Point Winner,1,4
2024,2024-wimbledon-1139,1,5,2,Cumul. Point Winner,2,3
2024,2024-wimbledon-1139,1,5,3,Cumul. Point Winner,2,2
2024,2024-wimbledon-1139,1,5,4,Cumul. Point Winner,2,1
2024,2024-wimbledon-1139,1,5,5,Cumul. Point Winner,2,0
2024,2024-wimbledon-1139,1,5,1,Cumul. Game Winner,1,4
2024,2024-wimbledon-1139,1,5,2,Cumul. Game Winner,2,3
2024,2024-wimbledon-1139,1,5,3,Cumul. Game Winner,2,2
2024,2024-wimbledon-1139,1,5,4,Cumul. Game Winner,2,1
2024,2024-wimbledon-1139,1,5,5,Cumul. Game Winner,1,0
2024,2024-wimbledon-1139,1,5,1,Set Winner,1,4
2024,2024-wimbledon-1139,1,5,2,Set Winner,2,3
2024,2024-wimbledon-1139,1,5,3,Set Winner,2,2
2024,2024-wimbledon-1139,1,5,4,Set Winner,1,1
2024,2024-wimbledon-1139,1,5,5,Set Winner,1,0
2024,2024-wimbledon-1139,1,5,1,Cumul. Set Winner,1,4
2024,2024-wimbledon-1139,1,5,2,Cumul. Set Winner,1,3
2024,2024-wimbledon-1139,1,5,3,Cumul. Set Winner,2,2
2024,2024-wimbledon-1139,1,5,4,Cumul. Set Winner,2,1
2024,2024-wimbledon-1139,1,5,5,Cumul. Set Winner,1,0
2024,2024-wimbledon-1139,1,5,1,Cumul. Unf. Error,2,4
2024,2024-wimbledon-1139,1,5,2,Cumul. Unf. Error,2,3
2024,2024-wimbledon-1139,1,5,3,Cumul. Unf. Error,2,2
2024,2024-wimbledon-1139,1,5,4,Cumul. Unf. Error,2,1
2024,2024-wimbledon-1139,1,5,5,Cumul. Unf. Error,2,0
2024,2024-wimbledon-1139,1,5,1,Dynamic Model,1,4
2024,2024-wimbledon-1139,1,5,2,Dynamic Model,2,3
2024,2024-wimbledon-1139,1,5,3,Dynamic Model,2,2
2024,2024-wimbledon-1139,1,5,4,Dynamic Model,2,1
2024,2024-wimbledon-1139,1,5,5,Dynamic Model,2,0
2024,2024-wimbledon-1140,2,3,1,Cumul. Point Winner,2,2
2024,2024-wimbledon-1140,2,3,2,Cumul. Point Winner,2,1
2024,2024-wimbledon-1140,2,3,3,Cumul. Point Winner,2,0
2024,2024-wimbledon-1140,2,3,1,Cumul. Game Winner,2,2
2024,2024-wimbledon-1140,2,3,2,Cumul. Game Winner,2,1
2024,2024-wimbledon-1140,2,3,3,Cumul. Game Winner,2,0
2024,2024-wimbledon-1140,2,3,1,Set Winner,2,2
2024,2024-wimbledon-1140,2,3,2,Set Winner,2,1
2024,2024-wimbledon-1140,2,3,3,Set Winner,2,0
2024,2024-wimbledon-1140,2,3,1,Cumul. Set Winner,2,2
2024,2024-wimbledon-1140,2,3,2,Cumul. Set Winner,2,1
2024,2024-wimbledon-1140,2,3,3,Cumul. Set Winner,2,0
2024,2024-wimbledon-1140,2,3,1,Cumul. Unf. Error,2,2
2024,2024-wimbledon-1140,2,3,2,Cumul. Unf. Error,1,1
2024,2024-wimbledon-1140,2,3,3,Cumul. Unf. Error,1,0
2024,2024-wimbledon-1140,2,3,1,Dynamic Model,2,2
2024,2024-wimbledon-1140,2,3,2,Dynamic Model,2,1
2024,2024-wimbledon-1140,2,3,3,Dynamic Model,2,0
2024,2024-wimbledon-1141,1,3,1,Cumul. Point Winner,1,2
2024,2024-wimbledon-1141,1,3,2,Cumul. Point Winner,1,1
2024,2024-wimbledon-1141,1,3,3,Cumul. Point Winner,1,0
2024,2024-wimbledon-1141,1,3,1,Cumul. Game Winner,1,2
2024,2024-wimbledon-1141,1,3,2,Cumul. Game Winner,1,1
2024,2024-wimbledon-1141,1,3,3,Cumul. Game Winner,1,0
2024,2024-wimbledon-1141,1,3,1,Set Winner,1,2
2024,2024-wimbledon-1141,1,3,2,Set Winner,1,1
2024,2024-wimbledon-1141,1,3,3,Set Winner,1,0
2024,2024-wimbledon-1141,1,3,1,Cumul. Set Winner,1,2
2024,2024-wimbledon-1141,1,3,2,Cumul. Set Winner,1,1
2024,2024-wimbledon-1141,1,3,3,Cumul. Set Winner,1,0
2024,2024-wimbledon-1141,1,3,1,Cumul. Unf. Error,1,2
2024,2024-wimbledon-1141,1,3,2,Cumul. Unf. Error,1,1
2024,2024-wimbledon-1141,1,3,3,Cumul. Unf. Error,1,0
2024,2024-wimbledon-1141,1,3,1,Dynamic Model,1,2
2024,2024-wimbledon-1141,1,3,2,Dynamic Model,1,1
2024,2024-wimbledon-1141,1,3,3,Dynamic Model,1,0
2024,2024-wimbledon-1142,2,5,1,Cumul. Point Winner,1,4
2024,2024-wimbledon-1142,2,5,2,Cumul. Point Winner,2,3
2024,2024-wimbledon-1142,2,5,3,Cumul. Point Winner,1,2
2024,2024-wimbledon-1142,2,5,4,Cumul. Point Winner,2,1
2024,2024-wimbledon-1142,2,5,5,Cumul. Point Winner,2,0
2024,2024-wimbledon-1142,2,5,1,Cumul. Game Winner,1,4
2024,2024-wimbledon-1142,2,5,2,Cumul. Game Winner,1,3
2024,2024-wimbledon-1142,2,5,3,Cumul. Game Winner,1,2
2024,2024-wimbledon-1142,2,5,4,Cumul. Game Winner,2,1
2024,2024-wimbledon-1142,2,5,5,Cumul. Game Winner,2,0
2024,2024-wimbledon-1142,2,5,1,Set Winner,1,4
2024,2024-wimbledon-1142,2,5,2,Set Winner,2,3
2024,2024-wimbledon-1142,2,5,3,Set Winner,1,2
2024,2024-wimbledon-1142,2,5,4,Set Winner,2,1
2024,2024-wimbledon-1142,2,5,5,Set Winner,2,0
2024,2024-wimbledon-1142,2,5,1,Cumul. Set Winner,1,4
2024,2024-wimbledon-1142,2,5,2,Cumul. Set Winner,1,3
2024,2024-wimbledon-1142,2,5,3,Cumul. Set Winner,1,2
2024,2024-wimbledon-1142,2,5,4,Cumul. Set Winner,1,1
2024,2024-wimbledon-1142,2,5,5,Cumul. Set Winner,2,0
2024,2024-wimbledon-1142,2,5,1,Cumul. Unf. Error,1,4
2024,2024-wimbledon-1142,2,5,2,Cumul. Unf. Error,2,3
2024,2024-wimbledon-1142,2,5,3,Cumul. Unf. Error,2,2
2024,2024-wimbledon-1142,2,5,4,Cumul. Unf. Error,2,1
2024,2024-wimbledon-1142,2,5,5,Cumul. Unf. Error,2,0
2024,2024-wimbledon-1142,2,5,1,Dynamic Model,1,4
2024,2024-wimbledon-1142,2,5,2,Dynamic Model,2,3
2024,2024-wimbledon-1142,2,5,3,Dynamic Model,1,2
2024,2024-wimbledon-1142,2,5,4,Dynamic Model,2,1
2024,2024-wimbledon-1142,2,5,5,Dynamic Model,2,0
2024,2024-wimbledon-1143,1,4,1,Cumul. Point Winner,1,3
2024,2024-wimbledon-1143,1,4,2,Cumul. Point Winner,2,2
2024,2024-wimbledon-1143,1,4,3,Cumul. Point Winner,1,1
2024,2024-wimbledon-1143,1,4,4,Cumul. Point Winner,1,0
2024,2024-wimbledon-1143,1,4,1,Cumul. Game Winner,1,3
2024,2024-wimbledon-1143,1,4,2,Cumul. Game Winner,1,2
2024,2024-wimbledon-1143,1,4,3,Cumul. Game Winner,1,1
2024,2024-wimbledon-1143,1,4,4,Cumul. Game Winner,1,0
2024,2024-wimbledon-1143,1,4,1,Set Winner,1,3
2024,2024-wimbledon-1143,1,4,2,Set Winner,2,2
2024,2024-wimbledon-1143,1,4,3,Set Winner,1,1
2024,2024-wimbledon-1143,1,4,4,Set Winner,1,0
2024,2024-wimbledon-1143,1,4,1,Cumul. Set Winner,1,3
2024,2024-wimbledon-1143,1,4,2,Cumul. Set Winner,1,2
2024,2024-wimbledon-1143,1,4,3,Cumul. Set Winner,1,1
2024,2024-wimbledon-1143,1,4,4,Cumul. Set Winner,1,0
2024,2024-wimbledon-1143,1,4,1,Cumul. Unf. Error,1,3
2024,2024-wimbledon-1143,1,4,2,Cumul. Unf. Error,1,2
2024,2024-wimbledon-1143,1,4,3,Cumul. Unf. Error,1,1
2024,2024-wimbledon-1143,1,4,4,Cumul. Unf. Error,1,0
2024,2024-wimbledon-1143,1,4,1,Dynamic Model,1,3
2024,2024-wimbledon-1143,1,4,2,Dynamic Model,2,2
2024,2024-wimbledon-1143,1,4,3,Dynamic Model,1,1
2024,2024-wimbledon-1143,1,4,4,Dynamic Model,1,0
2024,2024-wimbledon-1144,2,3,1,Cumul. Point Winner,2,2
2024,2024-wimbledon-1144,2,3,2,Cumul. Point Winner,2,1
2024,2024-wimbledon-1144,2,3,3,Cumul. Point Winner,2,0
2024,2024-wimbledon-1144,2,3,1,Cumul. Game Winner,2,2
2024,2024-wimbledon-1144,2,3,2,Cumul. Game Winner,2,1
2024,2024-wimbledon-1144,2,3,3,Cumul. Game Winner,2,0
2024,2024-wimbledon-1144,2,3,1,Set Winner,2,2
2024,2024-wimbledon-1144,2,3,2,Set Winner,2,1
2024,2024-wimbledon-1144,2,3,3,Set Winner,2,0
2024,2024-wimbledon-1144,2,3,1,Cumul. Set Winner,2,2
2024,2024-wimbledon-1144,2,3,2,Cumul. Set Winner,2,1
2024,2024-wimbledon-1144,2,3,3,Cumul. Set Winner,2,0
2024,2024-wimbledon-1144,2,3,1,Cumul. Unf. Error,2,2
2024,2024-wimbledon-1144,2,3,2,Cumul. Unf. Error,2,1
2024,2024-wimbledon-1144,2,3,3,Cumul. Unf. Error,2,0
2024,2024-wimbledon-1144,2,3,1,Dynamic Model,2,2
2024,2024-wimbledon-1144,2,3,2,Dynamic Model,2,1
2024,2024-wimbledon-1144,2,3,3,Dynamic Model,2,0
2024,2024-wimbledon-1145,1,5,1,Cumul. Point Winner,2,4
2024,2024-wimbledon-1145,1,5,2,Cumul. Point Winner,1,3
2024,2024-wimbledon-1145,1,5,3,Cumul. Point Winner,1,2
2024,2024-wimbledon-1145,1,5,4,Cumul. Point Winner,1,1
2024,2024-wimbledon-1145,1,5,5,Cumul. Point Winner,1,0
2024,2024-wimbledon-1145,1,5,1,Cumul. Game Winner,2,4
2024,2024-wimbledon-1145,1,5,2,Cumul. Game Winner,2,3
2024,2024-wimbledon-1145,1,5,3,Cumul. Game Winner,1,2
2024,2024-wimbledon-1145,1,5,4,Cumul. Game Winner,1,1
2024,2024-wimbledon-1145,1,5,5,Cumul. Game Winner,1,0
2024,2024-wimbledon-1145,1,5,1,Set Winner,2,4
2024,2024-wimbledon-1145,1,5,2,Set Winner,1,3
2024,2024-wimbledon-1145,1,5,3,Set Winner,1,2
2024,2024-wimbledon-1145,1,5,4,Set Winner,2,1
2024,2024-wimbledon-1145,1,5,5,Set Winner,1,0
2024,2024-wimbledon-1145,1,5,1,Cumul. Set Winner,2,4
2024,2024-wimbledon-1145,1,5,2,Cumul. Set Winner,2,3
2024,2024-wimbledon-1145,1,5,3,Cumul. Set Winner,1,2
2024,2024-wimbledon-1145,1,5,4,Cumul. Set Winner,1,1
2024,2024-wimbledon-1145,1,5,5,Cumul. Set Winner,1,0
2024,2024-wimbledon-1145,1,5,1,Cumul. Unf. Error,2,4
2024,2024-wimbledon-1145,1,5,2,Cumul. Unf. Error,2,3
2024,2024-wimbledon-1145,1,5,3,Cumul. Unf. Error,2,2
2024,2024-wimbledon-1145,1,5,4,Cumul. Unf. Error,2,1
2024,2024-wimbledon-1145,1,5,5,Cumul. Unf. Error,2,0
2024,2024-wimbledon-1145,1,5,1,Dynamic Model,2,4
2024,2024-wimbledon-1145,1,5,2,Dynamic Model,2,3
2024,2024-wimbledon-1145,1,5,3,Dynamic Model,1,2
2024,2024-wimbledon-1145,1,5,4,Dynamic Model,1,1
2024,2024-wimbledon-1145,1,5,5,Dynamic Model,1,0
2024,2024-wimbledon-1146,1,3,1,Cumul. Point Winner,1,2
2024,2024-wimbledon-1146,1,3,2,Cumul. Point Winner,1,1
2024,2024-wimbledon-1146,1,3,3,Cumul. Point Winner,1,0
2024,2024-wimbledon-1146,1,3,1,Cumul. Game Winner,1,2
2024,2024-wimbledon-1146,1,3,2,Cumul. Game Winner,1,1
2024,2024-wimbledon-1146,1,3,3,Cumul. Game Winner,1,0
2024,2024-wimbledon-1146,1,3,1,Set Winner,1,2
2024,2024-wimbledon-1146,1,3,2,Set Winner,1,1
2024,2024-wimbledon-1146,1,3,3,Set Winner,1,0
2024,2024-wimbledon-1146,1,3,1,Cumul. Set Winner,1,2
2024,2024-wimbledon-1146,1,3,2,Cumul. Set Winner,1,1
2024,2024-wimbledon-1146,1,3,3,Cumul. Set Winner,1,0
2024,2024-wimbledon-1146,1,3,1,Cumul. Unf. Error,1,2
2024,2024-wimbledon-1146,1,3,2,Cumul. Unf. Error,1,1
2024,2024-wimbledon-1146,1,3,3,Cumul. Unf. Error,1,0
2024,2024-wimbledon-1146,1,3,1,Dynamic Model,1,2
2024,2024-wimbledon-1146,1,3,2,Dynamic Model,1,1
2024,2024-wimbledon-1146,1,3,3,Dynamic Model,1,0
2024,2024-wimbledon-1147,2,4,1,Cumul. Point Winner,1,3
2024,2024-wimbledon-1147,2,4,2,Cumul. Point Winner,2,2
2024,2024-wimbledon-1147,2,4,3,Cumul. Point Winner,2,1
2024,2024-wimbledon-1147,2,4,4,Cumul. Point Winner,2,0
2024,2024-wimbledon-1147,2,4,1,Cumul. Game Winner,1,3
2024,2024-wimbledon-1147,2,4,2,Cumul. Game Winner,1,2
2024,2024-wimbledon-1147,2,4,3,Cumul. Game Winner,2,1
2024,2024-wimbledon-1147,2,4,4,Cumul. Game Winner,2,0
2024,2024-wimbledon-1147,2,4,1,Set Winner,1,3
2024,2024-wimbledon-1147,2,4,2,Set Winner,2,2
2024,2024-wimbledon-1147,2,4,3,Set Winner,2,1
2024,2024-wimbledon-1147,2,4,4,Set Winner,2,0
2024,2024-wimbledon-1147,2,4,1,Cumul. Set Winner,1,3
2024,2024-wimbledon-1147,2,4,2,Cumul. Set Winner,1,2
2024,2024-wimbledon-1147,2,4,3,Cumul. Set Winner,2,1
2024,2024-wimbledon-1147,2,4,4,Cumul. Set Winner,2,0
2024,2024-wimbledon-1147,2,4,1,Cumul. Unf. Error,1,3
2024,2024-wimbledon-1147,2,4,2,Cumul. Unf. Error,2,2
2024,2024-wimbledon-1147,2,4,3,Cumul. Unf. Error,2,1
2024,2024-wimbledon-1147,2,4,4,Cumul. Unf. Error,2,0
2024,2024-wimbledon-1147,2,4,1,Dynamic Model,1,3
2024,2024-wimbledon-1147,2,4,2,Dynamic Model,2,2
2024,2024-wimbledon-1147,2,4,3,Dynamic Model,2,1
2024,2024-wimbledon-1147,2,4,4,Dynamic Model,2,0
2024,2024-wimbledon-1148,2,3,1,Cumul. Point Winner,2,2
2024,2024-wimbledon-1148,2,3,2,Cumul. Point Winner,2,1
2024,2024-wimbledon-1148,2,3,3,Cumul. Point Winner,2,0
2024,2024-wimbledon-1148,2,3,1,Cumul. Game Winner,2,2
2024,2024-wimbledon-1148,2,3,2,Cumul. Game Winner,2,1
2024,2024-wimbledon-1148,2,3,3,Cumul. Game Winner,2,0
2024,2024-wimbledon-1148,2,3,1,Set Winner,2,2
2024,2024-wimbledon-1148,2,3,2,Set Winner,2,1
2024,2024-wimbledon-1148,2,3,3,Set Winner,2,0
2024,2024-wimbledon-1148,2,3,1,Cumul. Set Winner,2,2
2024,2024-wimbledon-1148,2,3,2,Cumul. Set Winner,2,1
2024,2024-wimbledon-1148,2,3,3,Cumul. Set Winner,2,0
2024,2024-wimbledon-1148,2,3,1,Cumul. Unf. Error,2,2
2024,2024-wimbledon-1148,2,3,2,Cumul. Unf. Error,2,1
2024,2024-wimbledon-1148,2,3,3,Cumul. Unf. Error,1,0
2024,2024-wimbledon-1148,2,3,1,Dynamic Model,2,2
2024,2024-wimbledon-1148,2,3,2,Dynamic Model,2,1
2024,2024-wimbledon-1148,2,3,3,Dynamic Model,2,0
2024,2024-wimbledon-1149,1,4,1,Cumul. Point Winner,2,3
2024,2024-wimbledon-1149,1,4,2,Cumul. Point Winner,1,2
2024,2024-wimbledon-1149,1,4,3,Cumul. Point Winner,1,1
2024,2024-wimbledon-1149,1,4,4,Cumul. Point Winner,1,0
2024,2024-wimbledon-1149,1,4,1,Cumul. Game Winner,2,3
2024,2024-wimbledon-1149,1,4,2,Cumul. Game Winner,2,2
2024,2024-wimbledon-1149,1,4,3,Cumul. Game Winner,1,1
2024,2024-wimbledon-1149,1,4,4,Cumul. Game Winner,1,0
2024,2024-wimbledon-1149,1,4,1,Set Winner,2,3
2024,2024-wimbledon-1149,1,4,2,Set Winner,1,2
2024,2024-wimbledon-1149,1,4,3,Set Winner,1,1
2024,2024-wimbledon-1149,1,4,4,Set Winner,1,0
2024,2024-wimbledon-1149,1,4,1,Cumul. Set Winner,2,3
2024,2024-wimbledon-1149,1,4,2,Cumul. Set Winner,2,2
2024,2024-wimbledon-1149,1,4,3,Cumul. Set Winner,1,1
2024,2024-wimbledon-1149,1,4,4,Cumul. Set Winner,1,0
2024,2024-wimbledon-1149,1,4,1,Cumul. Unf. Error,2,3
2024,2024-wimbledon-1149,1,4,2,Cumul. Unf. Error,2,2
2024,2024-wimbledon-1149,1,4,3,Cumul. Unf. Error,2,1
2024,2024-wimbledon-1149,1,4,4,Cumul. Unf. Error,2,0
2024,2024-wimbledon-1149,1,4,1,Dynamic Model,2,3
2024,2024-wimbledon-1149,1,4,2,Dynamic Model,1,2
2024,2024-wimbledon-1149,1,4,3,Dynamic Model,1,1
2024,2024-wimbledon-1149,1,4,4,Dynamic Model,1,0
2024,2024-wimbledon-1150,1,4,1,Cumul. Point Winner,1,3
2024,2024-wimbledon-1150,1,4,2,Cumul. Point Winner,1,2
2024,2024-wimbledon-1150,1,4,3,Cumul. Point Winner,1,1
2024,2024-wimbledon-1150,1,4,4,Cumul. Point Winner,1,0
2024,2024-wimbledon-1150,1,4,1,Cumul. Game Winner,1,3
2024,2024-wimbledon-1150,1,4,2,Cumul. Game Winner,1,2
2024,2024-wimbledon-1150,1,4,3,Cumul. Game Winner,1,1
2024,2024-wimbledon-1150,1,4,4,Cumul. Game Winner,1,0
2024,2024-wimbledon-1150,1,4,1,Set Winner,1,3
2024,2024-wimbledon-1150,1,4,2,Set Winner,1,2
2024,2024-wimbledon-1150,1,4,3,Set Winner,2,1
2024,2024-wimbledon-1150,1,4,4,Set Winner,1,0
2024,2024-wimbledon-1150,1,4,1,Cumul. Set Winner,1,3
2024,2024-wimbledon-1150,1,4,2,Cumul. Set Winner,1,2
2024,2024-wimbledon-1150,1,4,3,Cumul. Set Winner,1,1
2024,2024-wimbledon-1150,1,4,4,Cumul. Set Winner,1,0
2024,2024-wimbledon-1150,1,4,1,Cumul. Unf. Error,2,3
2024,2024-wimbledon-1150,1,4,2,Cumul. Unf. Error,1,2
2024,2024-wimbledon-1150,1,4,3,Cumul. Unf. Error,1,1
2024,2024-wimbledon-1150,1,4,4,Cumul. Unf. Error,1,0
2024,2024-wimbledon-1150,1,4,1,Dynamic Model,1,3
2024,2024-wimbledon-1150,1,4,2,Dynamic Model,1,2
2024,2024-wimbledon-1150,1,4,3,Dynamic Model,1,1
2024,2024-wimbledon-1150,1,4,4,Dynamic Model,1,0
2024,2024-wimbledon-1151,2,5,1,Cumul. Point Winner,1,4
2024,2024-wimbledon-1151,2,5,2,Cumul. Point Winner,1,3
2024,2024-wimbledon-1151,2,5,3,Cumul. Point Winner,1,2
2024,2024-wimbledon-1151,2,5,4,Cumul. Point Winner,2,1
2024,2024-wimbledon-1151,2,5,5,Cumul. Point Winner,2,0
2024,2024-wimbledon-1151,2,5,1,Cumul. Game Winner,1,4
2024,2024-wimbledon-1151,2,5,2,Cumul. Game Winner,1,3
2024,2024-wimbledon-1151,2,5,3,Cumul. Game Winner,1,2
2024,2024-wimbledon-1151,2,5,4,Cumul. Game Winner,2,1
2024,2024-wimbledon-1151,2,5,5,Cumul. Game Winner,2,0
2024,2024-wimbledon-1151,2,5,1,Set Winner,1,4
2024,2024-wimbledon-1151,2,5,2,Set Winner,1,3
2024,2024-wimbledon-1151,2,5,3,Set Winner,2,2
2024,2024-wimbledon-1151,2,5,4,Set Winner,2,1
2024,2024-wimbledon-1151,2,5,5,Set Winner,2,0
2024,2024-wimbledon-1151,2,5,1,Cumul. Set Winner,1,4
2024,2024-wimbledon-1151,2,5,2,Cumul. Set Winner,1,3
2024,2024-wimbledon-1151,2,5,3,Cumul. Set Winner,1,2
2024,2024-wimbledon-1151,2,5,4,Cumul. Set Winner,1,1
2024,2024-wimbledon-1151,2,5,5,Cumul. Set Winner,2,0
2024,2024-wimbledon-1151,2,5,1,Cumul. Unf. Error,1,4
2024,2024-wimbledon-1151,2,5,2,Cumul. Unf. Error,1,3
2024,2024-wimbledon-1151,2,5,3,Cumul. Unf. Error,1,2
2024,2024-wimbledon-1151,2,5,4,Cumul. Unf. Error,1,1
2024,2024-wimbledon-1151,2,5,5,Cumul. Unf. Error,1,0
2024,2024-wimbledon-1151,2,5,1,Dynamic Model,1,4
2024,2024-wimbledon-1151,2,5,2,Dynamic Model,1,3
2024,2024-wimbledon-1151,2,5,3,Dynamic Model,1,2
2024,2024-wimbledon-1151,2,5,4,Dynamic Model,1,1
2024,2024-wimbledon-1151,2,5,5,Dynamic Model,2,0
2024,2024-wimbledon-1152,1,5,1,Cumul. Point Winner,1,4
2024,2024-wimbledon-1152,1,5,2,Cumul. Point Winner,2,3
2024,2024-wimbledon-1152,1,5,3,Cumul. Point Winner,2,2
2024,2024-wimbledon-1152,1,5,4,Cumul. Point Winner,1,1
2024,2024-wimbledon-1152,1,5,5,Cumul. Point Winner,1,0
2024,2024-wimbledon-1152,1,5,1,Cumul. Game Winner,2,4
2024,2024-wimbledon-1152,1,5,2,Cumul. Game Winner,2,3
2024,2024-wimbledon-1152,1,5,3,Cumul. Game Winner,2,2
2024,2024-wimbledon-1152,1,5,4,Cumul. Game Winner,1,1
2024,2024-wimbledon-1152,1,5,5,Cumul. Game Winner,1,0
2024,2024-wimbledon-1152,1,5,1,Set Winner,2,4
2024,2024-wimbledon-1152,1,5,2,Set Winner,2,3
2024,2024-wimbledon-1152,1,5,3,Set Winner,1,2
2024,2024-wimbledon-1152,1,5,4,Set Winner,1,1
2024,2024-wimbledon-1152,1,5,5,Set Winner,1,0
2024,2024-wimbledon-1152,1,5,1,Cumul. Set Winner,2,4
2024,2024-wimbledon-1152,1,5,2,Cumul. Set Winner,2,3
2024,2024-wimbledon-1152,1,5,3,Cumul. Set Winner,2,2
2024,2024-wimbledon-1152,1,5,4,Cumul. Set Winner,2,1
2024,2024-wimbledon-1152,1,5,5,Cumul. Set Winner,1,0
2024,2024-wimbledon-1152,1,5,1,Cumul. Unf. Error,1,4
2024,2024-wimbledon-1152,1,5,2,Cumul. Unf. Error,1,3
2024,2024-wimbledon-1152,1,5,3,Cumul. Unf. Error,1,2
2024,2024-wimbledon-1152,1,5,4,Cumul. Unf. Error,1,1
2024,2024-wimbledon-1152,1,5,5,Cumul. Unf. Error,1,0
2024,2024-wimbledon-1152,1,5,1,Dynamic Model,2,4
2024,2024-wimbledon-1152,1,5,2,Dynamic Model,2,3
2024,2024-wimbledon-1152,1,5,3,Dynamic Model,1,2
2024,2024-wimbledon-1152,1,5,4,Dynamic Model,1,1
2024,2024-wimbledon-1152,1,5,5,Dynamic Model,1,0
2024,2024-wimbledon-1153,2,5,1,Cumul. Point Winner,1,4
2024,2024-wimbledon-1153,2,5,2,Cumul. Point Winner,1,3
2024,2024-wimbledon-1153,2,5,3,Cumul. Point Winner,1,2
2024,2024-wimbledon-1153,2,5,4,Cumul. Point Winner,1,1
2024,2024-wimbledon-1153,2,5,5,Cumul. Point Winner,1,0
2024,2024-wimbledon-1153,2,5,1,Cumul. Game Winner,1,4
2024,2024-wimbledon-1153,2,5,2,Cumul. Game Winner,1,3
2024,2024-wimbledon-1153,2,5,3,Cumul. Game Winner,1,2
2024,2024-wimbledon-1153,2,5,4,Cumul. Game Winner,1,1
2024,2024-wimbledon-1153,2,5,5,Cumul. Game Winner,2,0
2024,2024-wimbledon-1153,2,5,1,Set Winner,1,4
2024,2024-wimbledon-1153,2,5,2,Set Winner,1,3
2024,2024-wimbledon-1153,2,5,3,Set Winner,2,2
2024,2024-wimbledon-1153,2,5,4,Set Winner,2,1
2024,2024-wimbledon-1153,2,5,5,Set Winner,2,0
2024,2024-wimbledon-1153,2,5,1,Cumul. Set Winner,1,4
2024,2024-wimbledon-1153,2,5,2,Cumul. Set Winner,1,3
2024,2024-wimbledon-1153,2,5,3,Cumul. Set Winner,1,2
2024,2024-wimbledon-1153,2,5,4,Cumul. Set Winner,1,1
2024,2024-wimbledon-1153,2,5,5,Cumul. Set Winner,2,0
2024,2024-wimbledon-1153,2,5,1,Cumul. Unf. Error,2,4
2024,2024-wimbledon-1153,2,5,2,Cumul. Unf. Error,1,3
2024,2024-wimbledon-1153,2,5,3,Cumul. Unf. Error,2,2
2024,2024-wimbledon-1153,2,5,4,Cumul. Unf. Error,2,1
2024,2024-wimbledon-1153,2,5,5,Cumul. Unf. Error,2,0
2024,2024-wimbledon-1153,2,5,1,Dynamic Model,1,4
2024,2024-wimbledon-1153,2,5,2,Dynamic Model,1,3
2024,2024-wimbledon-1153,2,5,3,Dynamic Model,1,2
2024,2024-wimbledon-1153,2,5,4,Dynamic Model,2,1
2024,2024-wimbledon-1153,2,5,5,Dynamic Model,2,0
2024,2024-wimbledon-1154,1,5,1,Cumul. Point Winner,2,4
2024,2024-wimbledon-1154,1,5,2,Cumul. Point Winner,2,3
2024,2024-wimbledon-1154,1,5,3,Cumul. Point Winner,2,2
2024,2024-wimbledon-1154,1,5,4,Cumul. Point Winner,2,1
2024,2024-wimbledon-1154,1,5,5,Cumul. Point Winner,1,0
2024,2024-wimbledon-1154,1,5,1,Cumul. Game Winner,2,4
2024,2024-wimbledon-1154,1,5,2,Cumul. Game Winner,2,3
2024,2024-wimbledon-1154,1,5,3,Cumul. Game Winner,2,2
2024,2024-wimbledon-1154,1,5,4,Cumul. Game Winner,2,1
2024,2024-wimbledon-1154,1,5,5,Cumul. Game Winner,1,0
2024,2024-wimbledon-1154,1,5,1,Set Winner,2,4
2024,2024-wimbledon-1154,1,5,2,Set Winner,1,3
2024,2024-wimbledon-1154,1,5,3,Set Winner,2,2
2024,2024-wimbledon-1154,1,5,4,Set Winner,1,1
2024,2024-wimbledon-1154,1,5,5,Set Winner,1,0
2024,2024-wimbledon-1154,1,5,1,Cumul. Set Winner,2,4
2024,2024-wimbledon-1154,1,5,2,Cumul. Set Winner,2,3
2024,2024-wimbledon-1154,1,5,3,Cumul. Set Winner,2,2
2024,2024-wimbledon-1154,1,5,4,Cumul. Set Winner,2,1
2024,2024-wimbledon-1154,1,5,5,Cumul. Set Winner,1,0
2024,2024-wimbledon-1154,1,5,1,Cumul. Unf. Error,2,4
2024,2024-wimbledon-1154,1,5,2,Cumul. Unf. Error,2,3
2024,2024-wimbledon-1154,1,5,3,Cumul. Unf. Error,2,2
2024,2024-wimbledon-1154,1,5,4,Cumul. Unf. Error,2,1
2024,2024-wimbledon-1154,1,5,5,Cumul. Unf. Error,1,0
2024,2024-wimbledon-1154,1,5,1,Dynamic Model,2,4
2024,2024-wimbledon-1154,1,5,2,Dynamic Model,2,3
2024,2024-wimbledon-1154,1,5,3,Dynamic Model,2,2
2024,2024-wimbledon-1154,1,5,4,Dynamic Model,2,1
2024,2024-wimbledon-1154,1,5,5,Dynamic Model,1,0
2024,2024-wimbledon-1155,1,4,1,Cumul. Point Winner,1,3
2024,2024-wimbledon-1155,1,4,2,Cumul. Point Winner,1,2
2024,2024-wimbledon-1155,1,4,3,Cumul. Point Winner,1,1
2024,2024-wimbledon-1155,1,4,4,Cumul. Point Winner,1,0
2024,2024-wimbledon-1155,1,4,1,Cumul. Game Winner,1,3
2024,2024-wimbledon-1155,1,4,2,Cumul. Game Winner,1,2
2024,2024-wimbledon-1155,1,4,3,Cumul. Game Winner,1,1
2024,2024-wimbledon-1155,1,4,4,Cumul. Game Winner,1,0
2024,2024-wimbledon-1155,1,4,1,Set Winner,1,3
2024,2024-wimbledon-1155,1,4,2,Set Winner,1,2
2024,2024-wimbledon-1155,1,4,3,Set Winner,2,1
2024,2024-wimbledon-1155,1,4,4,Set Winner,1,0
2024,2024-wimbledon-1155,1,4,1,Cumul. Set Winner,1,3
2024,2024-wimbledon-1155,1,4,2,Cumul. Set Winner,1,2
2024,2024-wimbledon-1155,1,4,3,Cumul. Set Winner,1,1
2024,2024-wimbledon-1155,1,4,4,Cumul. Set Winner,1,0
2024,2024-wimbledon-1155,1,4,1,Cumul. Unf. Error,1,3
2024,2024-wimbledon-1155,1,4,2,Cumul. Unf. Error,1,2
2024,2024-wimbledon-1155,1,4,3,Cumul. Unf. Error,1,1
2024,2024-wimbledon-1155,1,4,4,Cumul. Unf. Error,1,0
2024,2024-wimbledon-1155,1,4,1,Dynamic Model,1,3
2024,2024-wimbledon-1155,1,4,2,Dynamic Model,1,2
2024,2024-wimbledon-1155,1,4,3,Dynamic Model,1,1
2024,2024-wimbledon-1155,1,4,4,Dynamic Model,1,0
2024,2024-wimbledon-1156,2,3,1,Cumul. Point Winner,2,2
2024,2024-wimbledon-1156,2,3,2,Cumul. Point Winner,2,1
2024,2024-wimbledon-1156,2,3,3,Cumul. Point Winner,2,0
2024,2024-wimbledon-1156,2,3,1,Cumul. Game Winner,2,2
2024,2024-wimbledon-1156,2,3,2,Cumul. Game Winner,2,1
2024,2024-wimbledon-1156,2,3,3,Cumul. Game Winner,2,0
2024,2024-wimbledon-1156,2,3,1,Set Winner,2,2
2024,2024-wimbledon-1156,2,3,2,Set Winner,2,1
2024,2024-wimbledon-1156,2,3,3,Set Winner,2,0
2024,2024-wimbledon-1156,2,3,1,Cumul. Set Winner,2,2
2024,2024-wimbledon-1156,2,3,2,Cumul. Set Winner,2,1
2024,2024-wimbledon-1156,2,3,3,Cumul. Set Winner,2,0
2024,2024-wimbledon-1156,2,3,1,Cumul. Unf. Error,2,2
2024,2024-wimbledon-1156,2,3,2,Cumul. Unf. Error,2,1
2024,2024-wimbledon-1156,2,3,3,Cumul. Unf. Error,2,0
2024,2024-wimbledon-1156,2,3,1,Dynamic Model,2,2
2024,2024-wimbledon-1156,2,3,2,Dynamic Model,2,1
2024,2024-wimbledon-1156,2,3,3,Dynamic Model,2,0
2024,2024-wimbledon-1157,1,3,1,Cumul. Point Winner,1,2
2024,2024-wimbledon-1157,1,3,2,Cumul. Point Winner,1,1
2024,2024-wimbledon-1157,1,3,3,Cumul. Point Winner,1,0
2024,2024-wimbledon-1157,1,3,1,Cumul. Game Winner,1,2
2024,2024-wimbledon-1157,1,3,2,Cumul. Game Winner,1,1
2024,2024-wimbledon-1157,1,3,3,Cumul. Game Winner,1,0
2024,2024-wimbledon-1157,1,3,1,Set Winner,1,2
2024,2024-wimbledon-1157,1,3,2,Set Winner,1,1
2024,2024-wimbledon-1157,1,3,3,Set Winner,1,0
2024,2024-wimbledon-1157,1,3,1,Cumul. Set Winner,1,2
2024,2024-wimbledon-1157,1,3,2,Cumul. Set Winner,1,1
2024,2024-wimbledon-1157,1,3,3,Cumul. Set Winner,1,0
2024,2024-wimbledon-1157,1,3,1,Cumul. Unf. Error,1,2
2024,2024-wimbledon-1157,1,3,2,Cumul. Unf. Error,1,1
2024,2024-wimbledon-1157,1,3,3,Cumul. Unf. Error,1,0
2024,2024-wimbledon-1157,1,3,1,Dynamic Model,1,2
2024,2024-wimbledon-1157,1,3,2,Dynamic Model,1,1
2024,2024-wimbledon-1157,1,3,3,Dynamic Model,1,0
2024,2024-wimbledon-1158,2,5,1,Cumul. Point Winner,1,4
2024,2024-wimbledon-1158,2,5,2,Cumul. Point Winner,1,3
2024,2024-wimbledon-1158,2,5,3,Cumul. Point Winner,1,2
2024,2024-wimbledon-1158,2,5,4,Cumul. Point Winner,1,1
2024,2024-wimbledon-1158,2,5,5,Cumul. Point Winner,1,0
2024,2024-wimbledon-1158,2,5,1,Cumul. Game Winner,1,4
2024,2024-wimbledon-1158,2,5,2,Cumul. Game Winner,1,3
2024,2024-wimbledon-1158,2,5,3,Cumul. Game Winner,1,2
2024,2024-wimbledon-1158,2,5,4,Cumul. Game Winner,1,1
2024,2024-wimbledon-1158,2,5,5,Cumul. Game Winner,1,0
2024,2024-wimbledon-1158,2,5,1,Set Winner,1,4
2024,2024-wimbledon-1158,2,5,2,Set Winner,1,3
2024,2024-wimbledon-1158,2,5,3,Set Winner,2,2
2024,2024-wimbledon-1158,2,5,4,Set Winner,2,1
2024,2024-wimbledon-1158,2,5,5,Set Winner,2,0
2024,2024-wimbledon-1158,2,5,1,Cumul. Set Winner,1,4
2024,2024-wimbledon-1158,2,5,2,Cumul. Set Winner,1,3
2024,2024-wimbledon-1158,2,5,3,Cumul. Set Winner,1,2
2024,2024-wimbledon-1158,2,5,4,Cumul. Set Winner,1,1
2024,2024-wimbledon-1158,2,5,5,Cumul. Set Winner,2,0
2024,2024-wimbledon-1158,2,5,1,Cumul. Unf. Error,1,4
2024,2024-wimbledon-1158,2,5,2,Cumul. Unf. Error,1,3
2024,2024-wimbledon-1158,2,5,3,Cumul. Unf. Error,1,2
2024,2024-wimbledon-1158,2,5,4,Cumul. Unf. Error,1,1
2024,2024-wimbledon-1158,2,5,5,Cumul. Unf. Error,2,0
2024,2024-wimbledon-1158,2,5,1,Dynamic Model,1,4
2024,2024-wimbledon-1158,2,5,2,Dynamic Model,1,3
2024,2024-wimbledon-1158,2,5,3,Dynamic Model,1,2
2024,2024-wimbledon-1158,2,5,4,Dynamic Model,1,1
2024,2024-wimbledon-1158,2,5,5,Dynamic Model,2,0
2024,2024-wimbledon-1159,1,3,1,Cumul. Point Winner,1,2
2024,2024-wimbledon-1159,1,3,2,Cumul. Point Winner,1,1
2024,2024-wimbledon-1159,1,3,3,Cumul. Point Winner,1,0
2024,2024-wimbledon-1159,1,3,1,Cumul. Game Winner,1,2
2024,2024-wimbledon-1159,1,3,2,Cumul. Game Winner,1,1
2024,2024-wimbledon-1159,1,3,3,Cumul. Game Winner,1,0
2024,2024-wimbledon-1159,1,3,1,Set Winner,1,2
2024,2024-wimbledon-1159,1,3,2,Set Winner,1,1
2024,2024-wimbledon-1159,1,3,3,Set Winner,1,0
2024,2024-wimbledon-1159,1,3,1,Cumul. Set Winner,1,2
2024,2024-wimbledon-1159,1,3,2,Cumul. Set Winner,1,1
2024,2024-wimbledon-1159,1,3,3,Cumul. Set Winner,1,0
2024,2024-wimbledon-1159,1,3,1,Cumul. Unf. Error,2,2
2024,2024-wimbledon-1159,1,3,2,Cumul. Unf. Error,2,1
2024,2024-wimbledon-1159,1,3,3,Cumul. Unf. Error,1,0
2024,2024-wimbledon-1159,1,3,1,Dynamic Model,1,2
2024,2024-wimbledon-1159,1,3,2,Dynamic Model,1,1
2024,2024-wimbledon-1159,1,3,3,Dynamic Model,1,0
2024,2024-wimbledon-1160,2,4,1,Cumul. Point Winner,2,3
2024,2024-wimbledon-1160,2,4,2,Cumul. Point Winner,2,2
2024,2024-wimbledon-1160,2,4,3,Cumul. Point Winner,2,1
2024,2024-wimbledon-1160,2,4,4,Cumul. Point Winner,2,0
2024,2024-wimbledon-1160,2,4,1,Cumul. Game Winner,2,3
2024,2024-wimbledon-1160,2,4,2,Cumul. Game Winner,2,2
2024,2024-wimbledon-1160,2,4,3,Cumul. Game Winner,2,1
2024,2024-wimbledon-1160,2,4,4,Cumul. Game Winner,2,0
2024,2024-wimbledon-1160,2,4,1,Set Winner,2,3
2024,2024-wimbledon-1160,2,4,2,Set Winner,1,2
2024,2024-wimbledon-1160,2,4,3,Set Winner,2,1
2024,2024-wimbledon-1160,2,4,4,Set Winner,2,0
2024,2024-wimbledon-1160,2,4,1,Cumul. Set Winner,2,3
2024,2024-wimbledon-1160,2,4,2,Cumul. Set Winner,2,2
2024,2024-wimbledon-1160,2,4,3,Cumul. Set Winner,2,1
2024,2024-wimbledon-1160,2,4,4,Cumul. Set Winner,2,0
2024,2024-wimbledon-1160,2,4,1,Cumul. Unf. Error,2,3
2024,2024-wimbledon-1160,2,4,2,Cumul. Unf. Error,2,2
2024,2024-wimbledon-1160,2,4,3,Cumul. Unf. Error,2,1
2024,2024-wimbledon-1160,2,4,4,Cumul. Unf. Error,2,0
2024,2024-wimbledon-1160,2,4,1,Dynamic Model,2,3
2024,2024-wimbledon-1160,2,4,2,Dynamic Model,2,2
2024,2024-wimbledon-1160,2,4,3,Dynamic Model,2,1
2024,2024-wimbledon-1160,2,4,4,Dynamic Model,2,0
2024,2024-wimbledon-1161,1,3,1,Cumul. Point Winner,1,2
2024,2024-wimbledon-1161,1,3,2,Cumul. Point Winner,1,1
2024,2024-wimbledon-1161,1,3,3,Cumul. Point Winner,1,0
2024,2024-wimbledon-1161,1,3,1,Cumul. Game Winner,1,2
2024,2024-wimbledon-1161,1,3,2,Cumul. Game Winner,1,1
2024,2024-wimbledon-1161,1,3,3,Cumul. Game Winner,1,0
2024,2024-wimbledon-1161,1,3,1,Set Winner,1,2
2024,2024-wimbledon-1161,1,3,2,Set Winner,1,1
2024,2024-wimbledon-1161,1,3,3,Set Winner,1,0
2024,2024-wimbledon-1161,1,3,1,Cumul. Set Winner,1,2
2024,2024-wimbledon-1161,1,3,2,Cumul. Set Winner,1,1
2024,2024-wimbledon-1161,1,3,3,Cumul. Set Winner,1,0
2024,2024-wimbledon-1161,1,3,1,Cumul. Unf. Error,1,2
2024,2024-wimbledon-1161,1,3,2,Cumul. Unf. Error,1,1
2024,2024-wimbledon-1161,1,3,3,Cumul. Unf. Error,1,0
2024,2024-wimbledon-1161,1,3,1,Dynamic Model,1,2
2024,2024-wimbledon-1161,1,3,2,Dynamic Model,1,1
2024,2024-wimbledon-1161,1,3,3,Dynamic Model,1,0
2024,2024-wimbledon-1162,1,4,1,Cumul. Point Winner,1,3
2024,2024-wimbledon-1162,1,4,2,Cumul. Point Winner,1,2
2024,2024-wimbledon-1162,1,4,3,Cumul. Point Winner,1,1
2024,2024-wimbledon-1162,1,4,4,Cumul. Point Winner,1,0
2024,2024-wimbledon-1162,1,4,1,Cumul. Game Winner,1,3
2024,2024-wimbledon-1162,1,4,2,Cumul. Game Winner,1,2
2024,2024-wimbledon-1162,1,4,3,Cumul. Game Winner,1,1
2024,2024-wimbledon-1162,1,4,4,Cumul. Game Winner,1,0
2024,2024-wimbledon-1162,1,4,1,Set Winner,1,3
2024,2024-wimbledon-1162,1,4,2,Set Winner,2,2
2024,2024-wimbledon-1162,1,4,3,Set Winner,1,1
2024,2024-wimbledon-1162,1,4,4,Set Winner,1,0
2024,2024-wimbledon-1162,1,4,1,Cumul. Set Winner,1,3
2024,2024-wimbledon-1162,1,4,2,Cumul. Set Winner,1,2
2024,2024-wimbledon-1162,1,4,3,Cumul. Set Winner,1,1
2024,2024-wimbledon-1162,1,4,4,Cumul. Set Winner,1,0
2024,2024-wimbledon-1162,1,4,1,Cumul. Unf. Error,1,3
2024,2024-wimbledon-1162,1,4,2,Cumul. Unf. Error,1,2
2024,2024-wimbledon-1162,1,4,3,Cumul. Unf. Error,2,1
2024,2024-wimbledon-1162,1,4,4,Cumul. Unf. Error,2,0
2024,2024-wimbledon-1162,1,4,1,Dynamic Model,1,3
2024,2024-wimbledon-1162,1,4,2,Dynamic Model,1,2
2024,2024-wimbledon-1162,1,4,3,Dynamic Model,1,1
2024,2024-wimbledon-1162,1,4,4,Dynamic Model,1,0
2024,2024-wimbledon-1163,1,3,1,Cumul. Point Winner,1,2
2024,2024-wimbledon-1163,1,3,2,Cumul. Point Winner,1,1
2024,2024-wimbledon-1163,1,3,3,Cumul. Point Winner,1,0
2024,2024-wimbledon-1163,1,3,1,Cumul. Game Winner,1,2
2024,2024-wimbledon-1163,1,3,2,Cumul. Game Winner,1,1
2024,2024-wimbledon-1163,1,3,3,Cumul. Game Winner,1,0
2024,2024-wimbledon-1163,1,3,1,Set Winner,1,2
2024,2024-wimbledon-1163,1,3,2,Set Winner,1,1
2024,2024-wimbledon-1163,1,3,3,Set Winner,1,0
2024,2024-wimbledon-1163,1,3,1,Cumul. Set Winner,1,2
2024,2024-wimbledon-1163,1,3,2,Cumul. Set Winner,1,1
2024,2024-wimbledon-1163,1,3,3,Cumul. Set Winner,1,0
2024,2024-wimbledon-1163,1,3,1,Cumul. Unf. Error,1,2
2024,2024-wimbledon-1163,1,3,2,Cumul. Unf. Error,1,1
2024,2024-wimbledon-1163,1,3,3,Cumul. Unf. Error,1,0
2024,2024-wimbledon-1163,1,3,1,Dynamic Model,1,2
2024,2024-wimbledon-1163,1,3,2,Dynamic Model,1,1
2024,2024-wimbledon-1163,1,3,3,Dynamic Model,1,0
2024,2024-wimbledon-1164,2,3,1,Cumul. Point Winner,2,2
2024,2024-wimbledon-1164,2,3,2,Cumul. Point Winner,2,1
2024,2024-wimbledon-1164,2,3,3,Cumul. Point Winner,2,0
2024,2024-wimbledon-1164,2,3,1,Cumul. Game Winner,2,2
2024,2024-wimbledon-1164,2,3,2,Cumul. Game Winner,2,1
2024,2024-wimbledon-1164,2,3,3,Cumul. Game Winner,2,0
2024,2024-wimbledon-1164,2,3,1,Set Winner,2,2
2024,2024-wimbledon-1164,2,3,2,Set Winner,2,1
2024,2024-wimbledon-1164,2,3,3,Set Winner,2,0
2024,2024-wimbledon-1164,2,3,1,Cumul. Set Winner,2,2
2024,2024-wimbledon-1164,2,3,2,Cumul. Set Winner,2,1
2024,2024-wimbledon-1164,2,3,3,Cumul. Set Winner,2,0
2024,2024-wimbledon-1164,2,3,1,Cumul. Unf. Error,2,2
2024,2024-wimbledon-1164,2,3,2,Cumul. Unf. Error,2,1
2024,2024-wimbledon-1164,2,3,3,Cumul. Unf. Error,2,0
2024,2024-wimbledon-1164,2,3,1,Dynamic Model,2,2
2024,2024-wimbledon-1164,2,3,2,Dynamic Model,2,1
2024,2024-wimbledon-1164,2,3,3,Dynamic Model,2,0
2024,2024-wimbledon-1201,1,4,1,Cumul. Point Winner,1,3
2024,2024-wimbledon-1201,1,4,2,Cumul. Point Winner,1,2
2024,2024-wimbledon-1201,1,4,3,Cumul. Point Winner,1,1
2024,2024-wimbledon-1201,1,4,4,Cumul. Point Winner,1,0
2024,2024-wimbledon-1201,1,4,1,Cumul. Game Winner,1,3
2024,2024-wimbledon-1201,1,4,2,Cumul. Game Winner,1,2
2024,2024-wimbledon-1201,1,4,3,Cumul. Game Winner,2,1
2024,2024-wimbledon-1201,1,4,4,Cumul. Game Winner,2,0
2024,2024-wimbledon-1201,1,4,1,Set Winner,1,3
2024,2024-wimbledon-1201,1,4,2,Set Winner,1,2
2024,2024-wimbledon-1201,1,4,3,Set Winner,2,1
2024,2024-wimbledon-1201,1,4,4,Set Winner,1,0
2024,2024-wimbledon-1201,1,4,1,Cumul. Set Winner,1,3
2024,2024-wimbledon-1201,1,4,2,Cumul. Set Winner,1,2
2024,2024-wimbledon-1201,1,4,3,Cumul. Set Winner,1,1
2024,2024-wimbledon-1201,1,4,4,Cumul. Set Winner,1,0
2024,2024-wimbledon-1201,1,4,1,Cumul. Unf. Error,1,3
2024,2024-wimbledon-1201,1,4,2,Cumul. Unf. Error,1,2
2024,2024-wimbledon-1201,1,4,3,Cumul. Unf. Error,1,1
2024,2024-wimbledon-1201,1,4,4,Cumul. Unf. Error,1,0
2024,2024-wimbledon-1201,1,4,1,Dynamic Model,1,3
2024,2024-wimbledon-1201,1,4,2,Dynamic Model,1,2
2024,2024-wimbledon-1201,1,4,3,Dynamic Model,1,1
2024,2024-wimbledon-1201,1,4,4,Dynamic Model,1,0
2024,2024-wimbledon-1202,1,5,1,Cumul. Point Winner,2,4
2024,2024-wimbledon-1202,1,5,2,Cumul. Point Winner,1,3
2024,2024-wimbledon-1202,1,5,3,Cumul. Point Winner,2,2
2024,2024-wimbledon-1202,1,5,4,Cumul. Point Winner,1,1
2024,2024-wimbledon-1202,1,5,5,Cumul. Point Winner,1,0
2024,2024-wimbledon-1202,1,5,1,Cumul. Game Winner,2,4
2024,2024-wimbledon-1202,1,5,2,Cumul. Game Winner,2,3
2024,2024-wimbledon-1202,1,5,3,Cumul. Game Winner,2,2
2024,2024-wimbledon-1202,1,5,4,Cumul. Game Winner,2,1
2024,2024-wimbledon-1202,1,5,5,Cumul. Game Winner,1,0
2024,2024-wimbledon-1202,1,5,1,Set Winner,2,4
2024,2024-wimbledon-1202,1,5,2,Set Winner,1,3
2024,2024-wimbledon-1202,1,5,3,Set Winner,2,2
2024,2024-wimbledon-1202,1,5,4,Set Winner,1,1
2024,2024-wimbledon-1202,1,5,5,Set Winner,1,0
2024,2024-wimbledon-1202,1,5,1,Cumul. Set Winner,2,4
2024,2024-wimbledon-1202,1,5,2,Cumul. Set Winner,2,3
2024,2024-wimbledon-1202,1,5,3,Cumul. Set Winner,2,2
2024,2024-wimbledon-1202,1,5,4,Cumul. Set Winner,2,1
2024,2024-wimbledon-1202,1,5,5,Cumul. Set Winner,1,0
2024,2024-wimbledon-1202,1,5,1,Cumul. Unf. Error,2,4
2024,2024-wimbledon-1202,1,5,2,Cumul. Unf. Error,1,3
2024,2024-wimbledon-1202,1,5,3,Cumul. Unf. Error,1,2
2024,2024-wimbledon-1202,1,5,4,Cumul. Unf. Error,1,1
2024,2024-wimbledon-1202,1,5,5,Cumul. Unf. Error,1,0
2024,2024-wimbledon-1202,1,5,1,Dynamic Model,2,4
2024,2024-wimbledon-1202,1,5,2,Dynamic Model,1,3
2024,2024-wimbledon-1202,1,5,3,Dynamic Model,2,2
2024,2024-wimbledon-1202,1,5,4,Dynamic Model,1,1
2024,2024-wimbledon-1202,1,5,5,Dynamic Model,1,0
2024,2024-wimbledon-1203,1,5,1,Cumul. Point Winner,1,4
2024,2024-wimbledon-1203,1,5,2,Cumul. Point Winner,1,3
2024,2024-wimbledon-1203,1,5,3,Cumul. Point Winner,2,2
2024,2024-wimbledon-1203,1,5,4,Cumul. Point Winner,2,1
2024,2024-wimbledon-1203,1,5,5,Cumul. Point Winner,2,0
2024,2024-wimbledon-1203,1,5,1,Cumul. Game Winner,1,4
2024,2024-wimbledon-1203,1,5,2,Cumul. Game Winner,1,3
2024,2024-wimbledon-1203,1,5,3,Cumul. Game Winner,2,2
2024,2024-wimbledon-1203,1,5,4,Cumul. Game Winner,2,1
2024,2024-wimbledon-1203,1,5,5,Cumul. Game Winner,2,0
2024,2024-wimbledon-1203,1,5,1,Set Winner,1,4
2024,2024-wimbledon-1203,1,5,2,Set Winner,1,3
2024,2024-wimbledon-1203,1,5,3,Set Winner,2,2
2024,2024-wimbledon-1203,1,5,4,Set Winner,2,1
2024,2024-wimbledon-1203,1,5,5,Set Winner,1,0
2024,2024-wimbledon-1203,1,5,1,Cumul. Set Winner,1,4
2024,2024-wimbledon-1203,1,5,2,Cumul. Set Winner,1,3
2024,2024-wimbledon-1203,1,5,3,Cumul. Set Winner,1,2
2024,2024-wimbledon-1203,1,5,4,Cumul. Set Winner,1,1
2024,2024-wimbledon-1203,1,5,5,Cumul. Set Winner,1,0
2024,2024-wimbledon-1203,1,5,1,Cumul. Unf. Error,2,4
2024,2024-wimbledon-1203,1,5,2,Cumul. Unf. Error,2,3
2024,2024-wimbledon-1203,1,5,3,Cumul. Unf. Error,2,2
2024,2024-wimbledon-1203,1,5,4,Cumul. Unf. Error,2,1
2024,2024-wimbledon-1203,1,5,5,Cumul. Unf. Error,2,0
2024,2024-wimbledon-1203,1,5,1,Dynamic Model,1,4
2024,2024-wimbledon-1203,1,5,2,Dynamic Model,1,3
2024,2024-wimbledon-1203,1,5,3,Dynamic Model,2,2
2024,2024-wimbledon-1203,1,5,4,Dynamic Model,2,1
2024,2024-wimbledon-1203,1,5,5,Dynamic Model,2,0
2024,2024-wimbledon-1204,2,5,1,Cumul. Point Winner,1,4
2024,2024-wimbledon-1204,2,5,2,Cumul. Point Winner,1,3
2024,2024-wimbledon-1204,2,5,3,Cumul. Point Winner,1,2
2024,2024-wimbledon-1204,2,5,4,Cumul. Point Winner,2,1
2024,2024-wimbledon-1204,2,5,5,Cumul. Point Winner,2,0
2024,2024-wimbledon-1204,2,5,1,Cumul. Game Winner,1,4
2024,2024-wimbledon-1204,2,5,2,Cumul. Game Winner,1,3
2024,2024-wimbledon-1204,2,5,3,Cumul. Game Winner,1,2
2024,2024-wimbledon-1204,2,5,4,Cumul. Game Winner,2,1
2024,2024-wimbledon-1204,2,5,5,Cumul. Game Winner,2,0
2024,2024-wimbledon-1204,2,5,1,Set Winner,1,4
2024,2024-wimbledon-1204,2,5,2,Set Winner,2,3
2024,2024-wimbledon-1204,2,5,3,Set Winner,1,2
2024,2024-wimbledon-1204,2,5,4,Set Winner,2,1
2024,2024-wimbledon-1204,2,5,5,Set Winner,2,0
2024,2024-wimbledon-1204,2,5,1,Cumul. Set Winner,1,4
2024,2024-wimbledon-1204,2,5,2,Cumul. Set Winner,1,3
2024,2024-wimbledon-1204,2,5,3,Cumul. Set Winner,1,2
2024,2024-wimbledon-1204,2,5,4,Cumul. Set Winner,1,1
2024,2024-wimbledon-1204,2,5,5,Cumul. Set Winner,2,0
2024,2024-wimbledon-1204,2,5,1,Cumul. Unf. Error,1,4
2024,2024-wimbledon-1204,2,5,2,Cumul. Unf. Error,1,3
2024,2024-wimbledon-1204,2,5,3,Cumul. Unf. Error,1,2
2024,2024-wimbledon-1204,2,5,4,Cumul. Unf. Error,1,1
2024,2024-wimbledon-1204,2,5,5,Cumul. Unf. Error,1,0
2024,2024-wimbledon-1204,2,5,1,Dynamic Model,1,4
2024,2024-wimbledon-1204,2,5,2,Dynamic Model,1,3
2024,2024-wimbledon-1204,2,5,3,Dynamic Model,1,2
2024,2024-wimbledon-1204,2,5,4,Dynamic Model,1,1
2024,2024-wimbledon-1204,2,5,5,Dynamic Model,2,0
2024,2024-wimbledon-1205,1,5,1,Cumul. Point Winner,2,4
2024,2024-wimbledon-1205,1,5,2,Cumul. Point Winner,2,3
2024,2024-wimbledon-1205,1,5,3,Cumul. Point Winner,2,2
2024,2024-wimbledon-1205,1,5,4,Cumul. Point Winner,1,1
2024,2024-wimbledon-1205,1,5,5,Cumul. Point Winner,1,0
2024,2024-wimbledon-1205,1,5,1,Cumul. Game Winner,2,4
2024,2024-wimbledon-1205,1,5,2,Cumul. Game Winner,2,3
2024,2024-wimbledon-1205,1,5,3,Cumul. Game Winner,2,2
2024,2024-wimbledon-1205,1,5,4,Cumul. Game Winner,1,1
2024,2024-wimbledon-1205,1,5,5,Cumul. Game Winner,1,0
2024,2024-wimbledon-1205,1,5,1,Set Winner,2,4
2024,2024-wimbledon-1205,1,5,2,Set Winner,2,3
2024,2024-wimbledon-1205,1,5,3,Set Winner,1,2
2024,2024-wimbledon-1205,1,5,4,Set Winner,1,1
2024,2024-wimbledon-1205,1,5,5,Set Winner,1,0
2024,2024-wimbledon-1205,1,5,1,Cumul. Set Winner,2,4
2024,2024-wimbledon-1205,1,5,2,Cumul. Set Winner,2,3
2024,2024-wimbledon-1205,1,5,3,Cumul. Set Winner,2,2
2024,2024-wimbledon-1205,1,5,4,Cumul. Set Winner,2,1
2024,2024-wimbledon-1205,1,5,5,Cumul. Set Winner,1,0
2024,2024-wimbledon-1205,1,5,1,Cumul. Unf. Error,1,4
2024,2024-wimbledon-1205,1,5,2,Cumul. Unf. Error,2,3
2024,2024-wimbledon-1205,1,5,3,Cumul. Unf. Error,2,2
2024,2024-wimbledon-1205,1,5,4,Cumul. Unf. Error,1,1
2024,2024-wimbledon-1205,1,5,5,Cumul. Unf. Error,1,0
2024,2024-wimbledon-1205,1,5,1,Dynamic Model,2,4
2024,2024-wimbledon-1205,1,5,2,Dynamic Model,2,3
2024,2024-wimbledon-1205,1,5,3,Dynamic Model,2,2
2024,2024-wimbledon-1205,1,5,4,Dynamic Model,1,1
2024,2024-wimbledon-1205,1,5,5,Dynamic Model,1,0
2024,2024-wimbledon-1206,2,3,1,Cumul. Point Winner,2,2
2024,2024-wimbledon-1206,2,3,2,Cumul. Point Winner,2,1
2024,2024-wimbledon-1206,2,3,3,Cumul. Point Winner,2,0
2024,2024-wimbledon-1206,2,3,1,Cumul. Game Winner,2,2
2024,2024-wimbledon-1206,2,3,2,Cumul. Game Winner,2,1
2024,2024-wimbledon-1206,2,3,3,Cumul. Game Winner,2,0
2024,2024-wimbledon-1206,2,3,1,Set Winner,2,2
2024,2024-wimbledon-1206,2,3,2,Set Winner,2,1
2024,2024-wimbledon-1206,2,3,3,Set Winner,2,0
2024,2024-wimbledon-1206,2,3,1,Cumul. Set Winner,2,2
2024,2024-wimbledon-1206,2,3,2,Cumul. Set Winner,2,1
2024,2024-wimbledon-1206,2,3,3,Cumul. Set Winner,2,0
2024,2024-wimbledon-1206,2,3,1,Cumul. Unf. Error,2,2
2024,2024-wimbledon-1206,2,3,2,Cumul. Unf. Error,2,1
2024,2024-wimbledon-1206,2,3,3,Cumul. Unf. Error,2,0
2024,2024-wimbledon-1206,2,3,1,Dynamic Model,2,2
2024,2024-wimbledon-1206,2,3,2,Dynamic Model,2,1
2024,2024-wimbledon-1206,2,3,3,Dynamic Model,2,0
2024,2024-wimbledon-1207,2,4,1,Cumul. Point Winner,1,3
2024,2024-wimbledon-1207,2,4,2,Cumul. Point Winner,2,2
2024,2024-wimbledon-1207,2,4,3,Cumul. Point Winner,2,1
2024,2024-wimbledon-1207,2,4,4,Cumul. Point Winner,2,0
2024,2024-wimbledon-1207,2,4,1,Cumul. Game Winner,1,3
2024,2024-wimbledon-1207,2,4,2,Cumul. Game Winner,2,2
2024,2024-wimbledon-1207,2,4,3,Cumul. Game Winner,2,1
2024,2024-wimbledon-1207,2,4,4,Cumul. Game Winner,2,0
2024,2024-wimbledon-1207,2,4,1,Set Winner,1,3
2024,2024-wimbledon-1207,2,4,2,Set Winner,2,2
2024,2024-wimbledon-1207,2,4,3,Set Winner,2,1
2024,2024-wimbledon-1207,2,4,4,Set Winner,2,0
2024,2024-wimbledon-1207,2,4,1,Cumul. Set Winner,1,3
2024,2024-wimbledon-1207,2,4,2,Cumul. Set Winner,1,2
2024,2024-wimbledon-1207,2,4,3,Cumul. Set Winner,2,1
2024,2024-wimbledon-1207,2,4,4,Cumul. Set Winner,2,0
2024,2024-wimbledon-1207,2,4,1,Cumul. Unf. Error,1,3
2024,2024-wimbledon-1207,2,4,2,Cumul. Unf. Error,1,2
2024,2024-wimbledon-1207,2,4,3,Cumul. Unf. Error,1,1
2024,2024-wimbledon-1207,2,4,4,Cumul. Unf. Error,1,0
2024,2024-wimbledon-1207,2,4,1,Dynamic Model,1,3
2024,2024-wimbledon-1207,2,4,2,Dynamic Model,2,2
2024,2024-wimbledon-1207,2,4,3,Dynamic Model,2,1
2024,2024-wimbledon-1207,2,4,4,Dynamic Model,2,0
2024,2024-wimbledon-1208,2,4,1,Cumul. Point Winner,1,3
2024,2024-wimbledon-1208,2,4,2,Cumul. Point Winner,2,2
2024,2024-wimbledon-1208,2,4,3,Cumul. Point Winner,2,1
2024,2024-wimbledon-1208,2,4,4,Cumul. Point Winner,2,0
2024,2024-wimbledon-1208,2,4,1,Cumul. Game Winner,1,3
2024,2024-wimbledon-1208,2,4,2,Cumul. Game Winner,1,2
2024,2024-wimbledon-1208,2,4,3,Cumul. Game Winner,2,1
2024,2024-wimbledon-1208,2,4,4,Cumul. Game Winner,2,0
2024,2024-wimbledon-1208,2,4,1,Set Winner,1,3
2024,2024-wimbledon-1208,2,4,2,Set Winner,2,2
2024,2024-wimbledon-1208,2,4,3,Set Winner,2,1
2024,2024-wimbledon-1208,2,4,4,Set Winner,2,0
2024,2024-wimbledon-1208,2,4,1,Cumul. Set Winner,1,3
2024,2024-wimbledon-1208,2,4,2,Cumul. Set Winner,1,2
2024,2024-wimbledon-1208,2,4,3,Cumul. Set Winner,2,1
2024,2024-wimbledon-1208,2,4,4,Cumul. Set Winner,2,0
2024,2024-wimbledon-1208,2,4,1,Cumul. Unf. Error,2,3
2024,2024-wimbledon-1208,2,4,2,Cumul. Unf. Error,2,2
2024,2024-wimbledon-1208,2,4,3,Cumul. Unf. Error,2,1
2024,2024-wimbledon-1208,2,4,4,Cumul. Unf. Error,2,0
2024,2024-wimbledon-1208,2,4,1,Dynamic Model,1,3
2024,2024-wimbledon-1208,2,4,2,Dynamic Model,2,2
2024,2024-wimbledon-1208,2,4,3,Dynamic Model,2,1
2024,2024-wimbledon-1208,2,4,4,Dynamic Model,2,0
2024,2024-wimbledon-1209,1,3,1,Cumul. Point Winner,1,2
2024,2024-wimbledon-1209,1,3,2,Cumul. Point Winner,1,1
2024,2024-wimbledon-1209,1,3,3,Cumul. Point Winner,1,0
2024,2024-wimbledon-1209,1,3,1,Cumul. Game Winner,1,2
2024,2024-wimbledon-1209,1,3,2,Cumul. Game Winner,1,1
2024,2024-wimbledon-1209,1,3,3,Cumul. Game Winner,1,0
2024,2024-wimbledon-1209,1,3,1,Set Winner,1,2
2024,2024-wimbledon-1209,1,3,2,Set Winner,1,1
2024,2024-wimbledon-1209,1,3,3,Set Winner,1,0
2024,2024-wimbledon-1209,1,3,1,Cumul. Set Winner,1,2
2024,2024-wimbledon-1209,1,3,2,Cumul. Set Winner,1,1
2024,2024-wimbledon-1209,1,3,3,Cumul. Set Winner,1,0
2024,2024-wimbledon-1209,1,3,1,Cumul. Unf. Error,1,2
2024,2024-wimbledon-1209,1,3,2,Cumul. Unf. Error,1,1
2024,2024-wimbledon-1209,1,3,3,Cumul. Unf. Error,1,0
2024,2024-wimbledon-1209,1,3,1,Dynamic Model,1,2
2024,2024-wimbledon-1209,1,3,2,Dynamic Model,1,1
2024,2024-wimbledon-1209,1,3,3,Dynamic Model,1,0
2024,2024-wimbledon-1210,2,3,1,Cumul. Point Winner,2,2
2024,2024-wimbledon-1210,2,3,2,Cumul. Point Winner,2,1
2024,2024-wimbledon-1210,2,3,3,Cumul. Point Winner,2,0
2024,2024-wimbledon-1210,2,3,1,Cumul. Game Winner,2,2
2024,2024-wimbledon-1210,2,3,2,Cumul. Game Winner,2,1
2024,2024-wimbledon-1210,2,3,3,Cumul. Game Winner,2,0
2024,2024-wimbledon-1210,2,3,1,Set Winner,2,2
2024,2024-wimbledon-1210,2,3,2,Set Winner,2,1
2024,2024-wimbledon-1210,2,3,3,Set Winner,2,0
2024,2024-wimbledon-1210,2,3,1,Cumul. Set Winner,2,2
2024,2024-wimbledon-1210,2,3,2,Cumul. Set Winner,2,1
2024,2024-wimbledon-1210,2,3,3,Cumul. Set Winner,2,0
2024,2024-wimbledon-1210,2,3,1,Cumul. Unf. Error,2,2
2024,2024-wimbledon-1210,2,3,2,Cumul. Unf. Error,2,1
2024,2024-wimbledon-1210,2,3,3,Cumul. Unf. Error,2,0
2024,2024-wimbledon-1210,2,3,1,Dynamic Model,2,2
2024,2024-wimbledon-1210,2,3,2,Dynamic Model,2,1
2024,2024-wimbledon-1210,2,3,3,Dynamic Model,2,0
2024,2024-wimbledon-1211,1,3,1,Cumul. Point Winner,1,2
2024,2024-wimbledon-1211,1,3,2,Cumul. Point Winner,1,1
2024,2024-wimbledon-1211,1,3,3,Cumul. Point Winner,1,0
2024,2024-wimbledon-1211,1,3,1,Cumul. Game Winner,1,2
2024,2024-wimbledon-1211,1,3,2,Cumul. Game Winner,1,1
2024,2024-wimbledon-1211,1,3,3,Cumul. Game Winner,1,0
2024,2024-wimbledon-1211,1,3,1,Set Winner,1,2
2024,2024-wimbledon-1211,1,3,2,Set Winner,1,1
2024,2024-wimbledon-1211,1,3,3,Set Winner,1,0
2024,2024-wimbledon-1211,1,3,1,Cumul. Set Winner,1,2
2024,2024-wimbledon-1211,1,3,2,Cumul. Set Winner,1,1
2024,2024-wimbledon-1211,1,3,3,Cumul. Set Winner,1,0
2024,2024-wimbledon-1211,1,3,1,Cumul. Unf. Error,1,2
2024,2024-wimbledon-1211,1,3,2,Cumul. Unf. Error,1,1
2024,2024-wimbledon-1211,1,3,3,Cumul. Unf. Error,1,0
2024,2024-wimbledon-1211,1,3,1,Dynamic Model,1,2
2024,2024-wimbledon-1211,1,3,2,Dynamic Model,1,1
2024,2024-wimbledon-1211,1,3,3,Dynamic Model,1,0
2024,2024-wimbledon-1212,2,3,1,Cumul. Point Winner,2,2
2024,2024-wimbledon-1212,2,3,2,Cumul. Point Winner,2,1
2024,2024-wimbledon-1212,2,3,3,Cumul. Point Winner,2,0
2024,2024-wimbledon-1212,2,3,1,Cumul. Game Winner,2,2
2024,2024-wimbledon-1212,2,3,2,Cumul. Game Winner,2,1
2024,2024-wimbledon-1212,2,3,3,Cumul. Game Winner,2,0
2024,2024-wimbledon-1212,2,3,1,Set Winner,2,2
2024,2024-wimbledon-1212,2,3,2,Set Winner,2,1
2024,2024-wimbledon-1212,2,3,3,Set Winner,2,0
2024,2024-wimbledon-1212,2,3,1,Cumul. Set Winner,2,2
2024,2024-wimbledon-1212,2,3,2,Cumul. Set Winner,2,1
2024,2024-wimbledon-1212,2,3,3,Cumul. Set Winner,2,0
2024,2024-wimbledon-1212,2,3,1,Cumul. Unf. Error,2,2
2024,2024-wimbledon-1212,2,3,2,Cumul. Unf. Error,2,1
2024,2024-wimbledon-1212,2,3,3,Cumul. Unf. Error,2,0
2024,2024-wimbledon-1212,2,3,1,Dynamic Model,2,2
2024,2024-wimbledon-1212,2,3,2,Dynamic Model,2,1
2024,2024-wimbledon-1212,2,3,3,Dynamic Model,2,0
2024,2024-wimbledon-1213,1,5,1,Cumul. Point Winner,2,4
2024,2024-wimbledon-1213,1,5,2,Cumul. Point Winner,1,3
2024,2024-wimbledon-1213,1,5,3,Cumul. Point Winner,1,2
2024,2024-wimbledon-1213,1,5,4,Cumul. Point Winner,1,1
2024,2024-wimbledon-1213,1,5,5,Cumul. Point Winner,1,0
2024,2024-wimbledon-1213,1,5,1,Cumul. Game Winner,2,4
2024,2024-wimbledon-1213,1,5,2,Cumul. Game Winner,1,3
2024,2024-wimbledon-1213,1,5,3,Cumul. Game Winner,2,2
2024,2024-wimbledon-1213,1,5,4,Cumul. Game Winner,1,1
2024,2024-wimbledon-1213,1,5,5,Cumul. Game Winner,1,0
2024,2024-wimbledon-1213,1,5,1,Set Winner,2,4
2024,2024-wimbledon-1213,1,5,2,Set Winner,1,3
2024,2024-wimbledon-1213,1,5,3,Set Winner,2,2
2024,2024-wimbledon-1213,1,5,4,Set Winner,1,1
2024,2024-wimbledon-1213,1,5,5,Set Winner,1,0
2024,2024-wimbledon-1213,1,5,1,Cumul. Set Winner,2,4
2024,2024-wimbledon-1213,1,5,2,Cumul. Set Winner,2,3
2024,2024-wimbledon-1213,1,5,3,Cumul. Set Winner,2,2
2024,2024-wimbledon-1213,1,5,4,Cumul. Set Winner,2,1
2024,2024-wimbledon-1213,1,5,5,Cumul. Set Winner,1,0
2024,2024-wimbledon-1213,1,5,1,Cumul. Unf. Error,1,4
2024,2024-wimbledon-1213,1,5,2,Cumul. Unf. Error,1,3
2024,2024-wimbledon-1213,1,5,3,Cumul. Unf. Error,1,2
2024,2024-wimbledon-1213,1,5,4,Cumul. Unf. Error,1,1
2024,2024-wimbledon-1213,1,5,5,Cumul. Unf. Error,1,0
2024,2024-wimbledon-1213,1,5,1,Dynamic Model,2,4
2024,2024-wimbledon-1213,1,5,2,Dynamic Model,2,3
2024,2024-wimbledon-1213,1,5,3,Dynamic Model,2,2
2024,2024-wimbledon-1213,1,5,4,Dynamic Model,1,1
2024,2024-wimbledon-1213,1,5,5,Dynamic Model,1,0
2024,2024-wimbledon-1214,2,3,1,Cumul. Point Winner,2,2
2024,2024-wimbledon-1214,2,3,2,Cumul. Point Winner,2,1
2024,2024-wimbledon-1214,2,3,3,Cumul. Point Winner,2,0
2024,2024-wimbledon-1214,2,3,1,Cumul. Game Winner,2,2
2024,2024-wimbledon-1214,2,3,2,Cumul. Game Winner,2,1
2024,2024-wimbledon-1214,2,3,3,Cumul. Game Winner,2,0
2024,2024-wimbledon-1214,2,3,1,Set Winner,2,2
2024,2024-wimbledon-1214,2,3,2,Set Winner,2,1
2024,2024-wimbledon-1214,2,3,3,Set Winner,2,0
2024,2024-wimbledon-1214,2,3,1,Cumul. Set Winner,2,2
2024,2024-wimbledon-1214,2,3,2,Cumul. Set Winner,2,1
2024,2024-wimbledon-1214,2,3,3,Cumul. Set Winner,2,0
2024,2024-wimbledon-1214,2,3,1,Cumul. Unf. Error,1,2
2024,2024-wimbledon-1214,2,3,2,Cumul. Unf. Error,2,1
2024,2024-wimbledon-1214,2,3,3,Cumul. Unf. Error,2,0
2024,2024-wimbledon-1214,2,3,1,Dynamic Model,2,2
2024,2024-wimbledon-1214,2,3,2,Dynamic Model,2,1
2024,2024-wimbledon-1214,2,3,3,Dynamic Model,2,0
2024,2024-wimbledon-1215,2,4,1,Cumul. Point Winner,2,3
2024,2024-wimbledon-1215,2,4,2,Cumul. Point Winner,2,2
2024,2024-wimbledon-1215,2,4,3,Cumul. Point Winner,2,1
2024,2024-wimbledon-1215,2,4,4,Cumul. Point Winner,2,0
2024,2024-wimbledon-1215,2,4,1,Cumul. Game Winner,2,3
2024,2024-wimbledon-1215,2,4,2,Cumul. Game Winner,2,2
2024,2024-wimbledon-1215,2,4,3,Cumul. Game Winner,2,1
2024,2024-wimbledon-1215,2,4,4,Cumul. Game Winner,2,0
2024,2024-wimbledon-1215,2,4,1,Set Winner,2,3
2024,2024-wimbledon-1215,2,4,2,Set Winner,1,2
2024,2024-wimbledon-1215,2,4,3,Set Winner,2,1
2024,2024-wimbledon-1215,2,4,4,Set Winner,2,0
2024,2024-wimbledon-1215,2,4,1,Cumul. Set Winner,2,3
2024,2024-wimbledon-1215,2,4,2,Cumul. Set Winner,2,2
2024,2024-wimbledon-1215,2,4,3,Cumul. Set Winner,2,1
2024,2024-wimbledon-1215,2,4,4,Cumul. Set Winner,2,0
2024,2024-wimbledon-1215,2,4,1,Cumul. Unf. Error,2,3
2024,2024-wimbledon-1215,2,4,2,Cumul. Unf. Error,2,2
2024,2024-wimbledon-1215,2,4,3,Cumul. Unf. Error,2,1
2024,2024-wimbledon-1215,2,4,4,Cumul. Unf. Error,2,0
2024,2024-wimbledon-1215,2,4,1,Dynamic Model,2,3
2024,2024-wimbledon-1215,2,4,2,Dynamic Model,2,2
2024,2024-wimbledon-1215,2,4,3,Dynamic Model,2,1
2024,2024-wimbledon-1215,2,4,4,Dynamic Model,2,0
2024,2024-wimbledon-1216,1,4,1,Cumul. Point Winner,1,3
2024,2024-wimbledon-1216,1,4,2,Cumul. Point Winner,1,2
2024,2024-wimbledon-1216,1,4,3,Cumul. Point Winner,2,1
2024,2024-wimbledon-1216,1,4,4,Cumul. Point Winner,1,0
2024,2024-wimbledon-1216,1,4,1,Cumul. Game Winner,1,3
2024,2024-wimbledon-1216,1,4,2,Cumul. Game Winner,1,2
2024,2024-wimbledon-1216,1,4,3,Cumul. Game Winner,1,1
2024,2024-wimbledon-1216,1,4,4,Cumul. Game Winner,1,0
2024,2024-wimbledon-1216,1,4,1,Set Winner,1,3
2024,2024-wimbledon-1216,1,4,2,Set Winner,1,2
2024,2024-wimbledon-1216,1,4,3,Set Winner,2,1
2024,2024-wimbledon-1216,1,4,4,Set Winner,1,0
2024,2024-wimbledon-1216,1,4,1,Cumul. Set Winner,1,3
2024,2024-wimbledon-1216,1,4,2,Cumul. Set Winner,1,2
2024,2024-wimbledon-1216,1,4,3,Cumul. Set Winner,1,1
2024,2024-wimbledon-1216,1,4,4,Cumul. Set Winner,1,0
2024,2024-wimbledon-1216,1,4,1,Cumul. Unf. Error,1,3
2024,2024-wimbledon-1216,1,4,2,Cumul. Unf. Error,1,2
2024,2024-wimbledon-1216,1,4,3,Cumul. Unf. Error,1,1
2024,2024-wimbledon-1216,1,4,4,Cumul. Unf. Error,2,0
2024,2024-wimbledon-1216,1,4,1,Dynamic Model,1,3
2024,2024-wimbledon-1216,1,4,2,Dynamic Model,1,2
2024,2024-wimbledon-1216,1,4,3,Dynamic Model,2,1
2024,2024-wimbledon-1216,1,4,4,Dynamic Model,1,0
2024,2024-wimbledon-1217,1,5,1,Cumul. Point Winner,1,4
2024,2024-wimbledon-1217,1,5,2,Cumul. Point Winner,2,3
2024,2024-wimbledon-1217,1,5,3,Cumul. Point Winner,2,2
2024,2024-wimbledon-1217,1,5,4,Cumul. Point Winner,1,1
2024,2024-wimbledon-1217,1,5,5,Cumul. Point Winner,1,0
2024,2024-wimbledon-1217,1,5,1,Cumul. Game Winner,1,4
2024,2024-wimbledon-1217,1,5,2,Cumul. Game Winner,2,3
2024,2024-wimbledon-1217,1,5,3,Cumul. Game Winner,2,2
2024,2024-wimbledon-1217,1,5,4,Cumul. Game Winner,1,1
2024,2024-wimbledon-1217,1,5,5,Cumul. Game Winner,1,0
2024,2024-wimbledon-1217,1,5,1,Set Winner,1,4
2024,2024-wimbledon-1217,1,5,2,Set Winner,2,3
2024,2024-wimbledon-1217,1,5,3,Set Winner,2,2
2024,2024-wimbledon-1217,1,5,4,Set Winner,1,1
2024,2024-wimbledon-1217,1,5,5,Set Winner,1,0
2024,2024-wimbledon-1217,1,5,1,Cumul. Set Winner,1,4
2024,2024-wimbledon-1217,1,5,2,Cumul. Set Winner,1,3
2024,2024-wimbledon-1217,1,5,3,Cumul. Set Winner,2,2
2024,2024-wimbledon-1217,1,5,4,Cumul. Set Winner,2,1
2024,2024-wimbledon-1217,1,5,5,Cumul. Set Winner,1,0
2024,2024-wimbledon-1217,1,5,1,Cumul. Unf. Error,1,4
2024,2024-wimbledon-1217,1,5,2,Cumul. Unf. Error,1,3
2024,2024-wimbledon-1217,1,5,3,Cumul. Unf. Error,2,2
2024,2024-wimbledon-1217,1,5,4,Cumul. Unf. Error,2,1
2024,2024-wimbledon-1217,1,5,5,Cumul. Unf. Error,2,0
2024,2024-wimbledon-1217,1,5,1,Dynamic Model,1,4
2024,2024-wimbledon-1217,1,5,2,Dynamic Model,2,3
2024,2024-wimbledon-1217,1,5,3,Dynamic Model,2,2
2024,2024-wimbledon-1217,1,5,4,Dynamic Model,1,1
2024,2024-wimbledon-1217,1,5,5,Dynamic Model,1,0
2024,2024-wimbledon-1218,2,5,1,Cumul. Point Winner,2,4
2024,2024-wimbledon-1218,2,5,2,Cumul. Point Winner,2,3
2024,2024-wimbledon-1218,2,5,3,Cumul. Point Winner,2,2
2024,2024-wimbledon-1218,2,5,4,Cumul. Point Winner,2,1
2024,2024-wimbledon-1218,2,5,5,Cumul. Point Winner,2,0
2024,2024-wimbledon-1218,2,5,1,Cumul. Game Winner,2,4
2024,2024-wimbledon-1218,2,5,2,Cumul. Game Winner,2,3
2024,2024-wimbledon-1218,2,5,3,Cumul. Game Winner,1,2
2024,2024-wimbledon-1218,2,5,4,Cumul. Game Winner,2,1
2024,2024-wimbledon-1218,2,5,5,Cumul. Game Winner,2,0
2024,2024-wimbledon-1218,2,5,1,Set Winner,2,4
2024,2024-wimbledon-1218,2,5,2,Set Winner,1,3
2024,2024-wimbledon-1218,2,5,3,Set Winner,1,2
2024,2024-wimbledon-1218,2,5,4,Set Winner,2,1
2024,2024-wimbledon-1218,2,5,5,Set Winner,2,0
2024,2024-wimbledon-1218,2,5,1,Cumul. Set Winner,2,4
2024,2024-wimbledon-1218,2,5,2,Cumul. Set Winner,2,3
2024,2024-wimbledon-1218,2,5,3,Cumul. Set Winner,1,2
2024,2024-wimbledon-1218,2,5,4,Cumul. Set Winner,1,1
2024,2024-wimbledon-1218,2,5,5,Cumul. Set Winner,2,0
2024,2024-wimbledon-1218,2,5,1,Cumul. Unf. Error,1,4
2024,2024-wimbledon-1218,2,5,2,Cumul. Unf. Error,2,3
2024,2024-wimbledon-1218,2,5,3,Cumul. Unf. Error,2,2
2024,2024-wimbledon-1218,2,5,4,Cumul. Unf. Error,2,1
2024,2024-wimbledon-1218,2,5,5,Cumul. Unf. Error,2,0
2024,2024-wimbledon-1218,2,5,1,Dynamic Model,2,4
2024,2024-wimbledon-1218,2,5,2,Dynamic Model,2,3
2024,2024-wimbledon-1218,2,5,3,Dynamic Model,2,2
2024,2024-wimbledon-1218,2,5,4,Dynamic Model,2,1
2024,2024-wimbledon-1218,2,5,5,Dynamic Model,2,0
2024,2024-wimbledon-1219,1,3,1,Cumul. Point Winner,1,2
2024,2024-wimbledon-1219,1,3,2,Cumul. Point Winner,1,1
2024,2024-wimbledon-1219,1,3,3,Cumul. Point Winner,1,0
2024,2024-wimbledon-1219,1,3,1,Cumul. Game Winner,1,2
2024,2024-wimbledon-1219,1,3,2,Cumul. Game Winner,1,1
2024,2024-wimbledon-1219,1,3,3,Cumul. Game Winner,1,0
2024,2024-wimbledon-1219,1,3,1,Set Winner,1,2
2024,2024-wimbledon-1219,1,3,2,Set Winner,1,1
2024,2024-wimbledon-1219,1,3,3,Set Winner,1,0
2024,2024-wimbledon-1219,1,3,1,Cumul. Set Winner,1,2
2024,2024-wimbledon-1219,1,3,2,Cumul. Set Winner,1,1
2024,2024-wimbledon-1219,1,3,3,Cumul. Set Winner,1,0
2024,2024-wimbledon-1219,1,3,1,Cumul. Unf. Error,2,2
2024,2024-wimbledon-1219,1,3,2,Cumul. Unf. Error,2,1
2024,2024-wimbledon-1219,1,3,3,Cumul. Unf. Error,2,0
2024,2024-wimbledon-1219,1,3,1,Dynamic Model,1,2
2024,2024-wimbledon-1219,1,3,2,Dynamic Model,1,1
2024,2024-wimbledon-1219,1,3,3,Dynamic Model,1,0
2024,2024-wimbledon-1220,1,4,1,Cumul. Point Winner,2,3
2024,2024-wimbledon-1220,1,4,2,Cumul. Point Winner,2,2
2024,2024-wimbledon-1220,1,4,3,Cumul. Point Winner,2,1
2024,2024-wimbledon-1220,1,4,4,Cumul. Point Winner,1,0
2024,2024-wimbledon-1220,1,4,1,Set Winner,1,3
2024,2024-wimbledon-1220,1,4,2,Set Winner,1,2
2024,2024-wimbledon-1220,1,4,3,Set Winner,2,1
2024,2024-wimbledon-1220,1,4,4,Set Winner,1,0
2024,2024-wimbledon-1220,1,4,1,Cumul. Set Winner,1,3
2024,2024-wimbledon-1220,1,4,2,Cumul. Set Winner,1,2
2024,2024-wimbledon-1220,1,4,3,Cumul. Set Winner,1,1
2024,2024-wimbledon-1220,1,4,4,Cumul. Set Winner,1,0
2024,2024-wimbledon-1220,1,4,1,Cumul. Unf. Error,1,3
2024,2024-wimbledon-1220,1,4,2,Cumul. Unf. Error,1,2
2024,2024-wimbledon-1220,1,4,3,Cumul. Unf. Error,1,1
2024,2024-wimbledon-1220,1,4,4,Cumul. Unf. Error,1,0
2024,2024-wimbledon-1220,1,4,1,Dynamic Model,1,3
2024,2024-wimbledon-1220,1,4,2,Dynamic Model,1,2
2024,2024-wimbledon-1220,1,4,3,Dynamic Model,2,1
2024,2024-wimbledon-1220,1,4,4,Dynamic Model,1,0
2024,2024-wimbledon-1222,2,5,1,Cumul. Point Winner,2,4
2024,2024-wimbledon-1222,2,5,2,Cumul. Point Winner,2,3
2024,2024-wimbledon-1222,2,5,3,Cumul. Point Winner,2,2
2024,2024-wimbledon-1222,2,5,4,Cumul. Point Winner,1,1
2024,2024-wimbledon-1222,2,5,5,Cumul. Point Winner,2,0
2024,2024-wimbledon-1222,2,5,1,Cumul. Game Winner,2,4
2024,2024-wimbledon-1222,2,5,2,Cumul. Game Winner,2,3
2024,2024-wimbledon-1222,2,5,3,Cumul. Game Winner,2,2
2024,2024-wimbledon-1222,2,5,4,Cumul. Game Winner,1,1
2024,2024-wimbledon-1222,2,5,5,Cumul. Game Winner,1,0
2024,2024-wimbledon-1222,2,5,1,Set Winner,2,4
2024,2024-wimbledon-1222,2,5,2,Set Winner,2,3
2024,2024-wimbledon-1222,2,5,3,Set Winner,1,2
2024,2024-wimbledon-1222,2,5,4,Set Winner,1,1
2024,2024-wimbledon-1222,2,5,5,Set Winner,2,0
2024,2024-wimbledon-1222,2,5,1,Cumul. Set Winner,2,4
2024,2024-wimbledon-1222,2,5,2,Cumul. Set Winner,2,3
2024,2024-wimbledon-1222,2,5,3,Cumul. Set Winner,2,2
2024,2024-wimbledon-1222,2,5,4,Cumul. Set Winner,2,1
2024,2024-wimbledon-1222,2,5,5,Cumul. Set Winner,2,0
2024,2024-wimbledon-1222,2,5,1,Cumul. Unf. Error,1,4
2024,2024-wimbledon-1222,2,5,2,Cumul. Unf. Error,2,3
2024,2024-wimbledon-1222,2,5,3,Cumul. Unf. Error,2,2
2024,2024-wimbledon-1222,2,5,4,Cumul. Unf. Error,1,1
2024,2024-wimbledon-1222,2,5,5,Cumul. Unf. Error,1,0
2024,2024-wimbledon-1222,2,5,1,Dynamic Model,2,4
2024,2024-wimbledon-1222,2,5,2,Dynamic Model,2,3
2024,2024-wimbledon-1222,2,5,3,Dynamic Model,2,2
2024,2024-wimbledon-1222,2,5,4,Dynamic Model,1,1
2024,2024-wimbledon-1222,2,5,5,Dynamic Model,2,0
2024,2024-wimbledon-1223,2,3,1,Cumul. Point Winner,2,2
2024,2024-wimbledon-1223,2,3,2,Cumul. Point Winner,2,1
2024,2024-wimbledon-1223,2,3,3,Cumul. Point Winner,2,0
2024,2024-wimbledon-1223,2,3,1,Cumul. Game Winner,2,2
2024,2024-wimbledon-1223,2,3,2,Cumul. Game Winner,2,1
2024,2024-wimbledon-1223,2,3,3,Cumul. Game Winner,2,0
2024,2024-wimbledon-1223,2,3,1,Set Winner,2,2
2024,2024-wimbledon-1223,2,3,2,Set Winner,2,1
2024,2024-wimbledon-1223,2,3,3,Set Winner,2,0
2024,2024-wimbledon-1223,2,3,1,Cumul. Set Winner,2,2
2024,2024-wimbledon-1223,2,3,2,Cumul. Set Winner,2,1
2024,2024-wimbledon-1223,2,3,3,Cumul. Set Winner,2,0
2024,2024-wimbledon-1223,2,3,1,Cumul. Unf. Error,2,2
2024,2024-wimbledon-1223,2,3,2,Cumul. Unf. Error,2,1
2024,2024-wimbledon-1223,2,3,3,Cumul. Unf. Error,2,0
2024,2024-wimbledon-1223,2,3,1,Dynamic Model,2,2
2024,2024-wimbledon-1223,2,3,2,Dynamic Model,2,1
2024,2024-wimbledon-1223,2,3,3,Dynamic Model,2,0
2024,2024-wimbledon-1224,2,3,1,Cumul. Point Winner,2,2
2024,2024-wimbledon-1224,2,3,2,Cumul. Point Winner,2,1
2024,2024-wimbledon-1224,2,3,3,Cumul. Point Winner,2,0
2024,2024-wimbledon-1224,2,3,1,Cumul. Game Winner,2,2
2024,2024-wimbledon-1224,2,3,2,Cumul. Game Winner,2,1
2024,2024-wimbledon-1224,2,3,3,Cumul. Game Winner,2,0
2024,2024-wimbledon-1224,2,3,1,Set Winner,2,2
2024,2024-wimbledon-1224,2,3,2,Set Winner,2,1
2024,2024-wimbledon-1224,2,3,3,Set Winner,2,0
2024,2024-wimbledon-1224,2,3,1,Cumul. Set Winner,2,2
2024,2024-wimbledon-1224,2,3,2,Cumul. Set Winner,2,1
2024,2024-wimbledon-1224,2,3,3,Cumul. Set Winner,2,0
2024,2024-wimbledon-1224,2,3,1,Cumul. Unf. Error,1,2
2024,2024-wimbledon-1224,2,3,2,Cumul. Unf. Error,1,1
2024,2024-wimbledon-1224,2,3,3,Cumul. Unf. Error,1,0
2024,2024-wimbledon-1224,2,3,1,Dynamic Model,2,2
2024,2024-wimbledon-1224,2,3,2,Dynamic Model,2,1
2024,2024-wimbledon-1224,2,3,3,Dynamic Model,2,0
2024,2024-wimbledon-1225,2,4,1,Cumul. Point Winner,2,3
2024,2024-wimbledon-1225,2,4,2,Cumul. Point Winner,2,2
2024,2024-wimbledon-1225,2,4,3,Cumul. Point Winner,1,1
2024,2024-wimbledon-1225,2,4,4,Cumul. Point Winner,1,0
2024,2024-wimbledon-1225,2,4,1,Cumul. Game Winner,2,3
2024,2024-wimbledon-1225,2,4,2,Cumul. Game Winner,2,2
2024,2024-wimbledon-1225,2,4,3,Cumul. Game Winner,1,1
2024,2024-wimbledon-1225,2,4,4,Cumul. Game Winner,1,0
2024,2024-wimbledon-1225,2,4,1,Set Winner,2,3
2024,2024-wimbledon-1225,2,4,2,Set Winner,2,2
2024,2024-wimbledon-1225,2,4,3,Set Winner,1,1
2024,2024-wimbledon-1225,2,4,4,Set Winner,2,0
2024,2024-wimbledon-1225,2,4,1,Cumul. Set Winner,2,3
2024,2024-wimbledon-1225,2,4,2,Cumul. Set Winner,2,2
2024,2024-wimbledon-1225,2,4,3,Cumul. Set Winner,2,1
2024,2024-wimbledon-1225,2,4,4,Cumul. Set Winner,2,0
2024,2024-wimbledon-1225,2,4,1,Cumul. Unf. Error,2,3
2024,2024-wimbledon-1225,2,4,2,Cumul. Unf. Error,2,2
2024,2024-wimbledon-1225,2,4,3,Cumul. Unf. Error,2,1
2024,2024-wimbledon-1225,2,4,4,Cumul. Unf. Error,1,0
2024,2024-wimbledon-1225,2,4,1,Dynamic Model,2,3
2024,2024-wimbledon-1225,2,4,2,Dynamic Model,2,2
2024,2024-wimbledon-1225,2,4,3,Dynamic Model,2,1
2024,2024-wimbledon-1225,2,4,4,Dynamic Model,2,0
2024,2024-wimbledon-1226,2,4,1,Cumul. Point Winner,2,3
2024,2024-wimbledon-1226,2,4,2,Cumul. Point Winner,2,2
2024,2024-wimbledon-1226,2,4,3,Cumul. Point Winner,2,1
2024,2024-wimbledon-1226,2,4,4,Cumul. Point Winner,2,0
2024,2024-wimbledon-1226,2,4,1,Cumul. Game Winner,2,3
2024,2024-wimbledon-1226,2,4,2,Cumul. Game Winner,2,2
2024,2024-wimbledon-1226,2,4,3,Cumul. Game Winner,2,1
2024,2024-wimbledon-1226,2,4,4,Cumul. Game Winner,2,0
2024,2024-wimbledon-1226,2,4,1,Set Winner,2,3
2024,2024-wimbledon-1226,2,4,2,Set Winner,2,2
2024,2024-wimbledon-1226,2,4,3,Set Winner,1,1
2024,2024-wimbledon-1226,2,4,4,Set Winner,2,0
2024,2024-wimbledon-1226,2,4,1,Cumul. Set Winner,2,3
2024,2024-wimbledon-1226,2,4,2,Cumul. Set Winner,2,2
2024,2024-wimbledon-1226,2,4,3,Cumul. Set Winner,2,1
2024,2024-wimbledon-1226,2,4,4,Cumul. Set Winner,2,0
2024,2024-wimbledon-1226,2,4,1,Cumul. Unf. Error,1,3
2024,2024-wimbledon-1226,2,4,2,Cumul. Unf. Error,1,2
2024,2024-wimbledon-1226,2,4,3,Cumul. Unf. Error,2,1
2024,2024-wimbledon-1226,2,4,4,Cumul. Unf. Error,2,0
2024,2024-wimbledon-1226,2,4,1,Dynamic Model,2,3
2024,2024-wimbledon-1226,2,4,2,Dynamic Model,2,2
2024,2024-wimbledon-1226,2,4,3,Dynamic Model,2,1
2024,2024-wimbledon-1226,2,4,4,Dynamic Model,2,0
2024,2024-wimbledon-1227,2,3,1,Cumul. Point Winner,1,2
2024,2024-wimbledon-1227,2,3,2,Cumul. Point Winner,1,1
2024,2024-wimbledon-1227,2,3,3,Cumul. Point Winner,1,0
2024,2024-wimbledon-1227,2,3,1,Cumul. Game Winner,1,2
2024,2024-wimbledon-1227,2,3,2,Cumul. Game Winner,1,1
2024,2024-wimbledon-1227,2,3,3,Cumul. Game Winner,2,0
2024,2024-wimbledon-1227,2,3,1,Set Winner,1,2
2024,2024-wimbledon-1227,2,3,2,Set Winner,2,1
2024,2024-wimbledon-1227,2,3,3,Set Winner,2,0
2024,2024-wimbledon-1227,2,3,1,Cumul. Set Winner,1,2
2024,2024-wimbledon-1227,2,3,2,Cumul. Set Winner,1,1
2024,2024-wimbledon-1227,2,3,3,Cumul. Set Winner,2,0
2024,2024-wimbledon-1227,2,3,1,Cumul. Unf. Error,1,2
2024,2024-wimbledon-1227,2,3,2,Cumul. Unf. Error,1,1
2024,2024-wimbledon-1227,2,3,3,Cumul. Unf. Error,1,0
2024,2024-wimbledon-1227,2,3,1,Dynamic Model,1,2
2024,2024-wimbledon-1227,2,3,2,Dynamic Model,1,1
2024,2024-wimbledon-1227,2,3,3,Dynamic Model,1,0
2024,2024-wimbledon-1228,2,3,1,Cumul. Point Winner,2,2
2024,2024-wimbledon-1228,2,3,2,Cumul. Point Winner,2,1
2024,2024-wimbledon-1228,2,3,3,Cumul. Point Winner,2,0
2024,2024-wimbledon-1228,2,3,1,Cumul. Game Winner,2,2
2024,2024-wimbledon-1228,2,3,2,Cumul. Game Winner,2,1
2024,2024-wimbledon-1228,2,3,3,Cumul. Game Winner,2,0
2024,2024-wimbledon-1228,2,3,1,Set Winner,2,2
2024,2024-wimbledon-1228,2,3,2,Set Winner,2,1
2024,2024-wimbledon-1228,2,3,3,Set Winner,2,0
2024,2024-wimbledon-1228,2,3,1,Cumul. Set Winner,2,2
2024,2024-wimbledon-1228,2,3,2,Cumul. Set Winner,2,1
2024,2024-wimbledon-1228,2,3,3,Cumul. Set Winner,2,0
2024,2024-wimbledon-1228,2,3,1,Cumul. Unf. Error,2,2
2024,2024-wimbledon-1228,2,3,2,Cumul. Unf. Error,2,1
2024,2024-wimbledon-1228,2,3,3,Cumul. Unf. Error,2,0
2024,2024-wimbledon-1228,2,3,1,Dynamic Model,2,2
2024,2024-wimbledon-1228,2,3,2,Dynamic Model,2,1
2024,2024-wimbledon-1228,2,3,3,Dynamic Model,2,0
2024,2024-wimbledon-1231,2,5,1,Cumul. Point Winner,1,4
2024,2024-wimbledon-1231,2,5,2,Cumul. Point Winner,1,3
2024,2024-wimbledon-1231,2,5,3,Cumul. Point Winner,1,2
2024,2024-wimbledon-1231,2,5,4,Cumul. Point Winner,1,1
2024,2024-wimbledon-1231,2,5,5,Cumul. Point Winner,2,0
2024,2024-wimbledon-1231,2,5,1,Cumul. Game Winner,1,4
2024,2024-wimbledon-1231,2,5,2,Cumul. Game Winner,1,3
2024,2024-wimbledon-1231,2,5,3,Cumul. Game Winner,1,2
2024,2024-wimbledon-1231,2,5,4,Cumul. Game Winner,1,1
2024,2024-wimbledon-1231,2,5,5,Cumul. Game Winner,2,0
2024,2024-wimbledon-1231,2,5,1,Set Winner,1,4
2024,2024-wimbledon-1231,2,5,2,Set Winner,2,3
2024,2024-wimbledon-1231,2,5,3,Set Winner,1,2
2024,2024-wimbledon-1231,2,5,4,Set Winner,2,1
2024,2024-wimbledon-1231,2,5,5,Set Winner,2,0
2024,2024-wimbledon-1231,2,5,1,Cumul. Set Winner,1,4
2024,2024-wimbledon-1231,2,5,2,Cumul. Set Winner,1,3
2024,2024-wimbledon-1231,2,5,3,Cumul. Set Winner,1,2
2024,2024-wimbledon-1231,2,5,4,Cumul. Set Winner,1,1
2024,2024-wimbledon-1231,2,5,5,Cumul. Set Winner,2,0
2024,2024-wimbledon-1231,2,5,1,Cumul. Unf. Error,1,4
2024,2024-wimbledon-1231,2,5,2,Cumul. Unf. Error,1,3
2024,2024-wimbledon-1231,2,5,3,Cumul. Unf. Error,1,2
2024,2024-wimbledon-1231,2,5,4,Cumul. Unf. Error,1,1
2024,2024-wimbledon-1231,2,5,5,Cumul. Unf. Error,1,0
2024,2024-wimbledon-1231,2,5,1,Dynamic Model,1,4
2024,2024-wimbledon-1231,2,5,2,Dynamic Model,1,3
2024,2024-wimbledon-1231,2,5,3,Dynamic Model,1,2
2024,2024-wimbledon-1231,2,5,4,Dynamic Model,1,1
2024,2024-wimbledon-1231,2,5,5,Dynamic Model,2,0
2024,2024-wimbledon-1232,2,4,1,Cumul. Point Winner,2,3
2024,2024-wimbledon-1232,2,4,2,Cumul. Point Winner,2,2
2024,2024-wimbledon-1232,2,4,3,Cumul. Point Winner,2,1
2024,2024-wimbledon-1232,2,4,4,Cumul. Point Winner,2,0
2024,2024-wimbledon-1232,2,4,1,Cumul. Game Winner,2,3
2024,2024-wimbledon-1232,2,4,2,Cumul. Game Winner,2,2
2024,2024-wimbledon-1232,2,4,3,Cumul. Game Winner,2,1
2024,2024-wimbledon-1232,2,4,4,Cumul. Game Winner,2,0
2024,2024-wimbledon-1232,2,4,1,Set Winner,2,3
2024,2024-wimbledon-1232,2,4,2,Set Winner,2,2
2024,2024-wimbledon-1232,2,4,3,Set Winner,1,1
2024,2024-wimbledon-1232,2,4,4,Set Winner,2,0
2024,2024-wimbledon-1232,2,4,1,Cumul. Set Winner,2,3
2024,2024-wimbledon-1232,2,4,2,Cumul. Set Winner,2,2
2024,2024-wimbledon-1232,2,4,3,Cumul. Set Winner,2,1
2024,2024-wimbledon-1232,2,4,4,Cumul. Set Winner,2,0
2024,2024-wimbledon-1232,2,4,1,Cumul. Unf. Error,1,3
2024,2024-wimbledon-1232,2,4,2,Cumul. Unf. Error,2,2
2024,2024-wimbledon-1232,2,4,3,Cumul. Unf. Error,2,1
2024,2024-wimbledon-1232,2,4,4,Cumul. Unf. Error,2,0
2024,2024-wimbledon-1232,2,4,1,Dynamic Model,2,3
2024,2024-wimbledon-1232,2,4,2,Dynamic Model,2,2
2024,2024-wimbledon-1232,2,4,3,Dynamic Model,2,1
2024,2024-wimbledon-1232,2,4,4,Dynamic Model,2,0
2024,2024-wimbledon-1301,1,3,1,Cumul. Point Winner,1,2
2024,2024-wimbledon-1301,1,3,2,Cumul. Point Winner,1,1
2024,2024-wimbledon-1301,1,3,3,Cumul. Point Winner,1,0
2024,2024-wimbledon-1301,1,3,1,Cumul. Game Winner,1,2
2024,2024-wimbledon-1301,1,3,2,Cumul. Game Winner,1,1
2024,2024-wimbledon-1301,1,3,3,Cumul. Game Winner,1,0
2024,2024-wimbledon-1301,1,3,1,Set Winner,1,2
2024,2024-wimbledon-1301,1,3,2,Set Winner,1,1
2024,2024-wimbledon-1301,1,3,3,Set Winner,1,0
2024,2024-wimbledon-1301,1,3,1,Cumul. Set Winner,1,2
2024,2024-wimbledon-1301,1,3,2,Cumul. Set Winner,1,1
2024,2024-wimbledon-1301,1,3,3,Cumul. Set Winner,1,0
2024,2024-wimbledon-1301,1,3,1,Cumul. Unf. Error,2,2
2024,2024-wimbledon-1301,1,3,2,Cumul. Unf. Error,2,1
2024,2024-wimbledon-1301,1,3,3,Cumul. Unf. Error,1,0
2024,2024-wimbledon-1301,1,3,1,Dynamic Model,1,2
2024,2024-wimbledon-1301,1,3,2,Dynamic Model,1,1
2024,2024-wimbledon-1301,1,3,3,Dynamic Model,1,0
2024,2024-wimbledon-1302,2,5,1,Cumul. Point Winner,1,4
2024,2024-wimbledon-1302,2,5,2,Cumul. Point Winner,2,3
2024,2024-wimbledon-1302,2,5,3,Cumul. Point Winner,2,2
2024,2024-wimbledon-1302,2,5,4,Cumul. Point Winner,2,1
2024,2024-wimbledon-1302,2,5,5,Cumul. Point Winner,2,0
2024,2024-wimbledon-1302,2,5,1,Cumul. Game Winner,1,4
2024,2024-wimbledon-1302,2,5,2,Cumul. Game Winner,2,3
2024,2024-wimbledon-1302,2,5,3,Cumul. Game Winner,2,2
2024,2024-wimbledon-1302,2,5,4,Cumul. Game Winner,2,1
2024,2024-wimbledon-1302,2,5,5,Cumul. Game Winner,2,0
2024,2024-wimbledon-1302,2,5,1,Set Winner,1,4
2024,2024-wimbledon-1302,2,5,2,Set Winner,2,3
2024,2024-wimbledon-1302,2,5,3,Set Winner,2,2
2024,2024-wimbledon-1302,2,5,4,Set Winner,1,1
2024,2024-wimbledon-1302,2,5,5,Set Winner,2,0
2024,2024-wimbledon-1302,2,5,1,Cumul. Set Winner,1,4
2024,2024-wimbledon-1302,2,5,2,Cumul. Set Winner,1,3
2024,2024-wimbledon-1302,2,5,3,Cumul. Set Winner,2,2
2024,2024-wimbledon-1302,2,5,4,Cumul. Set Winner,2,1
2024,2024-wimbledon-1302,2,5,5,Cumul. Set Winner,2,0
2024,2024-wimbledon-1302,2,5,1,Cumul. Unf. Error,1,4
2024,2024-wimbledon-1302,2,5,2,Cumul. Unf. Error,2,3
2024,2024-wimbledon-1302,2,5,3,Cumul. Unf. Error,2,2
2024,2024-wimbledon-1302,2,5,4,Cumul. Unf. Error,2,1
2024,2024-wimbledon-1302,2,5,5,Cumul. Unf. Error,2,0
2024,2024-wimbledon-1302,2,5,1,Dynamic Model,1,4
2024,2024-wimbledon-1302,2,5,2,Dynamic Model,2,3
2024,2024-wimbledon-1302,2,5,3,Dynamic Model,2,2
2024,2024-wimbledon-1302,2,5,4,Dynamic Model,2,1
2024,2024-wimbledon-1302,2,5,5,Dynamic Model,2,0
2024,2024-wimbledon-1303,1,3,1,Cumul. Point Winner,1,2
2024,2024-wimbledon-1303,1,3,2,Cumul. Point Winner,1,1
2024,2024-wimbledon-1303,1,3,3,Cumul. Point Winner,1,0
2024,2024-wimbledon-1303,1,3,1,Cumul. Game Winner,1,2
2024,2024-wimbledon-1303,1,3,2,Cumul. Game Winner,1,1
2024,2024-wimbledon-1303,1,3,3,Cumul. Game Winner,1,0
2024,2024-wimbledon-1303,1,3,1,Set Winner,1,2
2024,2024-wimbledon-1303,1,3,2,Set Winner,1,1
2024,2024-wimbledon-1303,1,3,3,Set Winner,1,0
2024,2024-wimbledon-1303,1,3,1,Cumul. Set Winner,1,2
2024,2024-wimbledon-1303,1,3,2,Cumul. Set Winner,1,1
2024,2024-wimbledon-1303,1,3,3,Cumul. Set Winner,1,0
2024,2024-wimbledon-1303,1,3,1,Cumul. Unf. Error,1,2
2024,2024-wimbledon-1303,1,3,2,Cumul. Unf. Error,1,1
2024,2024-wimbledon-1303,1,3,3,Cumul. Unf. Error,1,0
2024,2024-wimbledon-1303,1,3,1,Dynamic Model,1,2
2024,2024-wimbledon-1303,1,3,2,Dynamic Model,1,1
2024,2024-wimbledon-1303,1,3,3,Dynamic Model,1,0
2024,2024-wimbledon-1304,2,4,1,Cumul. Point Winner,2,3
2024,2024-wimbledon-1304,2,4,2,Cumul. Point Winner,2,2
2024,2024-wimbledon-1304,2,4,3,Cumul. Point Winner,2,1
2024,2024-wimbledon-1304,2,4,4,Cumul. Point Winner,2,0
2024,2024-wimbledon-1304,2,4,1,Cumul. Game Winner,2,3
2024,2024-wimbledon-1304,2,4,2,Cumul. Game Winner,2,2
2024,2024-wimbledon-1304,2,4,3,Cumul. Game Winner,2,1
2024,2024-wimbledon-1304,2,4,4,Cumul. Game Winner,2,0
2024,2024-wimbledon-1304,2,4,1,Set Winner,2,3
2024,2024-wimbledon-1304,2,4,2,Set Winner,2,2
2024,2024-wimbledon-1304,2,4,3,Set Winner,1,1
2024,2024-wimbledon-1304,2,4,4,Set Winner,2,0
2024,2024-wimbledon-1304,2,4,1,Cumul. Set Winner,2,3
2024,2024-wimbledon-1304,2,4,2,Cumul. Set Winner,2,2
2024,2024-wimbledon-1304,2,4,3,Cumul. Set Winner,2,1
2024,2024-wimbledon-1304,2,4,4,Cumul. Set Winner,2,0
2024,2024-wimbledon-1304,2,4,1,Cumul. Unf. Error,2,3
2024,2024-wimbledon-1304,2,4,2,Cumul. Unf. Error,2,2
2024,2024-wimbledon-1304,2,4,3,Cumul. Unf. Error,2,1
2024,2024-wimbledon-1304,2,4,4,Cumul. Unf. Error,2,0
2024,2024-wimbledon-1304,2,4,1,Dynamic Model,2,3
2024,2024-wimbledon-1304,2,4,2,Dynamic Model,2,2
2024,2024-wimbledon-1304,2,4,3,Dynamic Model,2,1
2024,2024-wimbledon-1304,2,4,4,Dynamic Model,2,0
2024,2024-wimbledon-1305,1,5,1,Cumul. Point Winner,2,4
2024,2024-wimbledon-1305,1,5,2,Cumul. Point Winner,2,3
2024,2024-wimbledon-1305,1,5,3,Cumul. Point Winner,2,2
2024,2024-wimbledon-1305,1,5,4,Cumul. Point Winner,2,1
2024,2024-wimbledon-1305,1,5,5,Cumul. Point Winner,1,0
2024,2024-wimbledon-1305,1,5,1,Cumul. Game Winner,2,4
2024,2024-wimbledon-1305,1,5,2,Cumul. Game Winner,1,3
2024,2024-wimbledon-1305,1,5,3,Cumul. Game Winner,1,2
2024,2024-wimbledon-1305,1,5,4,Cumul. Game Winner,1,1
2024,2024-wimbledon-1305,1,5,5,Cumul. Game Winner,1,0
2024,2024-wimbledon-1305,1,5,1,Set Winner,2,4
2024,2024-wimbledon-1305,1,5,2,Set Winner,1,3
2024,2024-wimbledon-1305,1,5,3,Set Winner,2,2
2024,2024-wimbledon-1305,1,5,4,Set Winner,1,1
2024,2024-wimbledon-1305,1,5,5,Set Winner,1,0
2024,2024-wimbledon-1305,1,5,1,Cumul. Set Winner,2,4
2024,2024-wimbledon-1305,1,5,2,Cumul. Set Winner,2,3
2024,2024-wimbledon-1305,1,5,3,Cumul. Set Winner,2,2
2024,2024-wimbledon-1305,1,5,4,Cumul. Set Winner,2,1
2024,2024-wimbledon-1305,1,5,5,Cumul. Set Winner,1,0
2024,2024-wimbledon-1305,1,5,1,Cumul. Unf. Error,2,4
2024,2024-wimbledon-1305,1,5,2,Cumul. Unf. Error,2,3
2024,2024-wimbledon-1305,1,5,3,Cumul. Unf. Error,2,2
2024,2024-wimbledon-1305,1,5,4,Cumul. Unf. Error,2,1
2024,2024-wimbledon-1305,1,5,5,Cumul. Unf. Error,2,0
2024,2024-wimbledon-1305,1,5,1,Dynamic Model,2,4
2024,2024-wimbledon-1305,1,5,2,Dynamic Model,2,3
2024,2024-wimbledon-1305,1,5,3,Dynamic Model,2,2
2024,2024-wimbledon-1305,1,5,4,Dynamic Model,2,1
2024,2024-wimbledon-1305,1,5,5,Dynamic Model,1,0
2024,2024-wimbledon-1306,2,4,1,Cumul. Point Winner,2,3
2024,2024-wimbledon-1306,2,4,2,Cumul. Point Winner,2,2
2024,2024-wimbledon-1306,2,4,3,Cumul. Point Winner,2,1
2024,2024-wimbledon-1306,2,4,4,Cumul. Point Winner,2,0
2024,2024-wimbledon-1306,2,4,1,Cumul. Game Winner,2,3
2024,2024-wimbledon-1306,2,4,2,Cumul. Game Winner,2,2
2024,2024-wimbledon-1306,2,4,3,Cumul. Game Winner,2,1
2024,2024-wimbledon-1306,2,4,4,Cumul. Game Winner,2,0
2024,2024-wimbledon-1306,2,4,1,Set Winner,2,3
2024,2024-wimbledon-1306,2,4,2,Set Winner,2,2
2024,2024-wimbledon-1306,2,4,3,Set Winner,1,1
2024,2024-wimbledon-1306,2,4,4,Set Winner,2,0
2024,2024-wimbledon-1306,2,4,1,Cumul. Set Winner,2,3
2024,2024-wimbledon-1306,2,4,2,Cumul. Set Winner,2,2
2024,2024-wimbledon-1306,2,4,3,Cumul. Set Winner,2,1
2024,2024-wimbledon-1306,2,4,4,Cumul. Set Winner,2,0
2024,2024-wimbledon-1306,2,4,1,Cumul. Unf. Error,1,3
2024,2024-wimbledon-1306,2,4,2,Cumul. Unf. Error,1,2
2024,2024-wimbledon-1306,2,4,3,Cumul. Unf. Error,1,1
2024,2024-wimbledon-1306,2,4,4,Cumul. Unf. Error,1,0
2024,2024-wimbledon-1306,2,4,1,Dynamic Model,2,3
2024,2024-wimbledon-1306,2,4,2,Dynamic Model,2,2
2024,2024-wimbledon-1306,2,4,3,Dynamic Model,2,1
2024,2024-wimbledon-1306,2,4,4,Dynamic Model,2,0
2024,2024-wimbledon-1307,1,3,1,Cumul. Point Winner,1,2
2024,2024-wimbledon-1307,1,3,2,Cumul. Point Winner,1,1
2024,2024-wimbledon-1307,1,3,3,Cumul. Point Winner,1,0
2024,2024-wimbledon-1307,1,3,1,Cumul. Game Winner,1,2
2024,2024-wimbledon-1307,1,3,2,Cumul. Game Winner,1,1
2024,2024-wimbledon-1307,1,3,3,Cumul. Game Winner,1,0
2024,2024-wimbledon-1307,1,3,1,Set Winner,1,2
2024,2024-wimbledon-1307,1,3,2,Set Winner,1,1
2024,2024-wimbledon-1307,1,3,3,Set Winner,1,0
2024,2024-wimbledon-1307,1,3,1,Cumul. Set Winner,1,2
2024,2024-wimbledon-1307,1,3,2,Cumul. Set Winner,1,1
2024,2024-wimbledon-1307,1,3,3,Cumul. Set Winner,1,0
2024,2024-wimbledon-1307,1,3,1,Cumul. Unf. Error,1,2
2024,2024-wimbledon-1307,1,3,2,Cumul. Unf. Error,1,1
2024,2024-wimbledon-1307,1,3,3,Cumul. Unf. Error,1,0
2024,2024-wimbledon-1307,1,3,1,Dynamic Model,1,2
2024,2024-wimbledon-1307,1,3,2,Dynamic Model,1,1
2024,2024-wimbledon-1307,1,3,3,Dynamic Model,1,0
2024,2024-wimbledon-1308,1,5,1,Cumul. Point Winner,1,4
2024,2024-wimbledon-1308,1,5,2,Cumul. Point Winner,2,3
2024,2024-wimbledon-1308,1,5,3,Cumul. Point Winner,2,2
2024,2024-wimbledon-1308,1,5,4,Cumul. Point Winner,2,1
2024,2024-wimbledon-1308,1,5,5,Cumul. Point Winner,1,0
2024,2024-wimbledon-1308,1,5,1,Cumul. Game Winner,1,4
2024,2024-wimbledon-1308,1,5,2,Cumul. Game Winner,2,3
2024,2024-wimbledon-1308,1,5,3,Cumul. Game Winner,2,2
2024,2024-wimbledon-1308,1,5,4,Cumul. Game Winner,2,1
2024,2024-wimbledon-1308,1,5,5,Cumul. Game Winner,2,0
2024,2024-wimbledon-1308,1,5,1,Set Winner,1,4
2024,2024-wimbledon-1308,1,5,2,Set Winner,2,3
2024,2024-wimbledon-1308,1,5,3,Set Winner,2,2
2024,2024-wimbledon-1308,1,5,4,Set Winner,1,1
2024,2024-wimbledon-1308,1,5,5,Set Winner,1,0
2024,2024-wimbledon-1308,1,5,1,Cumul. Set Winner,1,4
2024,2024-wimbledon-1308,1,5,2,Cumul. Set Winner,1,3
2024,2024-wimbledon-1308,1,5,3,Cumul. Set Winner,2,2
2024,2024-wimbledon-1308,1,5,4,Cumul. Set Winner,2,1
2024,2024-wimbledon-1308,1,5,5,Cumul. Set Winner,1,0
2024,2024-wimbledon-1308,1,5,1,Cumul. Unf. Error,1,4
2024,2024-wimbledon-1308,1,5,2,Cumul. Unf. Error,1,3
2024,2024-wimbledon-1308,1,5,3,Cumul. Unf. Error,1,2
2024,2024-wimbledon-1308,1,5,4,Cumul. Unf. Error,1,1
2024,2024-wimbledon-1308,1,5,5,Cumul. Unf. Error,1,0
2024,2024-wimbledon-1308,1,5,1,Dynamic Model,1,4
2024,2024-wimbledon-1308,1,5,2,Dynamic Model,2,3
2024,2024-wimbledon-1308,1,5,3,Dynamic Model,2,2
2024,2024-wimbledon-1308,1,5,4,Dynamic Model,1,1
2024,2024-wimbledon-1308,1,5,5,Dynamic Model,1,0
2024,2024-wimbledon-1309,2,4,1,Cumul. Point Winner,2,3
2024,2024-wimbledon-1309,2,4,2,Cumul. Point Winner,2,2
2024,2024-wimbledon-1309,2,4,3,Cumul. Point Winner,2,1
2024,2024-wimbledon-1309,2,4,4,Cumul. Point Winner,2,0
2024,2024-wimbledon-1309,2,4,1,Cumul. Game Winner,2,3
2024,2024-wimbledon-1309,2,4,2,Cumul. Game Winner,2,2
2024,2024-wimbledon-1309,2,4,3,Cumul. Game Winner,2,1
2024,2024-wimbledon-1309,2,4,4,Cumul. Game Winner,2,0
2024,2024-wimbledon-1309,2,4,1,Set Winner,2,3
2024,2024-wimbledon-1309,2,4,2,Set Winner,1,2
2024,2024-wimbledon-1309,2,4,3,Set Winner,2,1
2024,2024-wimbledon-1309,2,4,4,Set Winner,2,0
2024,2024-wimbledon-1309,2,4,1,Cumul. Set Winner,2,3
2024,2024-wimbledon-1309,2,4,2,Cumul. Set Winner,2,2
2024,2024-wimbledon-1309,2,4,3,Cumul. Set Winner,2,1
2024,2024-wimbledon-1309,2,4,4,Cumul. Set Winner,2,0
2024,2024-wimbledon-1309,2,4,1,Cumul. Unf. Error,2,3
2024,2024-wimbledon-1309,2,4,2,Cumul. Unf. Error,2,2
2024,2024-wimbledon-1309,2,4,3,Cumul. Unf. Error,2,1
2024,2024-wimbledon-1309,2,4,4,Cumul. Unf. Error,2,0
2024,2024-wimbledon-1309,2,4,1,Dynamic Model,2,3
2024,2024-wimbledon-1309,2,4,2,Dynamic Model,2,2
2024,2024-wimbledon-1309,2,4,3,Dynamic Model,2,1
2024,2024-wimbledon-1309,2,4,4,Dynamic Model,2,0
2024,2024-wimbledon-1310,1,4,1,Cumul. Point Winner,2,3
2024,2024-wimbledon-1310,1,4,2,Cumul. Point Winner,1,2
2024,2024-wimbledon-1310,1,4,3,Cumul. Point Winner,1,1
2024,2024-wimbledon-1310,1,4,4,Cumul. Point Winner,1,0
2024,2024-wimbledon-1310,1,4,1,Cumul. Game Winner,2,3
2024,2024-wimbledon-1310,1,4,2,Cumul. Game Winner,1,2
2024,2024-wimbledon-1310,1,4,3,Cumul. Game Winner,1,1
2024,2024-wimbledon-1310,1,4,4,Cumul. Game Winner,1,0
2024,2024-wimbledon-1310,1,4,1,Set Winner,2,3
2024,2024-wimbledon-1310,1,4,2,Set Winner,1,2
2024,2024-wimbledon-1310,1,4,3,Set Winner,1,1
2024,2024-wimbledon-1310,1,4,4,Set Winner,1,0
2024,2024-wimbledon-1310,1,4,1,Cumul. Set Winner,2,3
2024,2024-wimbledon-1310,1,4,2,Cumul. Set Winner,2,2
2024,2024-wimbledon-1310,1,4,3,Cumul. Set Winner,1,1
2024,2024-wimbledon-1310,1,4,4,Cumul. Set Winner,1,0
2024,2024-wimbledon-1310,1,4,1,Cumul. Unf. Error,1,3
2024,2024-wimbledon-1310,1,4,2,Cumul. Unf. Error,1,2
2024,2024-wimbledon-1310,1,4,3,Cumul. Unf. Error,2,1
2024,2024-wimbledon-1310,1,4,4,Cumul. Unf. Error,2,0
2024,2024-wimbledon-1310,1,4,1,Dynamic Model,2,3
2024,2024-wimbledon-1310,1,4,2,Dynamic Model,1,2
2024,2024-wimbledon-1310,1,4,3,Dynamic Model,1,1
2024,2024-wimbledon-1310,1,4,4,Dynamic Model,1,0
2024,2024-wimbledon-1311,1,3,1,Cumul. Point Winner,1,2
2024,2024-wimbledon-1311,1,3,2,Cumul. Point Winner,1,1
2024,2024-wimbledon-1311,1,3,3,Cumul. Point Winner,1,0
2024,2024-wimbledon-1311,1,3,1,Cumul. Game Winner,1,2
2024,2024-wimbledon-1311,1,3,2,Cumul. Game Winner,1,1
2024,2024-wimbledon-1311,1,3,3,Cumul. Game Winner,1,0
2024,2024-wimbledon-1311,1,3,1,Set Winner,1,2
2024,2024-wimbledon-1311,1,3,2,Set Winner,1,1
2024,2024-wimbledon-1311,1,3,3,Set Winner,1,0
2024,2024-wimbledon-1311,1,3,1,Cumul. Set Winner,1,2
2024,2024-wimbledon-1311,1,3,2,Cumul. Set Winner,1,1
2024,2024-wimbledon-1311,1,3,3,Cumul. Set Winner,1,0
2024,2024-wimbledon-1311,1,3,1,Cumul. Unf. Error,1,2
2024,2024-wimbledon-1311,1,3,2,Cumul. Unf. Error,1,1
2024,2024-wimbledon-1311,1,3,3,Cumul. Unf. Error,1,0
2024,2024-wimbledon-1311,1,3,1,Dynamic Model,1,2
2024,2024-wimbledon-1311,1,3,2,Dynamic Model,1,1
2024,2024-wimbledon-1311,1,3,3,Dynamic Model,1,0
2024,2024-wimbledon-1312,2,3,1,Cumul. Point Winner,2,2
2024,2024-wimbledon-1312,2,3,2,Cumul. Point Winner,2,1
2024,2024-wimbledon-1312,2,3,3,Cumul. Point Winner,2,0
2024,2024-wimbledon-1312,2,3,1,Cumul. Game Winner,2,2
2024,2024-wimbledon-1312,2,3,2,Cumul. Game Winner,2,1
2024,2024-wimbledon-1312,2,3,3,Cumul. Game Winner,2,0
2024,2024-wimbledon-1312,2,3,1,Set Winner,2,2
2024,2024-wimbledon-1312,2,3,2,Set Winner,2,1
2024,2024-wimbledon-1312,2,3,3,Set Winner,2,0
2024,2024-wimbledon-1312,2,3,1,Cumul. Set Winner,2,2
2024,2024-wimbledon-1312,2,3,2,Cumul. Set Winner,2,1
2024,2024-wimbledon-1312,2,3,3,Cumul. Set Winner,2,0
2024,2024-wimbledon-1312,2,3,1,Cumul. Unf. Error,1,2
2024,2024-wimbledon-1312,2,3,2,Cumul. Unf. Error,1,1
2024,2024-wimbledon-1312,2,3,3,Cumul. Unf. Error,1,0
2024,2024-wimbledon-1312,2,3,1,Dynamic Model,2,2
2024,2024-wimbledon-1312,2,3,2,Dynamic Model,2,1
2024,2024-wimbledon-1312,2,3,3,Dynamic Model,2,0
2024,2024-wimbledon-1313,1,5,1,Cumul. Point Winner,2,4
2024,2024-wimbledon-1313,1,5,2,Cumul. Point Winner,1,3
2024,2024-wimbledon-1313,1,5,3,Cumul. Point Winner,2,2
2024,2024-wimbledon-1313,1,5,4,Cumul. Point Winner,2,1
2024,2024-wimbledon-1313,1,5,5,Cumul. Point Winner,1,0
2024,2024-wimbledon-1313,1,5,1,Cumul. Game Winner,2,4
2024,2024-wimbledon-1313,1,5,2,Cumul. Game Winner,1,3
2024,2024-wimbledon-1313,1,5,3,Cumul. Game Winner,2,2
2024,2024-wimbledon-1313,1,5,4,Cumul. Game Winner,2,1
2024,2024-wimbledon-1313,1,5,5,Cumul. Game Winner,1,0
2024,2024-wimbledon-1313,1,5,1,Set Winner,2,4
2024,2024-wimbledon-1313,1,5,2,Set Winner,1,3
2024,2024-wimbledon-1313,1,5,3,Set Winner,2,2
2024,2024-wimbledon-1313,1,5,4,Set Winner,1,1
2024,2024-wimbledon-1313,1,5,5,Set Winner,1,0
2024,2024-wimbledon-1313,1,5,1,Cumul. Set Winner,2,4
2024,2024-wimbledon-1313,1,5,2,Cumul. Set Winner,2,3
2024,2024-wimbledon-1313,1,5,3,Cumul. Set Winner,2,2
2024,2024-wimbledon-1313,1,5,4,Cumul. Set Winner,2,1
2024,2024-wimbledon-1313,1,5,5,Cumul. Set Winner,1,0
2024,2024-wimbledon-1313,1,5,1,Cumul. Unf. Error,2,4
2024,2024-wimbledon-1313,1,5,2,Cumul. Unf. Error,2,3
2024,2024-wimbledon-1313,1,5,3,Cumul. Unf. Error,2,2
2024,2024-wimbledon-1313,1,5,4,Cumul. Unf. Error,2,1
2024,2024-wimbledon-1313,1,5,5,Cumul. Unf. Error,2,0
2024,2024-wimbledon-1313,1,5,1,Dynamic Model,2,4
2024,2024-wimbledon-1313,1,5,2,Dynamic Model,2,3
2024,2024-wimbledon-1313,1,5,3,Dynamic Model,2,2
2024,2024-wimbledon-1313,1,5,4,Dynamic Model,2,1
2024,2024-wimbledon-1313,1,5,5,Dynamic Model,1,0
2024,2024-wimbledon-1315,1,5,1,Cumul. Point Winner,2,4
2024,2024-wimbledon-1315,1,5,2,Cumul. Point Winner,2,3
2024,2024-wimbledon-1315,1,5,3,Cumul. Point Winner,2,2
2024,2024-wimbledon-1315,1,5,4,Cumul. Point Winner,2,1
2024,2024-wimbledon-1315,1,5,5,Cumul. Point Winner,1,0
2024,2024-wimbledon-1315,1,5,1,Cumul. Game Winner,2,4
2024,2024-wimbledon-1315,1,5,2,Cumul. Game Winner,2,3
2024,2024-wimbledon-1315,1,5,3,Cumul. Game Winner,2,2
2024,2024-wimbledon-1315,1,5,4,Cumul. Game Winner,2,1
2024,2024-wimbledon-1315,1,5,5,Cumul. Game Winner,1,0
2024,2024-wimbledon-1315,1,5,1,Set Winner,2,4
2024,2024-wimbledon-1315,1,5,2,Set Winner,2,3
2024,2024-wimbledon-1315,1,5,3,Set Winner,1,2
2024,2024-wimbledon-1315,1,5,4,Set Winner,1,1
2024,2024-wimbledon-1315,1,5,5,Set Winner,1,0
2024,2024-wimbledon-1315,1,5,1,Cumul. Set Winner,2,4
2024,2024-wimbledon-1315,1,5,2,Cumul. Set Winner,2,3
2024,2024-wimbledon-1315,1,5,3,Cumul. Set Winner,2,2
2024,2024-wimbledon-1315,1,5,4,Cumul. Set Winner,2,1
2024,2024-wimbledon-1315,1,5,5,Cumul. Set Winner,1,0
2024,2024-wimbledon-1315,1,5,1,Cumul. Unf. Error,1,4
2024,2024-wimbledon-1315,1,5,2,Cumul. Unf. Error,1,3
2024,2024-wimbledon-1315,1,5,3,Cumul. Unf. Error,1,2
2024,2024-wimbledon-1315,1,5,4,Cumul. Unf. Error,1,1
2024,2024-wimbledon-1315,1,5,5,Cumul. Unf. Error,1,0
2024,2024-wimbledon-1315,1,5,1,Dynamic Model,2,4
2024,2024-wimbledon-1315,1,5,2,Dynamic Model,2,3
2024,2024-wimbledon-1315,1,5,3,Dynamic Model,2,2
2024,2024-wimbledon-1315,1,5,4,Dynamic Model,2,1
2024,2024-wimbledon-1315,1,5,5,Dynamic Model,1,0
2024,2024-wimbledon-1316,2,4,1,Cumul. Point Winner,1,3
2024,2024-wimbledon-1316,2,4,2,Cumul. Point Winner,2,2
2024,2024-wimbledon-1316,2,4,3,Cumul. Point Winner,2,1
2024,2024-wimbledon-1316,2,4,4,Cumul. Point Winner,2,0
2024,2024-wimbledon-1316,2,4,1,Cumul. Game Winner,1,3
2024,2024-wimbledon-1316,2,4,2,Cumul. Game Winner,2,2
2024,2024-wimbledon-1316,2,4,3,Cumul. Game Winner,2,1
2024,2024-wimbledon-1316,2,4,4,Cumul. Game Winner,2,0
2024,2024-wimbledon-1316,2,4,1,Set Winner,1,3
2024,2024-wimbledon-1316,2,4,2,Set Winner,2,2
2024,2024-wimbledon-1316,2,4,3,Set Winner,2,1
2024,2024-wimbledon-1316,2,4,4,Set Winner,2,0
2024,2024-wimbledon-1316,2,4,1,Cumul. Set Winner,1,3
2024,2024-wimbledon-1316,2,4,2,Cumul. Set Winner,1,2
2024,2024-wimbledon-1316,2,4,3,Cumul. Set Winner,2,1
2024,2024-wimbledon-1316,2,4,4,Cumul. Set Winner,2,0
2024,2024-wimbledon-1316,2,4,1,Cumul. Unf. Error,2,3
2024,2024-wimbledon-1316,2,4,2,Cumul. Unf. Error,2,2
2024,2024-wimbledon-1316,2,4,3,Cumul. Unf. Error,2,1
2024,2024-wimbledon-1316,2,4,4,Cumul. Unf. Error,2,0
2024,2024-wimbledon-1316,2,4,1,Dynamic Model,1,3
2024,2024-wimbledon-1316,2,4,2,Dynamic Model,2,2
2024,2024-wimbledon-1316,2,4,3,Dynamic Model,2,1
2024,2024-wimbledon-1316,2,4,4,Dynamic Model,2,0
2024,2024-wimbledon-1401,1,3,1,Cumul. Point Winner,1,2
2024,2024-wimbledon-1401,1,3,2,Cumul. Point Winner,1,1
2024,2024-wimbledon-1401,1,3,3,Cumul. Point Winner,1,0
2024,2024-wimbledon-1401,1,3,1,Cumul. Game Winner,1,2
2024,2024-wimbledon-1401,1,3,2,Cumul. Game Winner,1,1
2024,2024-wimbledon-1401,1,3,3,Cumul. Game Winner,1,0
2024,2024-wimbledon-1401,1,3,1,Set Winner,1,2
2024,2024-wimbledon-1401,1,3,2,Set Winner,1,1
2024,2024-wimbledon-1401,1,3,3,Set Winner,1,0
2024,2024-wimbledon-1401,1,3,1,Cumul. Set Winner,1,2
2024,2024-wimbledon-1401,1,3,2,Cumul. Set Winner,1,1
2024,2024-wimbledon-1401,1,3,3,Cumul. Set Winner,1,0
2024,2024-wimbledon-1401,1,3,1,Cumul. Unf. Error,1,2
2024,2024-wimbledon-1401,1,3,2,Cumul. Unf. Error,1,1
2024,2024-wimbledon-1401,1,3,3,Cumul. Unf. Error,1,0
2024,2024-wimbledon-1401,1,3,1,Dynamic Model,1,2
2024,2024-wimbledon-1401,1,3,2,Dynamic Model,1,1
2024,2024-wimbledon-1401,1,3,3,Dynamic Model,1,0
2024,2024-wimbledon-1403,1,4,1,Cumul. Point Winner,1,3
2024,2024-wimbledon-1403,1,4,2,Cumul. Point Winner,1,2
2024,2024-wimbledon-1403,1,4,3,Cumul. Point Winner,2,1
2024,2024-wimbledon-1403,1,4,4,Cumul. Point Winner,1,0
2024,2024-wimbledon-1403,1,4,1,Cumul. Game Winner,1,3
2024,2024-wimbledon-1403,1,4,2,Cumul. Game Winner,1,2
2024,2024-wimbledon-1403,1,4,3,Cumul. Game Winner,1,1
2024,2024-wimbledon-1403,1,4,4,Cumul. Game Winner,1,0
2024,2024-wimbledon-1403,1,4,1,Set Winner,1,3
2024,2024-wimbledon-1403,1,4,2,Set Winner,1,2
2024,2024-wimbledon-1403,1,4,3,Set Winner,2,1
2024,2024-wimbledon-1403,1,4,4,Set Winner,1,0
2024,2024-wimbledon-1403,1,4,1,Cumul. Set Winner,1,3
2024,2024-wimbledon-1403,1,4,2,Cumul. Set Winner,1,2
2024,2024-wimbledon-1403,1,4,3,Cumul. Set Winner,1,1
2024,2024-wimbledon-1403,1,4,4,Cumul. Set Winner,1,0
2024,2024-wimbledon-1403,1,4,1,Cumul. Unf. Error,1,3
2024,2024-wimbledon-1403,1,4,2,Cumul. Unf. Error,1,2
2024,2024-wimbledon-1403,1,4,3,Cumul. Unf. Error,1,1
2024,2024-wimbledon-1403,1,4,4,Cumul. Unf. Error,1,0
2024,2024-wimbledon-1403,1,4,1,Dynamic Model,1,3
2024,2024-wimbledon-1403,1,4,2,Dynamic Model,1,2
2024,2024-wimbledon-1403,1,4,3,Dynamic Model,1,1
2024,2024-wimbledon-1403,1,4,4,Dynamic Model,1,0
2024,2024-wimbledon-1404,1,3,1,Cumul. Point Winner,1,2
2024,2024-wimbledon-1404,1,3,2,Cumul. Point Winner,1,1
2024,2024-wimbledon-1404,1,3,3,Cumul. Point Winner,1,0
2024,2024-wimbledon-1404,1,3,1,Cumul. Game Winner,1,2
2024,2024-wimbledon-1404,1,3,2,Cumul. Game Winner,1,1
2024,2024-wimbledon-1404,1,3,3,Cumul. Game Winner,1,0
2024,2024-wimbledon-1404,1,3,1,Set Winner,1,2
2024,2024-wimbledon-1404,1,3,2,Set Winner,1,1
2024,2024-wimbledon-1404,1,3,3,Set Winner,1,0
2024,2024-wimbledon-1404,1,3,1,Cumul. Set Winner,1,2
2024,2024-wimbledon-1404,1,3,2,Cumul. Set Winner,1,1
2024,2024-wimbledon-1404,1,3,3,Cumul. Set Winner,1,0
2024,2024-wimbledon-1404,1,3,1,Cumul. Unf. Error,1,2
2024,2024-wimbledon-1404,1,3,2,Cumul. Unf. Error,1,1
2024,2024-wimbledon-1404,1,3,3,Cumul. Unf. Error,1,0
2024,2024-wimbledon-1404,1,3,1,Dynamic Model,1,2
2024,2024-wimbledon-1404,1,3,2,Dynamic Model,1,1
2024,2024-wimbledon-1404,1,3,3,Dynamic Model,1,0
2024,2024-wimbledon-1405,1,4,1,Cumul. Point Winner,2,3
2024,2024-wimbledon-1405,1,4,2,Cumul. Point Winner,1,2
2024,2024-wimbledon-1405,1,4,3,Cumul. Point Winner,1,1
2024,2024-wimbledon-1405,1,4,4,Cumul. Point Winner,1,0
2024,2024-wimbledon-1405,1,4,1,Cumul. Game Winner,2,3
2024,2024-wimbledon-1405,1,4,2,Cumul. Game Winner,1,2
2024,2024-wimbledon-1405,1,4,3,Cumul. Game Winner,1,1
2024,2024-wimbledon-1405,1,4,4,Cumul. Game Winner,1,0
2024,2024-wimbledon-1405,1,4,1,Set Winner,2,3
2024,2024-wimbledon-1405,1,4,2,Set Winner,1,2
2024,2024-wimbledon-1405,1,4,3,Set Winner,1,1
2024,2024-wimbledon-1405,1,4,4,Set Winner,1,0
2024,2024-wimbledon-1405,1,4,1,Cumul. Set Winner,2,3
2024,2024-wimbledon-1405,1,4,2,Cumul. Set Winner,2,2
2024,2024-wimbledon-1405,1,4,3,Cumul. Set Winner,1,1
2024,2024-wimbledon-1405,1,4,4,Cumul. Set Winner,1,0
2024,2024-wimbledon-1405,1,4,1,Cumul. Unf. Error,1,3
2024,2024-wimbledon-1405,1,4,2,Cumul. Unf. Error,1,2
2024,2024-wimbledon-1405,1,4,3,Cumul. Unf. Error,1,1
2024,2024-wimbledon-1405,1,4,4,Cumul. Unf. Error,1,0
2024,2024-wimbledon-1405,1,4,1,Dynamic Model,2,3
2024,2024-wimbledon-1405,1,4,2,Dynamic Model,1,2
2024,2024-wimbledon-1405,1,4,3,Dynamic Model,1,1
2024,2024-wimbledon-1405,1,4,4,Dynamic Model,1,0
2024,2024-wimbledon-1406,1,5,1,Cumul. Point Winner,2,4
2024,2024-wimbledon-1406,1,5,2,Cumul. Point Winner,2,3
2024,2024-wimbledon-1406,1,5,3,Cumul. Point Winner,1,2
2024,2024-wimbledon-1406,1,5,4,Cumul. Point Winner,1,1
2024,2024-wimbledon-1406,1,5,5,Cumul. Point Winner,1,0
2024,2024-wimbledon-1406,1,5,1,Cumul. Game Winner,2,4
2024,2024-wimbledon-1406,1,5,2,Cumul. Game Winner,2,3
2024,2024-wimbledon-1406,1,5,3,Cumul. Game Winner,2,2
2024,2024-wimbledon-1406,1,5,4,Cumul. Game Winner,2,1
2024,2024-wimbledon-1406,1,5,5,Cumul. Game Winner,1,0
2024,2024-wimbledon-1406,1,5,1,Set Winner,2,4
2024,2024-wimbledon-1406,1,5,2,Set Winner,2,3
2024,2024-wimbledon-1406,1,5,3,Set Winner,1,2
2024,2024-wimbledon-1406,1,5,4,Set Winner,1,1
2024,2024-wimbledon-1406,1,5,5,Set Winner,1,0
2024,2024-wimbledon-1406,1,5,1,Cumul. Set Winner,2,4
2024,2024-wimbledon-1406,1,5,2,Cumul. Set Winner,2,3
2024,2024-wimbledon-1406,1,5,3,Cumul. Set Winner,2,2
2024,2024-wimbledon-1406,1,5,4,Cumul. Set Winner,2,1
2024,2024-wimbledon-1406,1,5,5,Cumul. Set Winner,1,0
2024,2024-wimbledon-1406,1,5,1,Cumul. Unf. Error,1,4
2024,2024-wimbledon-1406,1,5,2,Cumul. Unf. Error,1,3
2024,2024-wimbledon-1406,1,5,3,Cumul. Unf. Error,1,2
2024,2024-wimbledon-1406,1,5,4,Cumul. Unf. Error,1,1
2024,2024-wimbledon-1406,1,5,5,Cumul. Unf. Error,1,0
2024,2024-wimbledon-1406,1,5,1,Dynamic Model,2,4
2024,2024-wimbledon-1406,1,5,2,Dynamic Model,2,3
2024,2024-wimbledon-1406,1,5,3,Dynamic Model,1,2
2024,2024-wimbledon-1406,1,5,4,Dynamic Model,1,1
2024,2024-wimbledon-1406,1,5,5,Dynamic Model,1,0
2024,2024-wimbledon-1407,2,4,1,Cumul. Point Winner,2,3
2024,2024-wimbledon-1407,2,4,2,Cumul. Point Winner,2,2
2024,2024-wimbledon-1407,2,4,3,Cumul. Point Winner,2,1
2024,2024-wimbledon-1407,2,4,4,Cumul. Point Winner,2,0
2024,2024-wimbledon-1407,2,4,1,Cumul. Game Winner,2,3
2024,2024-wimbledon-1407,2,4,2,Cumul. Game Winner,2,2
2024,2024-wimbledon-1407,2,4,3,Cumul. Game Winner,2,1
2024,2024-wimbledon-1407,2,4,4,Cumul. Game Winner,2,0
2024,2024-wimbledon-1407,2,4,1,Set Winner,2,3
2024,2024-wimbledon-1407,2,4,2,Set Winner,2,2
2024,2024-wimbledon-1407,2,4,3,Set Winner,1,1
2024,2024-wimbledon-1407,2,4,4,Set Winner,2,0
2024,2024-wimbledon-1407,2,4,1,Cumul. Set Winner,2,3
2024,2024-wimbledon-1407,2,4,2,Cumul. Set Winner,2,2
2024,2024-wimbledon-1407,2,4,3,Cumul. Set Winner,2,1
2024,2024-wimbledon-1407,2,4,4,Cumul. Set Winner,2,0
2024,2024-wimbledon-1407,2,4,1,Cumul. Unf. Error,2,3
2024,2024-wimbledon-1407,2,4,2,Cumul. Unf. Error,2,2
2024,2024-wimbledon-1407,2,4,3,Cumul. Unf. Error,2,1
2024,2024-wimbledon-1407,2,4,4,Cumul. Unf. Error,2,0
2024,2024-wimbledon-1407,2,4,1,Dynamic Model,2,3
2024,2024-wimbledon-1407,2,4,2,Dynamic Model,2,2
2024,2024-wimbledon-1407,2,4,3,Dynamic Model,2,1
2024,2024-wimbledon-1407,2,4,4,Dynamic Model,2,0
2024,2024-wimbledon-1408,2,3,1,Cumul. Point Winner,2,2
2024,2024-wimbledon-1408,2,3,2,Cumul. Point Winner,2,1
2024,2024-wimbledon-1408,2,3,3,Cumul. Point Winner,2,0
2024,2024-wimbledon-1408,2,3,1,Cumul. Game Winner,2,2
2024,2024-wimbledon-1408,2,3,2,Cumul. Game Winner,2,1
2024,2024-wimbledon-1408,2,3,3,Cumul. Game Winner,2,0
2024,2024-wimbledon-1408,2,3,1,Set Winner,2,2
2024,2024-wimbledon-1408,2,3,2,Set Winner,2,1
2024,2024-wimbledon-1408,2,3,3,Set Winner,2,0
2024,2024-wimbledon-1408,2,3,1,Cumul. Set Winner,2,2
2024,2024-wimbledon-1408,2,3,2,Cumul. Set Winner,2,1
2024,2024-wimbledon-1408,2,3,3,Cumul. Set Winner,2,0
2024,2024-wimbledon-1408,2,3,1,Cumul. Unf. Error,2,2
2024,2024-wimbledon-1408,2,3,2,Cumul. Unf. Error,2,1
2024,2024-wimbledon-1408,2,3,3,Cumul. Unf. Error,2,0
2024,2024-wimbledon-1408,2,3,1,Dynamic Model,2,2
2024,2024-wimbledon-1408,2,3,2,Dynamic Model,2,1
2024,2024-wimbledon-1408,2,3,3,Dynamic Model,2,0
2024,2024-wimbledon-1501,2,5,1,Cumul. Point Winner,1,4
2024,2024-wimbledon-1501,2,5,2,Cumul. Point Winner,2,3
2024,2024-wimbledon-1501,2,5,3,Cumul. Point Winner,2,2
2024,2024-wimbledon-1501,2,5,4,Cumul. Point Winner,1,1
2024,2024-wimbledon-1501,2,5,5,Cumul. Point Winner,1,0
2024,2024-wimbledon-1501,2,5,1,Cumul. Game Winner,1,4
2024,2024-wimbledon-1501,2,5,2,Cumul. Game Winner,2,3
2024,2024-wimbledon-1501,2,5,3,Cumul. Game Winner,2,2
2024,2024-wimbledon-1501,2,5,4,Cumul. Game Winner,1,1
2024,2024-wimbledon-1501,2,5,5,Cumul. Game Winner,2,0
2024,2024-wimbledon-1501,2,5,1,Set Winner,1,4
2024,2024-wimbledon-1501,2,5,2,Set Winner,2,3
2024,2024-wimbledon-1501,2,5,3,Set Winner,2,2
2024,2024-wimbledon-1501,2,5,4,Set Winner,1,1
2024,2024-wimbledon-1501,2,5,5,Set Winner,2,0
2024,2024-wimbledon-1501,2,5,1,Cumul. Set Winner,1,4
2024,2024-wimbledon-1501,2,5,2,Cumul. Set Winner,1,3
2024,2024-wimbledon-1501,2,5,3,Cumul. Set Winner,2,2
2024,2024-wimbledon-1501,2,5,4,Cumul. Set Winner,2,1
2024,2024-wimbledon-1501,2,5,5,Cumul. Set Winner,2,0
2024,2024-wimbledon-1501,2,5,1,Cumul. Unf. Error,1,4
2024,2024-wimbledon-1501,2,5,2,Cumul. Unf. Error,2,3
2024,2024-wimbledon-1501,2,5,3,Cumul. Unf. Error,2,2
2024,2024-wimbledon-1501,2,5,4,Cumul. Unf. Error,1,1
2024,2024-wimbledon-1501,2,5,5,Cumul. Unf. Error,1,0
2024,2024-wimbledon-1501,2,5,1,Dynamic Model,1,4
2024,2024-wimbledon-1501,2,5,2,Dynamic Model,2,3
2024,2024-wimbledon-1501,2,5,3,Dynamic Model,2,2
2024,2024-wimbledon-1501,2,5,4,Dynamic Model,1,1
2024,2024-wimbledon-1501,2,5,5,Dynamic Model,1,0
2024,2024-wimbledon-1502,1,4,1,Cumul. Point Winner,2,3
2024,2024-wimbledon-1502,1,4,2,Cumul. Point Winner,2,2
2024,2024-wimbledon-1502,1,4,3,Cumul. Point Winner,1,1
2024,2024-wimbledon-1502,1,4,4,Cumul. Point Winner,1,0
2024,2024-wimbledon-1502,1,4,1,Cumul. Game Winner,2,3
2024,2024-wimbledon-1502,1,4,2,Cumul. Game Winner,2,2
2024,2024-wimbledon-1502,1,4,3,Cumul. Game Winner,1,1
2024,2024-wimbledon-1502,1,4,4,Cumul. Game Winner,1,0
2024,2024-wimbledon-1502,1,4,1,Set Winner,2,3
2024,2024-wimbledon-1502,1,4,2,Set Winner,1,2
2024,2024-wimbledon-1502,1,4,3,Set Winner,1,1
2024,2024-wimbledon-1502,1,4,4,Set Winner,1,0
2024,2024-wimbledon-1502,1,4,1,Cumul. Set Winner,2,3
2024,2024-wimbledon-1502,1,4,2,Cumul. Set Winner,2,2
2024,2024-wimbledon-1502,1,4,3,Cumul. Set Winner,1,1
2024,2024-wimbledon-1502,1,4,4,Cumul. Set Winner,1,0
2024,2024-wimbledon-1502,1,4,1,Cumul. Unf. Error,1,3
2024,2024-wimbledon-1502,1,4,2,Cumul. Unf. Error,1,2
2024,2024-wimbledon-1502,1,4,3,Cumul. Unf. Error,1,1
2024,2024-wimbledon-1502,1,4,4,Cumul. Unf. Error,1,0
2024,2024-wimbledon-1502,1,4,1,Dynamic Model,2,3
2024,2024-wimbledon-1502,1,4,2,Dynamic Model,2,2
2024,2024-wimbledon-1502,1,4,3,Dynamic Model,1,1
2024,2024-wimbledon-1502,1,4,4,Dynamic Model,1,0
2024,2024-wimbledon-1503,1,5,1,Cumul. Point Winner,2,4
2024,2024-wimbledon-1503,1,5,2,Cumul. Point Winner,2,3
2024,2024-wimbledon-1503,1,5,3,Cumul. Point Winner,1,2
2024,2024-wimbledon-1503,1,5,4,Cumul. Point Winner,2,1
2024,2024-wimbledon-1503,1,5,5,Cumul. Point Winner,1,0
2024,2024-wimbledon-1503,1,5,1,Cumul. Game Winner,2,4
2024,2024-wimbledon-1503,1,5,2,Cumul. Game Winner,2,3
2024,2024-wimbledon-1503,1,5,3,Cumul. Game Winner,1,2
2024,2024-wimbledon-1503,1,5,4,Cumul. Game Winner,2,1
2024,2024-wimbledon-1503,1,5,5,Cumul. Game Winner,1,0
2024,2024-wimbledon-1503,1,5,1,Set Winner,2,4
2024,2024-wimbledon-1503,1,5,2,Set Winner,1,3
2024,2024-wimbledon-1503,1,5,3,Set Winner,1,2
2024,2024-wimbledon-1503,1,5,4,Set Winner,2,1
2024,2024-wimbledon-1503,1,5,5,Set Winner,1,0
2024,2024-wimbledon-1503,1,5,1,Cumul. Set Winner,2,4
2024,2024-wimbledon-1503,1,5,2,Cumul. Set Winner,2,3
2024,2024-wimbledon-1503,1,5,3,Cumul. Set Winner,1,2
2024,2024-wimbledon-1503,1,5,4,Cumul. Set Winner,1,1
2024,2024-wimbledon-1503,1,5,5,Cumul. Set Winner,1,0
2024,2024-wimbledon-1503,1,5,1,Cumul. Unf. Error,2,4
2024,2024-wimbledon-1503,1,5,2,Cumul. Unf. Error,1,3
2024,2024-wimbledon-1503,1,5,3,Cumul. Unf. Error,1,2
2024,2024-wimbledon-1503,1,5,4,Cumul. Unf. Error,1,1
2024,2024-wimbledon-1503,1,5,5,Cumul. Unf. Error,1,0
2024,2024-wimbledon-1503,1,5,1,Dynamic Model,2,4
2024,2024-wimbledon-1503,1,5,2,Dynamic Model,2,3
2024,2024-wimbledon-1503,1,5,3,Dynamic Model,1,2
2024,2024-wimbledon-1503,1,5,4,Dynamic Model,1,1
2024,2024-wimbledon-1503,1,5,5,Dynamic Model,1,0
2024,2024-wimbledon-1601,2,4,1,Cumul. Point Winner,1,3
2024,2024-wimbledon-1601,2,4,2,Cumul. Point Winner,1,2
2024,2024-wimbledon-1601,2,4,3,Cumul. Point Winner,2,1
2024,2024-wimbledon-1601,2,4,4,Cumul. Point Winner,2,0
2024,2024-wimbledon-1601,2,4,1,Cumul. Game Winner,1,3
2024,2024-wimbledon-1601,2,4,2,Cumul. Game Winner,2,2
2024,2024-wimbledon-1601,2,4,3,Cumul. Game Winner,2,1
2024,2024-wimbledon-1601,2,4,4,Cumul. Game Winner,2,0
2024,2024-wimbledon-1601,2,4,1,Set Winner,1,3
2024,2024-wimbledon-1601,2,4,2,Set Winner,2,2
2024,2024-wimbledon-1601,2,4,3,Set Winner,2,1
2024,2024-wimbledon-1601,2,4,4,Set Winner,2,0
2024,2024-wimbledon-1601,2,4,1,Cumul. Set Winner,1,3
2024,2024-wimbledon-1601,2,4,2,Cumul. Set Winner,1,2
2024,2024-wimbledon-1601,2,4,3,Cumul. Set Winner,2,1
2024,2024-wimbledon-1601,2,4,4,Cumul. Set Winner,2,0
2024,2024-wimbledon-1601,2,4,1,Cumul. Unf. Error,1,3
2024,2024-wimbledon-1601,2,4,2,Cumul. Unf. Error,1,2
2024,2024-wimbledon-1601,2,4,3,Cumul. Unf. Error,1,1
2024,2024-wimbledon-1601,2,4,4,Cumul. Unf. Error,1,0
2024,2024-wimbledon-1601,2,4,1,Dynamic Model,1,3
2024,2024-wimbledon-1601,2,4,2,Dynamic Model,1,2
2024,2024-wimbledon-1601,2,4,3,Dynamic Model,2,1
2024,2024-wimbledon-1601,2,4,4,Dynamic Model,2,0
2024,2024-wimbledon-1602,2,3,1,Cumul. Point Winner,2,2
2024,2024-wimbledon-1602,2,3,2,Cumul. Point Winner,2,1
2024,2024-wimbledon-1602,2,3,3,Cumul. Point Winner,2,0
2024,2024-wimbledon-1602,2,3,1,Cumul. Game Winner,2,2
2024,2024-wimbledon-1602,2,3,2,Cumul. Game Winner,2,1
2024,2024-wimbledon-1602,2,3,3,Cumul. Game Winner,2,0
2024,2024-wimbledon-1602,2,3,1,Set Winner,2,2
2024,2024-wimbledon-1602,2,3,2,Set Winner,2,1
2024,2024-wimbledon-1602,2,3,3,Set Winner,2,0
2024,2024-wimbledon-1602,2,3,1,Cumul. Set Winner,2,2
2024,2024-wimbledon-1602,2,3,2,Cumul. Set Winner,2,1
2024,2024-wimbledon-1602,2,3,3,Cumul. Set Winner,2,0
2024,2024-wimbledon-1602,2,3,1,Cumul. Unf. Error,1,2
2024,2024-wimbledon-1602,2,3,2,Cumul. Unf. Error,1,1
2024,2024-wimbledon-1602,2,3,3,Cumul. Unf. Error,1,0
2024,2024-wimbledon-1602,2,3,1,Dynamic Model,2,2
2024,2024-wimbledon-1602,2,3,2,Dynamic Model,2,1
2024,2024-wimbledon-1602,2,3,3,Dynamic Model,2,0
2024,2024-wimbledon-1701,1,3,1,Cumul. Point Winner,1,2
2024,2024-wimbledon-1701,1,3,2,Cumul. Point Winner,1,1
2024,2024-wimbledon-1701,1,3,3,Cumul. Point Winner,1,0
2024,2024-wimbledon-1701,1,3,1,Cumul. Game Winner,1,2
2024,2024-wimbledon-1701,1,3,2,Cumul. Game Winner,1,1
2024,2024-wimbledon-1701,1,3,3,Cumul. Game Winner,1,0
2024,2024-wimbledon-1701,1,3,1,Set Winner,1,2
2024,2024-wimbledon-1701,1,3,2,Set Winner,1,1
2024,2024-wimbledon-1701,1,3,3,Set Winner,1,0
2024,2024-wimbledon-1701,1,3,1,Cumul. Set Winner,1,2
2024,2024-wimbledon-1701,1,3,2,Cumul. Set Winner,1,1
2024,2024-wimbledon-1701,1,3,3,Cumul. Set Winner,1,0
2024,2024-wimbledon-1701,1,3,1,Cumul. Unf. Error,1,2
2024,2024-wimbledon-1701,1,3,2,Cumul. Unf. Error,1,1
2024,2024-wimbledon-1701,1,3,3,Cumul. Unf. Error,1,0
2024,2024-wimbledon-1701,1,3,1,Dynamic Model,1,2
2024,2024-wimbledon-1701,1,3,2,Dynamic Model,1,1
2024,2024-wimbledon-1701,1,3,3,Dynamic Model,1,0
2024,2024-wimbledon-2209,1,3,1,Cumul. Point Winner,1,2
2024,2024-wimbledon-2209,1,3,2,Cumul. Point Winner,1,1
2024,2024-wimbledon-2209,1,3,3,Cumul. Point Winner,1,0
2024,2024-wimbledon-2209,1,3,1,Cumul. Game Winner,1,2
2024,2024-wimbledon-2209,1,3,2,Cumul. Game Winner,1,1
2024,2024-wimbledon-2209,1,3,3,Cumul. Game Winner,2,0
2024,2024-wimbledon-2209,1,3,1,Set Winner,1,2
2024,2024-wimbledon-2209,1,3,2,Set Winner,1,1
2024,2024-wimbledon-2209,1,3,3,Set Winner,1,0
2024,2024-wimbledon-2209,1,3,1,Cumul. Set Winner,1,2
2024,2024-wimbledon-2209,1,3,2,Cumul. Set Winner,1,1
2024,2024-wimbledon-2209,1,3,3,Cumul. Set Winner,1,0
2024,2024-wimbledon-2209,1,3,1,Cumul. Unf. Error,2,2
2024,2024-wimbledon-2209,1,3,2,Cumul. Unf. Error,2,1
2024,2024-wimbledon-2209,1,3,3,Cumul. Unf. Error,2,0
2024,2024-wimbledon-2209,1,3,1,Dynamic Model,1,2
2024,2024-wimbledon-2209,1,3,2,Dynamic Model,1,1
2024,2024-wimbledon-2209,1,3,3,Dynamic Model,1,0
