year,match_id,program,match_victor,total_sets,set_no,model_name,model_prediction,sets_until_end
2021,2021-wimbledon-1101,M,1,4,1,Cumul. Point Winner,2,3
2021,2021-wimbledon-1101,M,1,4,2,Cumul. Point Winner,1,2
2021,2021-wimbledon-1101,M,1,4,3,Cumul. Point Winner,1,1
2021,2021-wimbledon-1101,M,1,4,4,Cumul. Point Winner,1,0
2021,2021-wimbledon-1101,M,1,4,1,Cumul. Game Winner,2,3
2021,2021-wimbledon-1101,M,1,4,2,Cumul. Game Winner,1,2
2021,2021-wimbledon-1101,M,1,4,3,Cumul. Game Winner,1,1
2021,2021-wimbledon-1101,M,1,4,4,Cumul. Game Winner,1,0
2021,2021-wimbledon-1101,M,1,4,1,Set Winner,2,3
2021,2021-wimbledon-1101,M,1,4,2,Set Winner,1,2
2021,2021-wimbledon-1101,M,1,4,3,Set Winner,1,1
2021,2021-wimbledon-1101,M,1,4,4,Set Winner,1,0
2021,2021-wimbledon-1101,M,1,4,1,Cumul. Set Winner,2,3
2021,2021-wimbledon-1101,M,1,4,2,Cumul. Set Winner,2,2
2021,2021-wimbledon-1101,M,1,4,3,Cumul. Set Winner,1,1
2021,2021-wimbledon-1101,M,1,4,4,Cumul. Set Winner,1,0
2021,2021-wimbledon-1101,M,1,4,1,Cumul. Unf. Error,1,3
2021,2021-wimbledon-1101,M,1,4,2,Cumul. Unf. Error,2,2
2021,2021-wimbledon-1101,M,1,4,3,Cumul. Unf. Error,2,1
2021,2021-wimbledon-1101,M,1,4,4,Cumul. Unf. Error,1,0
2021,2021-wimbledon-1101,M,1,4,1,Dynamic Model,2,3
2021,2021-wimbledon-1101,M,1,4,2,Dynamic Model,1,2
2021,2021-wimbledon-1101,M,1,4,3,Dynamic Model,1,1
2021,2021-wimbledon-1101,M,1,4,4,Dynamic Model,1,0
2021,2021-wimbledon-1102,M,2,4,1,Cumul. Point Winner,1,3
2021,2021-wimbledon-1102,M,2,4,2,Cumul. Point Winner,2,2
2021,2021-wimbledon-1102,M,2,4,3,Cumul. Point Winner,2,1
2021,2021-wimbledon-1102,M,2,4,4,Cumul. Point Winner,2,0
2021,2021-wimbledon-1102,M,2,4,1,Cumul. Game Winner,1,3
2021,2021-wimbledon-1102,M,2,4,2,Cumul. Game Winner,2,2
2021,2021-wimbledon-1102,M,2,4,3,Cumul. Game Winner,2,1
2021,2021-wimbledon-1102,M,2,4,4,Cumul. Game Winner,2,0
2021,2021-wimbledon-1102,M,2,4,1,Set Winner,1,3
2021,2021-wimbledon-1102,M,2,4,2,Set Winner,2,2
2021,2021-wimbledon-1102,M,2,4,3,Set Winner,2,1
2021,2021-wimbledon-1102,M,2,4,4,Set Winner,2,0
2021,2021-wimbledon-1102,M,2,4,1,Cumul. Set Winner,1,3
2021,2021-wimbledon-1102,M,2,4,2,Cumul. Set Winner,1,2
2021,2021-wimbledon-1102,M,2,4,3,Cumul. Set Winner,2,1
2021,2021-wimbledon-1102,M,2,4,4,Cumul. Set Winner,2,0
2021,2021-wimbledon-1102,M,2,4,1,Cumul. Unf. Error,1,3
2021,2021-wimbledon-1102,M,2,4,2,Cumul. Unf. Error,1,2
2021,2021-wimbledon-1102,M,2,4,3,Cumul. Unf. Error,1,1
2021,2021-wimbledon-1102,M,2,4,4,Cumul. Unf. Error,1,0
2021,2021-wimbledon-1102,M,2,4,1,Dynamic Model,1,3
2021,2021-wimbledon-1102,M,2,4,2,Dynamic Model,2,2
2021,2021-wimbledon-1102,M,2,4,3,Dynamic Model,2,1
2021,2021-wimbledon-1102,M,2,4,4,Dynamic Model,2,0
2021,2021-wimbledon-1103,M,1,4,1,Cumul. Point Winner,2,3
2021,2021-wimbledon-1103,M,1,4,2,Cumul. Point Winner,2,2
2021,2021-wimbledon-1103,M,1,4,3,Cumul. Point Winner,1,1
2021,2021-wimbledon-1103,M,1,4,4,Cumul. Point Winner,1,0
2021,2021-wimbledon-1103,M,1,4,1,Cumul. Game Winner,2,3
2021,2021-wimbledon-1103,M,1,4,2,Cumul. Game Winner,2,2
2021,2021-wimbledon-1103,M,1,4,3,Cumul. Game Winner,1,1
2021,2021-wimbledon-1103,M,1,4,4,Cumul. Game Winner,1,0
2021,2021-wimbledon-1103,M,1,4,1,Set Winner,2,3
2021,2021-wimbledon-1103,M,1,4,2,Set Winner,1,2
2021,2021-wimbledon-1103,M,1,4,3,Set Winner,1,1
2021,2021-wimbledon-1103,M,1,4,4,Set Winner,1,0
2021,2021-wimbledon-1103,M,1,4,1,Cumul. Set Winner,2,3
2021,2021-wimbledon-1103,M,1,4,2,Cumul. Set Winner,2,2
2021,2021-wimbledon-1103,M,1,4,3,Cumul. Set Winner,1,1
2021,2021-wimbledon-1103,M,1,4,4,Cumul. Set Winner,1,0
2021,2021-wimbledon-1103,M,1,4,1,Cumul. Unf. Error,2,3
2021,2021-wimbledon-1103,M,1,4,2,Cumul. Unf. Error,2,2
2021,2021-wimbledon-1103,M,1,4,3,Cumul. Unf. Error,2,1
2021,2021-wimbledon-1103,M,1,4,4,Cumul. Unf. Error,2,0
2021,2021-wimbledon-1103,M,1,4,1,Dynamic Model,2,3
2021,2021-wimbledon-1103,M,1,4,2,Dynamic Model,2,2
2021,2021-wimbledon-1103,M,1,4,3,Dynamic Model,2,1
2021,2021-wimbledon-1103,M,1,4,4,Dynamic Model,1,0
2021,2021-wimbledon-1104,M,1,5,1,Cumul. Point Winner,2,4
2021,2021-wimbledon-1104,M,1,5,2,Cumul. Point Winner,2,3
2021,2021-wimbledon-1104,M,1,5,3,Cumul. Point Winner,2,2
2021,2021-wimbledon-1104,M,1,5,4,Cumul. Point Winner,2,1
2021,2021-wimbledon-1104,M,1,5,5,Cumul. Point Winner,1,0
2021,2021-wimbledon-1104,M,1,5,1,Cumul. Game Winner,2,4
2021,2021-wimbledon-1104,M,1,5,2,Cumul. Game Winner,2,3
2021,2021-wimbledon-1104,M,1,5,3,Cumul. Game Winner,2,2
2021,2021-wimbledon-1104,M,1,5,4,Cumul. Game Winner,2,1
2021,2021-wimbledon-1104,M,1,5,5,Cumul. Game Winner,1,0
2021,2021-wimbledon-1104,M,1,5,1,Set Winner,2,4
2021,2021-wimbledon-1104,M,1,5,2,Set Winner,2,3
2021,2021-wimbledon-1104,M,1,5,3,Set Winner,1,2
2021,2021-wimbledon-1104,M,1,5,4,Set Winner,1,1
2021,2021-wimbledon-1104,M,1,5,5,Set Winner,1,0
2021,2021-wimbledon-1104,M,1,5,1,Cumul. Set Winner,2,4
2021,2021-wimbledon-1104,M,1,5,2,Cumul. Set Winner,2,3
2021,2021-wimbledon-1104,M,1,5,3,Cumul. Set Winner,2,2
2021,2021-wimbledon-1104,M,1,5,4,Cumul. Set Winner,2,1
2021,2021-wimbledon-1104,M,1,5,5,Cumul. Set Winner,1,0
2021,2021-wimbledon-1104,M,1,5,1,Cumul. Unf. Error,2,4
2021,2021-wimbledon-1104,M,1,5,2,Cumul. Unf. Error,2,3
2021,2021-wimbledon-1104,M,1,5,3,Cumul. Unf. Error,2,2
2021,2021-wimbledon-1104,M,1,5,4,Cumul. Unf. Error,2,1
2021,2021-wimbledon-1104,M,1,5,5,Cumul. Unf. Error,1,0
2021,2021-wimbledon-1104,M,1,5,1,Dynamic Model,2,4
2021,2021-wimbledon-1104,M,1,5,2,Dynamic Model,2,3
2021,2021-wimbledon-1104,M,1,5,3,Dynamic Model,2,2
2021,2021-wimbledon-1104,M,1,5,4,Dynamic Model,2,1
2021,2021-wimbledon-1104,M,1,5,5,Dynamic Model,1,0
2021,2021-wimbledon-1106,M,1,4,1,Cumul. Point Winner,1,3
2021,2021-wimbledon-1106,M,1,4,2,Cumul. Point Winner,1,2
2021,2021-wimbledon-1106,M,1,4,3,Cumul. Point Winner,1,1
2021,2021-wimbledon-1106,M,1,4,4,Cumul. Point Winner,1,0
2021,2021-wimbledon-1106,M,1,4,1,Cumul. Game Winner,1,3
2021,2021-wimbledon-1106,M,1,4,2,Cumul. Game Winner,1,2
2021,2021-wimbledon-1106,M,1,4,3,Cumul. Game Winner,1,1
2021,2021-wimbledon-1106,M,1,4,4,Cumul. Game Winner,1,0
2021,2021-wimbledon-1106,M,1,4,1,Set Winner,1,3
2021,2021-wimbledon-1106,M,1,4,2,Set Winner,1,2
2021,2021-wimbledon-1106,M,1,4,3,Set Winner,2,1
2021,2021-wimbledon-1106,M,1,4,4,Set Winner,1,0
2021,2021-wimbledon-1106,M,1,4,1,Cumul. Set Winner,1,3
2021,2021-wimbledon-1106,M,1,4,2,Cumul. Set Winner,1,2
2021,2021-wimbledon-1106,M,1,4,3,Cumul. Set Winner,1,1
2021,2021-wimbledon-1106,M,1,4,4,Cumul. Set Winner,1,0
2021,2021-wimbledon-1106,M,1,4,1,Cumul. Unf. Error,1,3
2021,2021-wimbledon-1106,M,1,4,2,Cumul. Unf. Error,1,2
2021,2021-wimbledon-1106,M,1,4,3,Cumul. Unf. Error,1,1
2021,2021-wimbledon-1106,M,1,4,4,Cumul. Unf. Error,1,0
2021,2021-wimbledon-1106,M,1,4,1,Dynamic Model,1,3
2021,2021-wimbledon-1106,M,1,4,2,Dynamic Model,1,2
2021,2021-wimbledon-1106,M,1,4,3,Dynamic Model,1,1
2021,2021-wimbledon-1106,M,1,4,4,Dynamic Model,1,0
2021,2021-wimbledon-1107,M,1,4,1,Cumul. Point Winner,1,3
2021,2021-wimbledon-1107,M,1,4,2,Cumul. Point Winner,2,2
2021,2021-wimbledon-1107,M,1,4,3,Cumul. Point Winner,1,1
2021,2021-wimbledon-1107,M,1,4,4,Cumul. Point Winner,1,0
2021,2021-wimbledon-1107,M,1,4,1,Cumul. Game Winner,1,3
2021,2021-wimbledon-1107,M,1,4,2,Cumul. Game Winner,2,2
2021,2021-wimbledon-1107,M,1,4,3,Cumul. Game Winner,1,1
2021,2021-wimbledon-1107,M,1,4,4,Cumul. Game Winner,1,0
2021,2021-wimbledon-1107,M,1,4,1,Set Winner,1,3
2021,2021-wimbledon-1107,M,1,4,2,Set Winner,2,2
2021,2021-wimbledon-1107,M,1,4,3,Set Winner,1,1
2021,2021-wimbledon-1107,M,1,4,4,Set Winner,1,0
2021,2021-wimbledon-1107,M,1,4,1,Cumul. Set Winner,1,3
2021,2021-wimbledon-1107,M,1,4,2,Cumul. Set Winner,1,2
2021,2021-wimbledon-1107,M,1,4,3,Cumul. Set Winner,1,1
2021,2021-wimbledon-1107,M,1,4,4,Cumul. Set Winner,1,0
2021,2021-wimbledon-1107,M,1,4,1,Cumul. Unf. Error,1,3
2021,2021-wimbledon-1107,M,1,4,2,Cumul. Unf. Error,1,2
2021,2021-wimbledon-1107,M,1,4,3,Cumul. Unf. Error,1,1
2021,2021-wimbledon-1107,M,1,4,4,Cumul. Unf. Error,1,0
2021,2021-wimbledon-1107,M,1,4,1,Dynamic Model,1,3
2021,2021-wimbledon-1107,M,1,4,2,Dynamic Model,2,2
2021,2021-wimbledon-1107,M,1,4,3,Dynamic Model,1,1
2021,2021-wimbledon-1107,M,1,4,4,Dynamic Model,1,0
2021,2021-wimbledon-1108,M,2,5,1,Cumul. Point Winner,1,4
2021,2021-wimbledon-1108,M,2,5,2,Cumul. Point Winner,2,3
2021,2021-wimbledon-1108,M,2,5,3,Cumul. Point Winner,2,2
2021,2021-wimbledon-1108,M,2,5,4,Cumul. Point Winner,2,1
2021,2021-wimbledon-1108,M,2,5,5,Cumul. Point Winner,2,0
2021,2021-wimbledon-1108,M,2,5,1,Cumul. Game Winner,1,4
2021,2021-wimbledon-1108,M,2,5,2,Cumul. Game Winner,2,3
2021,2021-wimbledon-1108,M,2,5,3,Cumul. Game Winner,2,2
2021,2021-wimbledon-1108,M,2,5,4,Cumul. Game Winner,2,1
2021,2021-wimbledon-1108,M,2,5,5,Cumul. Game Winner,2,0
2021,2021-wimbledon-1108,M,2,5,1,Set Winner,1,4
2021,2021-wimbledon-1108,M,2,5,2,Set Winner,2,3
2021,2021-wimbledon-1108,M,2,5,3,Set Winner,2,2
2021,2021-wimbledon-1108,M,2,5,4,Set Winner,1,1
2021,2021-wimbledon-1108,M,2,5,5,Set Winner,2,0
2021,2021-wimbledon-1108,M,2,5,1,Cumul. Set Winner,1,4
2021,2021-wimbledon-1108,M,2,5,2,Cumul. Set Winner,1,3
2021,2021-wimbledon-1108,M,2,5,3,Cumul. Set Winner,2,2
2021,2021-wimbledon-1108,M,2,5,4,Cumul. Set Winner,2,1
2021,2021-wimbledon-1108,M,2,5,5,Cumul. Set Winner,2,0
2021,2021-wimbledon-1108,M,2,5,1,Cumul. Unf. Error,1,4
2021,2021-wimbledon-1108,M,2,5,2,Cumul. Unf. Error,1,3
2021,2021-wimbledon-1108,M,2,5,3,Cumul. Unf. Error,2,2
2021,2021-wimbledon-1108,M,2,5,4,Cumul. Unf. Error,2,1
2021,2021-wimbledon-1108,M,2,5,5,Cumul. Unf. Error,2,0
2021,2021-wimbledon-1108,M,2,5,1,Dynamic Model,1,4
2021,2021-wimbledon-1108,M,2,5,2,Dynamic Model,2,3
2021,2021-wimbledon-1108,M,2,5,3,Dynamic Model,2,2
2021,2021-wimbledon-1108,M,2,5,4,Dynamic Model,2,1
2021,2021-wimbledon-1108,M,2,5,5,Dynamic Model,2,0
2021,2021-wimbledon-1109,M,1,3,1,Cumul. Point Winner,1,2
2021,2021-wimbledon-1109,M,1,3,2,Cumul. Point Winner,1,1
2021,2021-wimbledon-1109,M,1,3,3,Cumul. Point Winner,1,0
2021,2021-wimbledon-1109,M,1,3,1,Cumul. Game Winner,1,2
2021,2021-wimbledon-1109,M,1,3,2,Cumul. Game Winner,1,1
2021,2021-wimbledon-1109,M,1,3,3,Cumul. Game Winner,1,0
2021,2021-wimbledon-1109,M,1,3,1,Set Winner,1,2
2021,2021-wimbledon-1109,M,1,3,2,Set Winner,1,1
2021,2021-wimbledon-1109,M,1,3,3,Set Winner,1,0
2021,2021-wimbledon-1109,M,1,3,1,Cumul. Set Winner,1,2
2021,2021-wimbledon-1109,M,1,3,2,Cumul. Set Winner,1,1
2021,2021-wimbledon-1109,M,1,3,3,Cumul. Set Winner,1,0
2021,2021-wimbledon-1109,M,1,3,1,Cumul. Unf. Error,1,2
2021,2021-wimbledon-1109,M,1,3,2,Cumul. Unf. Error,1,1
2021,2021-wimbledon-1109,M,1,3,3,Cumul. Unf. Error,1,0
2021,2021-wimbledon-1109,M,1,3,1,Dynamic Model,1,2
2021,2021-wimbledon-1109,M,1,3,2,Dynamic Model,1,1
2021,2021-wimbledon-1109,M,1,3,3,Dynamic Model,1,0
2021,2021-wimbledon-1110,M,2,3,1,Cumul. Point Winner,2,2
2021,2021-wimbledon-1110,M,2,3,2,Cumul. Point Winner,2,1
2021,2021-wimbledon-1110,M,2,3,3,Cumul. Point Winner,2,0
2021,2021-wimbledon-1110,M,2,3,1,Cumul. Game Winner,2,2
2021,2021-wimbledon-1110,M,2,3,2,Cumul. Game Winner,2,1
2021,2021-wimbledon-1110,M,2,3,3,Cumul. Game Winner,2,0
2021,2021-wimbledon-1110,M,2,3,1,Set Winner,2,2
2021,2021-wimbledon-1110,M,2,3,2,Set Winner,2,1
2021,2021-wimbledon-1110,M,2,3,3,Set Winner,2,0
2021,2021-wimbledon-1110,M,2,3,1,Cumul. Set Winner,2,2
2021,2021-wimbledon-1110,M,2,3,2,Cumul. Set Winner,2,1
2021,2021-wimbledon-1110,M,2,3,3,Cumul. Set Winner,2,0
2021,2021-wimbledon-1110,M,2,3,1,Cumul. Unf. Error,2,2
2021,2021-wimbledon-1110,M,2,3,2,Cumul. Unf. Error,2,1
2021,2021-wimbledon-1110,M,2,3,3,Cumul. Unf. Error,2,0
2021,2021-wimbledon-1110,M,2,3,1,Dynamic Model,2,2
2021,2021-wimbledon-1110,M,2,3,2,Dynamic Model,2,1
2021,2021-wimbledon-1110,M,2,3,3,Dynamic Model,2,0
2021,2021-wimbledon-1111,M,1,3,1,Cumul. Point Winner,1,2
2021,2021-wimbledon-1111,M,1,3,2,Cumul. Point Winner,1,1
2021,2021-wimbledon-1111,M,1,3,3,Cumul. Point Winner,1,0
2021,2021-wimbledon-1111,M,1,3,1,Cumul. Game Winner,1,2
2021,2021-wimbledon-1111,M,1,3,2,Cumul. Game Winner,1,1
2021,2021-wimbledon-1111,M,1,3,3,Cumul. Game Winner,1,0
2021,2021-wimbledon-1111,M,1,3,1,Set Winner,1,2
2021,2021-wimbledon-1111,M,1,3,2,Set Winner,1,1
2021,2021-wimbledon-1111,M,1,3,3,Set Winner,1,0
2021,2021-wimbledon-1111,M,1,3,1,Cumul. Set Winner,1,2
2021,2021-wimbledon-1111,M,1,3,2,Cumul. Set Winner,1,1
2021,2021-wimbledon-1111,M,1,3,3,Cumul. Set Winner,1,0
2021,2021-wimbledon-1111,M,1,3,1,Cumul. Unf. Error,1,2
2021,2021-wimbledon-1111,M,1,3,2,Cumul. Unf. Error,1,1
2021,2021-wimbledon-1111,M,1,3,3,Cumul. Unf. Error,2,0
2021,2021-wimbledon-1111,M,1,3,1,Dynamic Model,1,2
2021,2021-wimbledon-1111,M,1,3,2,Dynamic Model,1,1
2021,2021-wimbledon-1111,M,1,3,3,Dynamic Model,1,0
2021,2021-wimbledon-1112,M,1,4,1,Cumul. Point Winner,2,3
2021,2021-wimbledon-1112,M,1,4,2,Cumul. Point Winner,1,2
2021,2021-wimbledon-1112,M,1,4,3,Cumul. Point Winner,1,1
2021,2021-wimbledon-1112,M,1,4,4,Cumul. Point Winner,1,0
2021,2021-wimbledon-1112,M,1,4,1,Cumul. Game Winner,2,3
2021,2021-wimbledon-1112,M,1,4,2,Cumul. Game Winner,1,2
2021,2021-wimbledon-1112,M,1,4,3,Cumul. Game Winner,1,1
2021,2021-wimbledon-1112,M,1,4,4,Cumul. Game Winner,1,0
2021,2021-wimbledon-1112,M,1,4,1,Set Winner,2,3
2021,2021-wimbledon-1112,M,1,4,2,Set Winner,1,2
2021,2021-wimbledon-1112,M,1,4,3,Set Winner,1,1
2021,2021-wimbledon-1112,M,1,4,4,Set Winner,1,0
2021,2021-wimbledon-1112,M,1,4,1,Cumul. Set Winner,2,3
2021,2021-wimbledon-1112,M,1,4,2,Cumul. Set Winner,2,2
2021,2021-wimbledon-1112,M,1,4,3,Cumul. Set Winner,1,1
2021,2021-wimbledon-1112,M,1,4,4,Cumul. Set Winner,1,0
2021,2021-wimbledon-1112,M,1,4,1,Cumul. Unf. Error,2,3
2021,2021-wimbledon-1112,M,1,4,2,Cumul. Unf. Error,2,2
2021,2021-wimbledon-1112,M,1,4,3,Cumul. Unf. Error,1,1
2021,2021-wimbledon-1112,M,1,4,4,Cumul. Unf. Error,1,0
2021,2021-wimbledon-1112,M,1,4,1,Dynamic Model,2,3
2021,2021-wimbledon-1112,M,1,4,2,Dynamic Model,1,2
2021,2021-wimbledon-1112,M,1,4,3,Dynamic Model,1,1
2021,2021-wimbledon-1112,M,1,4,4,Dynamic Model,1,0
2021,2021-wimbledon-1113,M,1,2,1,Cumul. Point Winner,1,1
2021,2021-wimbledon-1113,M,1,2,2,Cumul. Point Winner,1,0
2021,2021-wimbledon-1113,M,1,2,1,Cumul. Game Winner,1,1
2021,2021-wimbledon-1113,M,1,2,2,Cumul. Game Winner,1,0
2021,2021-wimbledon-1113,M,1,2,1,Set Winner,1,1
2021,2021-wimbledon-1113,M,1,2,2,Set Winner,1,0
2021,2021-wimbledon-1113,M,1,2,1,Cumul. Set Winner,1,1
2021,2021-wimbledon-1113,M,1,2,2,Cumul. Set Winner,1,0
2021,2021-wimbledon-1113,M,1,2,1,Cumul. Unf. Error,2,1
2021,2021-wimbledon-1113,M,1,2,2,Cumul. Unf. Error,2,0
2021,2021-wimbledon-1113,M,1,2,1,Dynamic Model,1,1
2021,2021-wimbledon-1113,M,1,2,2,Dynamic Model,1,0
2021,2021-wimbledon-1114,M,2,4,1,Cumul. Point Winner,1,3
2021,2021-wimbledon-1114,M,2,4,2,Cumul. Point Winner,1,2
2021,2021-wimbledon-1114,M,2,4,3,Cumul. Point Winner,1,1
2021,2021-wimbledon-1114,M,2,4,4,Cumul. Point Winner,2,0
2021,2021-wimbledon-1114,M,2,4,1,Cumul. Game Winner,1,3
2021,2021-wimbledon-1114,M,2,4,2,Cumul. Game Winner,1,2
2021,2021-wimbledon-1114,M,2,4,3,Cumul. Game Winner,2,1
2021,2021-wimbledon-1114,M,2,4,4,Cumul. Game Winner,2,0
2021,2021-wimbledon-1114,M,2,4,1,Set Winner,1,3
2021,2021-wimbledon-1114,M,2,4,2,Set Winner,2,2
2021,2021-wimbledon-1114,M,2,4,3,Set Winner,2,1
2021,2021-wimbledon-1114,M,2,4,4,Set Winner,2,0
2021,2021-wimbledon-1114,M,2,4,1,Cumul. Set Winner,1,3
2021,2021-wimbledon-1114,M,2,4,2,Cumul. Set Winner,1,2
2021,2021-wimbledon-1114,M,2,4,3,Cumul. Set Winner,2,1
2021,2021-wimbledon-1114,M,2,4,4,Cumul. Set Winner,2,0
2021,2021-wimbledon-1114,M,2,4,1,Cumul. Unf. Error,1,3
2021,2021-wimbledon-1114,M,2,4,2,Cumul. Unf. Error,1,2
2021,2021-wimbledon-1114,M,2,4,3,Cumul. Unf. Error,1,1
2021,2021-wimbledon-1114,M,2,4,4,Cumul. Unf. Error,1,0
2021,2021-wimbledon-1114,M,2,4,1,Dynamic Model,1,3
2021,2021-wimbledon-1114,M,2,4,2,Dynamic Model,1,2
2021,2021-wimbledon-1114,M,2,4,3,Dynamic Model,2,1
2021,2021-wimbledon-1114,M,2,4,4,Dynamic Model,2,0
2021,2021-wimbledon-1115,M,1,3,1,Cumul. Point Winner,1,2
2021,2021-wimbledon-1115,M,1,3,2,Cumul. Point Winner,1,1
2021,2021-wimbledon-1115,M,1,3,3,Cumul. Point Winner,1,0
2021,2021-wimbledon-1115,M,1,3,1,Cumul. Game Winner,1,2
2021,2021-wimbledon-1115,M,1,3,2,Cumul. Game Winner,1,1
2021,2021-wimbledon-1115,M,1,3,3,Cumul. Game Winner,1,0
2021,2021-wimbledon-1115,M,1,3,1,Set Winner,1,2
2021,2021-wimbledon-1115,M,1,3,2,Set Winner,1,1
2021,2021-wimbledon-1115,M,1,3,3,Set Winner,1,0
2021,2021-wimbledon-1115,M,1,3,1,Cumul. Set Winner,1,2
2021,2021-wimbledon-1115,M,1,3,2,Cumul. Set Winner,1,1
2021,2021-wimbledon-1115,M,1,3,3,Cumul. Set Winner,1,0
2021,2021-wimbledon-1115,M,1,3,1,Cumul. Unf. Error,1,2
2021,2021-wimbledon-1115,M,1,3,2,Cumul. Unf. Error,1,1
2021,2021-wimbledon-1115,M,1,3,3,Cumul. Unf. Error,1,0
2021,2021-wimbledon-1115,M,1,3,1,Dynamic Model,1,2
2021,2021-wimbledon-1115,M,1,3,2,Dynamic Model,1,1
2021,2021-wimbledon-1115,M,1,3,3,Dynamic Model,1,0
2021,2021-wimbledon-1116,M,2,4,1,Cumul. Point Winner,1,3
2021,2021-wimbledon-1116,M,2,4,2,Cumul. Point Winner,2,2
2021,2021-wimbledon-1116,M,2,4,3,Cumul. Point Winner,2,1
2021,2021-wimbledon-1116,M,2,4,4,Cumul. Point Winner,2,0
2021,2021-wimbledon-1116,M,2,4,1,Cumul. Game Winner,1,3
2021,2021-wimbledon-1116,M,2,4,2,Cumul. Game Winner,1,2
2021,2021-wimbledon-1116,M,2,4,3,Cumul. Game Winner,2,1
2021,2021-wimbledon-1116,M,2,4,4,Cumul. Game Winner,2,0
2021,2021-wimbledon-1116,M,2,4,1,Set Winner,1,3
2021,2021-wimbledon-1116,M,2,4,2,Set Winner,2,2
2021,2021-wimbledon-1116,M,2,4,3,Set Winner,2,1
2021,2021-wimbledon-1116,M,2,4,4,Set Winner,2,0
2021,2021-wimbledon-1116,M,2,4,1,Cumul. Set Winner,1,3
2021,2021-wimbledon-1116,M,2,4,2,Cumul. Set Winner,1,2
2021,2021-wimbledon-1116,M,2,4,3,Cumul. Set Winner,2,1
2021,2021-wimbledon-1116,M,2,4,4,Cumul. Set Winner,2,0
2021,2021-wimbledon-1116,M,2,4,1,Cumul. Unf. Error,2,3
2021,2021-wimbledon-1116,M,2,4,2,Cumul. Unf. Error,2,2
2021,2021-wimbledon-1116,M,2,4,3,Cumul. Unf. Error,2,1
2021,2021-wimbledon-1116,M,2,4,4,Cumul. Unf. Error,2,0
2021,2021-wimbledon-1116,M,2,4,1,Dynamic Model,1,3
2021,2021-wimbledon-1116,M,2,4,2,Dynamic Model,2,2
2021,2021-wimbledon-1116,M,2,4,3,Dynamic Model,2,1
2021,2021-wimbledon-1116,M,2,4,4,Dynamic Model,2,0
2021,2021-wimbledon-1117,M,2,3,1,Cumul. Point Winner,2,2
2021,2021-wimbledon-1117,M,2,3,2,Cumul. Point Winner,2,1
2021,2021-wimbledon-1117,M,2,3,3,Cumul. Point Winner,2,0
2021,2021-wimbledon-1117,M,2,3,1,Cumul. Game Winner,2,2
2021,2021-wimbledon-1117,M,2,3,2,Cumul. Game Winner,2,1
2021,2021-wimbledon-1117,M,2,3,3,Cumul. Game Winner,2,0
2021,2021-wimbledon-1117,M,2,3,1,Set Winner,2,2
2021,2021-wimbledon-1117,M,2,3,2,Set Winner,2,1
2021,2021-wimbledon-1117,M,2,3,3,Set Winner,2,0
2021,2021-wimbledon-1117,M,2,3,1,Cumul. Set Winner,2,2
2021,2021-wimbledon-1117,M,2,3,2,Cumul. Set Winner,2,1
2021,2021-wimbledon-1117,M,2,3,3,Cumul. Set Winner,2,0
2021,2021-wimbledon-1117,M,2,3,1,Cumul. Unf. Error,2,2
2021,2021-wimbledon-1117,M,2,3,2,Cumul. Unf. Error,2,1
2021,2021-wimbledon-1117,M,2,3,3,Cumul. Unf. Error,2,0
2021,2021-wimbledon-1117,M,2,3,1,Dynamic Model,2,2
2021,2021-wimbledon-1117,M,2,3,2,Dynamic Model,2,1
2021,2021-wimbledon-1117,M,2,3,3,Dynamic Model,2,0
2021,2021-wimbledon-1118,M,2,3,1,Cumul. Point Winner,2,2
2021,2021-wimbledon-1118,M,2,3,2,Cumul. Point Winner,2,1
2021,2021-wimbledon-1118,M,2,3,3,Cumul. Point Winner,2,0
2021,2021-wimbledon-1118,M,2,3,1,Cumul. Game Winner,2,2
2021,2021-wimbledon-1118,M,2,3,2,Cumul. Game Winner,2,1
2021,2021-wimbledon-1118,M,2,3,3,Cumul. Game Winner,2,0
2021,2021-wimbledon-1118,M,2,3,1,Set Winner,2,2
2021,2021-wimbledon-1118,M,2,3,2,Set Winner,2,1
2021,2021-wimbledon-1118,M,2,3,3,Set Winner,2,0
2021,2021-wimbledon-1118,M,2,3,1,Cumul. Set Winner,2,2
2021,2021-wimbledon-1118,M,2,3,2,Cumul. Set Winner,2,1
2021,2021-wimbledon-1118,M,2,3,3,Cumul. Set Winner,2,0
2021,2021-wimbledon-1118,M,2,3,1,Cumul. Unf. Error,1,2
2021,2021-wimbledon-1118,M,2,3,2,Cumul. Unf. Error,1,1
2021,2021-wimbledon-1118,M,2,3,3,Cumul. Unf. Error,1,0
2021,2021-wimbledon-1118,M,2,3,1,Dynamic Model,2,2
2021,2021-wimbledon-1118,M,2,3,2,Dynamic Model,2,1
2021,2021-wimbledon-1118,M,2,3,3,Dynamic Model,2,0
2021,2021-wimbledon-1119,M,1,4,1,Cumul. Point Winner,1,3
2021,2021-wimbledon-1119,M,1,4,2,Cumul. Point Winner,1,2
2021,2021-wimbledon-1119,M,1,4,3,Cumul. Point Winner,2,1
2021,2021-wimbledon-1119,M,1,4,4,Cumul. Point Winner,1,0
2021,2021-wimbledon-1119,M,1,4,1,Cumul. Game Winner,1,3
2021,2021-wimbledon-1119,M,1,4,2,Cumul. Game Winner,1,2
2021,2021-wimbledon-1119,M,1,4,3,Cumul. Game Winner,1,1
2021,2021-wimbledon-1119,M,1,4,4,Cumul. Game Winner,1,0
2021,2021-wimbledon-1119,M,1,4,1,Set Winner,1,3
2021,2021-wimbledon-1119,M,1,4,2,Set Winner,2,2
2021,2021-wimbledon-1119,M,1,4,3,Set Winner,1,1
2021,2021-wimbledon-1119,M,1,4,4,Set Winner,1,0
2021,2021-wimbledon-1119,M,1,4,1,Cumul. Set Winner,1,3
2021,2021-wimbledon-1119,M,1,4,2,Cumul. Set Winner,1,2
2021,2021-wimbledon-1119,M,1,4,3,Cumul. Set Winner,1,1
2021,2021-wimbledon-1119,M,1,4,4,Cumul. Set Winner,1,0
2021,2021-wimbledon-1119,M,1,4,1,Cumul. Unf. Error,1,3
2021,2021-wimbledon-1119,M,1,4,2,Cumul. Unf. Error,1,2
2021,2021-wimbledon-1119,M,1,4,3,Cumul. Unf. Error,2,1
2021,2021-wimbledon-1119,M,1,4,4,Cumul. Unf. Error,2,0
2021,2021-wimbledon-1119,M,1,4,1,Dynamic Model,1,3
2021,2021-wimbledon-1119,M,1,4,2,Dynamic Model,1,2
2021,2021-wimbledon-1119,M,1,4,3,Dynamic Model,1,1
2021,2021-wimbledon-1119,M,1,4,4,Dynamic Model,1,0
2021,2021-wimbledon-1120,M,2,4,1,Cumul. Point Winner,1,3
2021,2021-wimbledon-1120,M,2,4,2,Cumul. Point Winner,1,2
2021,2021-wimbledon-1120,M,2,4,3,Cumul. Point Winner,2,1
2021,2021-wimbledon-1120,M,2,4,4,Cumul. Point Winner,2,0
2021,2021-wimbledon-1120,M,2,4,1,Cumul. Game Winner,1,3
2021,2021-wimbledon-1120,M,2,4,2,Cumul. Game Winner,1,2
2021,2021-wimbledon-1120,M,2,4,3,Cumul. Game Winner,2,1
2021,2021-wimbledon-1120,M,2,4,4,Cumul. Game Winner,2,0
2021,2021-wimbledon-1120,M,2,4,1,Set Winner,1,3
2021,2021-wimbledon-1120,M,2,4,2,Set Winner,2,2
2021,2021-wimbledon-1120,M,2,4,3,Set Winner,2,1
2021,2021-wimbledon-1120,M,2,4,4,Set Winner,2,0
2021,2021-wimbledon-1120,M,2,4,1,Cumul. Set Winner,1,3
2021,2021-wimbledon-1120,M,2,4,2,Cumul. Set Winner,1,2
2021,2021-wimbledon-1120,M,2,4,3,Cumul. Set Winner,2,1
2021,2021-wimbledon-1120,M,2,4,4,Cumul. Set Winner,2,0
2021,2021-wimbledon-1120,M,2,4,1,Cumul. Unf. Error,1,3
2021,2021-wimbledon-1120,M,2,4,2,Cumul. Unf. Error,2,2
2021,2021-wimbledon-1120,M,2,4,3,Cumul. Unf. Error,2,1
2021,2021-wimbledon-1120,M,2,4,4,Cumul. Unf. Error,2,0
2021,2021-wimbledon-1120,M,2,4,1,Dynamic Model,1,3
2021,2021-wimbledon-1120,M,2,4,2,Dynamic Model,1,2
2021,2021-wimbledon-1120,M,2,4,3,Dynamic Model,2,1
2021,2021-wimbledon-1120,M,2,4,4,Dynamic Model,2,0
2021,2021-wimbledon-1121,M,1,3,1,Cumul. Point Winner,1,2
2021,2021-wimbledon-1121,M,1,3,2,Cumul. Point Winner,1,1
2021,2021-wimbledon-1121,M,1,3,3,Cumul. Point Winner,1,0
2021,2021-wimbledon-1121,M,1,3,1,Cumul. Game Winner,1,2
2021,2021-wimbledon-1121,M,1,3,2,Cumul. Game Winner,1,1
2021,2021-wimbledon-1121,M,1,3,3,Cumul. Game Winner,1,0
2021,2021-wimbledon-1121,M,1,3,1,Set Winner,1,2
2021,2021-wimbledon-1121,M,1,3,2,Set Winner,1,1
2021,2021-wimbledon-1121,M,1,3,3,Set Winner,1,0
2021,2021-wimbledon-1121,M,1,3,1,Cumul. Set Winner,1,2
2021,2021-wimbledon-1121,M,1,3,2,Cumul. Set Winner,1,1
2021,2021-wimbledon-1121,M,1,3,3,Cumul. Set Winner,1,0
2021,2021-wimbledon-1121,M,1,3,1,Cumul. Unf. Error,1,2
2021,2021-wimbledon-1121,M,1,3,2,Cumul. Unf. Error,1,1
2021,2021-wimbledon-1121,M,1,3,3,Cumul. Unf. Error,1,0
2021,2021-wimbledon-1121,M,1,3,1,Dynamic Model,1,2
2021,2021-wimbledon-1121,M,1,3,2,Dynamic Model,1,1
2021,2021-wimbledon-1121,M,1,3,3,Dynamic Model,1,0
2021,2021-wimbledon-1122,M,1,5,1,Cumul. Point Winner,1,4
2021,2021-wimbledon-1122,M,1,5,2,Cumul. Point Winner,1,3
2021,2021-wimbledon-1122,M,1,5,3,Cumul. Point Winner,1,2
2021,2021-wimbledon-1122,M,1,5,4,Cumul. Point Winner,2,1
2021,2021-wimbledon-1122,M,1,5,5,Cumul. Point Winner,2,0
2021,2021-wimbledon-1122,M,1,5,1,Cumul. Game Winner,1,4
2021,2021-wimbledon-1122,M,1,5,2,Cumul. Game Winner,1,3
2021,2021-wimbledon-1122,M,1,5,3,Cumul. Game Winner,1,2
2021,2021-wimbledon-1122,M,1,5,4,Cumul. Game Winner,2,1
2021,2021-wimbledon-1122,M,1,5,5,Cumul. Game Winner,2,0
2021,2021-wimbledon-1122,M,1,5,1,Set Winner,1,4
2021,2021-wimbledon-1122,M,1,5,2,Set Winner,1,3
2021,2021-wimbledon-1122,M,1,5,3,Set Winner,2,2
2021,2021-wimbledon-1122,M,1,5,4,Set Winner,2,1
2021,2021-wimbledon-1122,M,1,5,5,Set Winner,1,0
2021,2021-wimbledon-1122,M,1,5,1,Cumul. Set Winner,1,4
2021,2021-wimbledon-1122,M,1,5,2,Cumul. Set Winner,1,3
2021,2021-wimbledon-1122,M,1,5,3,Cumul. Set Winner,1,2
2021,2021-wimbledon-1122,M,1,5,4,Cumul. Set Winner,1,1
2021,2021-wimbledon-1122,M,1,5,5,Cumul. Set Winner,1,0
2021,2021-wimbledon-1122,M,1,5,1,Cumul. Unf. Error,1,4
2021,2021-wimbledon-1122,M,1,5,2,Cumul. Unf. Error,2,3
2021,2021-wimbledon-1122,M,1,5,3,Cumul. Unf. Error,2,2
2021,2021-wimbledon-1122,M,1,5,4,Cumul. Unf. Error,2,1
2021,2021-wimbledon-1122,M,1,5,5,Cumul. Unf. Error,2,0
2021,2021-wimbledon-1122,M,1,5,1,Dynamic Model,1,4
2021,2021-wimbledon-1122,M,1,5,2,Dynamic Model,1,3
2021,2021-wimbledon-1122,M,1,5,3,Dynamic Model,1,2
2021,2021-wimbledon-1122,M,1,5,4,Dynamic Model,2,1
2021,2021-wimbledon-1122,M,1,5,5,Dynamic Model,1,0
2021,2021-wimbledon-1123,M,2,5,1,Cumul. Point Winner,1,4
2021,2021-wimbledon-1123,M,2,5,2,Cumul. Point Winner,1,3
2021,2021-wimbledon-1123,M,2,5,3,Cumul. Point Winner,1,2
2021,2021-wimbledon-1123,M,2,5,4,Cumul. Point Winner,2,1
2021,2021-wimbledon-1123,M,2,5,5,Cumul. Point Winner,2,0
2021,2021-wimbledon-1123,M,2,5,1,Cumul. Game Winner,1,4
2021,2021-wimbledon-1123,M,2,5,2,Cumul. Game Winner,1,3
2021,2021-wimbledon-1123,M,2,5,3,Cumul. Game Winner,1,2
2021,2021-wimbledon-1123,M,2,5,4,Cumul. Game Winner,2,1
2021,2021-wimbledon-1123,M,2,5,5,Cumul. Game Winner,2,0
2021,2021-wimbledon-1123,M,2,5,1,Set Winner,1,4
2021,2021-wimbledon-1123,M,2,5,2,Set Winner,2,3
2021,2021-wimbledon-1123,M,2,5,3,Set Winner,1,2
2021,2021-wimbledon-1123,M,2,5,4,Set Winner,2,1
2021,2021-wimbledon-1123,M,2,5,5,Set Winner,2,0
2021,2021-wimbledon-1123,M,2,5,1,Cumul. Set Winner,1,4
2021,2021-wimbledon-1123,M,2,5,2,Cumul. Set Winner,1,3
2021,2021-wimbledon-1123,M,2,5,3,Cumul. Set Winner,1,2
2021,2021-wimbledon-1123,M,2,5,4,Cumul. Set Winner,1,1
2021,2021-wimbledon-1123,M,2,5,5,Cumul. Set Winner,2,0
2021,2021-wimbledon-1123,M,2,5,1,Cumul. Unf. Error,1,4
2021,2021-wimbledon-1123,M,2,5,2,Cumul. Unf. Error,2,3
2021,2021-wimbledon-1123,M,2,5,3,Cumul. Unf. Error,2,2
2021,2021-wimbledon-1123,M,2,5,4,Cumul. Unf. Error,2,1
2021,2021-wimbledon-1123,M,2,5,5,Cumul. Unf. Error,2,0
2021,2021-wimbledon-1123,M,2,5,1,Dynamic Model,1,4
2021,2021-wimbledon-1123,M,2,5,2,Dynamic Model,1,3
2021,2021-wimbledon-1123,M,2,5,3,Dynamic Model,1,2
2021,2021-wimbledon-1123,M,2,5,4,Dynamic Model,2,1
2021,2021-wimbledon-1123,M,2,5,5,Dynamic Model,2,0
2021,2021-wimbledon-1124,M,1,4,1,Cumul. Point Winner,1,3
2021,2021-wimbledon-1124,M,1,4,2,Cumul. Point Winner,1,2
2021,2021-wimbledon-1124,M,1,4,3,Cumul. Point Winner,1,1
2021,2021-wimbledon-1124,M,1,4,4,Cumul. Point Winner,1,0
2021,2021-wimbledon-1124,M,1,4,1,Cumul. Game Winner,1,3
2021,2021-wimbledon-1124,M,1,4,2,Cumul. Game Winner,1,2
2021,2021-wimbledon-1124,M,1,4,3,Cumul. Game Winner,1,1
2021,2021-wimbledon-1124,M,1,4,4,Cumul. Game Winner,1,0
2021,2021-wimbledon-1124,M,1,4,1,Set Winner,1,3
2021,2021-wimbledon-1124,M,1,4,2,Set Winner,1,2
2021,2021-wimbledon-1124,M,1,4,3,Set Winner,2,1
2021,2021-wimbledon-1124,M,1,4,4,Set Winner,1,0
2021,2021-wimbledon-1124,M,1,4,1,Cumul. Set Winner,1,3
2021,2021-wimbledon-1124,M,1,4,2,Cumul. Set Winner,1,2
2021,2021-wimbledon-1124,M,1,4,3,Cumul. Set Winner,1,1
2021,2021-wimbledon-1124,M,1,4,4,Cumul. Set Winner,1,0
2021,2021-wimbledon-1124,M,1,4,1,Cumul. Unf. Error,2,3
2021,2021-wimbledon-1124,M,1,4,2,Cumul. Unf. Error,2,2
2021,2021-wimbledon-1124,M,1,4,3,Cumul. Unf. Error,2,1
2021,2021-wimbledon-1124,M,1,4,4,Cumul. Unf. Error,2,0
2021,2021-wimbledon-1124,M,1,4,1,Dynamic Model,1,3
2021,2021-wimbledon-1124,M,1,4,2,Dynamic Model,1,2
2021,2021-wimbledon-1124,M,1,4,3,Dynamic Model,1,1
2021,2021-wimbledon-1124,M,1,4,4,Dynamic Model,1,0
2021,2021-wimbledon-1125,M,1,5,1,Cumul. Point Winner,1,4
2021,2021-wimbledon-1125,M,1,5,2,Cumul. Point Winner,1,3
2021,2021-wimbledon-1125,M,1,5,3,Cumul. Point Winner,1,2
2021,2021-wimbledon-1125,M,1,5,4,Cumul. Point Winner,2,1
2021,2021-wimbledon-1125,M,1,5,5,Cumul. Point Winner,1,0
2021,2021-wimbledon-1125,M,1,5,1,Cumul. Game Winner,1,4
2021,2021-wimbledon-1125,M,1,5,2,Cumul. Game Winner,1,3
2021,2021-wimbledon-1125,M,1,5,3,Cumul. Game Winner,1,2
2021,2021-wimbledon-1125,M,1,5,4,Cumul. Game Winner,1,1
2021,2021-wimbledon-1125,M,1,5,5,Cumul. Game Winner,1,0
2021,2021-wimbledon-1125,M,1,5,1,Set Winner,1,4
2021,2021-wimbledon-1125,M,1,5,2,Set Winner,2,3
2021,2021-wimbledon-1125,M,1,5,3,Set Winner,1,2
2021,2021-wimbledon-1125,M,1,5,4,Set Winner,2,1
2021,2021-wimbledon-1125,M,1,5,5,Set Winner,1,0
2021,2021-wimbledon-1125,M,1,5,1,Cumul. Set Winner,1,4
2021,2021-wimbledon-1125,M,1,5,2,Cumul. Set Winner,1,3
2021,2021-wimbledon-1125,M,1,5,3,Cumul. Set Winner,1,2
2021,2021-wimbledon-1125,M,1,5,4,Cumul. Set Winner,1,1
2021,2021-wimbledon-1125,M,1,5,5,Cumul. Set Winner,1,0
2021,2021-wimbledon-1125,M,1,5,1,Cumul. Unf. Error,1,4
2021,2021-wimbledon-1125,M,1,5,2,Cumul. Unf. Error,2,3
2021,2021-wimbledon-1125,M,1,5,3,Cumul. Unf. Error,2,2
2021,2021-wimbledon-1125,M,1,5,4,Cumul. Unf. Error,2,1
2021,2021-wimbledon-1125,M,1,5,5,Cumul. Unf. Error,2,0
2021,2021-wimbledon-1125,M,1,5,1,Dynamic Model,1,4
2021,2021-wimbledon-1125,M,1,5,2,Dynamic Model,2,3
2021,2021-wimbledon-1125,M,1,5,3,Dynamic Model,1,2
2021,2021-wimbledon-1125,M,1,5,4,Dynamic Model,2,1
2021,2021-wimbledon-1125,M,1,5,5,Dynamic Model,2,0
2021,2021-wimbledon-1126,M,2,5,1,Cumul. Point Winner,2,4
2021,2021-wimbledon-1126,M,2,5,2,Cumul. Point Winner,1,3
2021,2021-wimbledon-1126,M,2,5,3,Cumul. Point Winner,1,2
2021,2021-wimbledon-1126,M,2,5,4,Cumul. Point Winner,1,1
2021,2021-wimbledon-1126,M,2,5,5,Cumul. Point Winner,1,0
2021,2021-wimbledon-1126,M,2,5,1,Cumul. Game Winner,2,4
2021,2021-wimbledon-1126,M,2,5,2,Cumul. Game Winner,1,3
2021,2021-wimbledon-1126,M,2,5,3,Cumul. Game Winner,1,2
2021,2021-wimbledon-1126,M,2,5,4,Cumul. Game Winner,1,1
2021,2021-wimbledon-1126,M,2,5,5,Cumul. Game Winner,1,0
2021,2021-wimbledon-1126,M,2,5,1,Set Winner,2,4
2021,2021-wimbledon-1126,M,2,5,2,Set Winner,1,3
2021,2021-wimbledon-1126,M,2,5,3,Set Winner,2,2
2021,2021-wimbledon-1126,M,2,5,4,Set Winner,1,1
2021,2021-wimbledon-1126,M,2,5,5,Set Winner,2,0
2021,2021-wimbledon-1126,M,2,5,1,Cumul. Set Winner,2,4
2021,2021-wimbledon-1126,M,2,5,2,Cumul. Set Winner,2,3
2021,2021-wimbledon-1126,M,2,5,3,Cumul. Set Winner,2,2
2021,2021-wimbledon-1126,M,2,5,4,Cumul. Set Winner,2,1
2021,2021-wimbledon-1126,M,2,5,5,Cumul. Set Winner,2,0
2021,2021-wimbledon-1126,M,2,5,1,Cumul. Unf. Error,2,4
2021,2021-wimbledon-1126,M,2,5,2,Cumul. Unf. Error,2,3
2021,2021-wimbledon-1126,M,2,5,3,Cumul. Unf. Error,2,2
2021,2021-wimbledon-1126,M,2,5,4,Cumul. Unf. Error,2,1
2021,2021-wimbledon-1126,M,2,5,5,Cumul. Unf. Error,2,0
2021,2021-wimbledon-1126,M,2,5,1,Dynamic Model,2,4
2021,2021-wimbledon-1126,M,2,5,2,Dynamic Model,2,3
2021,2021-wimbledon-1126,M,2,5,3,Dynamic Model,2,2
2021,2021-wimbledon-1126,M,2,5,4,Dynamic Model,2,1
2021,2021-wimbledon-1126,M,2,5,5,Dynamic Model,2,0
2021,2021-wimbledon-1127,M,1,5,1,Cumul. Point Winner,2,4
2021,2021-wimbledon-1127,M,1,5,2,Cumul. Point Winner,1,3
2021,2021-wimbledon-1127,M,1,5,3,Cumul. Point Winner,1,2
2021,2021-wimbledon-1127,M,1,5,4,Cumul. Point Winner,1,1
2021,2021-wimbledon-1127,M,1,5,5,Cumul. Point Winner,1,0
2021,2021-wimbledon-1127,M,1,5,1,Cumul. Game Winner,2,4
2021,2021-wimbledon-1127,M,1,5,2,Cumul. Game Winner,1,3
2021,2021-wimbledon-1127,M,1,5,3,Cumul. Game Winner,1,2
2021,2021-wimbledon-1127,M,1,5,4,Cumul. Game Winner,1,1
2021,2021-wimbledon-1127,M,1,5,5,Cumul. Game Winner,1,0
2021,2021-wimbledon-1127,M,1,5,1,Set Winner,2,4
2021,2021-wimbledon-1127,M,1,5,2,Set Winner,1,3
2021,2021-wimbledon-1127,M,1,5,3,Set Winner,1,2
2021,2021-wimbledon-1127,M,1,5,4,Set Winner,2,1
2021,2021-wimbledon-1127,M,1,5,5,Set Winner,1,0
2021,2021-wimbledon-1127,M,1,5,1,Cumul. Set Winner,2,4
2021,2021-wimbledon-1127,M,1,5,2,Cumul. Set Winner,2,3
2021,2021-wimbledon-1127,M,1,5,3,Cumul. Set Winner,1,2
2021,2021-wimbledon-1127,M,1,5,4,Cumul. Set Winner,1,1
2021,2021-wimbledon-1127,M,1,5,5,Cumul. Set Winner,1,0
2021,2021-wimbledon-1127,M,1,5,1,Cumul. Unf. Error,1,4
2021,2021-wimbledon-1127,M,1,5,2,Cumul. Unf. Error,1,3
2021,2021-wimbledon-1127,M,1,5,3,Cumul. Unf. Error,1,2
2021,2021-wimbledon-1127,M,1,5,4,Cumul. Unf. Error,1,1
2021,2021-wimbledon-1127,M,1,5,5,Cumul. Unf. Error,1,0
2021,2021-wimbledon-1127,M,1,5,1,Dynamic Model,2,4
2021,2021-wimbledon-1127,M,1,5,2,Dynamic Model,1,3
2021,2021-wimbledon-1127,M,1,5,3,Dynamic Model,1,2
2021,2021-wimbledon-1127,M,1,5,4,Dynamic Model,1,1
2021,2021-wimbledon-1127,M,1,5,5,Dynamic Model,1,0
2021,2021-wimbledon-1128,M,1,4,1,Cumul. Point Winner,1,3
2021,2021-wimbledon-1128,M,1,4,2,Cumul. Point Winner,1,2
2021,2021-wimbledon-1128,M,1,4,3,Cumul. Point Winner,1,1
2021,2021-wimbledon-1128,M,1,4,4,Cumul. Point Winner,1,0
2021,2021-wimbledon-1128,M,1,4,1,Cumul. Game Winner,1,3
2021,2021-wimbledon-1128,M,1,4,2,Cumul. Game Winner,1,2
2021,2021-wimbledon-1128,M,1,4,3,Cumul. Game Winner,1,1
2021,2021-wimbledon-1128,M,1,4,4,Cumul. Game Winner,1,0
2021,2021-wimbledon-1128,M,1,4,1,Set Winner,1,3
2021,2021-wimbledon-1128,M,1,4,2,Set Winner,1,2
2021,2021-wimbledon-1128,M,1,4,3,Set Winner,2,1
2021,2021-wimbledon-1128,M,1,4,4,Set Winner,1,0
2021,2021-wimbledon-1128,M,1,4,1,Cumul. Set Winner,1,3
2021,2021-wimbledon-1128,M,1,4,2,Cumul. Set Winner,1,2
2021,2021-wimbledon-1128,M,1,4,3,Cumul. Set Winner,1,1
2021,2021-wimbledon-1128,M,1,4,4,Cumul. Set Winner,1,0
2021,2021-wimbledon-1128,M,1,4,1,Cumul. Unf. Error,1,3
2021,2021-wimbledon-1128,M,1,4,2,Cumul. Unf. Error,1,2
2021,2021-wimbledon-1128,M,1,4,3,Cumul. Unf. Error,1,1
2021,2021-wimbledon-1128,M,1,4,4,Cumul. Unf. Error,1,0
2021,2021-wimbledon-1128,M,1,4,1,Dynamic Model,1,3
2021,2021-wimbledon-1128,M,1,4,2,Dynamic Model,1,2
2021,2021-wimbledon-1128,M,1,4,3,Dynamic Model,1,1
2021,2021-wimbledon-1128,M,1,4,4,Dynamic Model,1,0
2021,2021-wimbledon-1129,M,2,3,1,Cumul. Point Winner,2,2
2021,2021-wimbledon-1129,M,2,3,2,Cumul. Point Winner,2,1
2021,2021-wimbledon-1129,M,2,3,3,Cumul. Point Winner,2,0
2021,2021-wimbledon-1129,M,2,3,1,Cumul. Game Winner,2,2
2021,2021-wimbledon-1129,M,2,3,2,Cumul. Game Winner,2,1
2021,2021-wimbledon-1129,M,2,3,3,Cumul. Game Winner,2,0
2021,2021-wimbledon-1129,M,2,3,1,Set Winner,2,2
2021,2021-wimbledon-1129,M,2,3,2,Set Winner,2,1
2021,2021-wimbledon-1129,M,2,3,3,Set Winner,2,0
2021,2021-wimbledon-1129,M,2,3,1,Cumul. Set Winner,2,2
2021,2021-wimbledon-1129,M,2,3,2,Cumul. Set Winner,2,1
2021,2021-wimbledon-1129,M,2,3,3,Cumul. Set Winner,2,0
2021,2021-wimbledon-1129,M,2,3,1,Cumul. Unf. Error,2,2
2021,2021-wimbledon-1129,M,2,3,2,Cumul. Unf. Error,2,1
2021,2021-wimbledon-1129,M,2,3,3,Cumul. Unf. Error,2,0
2021,2021-wimbledon-1129,M,2,3,1,Dynamic Model,2,2
2021,2021-wimbledon-1129,M,2,3,2,Dynamic Model,2,1
2021,2021-wimbledon-1129,M,2,3,3,Dynamic Model,2,0
2021,2021-wimbledon-1130,M,1,4,1,Cumul. Point Winner,2,3
2021,2021-wimbledon-1130,M,1,4,2,Cumul. Point Winner,1,2
2021,2021-wimbledon-1130,M,1,4,3,Cumul. Point Winner,1,1
2021,2021-wimbledon-1130,M,1,4,4,Cumul. Point Winner,1,0
2021,2021-wimbledon-1130,M,1,4,1,Cumul. Game Winner,2,3
2021,2021-wimbledon-1130,M,1,4,2,Cumul. Game Winner,1,2
2021,2021-wimbledon-1130,M,1,4,3,Cumul. Game Winner,1,1
2021,2021-wimbledon-1130,M,1,4,4,Cumul. Game Winner,1,0
2021,2021-wimbledon-1130,M,1,4,1,Set Winner,2,3
2021,2021-wimbledon-1130,M,1,4,2,Set Winner,1,2
2021,2021-wimbledon-1130,M,1,4,3,Set Winner,1,1
2021,2021-wimbledon-1130,M,1,4,4,Set Winner,1,0
2021,2021-wimbledon-1130,M,1,4,1,Cumul. Set Winner,2,3
2021,2021-wimbledon-1130,M,1,4,2,Cumul. Set Winner,2,2
2021,2021-wimbledon-1130,M,1,4,3,Cumul. Set Winner,1,1
2021,2021-wimbledon-1130,M,1,4,4,Cumul. Set Winner,1,0
2021,2021-wimbledon-1130,M,1,4,1,Cumul. Unf. Error,2,3
2021,2021-wimbledon-1130,M,1,4,2,Cumul. Unf. Error,1,2
2021,2021-wimbledon-1130,M,1,4,3,Cumul. Unf. Error,1,1
2021,2021-wimbledon-1130,M,1,4,4,Cumul. Unf. Error,1,0
2021,2021-wimbledon-1130,M,1,4,1,Dynamic Model,2,3
2021,2021-wimbledon-1130,M,1,4,2,Dynamic Model,1,2
2021,2021-wimbledon-1130,M,1,4,3,Dynamic Model,1,1
2021,2021-wimbledon-1130,M,1,4,4,Dynamic Model,1,0
2021,2021-wimbledon-1131,M,2,4,1,Cumul. Point Winner,2,3
2021,2021-wimbledon-1131,M,2,4,2,Cumul. Point Winner,1,2
2021,2021-wimbledon-1131,M,2,4,3,Cumul. Point Winner,2,1
2021,2021-wimbledon-1131,M,2,4,4,Cumul. Point Winner,2,0
2021,2021-wimbledon-1131,M,2,4,1,Cumul. Game Winner,2,3
2021,2021-wimbledon-1131,M,2,4,2,Cumul. Game Winner,1,2
2021,2021-wimbledon-1131,M,2,4,3,Cumul. Game Winner,2,1
2021,2021-wimbledon-1131,M,2,4,4,Cumul. Game Winner,2,0
2021,2021-wimbledon-1131,M,2,4,1,Set Winner,2,3
2021,2021-wimbledon-1131,M,2,4,2,Set Winner,1,2
2021,2021-wimbledon-1131,M,2,4,3,Set Winner,2,1
2021,2021-wimbledon-1131,M,2,4,4,Set Winner,2,0
2021,2021-wimbledon-1131,M,2,4,1,Cumul. Set Winner,2,3
2021,2021-wimbledon-1131,M,2,4,2,Cumul. Set Winner,2,2
2021,2021-wimbledon-1131,M,2,4,3,Cumul. Set Winner,2,1
2021,2021-wimbledon-1131,M,2,4,4,Cumul. Set Winner,2,0
2021,2021-wimbledon-1131,M,2,4,1,Cumul. Unf. Error,2,3
2021,2021-wimbledon-1131,M,2,4,2,Cumul. Unf. Error,2,2
2021,2021-wimbledon-1131,M,2,4,3,Cumul. Unf. Error,2,1
2021,2021-wimbledon-1131,M,2,4,4,Cumul. Unf. Error,2,0
2021,2021-wimbledon-1131,M,2,4,1,Dynamic Model,2,3
2021,2021-wimbledon-1131,M,2,4,2,Dynamic Model,2,2
2021,2021-wimbledon-1131,M,2,4,3,Dynamic Model,2,1
2021,2021-wimbledon-1131,M,2,4,4,Dynamic Model,2,0
2021,2021-wimbledon-1132,M,2,4,1,Cumul. Point Winner,2,3
2021,2021-wimbledon-1132,M,2,4,2,Cumul. Point Winner,2,2
2021,2021-wimbledon-1132,M,2,4,3,Cumul. Point Winner,2,1
2021,2021-wimbledon-1132,M,2,4,4,Cumul. Point Winner,2,0
2021,2021-wimbledon-1132,M,2,4,1,Cumul. Game Winner,2,3
2021,2021-wimbledon-1132,M,2,4,2,Cumul. Game Winner,2,2
2021,2021-wimbledon-1132,M,2,4,3,Cumul. Game Winner,2,1
2021,2021-wimbledon-1132,M,2,4,4,Cumul. Game Winner,2,0
2021,2021-wimbledon-1132,M,2,4,1,Set Winner,2,3
2021,2021-wimbledon-1132,M,2,4,2,Set Winner,1,2
2021,2021-wimbledon-1132,M,2,4,3,Set Winner,2,1
2021,2021-wimbledon-1132,M,2,4,4,Set Winner,2,0
2021,2021-wimbledon-1132,M,2,4,1,Cumul. Set Winner,2,3
2021,2021-wimbledon-1132,M,2,4,2,Cumul. Set Winner,2,2
2021,2021-wimbledon-1132,M,2,4,3,Cumul. Set Winner,2,1
2021,2021-wimbledon-1132,M,2,4,4,Cumul. Set Winner,2,0
2021,2021-wimbledon-1132,M,2,4,1,Cumul. Unf. Error,2,3
2021,2021-wimbledon-1132,M,2,4,2,Cumul. Unf. Error,2,2
2021,2021-wimbledon-1132,M,2,4,3,Cumul. Unf. Error,2,1
2021,2021-wimbledon-1132,M,2,4,4,Cumul. Unf. Error,2,0
2021,2021-wimbledon-1132,M,2,4,1,Dynamic Model,2,3
2021,2021-wimbledon-1132,M,2,4,2,Dynamic Model,2,2
2021,2021-wimbledon-1132,M,2,4,3,Dynamic Model,2,1
2021,2021-wimbledon-1132,M,2,4,4,Dynamic Model,2,0
2021,2021-wimbledon-1133,M,1,4,1,Cumul. Point Winner,1,3
2021,2021-wimbledon-1133,M,1,4,2,Cumul. Point Winner,1,2
2021,2021-wimbledon-1133,M,1,4,3,Cumul. Point Winner,1,1
2021,2021-wimbledon-1133,M,1,4,4,Cumul. Point Winner,1,0
2021,2021-wimbledon-1133,M,1,4,1,Cumul. Game Winner,1,3
2021,2021-wimbledon-1133,M,1,4,2,Cumul. Game Winner,2,2
2021,2021-wimbledon-1133,M,1,4,3,Cumul. Game Winner,1,1
2021,2021-wimbledon-1133,M,1,4,4,Cumul. Game Winner,1,0
2021,2021-wimbledon-1133,M,1,4,1,Set Winner,1,3
2021,2021-wimbledon-1133,M,1,4,2,Set Winner,2,2
2021,2021-wimbledon-1133,M,1,4,3,Set Winner,1,1
2021,2021-wimbledon-1133,M,1,4,4,Set Winner,1,0
2021,2021-wimbledon-1133,M,1,4,1,Cumul. Set Winner,1,3
2021,2021-wimbledon-1133,M,1,4,2,Cumul. Set Winner,1,2
2021,2021-wimbledon-1133,M,1,4,3,Cumul. Set Winner,1,1
2021,2021-wimbledon-1133,M,1,4,4,Cumul. Set Winner,1,0
2021,2021-wimbledon-1133,M,1,4,1,Cumul. Unf. Error,2,3
2021,2021-wimbledon-1133,M,1,4,2,Cumul. Unf. Error,2,2
2021,2021-wimbledon-1133,M,1,4,3,Cumul. Unf. Error,2,1
2021,2021-wimbledon-1133,M,1,4,4,Cumul. Unf. Error,2,0
2021,2021-wimbledon-1133,M,1,4,1,Dynamic Model,1,3
2021,2021-wimbledon-1133,M,1,4,2,Dynamic Model,1,2
2021,2021-wimbledon-1133,M,1,4,3,Dynamic Model,1,1
2021,2021-wimbledon-1133,M,1,4,4,Dynamic Model,1,0
2021,2021-wimbledon-1134,M,1,4,1,Cumul. Point Winner,1,3
2021,2021-wimbledon-1134,M,1,4,2,Cumul. Point Winner,1,2
2021,2021-wimbledon-1134,M,1,4,3,Cumul. Point Winner,1,1
2021,2021-wimbledon-1134,M,1,4,4,Cumul. Point Winner,1,0
2021,2021-wimbledon-1134,M,1,4,1,Cumul. Game Winner,1,3
2021,2021-wimbledon-1134,M,1,4,2,Cumul. Game Winner,1,2
2021,2021-wimbledon-1134,M,1,4,3,Cumul. Game Winner,1,1
2021,2021-wimbledon-1134,M,1,4,4,Cumul. Game Winner,1,0
2021,2021-wimbledon-1134,M,1,4,1,Set Winner,1,3
2021,2021-wimbledon-1134,M,1,4,2,Set Winner,2,2
2021,2021-wimbledon-1134,M,1,4,3,Set Winner,1,1
2021,2021-wimbledon-1134,M,1,4,4,Set Winner,1,0
2021,2021-wimbledon-1134,M,1,4,1,Cumul. Set Winner,1,3
2021,2021-wimbledon-1134,M,1,4,2,Cumul. Set Winner,1,2
2021,2021-wimbledon-1134,M,1,4,3,Cumul. Set Winner,1,1
2021,2021-wimbledon-1134,M,1,4,4,Cumul. Set Winner,1,0
2021,2021-wimbledon-1134,M,1,4,1,Cumul. Unf. Error,1,3
2021,2021-wimbledon-1134,M,1,4,2,Cumul. Unf. Error,1,2
2021,2021-wimbledon-1134,M,1,4,3,Cumul. Unf. Error,1,1
2021,2021-wimbledon-1134,M,1,4,4,Cumul. Unf. Error,2,0
2021,2021-wimbledon-1134,M,1,4,1,Dynamic Model,1,3
2021,2021-wimbledon-1134,M,1,4,2,Dynamic Model,1,2
2021,2021-wimbledon-1134,M,1,4,3,Dynamic Model,1,1
2021,2021-wimbledon-1134,M,1,4,4,Dynamic Model,1,0
2021,2021-wimbledon-1135,M,2,3,1,Cumul. Point Winner,2,2
2021,2021-wimbledon-1135,M,2,3,2,Cumul. Point Winner,2,1
2021,2021-wimbledon-1135,M,2,3,3,Cumul. Point Winner,2,0
2021,2021-wimbledon-1135,M,2,3,1,Cumul. Game Winner,2,2
2021,2021-wimbledon-1135,M,2,3,2,Cumul. Game Winner,2,1
2021,2021-wimbledon-1135,M,2,3,3,Cumul. Game Winner,2,0
2021,2021-wimbledon-1135,M,2,3,1,Set Winner,2,2
2021,2021-wimbledon-1135,M,2,3,2,Set Winner,2,1
2021,2021-wimbledon-1135,M,2,3,3,Set Winner,2,0
2021,2021-wimbledon-1135,M,2,3,1,Cumul. Set Winner,2,2
2021,2021-wimbledon-1135,M,2,3,2,Cumul. Set Winner,2,1
2021,2021-wimbledon-1135,M,2,3,3,Cumul. Set Winner,2,0
2021,2021-wimbledon-1135,M,2,3,1,Cumul. Unf. Error,2,2
2021,2021-wimbledon-1135,M,2,3,2,Cumul. Unf. Error,2,1
2021,2021-wimbledon-1135,M,2,3,3,Cumul. Unf. Error,2,0
2021,2021-wimbledon-1135,M,2,3,1,Dynamic Model,2,2
2021,2021-wimbledon-1135,M,2,3,2,Dynamic Model,2,1
2021,2021-wimbledon-1135,M,2,3,3,Dynamic Model,2,0
2021,2021-wimbledon-1136,M,1,5,1,Cumul. Point Winner,1,4
2021,2021-wimbledon-1136,M,1,5,2,Cumul. Point Winner,2,3
2021,2021-wimbledon-1136,M,1,5,3,Cumul. Point Winner,2,2
2021,2021-wimbledon-1136,M,1,5,4,Cumul. Point Winner,2,1
2021,2021-wimbledon-1136,M,1,5,5,Cumul. Point Winner,2,0
2021,2021-wimbledon-1136,M,1,5,1,Cumul. Game Winner,1,4
2021,2021-wimbledon-1136,M,1,5,2,Cumul. Game Winner,2,3
2021,2021-wimbledon-1136,M,1,5,3,Cumul. Game Winner,2,2
2021,2021-wimbledon-1136,M,1,5,4,Cumul. Game Winner,2,1
2021,2021-wimbledon-1136,M,1,5,5,Cumul. Game Winner,1,0
2021,2021-wimbledon-1136,M,1,5,1,Set Winner,1,4
2021,2021-wimbledon-1136,M,1,5,2,Set Winner,2,3
2021,2021-wimbledon-1136,M,1,5,3,Set Winner,1,2
2021,2021-wimbledon-1136,M,1,5,4,Set Winner,2,1
2021,2021-wimbledon-1136,M,1,5,5,Set Winner,1,0
2021,2021-wimbledon-1136,M,1,5,1,Cumul. Set Winner,1,4
2021,2021-wimbledon-1136,M,1,5,2,Cumul. Set Winner,1,3
2021,2021-wimbledon-1136,M,1,5,3,Cumul. Set Winner,1,2
2021,2021-wimbledon-1136,M,1,5,4,Cumul. Set Winner,1,1
2021,2021-wimbledon-1136,M,1,5,5,Cumul. Set Winner,1,0
2021,2021-wimbledon-1136,M,1,5,1,Cumul. Unf. Error,1,4
2021,2021-wimbledon-1136,M,1,5,2,Cumul. Unf. Error,1,3
2021,2021-wimbledon-1136,M,1,5,3,Cumul. Unf. Error,1,2
2021,2021-wimbledon-1136,M,1,5,4,Cumul. Unf. Error,1,1
2021,2021-wimbledon-1136,M,1,5,5,Cumul. Unf. Error,1,0
2021,2021-wimbledon-1136,M,1,5,1,Dynamic Model,1,4
2021,2021-wimbledon-1136,M,1,5,2,Dynamic Model,2,3
2021,2021-wimbledon-1136,M,1,5,3,Dynamic Model,1,2
2021,2021-wimbledon-1136,M,1,5,4,Dynamic Model,1,1
2021,2021-wimbledon-1136,M,1,5,5,Dynamic Model,1,0
2021,2021-wimbledon-1137,M,2,3,1,Cumul. Point Winner,2,2
2021,2021-wimbledon-1137,M,2,3,2,Cumul. Point Winner,2,1
2021,2021-wimbledon-1137,M,2,3,3,Cumul. Point Winner,2,0
2021,2021-wimbledon-1137,M,2,3,1,Cumul. Game Winner,2,2
2021,2021-wimbledon-1137,M,2,3,2,Cumul. Game Winner,2,1
2021,2021-wimbledon-1137,M,2,3,3,Cumul. Game Winner,2,0
2021,2021-wimbledon-1137,M,2,3,1,Set Winner,2,2
2021,2021-wimbledon-1137,M,2,3,2,Set Winner,2,1
2021,2021-wimbledon-1137,M,2,3,3,Set Winner,2,0
2021,2021-wimbledon-1137,M,2,3,1,Cumul. Set Winner,2,2
2021,2021-wimbledon-1137,M,2,3,2,Cumul. Set Winner,2,1
2021,2021-wimbledon-1137,M,2,3,3,Cumul. Set Winner,2,0
2021,2021-wimbledon-1137,M,2,3,1,Cumul. Unf. Error,2,2
2021,2021-wimbledon-1137,M,2,3,2,Cumul. Unf. Error,2,1
2021,2021-wimbledon-1137,M,2,3,3,Cumul. Unf. Error,2,0
2021,2021-wimbledon-1137,M,2,3,1,Dynamic Model,2,2
2021,2021-wimbledon-1137,M,2,3,2,Dynamic Model,2,1
2021,2021-wimbledon-1137,M,2,3,3,Dynamic Model,2,0
2021,2021-wimbledon-1138,M,2,3,1,Cumul. Point Winner,2,2
2021,2021-wimbledon-1138,M,2,3,2,Cumul. Point Winner,2,1
2021,2021-wimbledon-1138,M,2,3,3,Cumul. Point Winner,2,0
2021,2021-wimbledon-1138,M,2,3,1,Cumul. Game Winner,2,2
2021,2021-wimbledon-1138,M,2,3,2,Cumul. Game Winner,2,1
2021,2021-wimbledon-1138,M,2,3,3,Cumul. Game Winner,2,0
2021,2021-wimbledon-1138,M,2,3,1,Set Winner,2,2
2021,2021-wimbledon-1138,M,2,3,2,Set Winner,2,1
2021,2021-wimbledon-1138,M,2,3,3,Set Winner,2,0
2021,2021-wimbledon-1138,M,2,3,1,Cumul. Set Winner,2,2
2021,2021-wimbledon-1138,M,2,3,2,Cumul. Set Winner,2,1
2021,2021-wimbledon-1138,M,2,3,3,Cumul. Set Winner,2,0
2021,2021-wimbledon-1138,M,2,3,1,Cumul. Unf. Error,2,2
2021,2021-wimbledon-1138,M,2,3,2,Cumul. Unf. Error,2,1
2021,2021-wimbledon-1138,M,2,3,3,Cumul. Unf. Error,2,0
2021,2021-wimbledon-1138,M,2,3,1,Dynamic Model,2,2
2021,2021-wimbledon-1138,M,2,3,2,Dynamic Model,2,1
2021,2021-wimbledon-1138,M,2,3,3,Dynamic Model,2,0
2021,2021-wimbledon-1139,M,1,3,1,Cumul. Point Winner,1,2
2021,2021-wimbledon-1139,M,1,3,2,Cumul. Point Winner,1,1
2021,2021-wimbledon-1139,M,1,3,3,Cumul. Point Winner,1,0
2021,2021-wimbledon-1139,M,1,3,1,Cumul. Game Winner,1,2
2021,2021-wimbledon-1139,M,1,3,2,Cumul. Game Winner,1,1
2021,2021-wimbledon-1139,M,1,3,3,Cumul. Game Winner,1,0
2021,2021-wimbledon-1139,M,1,3,1,Set Winner,1,2
2021,2021-wimbledon-1139,M,1,3,2,Set Winner,1,1
2021,2021-wimbledon-1139,M,1,3,3,Set Winner,1,0
2021,2021-wimbledon-1139,M,1,3,1,Cumul. Set Winner,1,2
2021,2021-wimbledon-1139,M,1,3,2,Cumul. Set Winner,1,1
2021,2021-wimbledon-1139,M,1,3,3,Cumul. Set Winner,1,0
2021,2021-wimbledon-1139,M,1,3,1,Cumul. Unf. Error,1,2
2021,2021-wimbledon-1139,M,1,3,2,Cumul. Unf. Error,1,1
2021,2021-wimbledon-1139,M,1,3,3,Cumul. Unf. Error,1,0
2021,2021-wimbledon-1139,M,1,3,1,Dynamic Model,1,2
2021,2021-wimbledon-1139,M,1,3,2,Dynamic Model,1,1
2021,2021-wimbledon-1139,M,1,3,3,Dynamic Model,1,0
2021,2021-wimbledon-1140,M,1,5,1,Cumul. Point Winner,1,4
2021,2021-wimbledon-1140,M,1,5,2,Cumul. Point Winner,1,3
2021,2021-wimbledon-1140,M,1,5,3,Cumul. Point Winner,2,2
2021,2021-wimbledon-1140,M,1,5,4,Cumul. Point Winner,2,1
2021,2021-wimbledon-1140,M,1,5,5,Cumul. Point Winner,1,0
2021,2021-wimbledon-1140,M,1,5,1,Cumul. Game Winner,1,4
2021,2021-wimbledon-1140,M,1,5,2,Cumul. Game Winner,1,3
2021,2021-wimbledon-1140,M,1,5,3,Cumul. Game Winner,2,2
2021,2021-wimbledon-1140,M,1,5,4,Cumul. Game Winner,2,1
2021,2021-wimbledon-1140,M,1,5,5,Cumul. Game Winner,2,0
2021,2021-wimbledon-1140,M,1,5,1,Set Winner,1,4
2021,2021-wimbledon-1140,M,1,5,2,Set Winner,1,3
2021,2021-wimbledon-1140,M,1,5,3,Set Winner,2,2
2021,2021-wimbledon-1140,M,1,5,4,Set Winner,2,1
2021,2021-wimbledon-1140,M,1,5,5,Set Winner,1,0
2021,2021-wimbledon-1140,M,1,5,1,Cumul. Set Winner,1,4
2021,2021-wimbledon-1140,M,1,5,2,Cumul. Set Winner,1,3
2021,2021-wimbledon-1140,M,1,5,3,Cumul. Set Winner,1,2
2021,2021-wimbledon-1140,M,1,5,4,Cumul. Set Winner,1,1
2021,2021-wimbledon-1140,M,1,5,5,Cumul. Set Winner,1,0
2021,2021-wimbledon-1140,M,1,5,1,Cumul. Unf. Error,1,4
2021,2021-wimbledon-1140,M,1,5,2,Cumul. Unf. Error,1,3
2021,2021-wimbledon-1140,M,1,5,3,Cumul. Unf. Error,1,2
2021,2021-wimbledon-1140,M,1,5,4,Cumul. Unf. Error,1,1
2021,2021-wimbledon-1140,M,1,5,5,Cumul. Unf. Error,1,0
2021,2021-wimbledon-1140,M,1,5,1,Dynamic Model,1,4
2021,2021-wimbledon-1140,M,1,5,2,Dynamic Model,1,3
2021,2021-wimbledon-1140,M,1,5,3,Dynamic Model,1,2
2021,2021-wimbledon-1140,M,1,5,4,Dynamic Model,2,1
2021,2021-wimbledon-1140,M,1,5,5,Dynamic Model,1,0
2021,2021-wimbledon-1141,M,1,3,1,Cumul. Point Winner,1,2
2021,2021-wimbledon-1141,M,1,3,2,Cumul. Point Winner,1,1
2021,2021-wimbledon-1141,M,1,3,3,Cumul. Point Winner,1,0
2021,2021-wimbledon-1141,M,1,3,1,Cumul. Game Winner,1,2
2021,2021-wimbledon-1141,M,1,3,2,Cumul. Game Winner,1,1
2021,2021-wimbledon-1141,M,1,3,3,Cumul. Game Winner,1,0
2021,2021-wimbledon-1141,M,1,3,1,Set Winner,1,2
2021,2021-wimbledon-1141,M,1,3,2,Set Winner,1,1
2021,2021-wimbledon-1141,M,1,3,3,Set Winner,1,0
2021,2021-wimbledon-1141,M,1,3,1,Cumul. Set Winner,1,2
2021,2021-wimbledon-1141,M,1,3,2,Cumul. Set Winner,1,1
2021,2021-wimbledon-1141,M,1,3,3,Cumul. Set Winner,1,0
2021,2021-wimbledon-1141,M,1,3,1,Cumul. Unf. Error,1,2
2021,2021-wimbledon-1141,M,1,3,2,Cumul. Unf. Error,1,1
2021,2021-wimbledon-1141,M,1,3,3,Cumul. Unf. Error,1,0
2021,2021-wimbledon-1141,M,1,3,1,Dynamic Model,1,2
2021,2021-wimbledon-1141,M,1,3,2,Dynamic Model,1,1
2021,2021-wimbledon-1141,M,1,3,3,Dynamic Model,1,0
2021,2021-wimbledon-1142,M,2,5,1,Cumul. Point Winner,2,4
2021,2021-wimbledon-1142,M,2,5,2,Cumul. Point Winner,2,3
2021,2021-wimbledon-1142,M,2,5,3,Cumul. Point Winner,2,2
2021,2021-wimbledon-1142,M,2,5,4,Cumul. Point Winner,2,1
2021,2021-wimbledon-1142,M,2,5,5,Cumul. Point Winner,2,0
2021,2021-wimbledon-1142,M,2,5,1,Cumul. Game Winner,2,4
2021,2021-wimbledon-1142,M,2,5,2,Cumul. Game Winner,2,3
2021,2021-wimbledon-1142,M,2,5,3,Cumul. Game Winner,1,2
2021,2021-wimbledon-1142,M,2,5,4,Cumul. Game Winner,2,1
2021,2021-wimbledon-1142,M,2,5,5,Cumul. Game Winner,2,0
2021,2021-wimbledon-1142,M,2,5,1,Set Winner,2,4
2021,2021-wimbledon-1142,M,2,5,2,Set Winner,1,3
2021,2021-wimbledon-1142,M,2,5,3,Set Winner,1,2
2021,2021-wimbledon-1142,M,2,5,4,Set Winner,2,1
2021,2021-wimbledon-1142,M,2,5,5,Set Winner,2,0
2021,2021-wimbledon-1142,M,2,5,1,Cumul. Set Winner,2,4
2021,2021-wimbledon-1142,M,2,5,2,Cumul. Set Winner,2,3
2021,2021-wimbledon-1142,M,2,5,3,Cumul. Set Winner,1,2
2021,2021-wimbledon-1142,M,2,5,4,Cumul. Set Winner,1,1
2021,2021-wimbledon-1142,M,2,5,5,Cumul. Set Winner,2,0
2021,2021-wimbledon-1142,M,2,5,1,Cumul. Unf. Error,2,4
2021,2021-wimbledon-1142,M,2,5,2,Cumul. Unf. Error,2,3
2021,2021-wimbledon-1142,M,2,5,3,Cumul. Unf. Error,2,2
2021,2021-wimbledon-1142,M,2,5,4,Cumul. Unf. Error,2,1
2021,2021-wimbledon-1142,M,2,5,5,Cumul. Unf. Error,2,0
2021,2021-wimbledon-1142,M,2,5,1,Dynamic Model,2,4
2021,2021-wimbledon-1142,M,2,5,2,Dynamic Model,2,3
2021,2021-wimbledon-1142,M,2,5,3,Dynamic Model,2,2
2021,2021-wimbledon-1142,M,2,5,4,Dynamic Model,2,1
2021,2021-wimbledon-1142,M,2,5,5,Dynamic Model,2,0
2021,2021-wimbledon-1143,M,2,4,1,Cumul. Point Winner,2,3
2021,2021-wimbledon-1143,M,2,4,2,Cumul. Point Winner,2,2
2021,2021-wimbledon-1143,M,2,4,3,Cumul. Point Winner,2,1
2021,2021-wimbledon-1143,M,2,4,4,Cumul. Point Winner,2,0
2021,2021-wimbledon-1143,M,2,4,1,Cumul. Game Winner,2,3
2021,2021-wimbledon-1143,M,2,4,2,Cumul. Game Winner,2,2
2021,2021-wimbledon-1143,M,2,4,3,Cumul. Game Winner,2,1
2021,2021-wimbledon-1143,M,2,4,4,Cumul. Game Winner,2,0
2021,2021-wimbledon-1143,M,2,4,1,Set Winner,2,3
2021,2021-wimbledon-1143,M,2,4,2,Set Winner,2,2
2021,2021-wimbledon-1143,M,2,4,3,Set Winner,1,1
2021,2021-wimbledon-1143,M,2,4,4,Set Winner,1,0
2021,2021-wimbledon-1143,M,2,4,1,Cumul. Set Winner,2,3
2021,2021-wimbledon-1143,M,2,4,2,Cumul. Set Winner,2,2
2021,2021-wimbledon-1143,M,2,4,3,Cumul. Set Winner,2,1
2021,2021-wimbledon-1143,M,2,4,4,Cumul. Set Winner,2,0
2021,2021-wimbledon-1143,M,2,4,1,Cumul. Unf. Error,1,3
2021,2021-wimbledon-1143,M,2,4,2,Cumul. Unf. Error,1,2
2021,2021-wimbledon-1143,M,2,4,3,Cumul. Unf. Error,1,1
2021,2021-wimbledon-1143,M,2,4,4,Cumul. Unf. Error,1,0
2021,2021-wimbledon-1143,M,2,4,1,Dynamic Model,2,3
2021,2021-wimbledon-1143,M,2,4,2,Dynamic Model,2,2
2021,2021-wimbledon-1143,M,2,4,3,Dynamic Model,2,1
2021,2021-wimbledon-1143,M,2,4,4,Dynamic Model,2,0
2021,2021-wimbledon-1144,M,1,5,1,Cumul. Point Winner,1,4
2021,2021-wimbledon-1144,M,1,5,2,Cumul. Point Winner,1,3
2021,2021-wimbledon-1144,M,1,5,3,Cumul. Point Winner,1,2
2021,2021-wimbledon-1144,M,1,5,4,Cumul. Point Winner,1,1
2021,2021-wimbledon-1144,M,1,5,5,Cumul. Point Winner,1,0
2021,2021-wimbledon-1144,M,1,5,1,Cumul. Game Winner,1,4
2021,2021-wimbledon-1144,M,1,5,2,Cumul. Game Winner,1,3
2021,2021-wimbledon-1144,M,1,5,3,Cumul. Game Winner,2,2
2021,2021-wimbledon-1144,M,1,5,4,Cumul. Game Winner,1,1
2021,2021-wimbledon-1144,M,1,5,5,Cumul. Game Winner,1,0
2021,2021-wimbledon-1144,M,1,5,1,Set Winner,1,4
2021,2021-wimbledon-1144,M,1,5,2,Set Winner,2,3
2021,2021-wimbledon-1144,M,1,5,3,Set Winner,2,2
2021,2021-wimbledon-1144,M,1,5,4,Set Winner,1,1
2021,2021-wimbledon-1144,M,1,5,5,Set Winner,1,0
2021,2021-wimbledon-1144,M,1,5,1,Cumul. Set Winner,1,4
2021,2021-wimbledon-1144,M,1,5,2,Cumul. Set Winner,1,3
2021,2021-wimbledon-1144,M,1,5,3,Cumul. Set Winner,2,2
2021,2021-wimbledon-1144,M,1,5,4,Cumul. Set Winner,2,1
2021,2021-wimbledon-1144,M,1,5,5,Cumul. Set Winner,1,0
2021,2021-wimbledon-1144,M,1,5,1,Cumul. Unf. Error,1,4
2021,2021-wimbledon-1144,M,1,5,2,Cumul. Unf. Error,1,3
2021,2021-wimbledon-1144,M,1,5,3,Cumul. Unf. Error,1,2
2021,2021-wimbledon-1144,M,1,5,4,Cumul. Unf. Error,1,1
2021,2021-wimbledon-1144,M,1,5,5,Cumul. Unf. Error,1,0
2021,2021-wimbledon-1144,M,1,5,1,Dynamic Model,1,4
2021,2021-wimbledon-1144,M,1,5,2,Dynamic Model,1,3
2021,2021-wimbledon-1144,M,1,5,3,Dynamic Model,2,2
2021,2021-wimbledon-1144,M,1,5,4,Dynamic Model,1,1
2021,2021-wimbledon-1144,M,1,5,5,Dynamic Model,1,0
2021,2021-wimbledon-1145,M,1,4,1,Cumul. Point Winner,1,3
2021,2021-wimbledon-1145,M,1,4,2,Cumul. Point Winner,2,2
2021,2021-wimbledon-1145,M,1,4,3,Cumul. Point Winner,2,1
2021,2021-wimbledon-1145,M,1,4,4,Cumul. Point Winner,1,0
2021,2021-wimbledon-1145,M,1,4,1,Cumul. Game Winner,1,3
2021,2021-wimbledon-1145,M,1,4,2,Cumul. Game Winner,2,2
2021,2021-wimbledon-1145,M,1,4,3,Cumul. Game Winner,1,1
2021,2021-wimbledon-1145,M,1,4,4,Cumul. Game Winner,1,0
2021,2021-wimbledon-1145,M,1,4,1,Set Winner,1,3
2021,2021-wimbledon-1145,M,1,4,2,Set Winner,2,2
2021,2021-wimbledon-1145,M,1,4,3,Set Winner,1,1
2021,2021-wimbledon-1145,M,1,4,4,Set Winner,1,0
2021,2021-wimbledon-1145,M,1,4,1,Cumul. Set Winner,1,3
2021,2021-wimbledon-1145,M,1,4,2,Cumul. Set Winner,1,2
2021,2021-wimbledon-1145,M,1,4,3,Cumul. Set Winner,1,1
2021,2021-wimbledon-1145,M,1,4,4,Cumul. Set Winner,1,0
2021,2021-wimbledon-1145,M,1,4,1,Cumul. Unf. Error,1,3
2021,2021-wimbledon-1145,M,1,4,2,Cumul. Unf. Error,1,2
2021,2021-wimbledon-1145,M,1,4,3,Cumul. Unf. Error,1,1
2021,2021-wimbledon-1145,M,1,4,4,Cumul. Unf. Error,1,0
2021,2021-wimbledon-1145,M,1,4,1,Dynamic Model,1,3
2021,2021-wimbledon-1145,M,1,4,2,Dynamic Model,1,2
2021,2021-wimbledon-1145,M,1,4,3,Dynamic Model,1,1
2021,2021-wimbledon-1145,M,1,4,4,Dynamic Model,1,0
2021,2021-wimbledon-1146,M,1,3,1,Cumul. Point Winner,1,2
2021,2021-wimbledon-1146,M,1,3,2,Cumul. Point Winner,1,1
2021,2021-wimbledon-1146,M,1,3,3,Cumul. Point Winner,1,0
2021,2021-wimbledon-1146,M,1,3,1,Cumul. Game Winner,1,2
2021,2021-wimbledon-1146,M,1,3,2,Cumul. Game Winner,1,1
2021,2021-wimbledon-1146,M,1,3,3,Cumul. Game Winner,1,0
2021,2021-wimbledon-1146,M,1,3,1,Set Winner,1,2
2021,2021-wimbledon-1146,M,1,3,2,Set Winner,1,1
2021,2021-wimbledon-1146,M,1,3,3,Set Winner,1,0
2021,2021-wimbledon-1146,M,1,3,1,Cumul. Set Winner,1,2
2021,2021-wimbledon-1146,M,1,3,2,Cumul. Set Winner,1,1
2021,2021-wimbledon-1146,M,1,3,3,Cumul. Set Winner,1,0
2021,2021-wimbledon-1146,M,1,3,1,Cumul. Unf. Error,1,2
2021,2021-wimbledon-1146,M,1,3,2,Cumul. Unf. Error,1,1
2021,2021-wimbledon-1146,M,1,3,3,Cumul. Unf. Error,1,0
2021,2021-wimbledon-1146,M,1,3,1,Dynamic Model,1,2
2021,2021-wimbledon-1146,M,1,3,2,Dynamic Model,1,1
2021,2021-wimbledon-1146,M,1,3,3,Dynamic Model,1,0
2021,2021-wimbledon-1148,M,2,3,1,Cumul. Point Winner,2,2
2021,2021-wimbledon-1148,M,2,3,2,Cumul. Point Winner,2,1
2021,2021-wimbledon-1148,M,2,3,3,Cumul. Point Winner,2,0
2021,2021-wimbledon-1148,M,2,3,1,Cumul. Game Winner,2,2
2021,2021-wimbledon-1148,M,2,3,2,Cumul. Game Winner,2,1
2021,2021-wimbledon-1148,M,2,3,3,Cumul. Game Winner,2,0
2021,2021-wimbledon-1148,M,2,3,1,Set Winner,2,2
2021,2021-wimbledon-1148,M,2,3,2,Set Winner,2,1
2021,2021-wimbledon-1148,M,2,3,3,Set Winner,2,0
2021,2021-wimbledon-1148,M,2,3,1,Cumul. Set Winner,2,2
2021,2021-wimbledon-1148,M,2,3,2,Cumul. Set Winner,2,1
2021,2021-wimbledon-1148,M,2,3,3,Cumul. Set Winner,2,0
2021,2021-wimbledon-1148,M,2,3,1,Cumul. Unf. Error,2,2
2021,2021-wimbledon-1148,M,2,3,2,Cumul. Unf. Error,2,1
2021,2021-wimbledon-1148,M,2,3,3,Cumul. Unf. Error,2,0
2021,2021-wimbledon-1148,M,2,3,1,Dynamic Model,2,2
2021,2021-wimbledon-1148,M,2,3,2,Dynamic Model,2,1
2021,2021-wimbledon-1148,M,2,3,3,Dynamic Model,2,0
2021,2021-wimbledon-1150,M,1,4,1,Cumul. Point Winner,1,3
2021,2021-wimbledon-1150,M,1,4,2,Cumul. Point Winner,2,2
2021,2021-wimbledon-1150,M,1,4,3,Cumul. Point Winner,1,1
2021,2021-wimbledon-1150,M,1,4,4,Cumul. Point Winner,1,0
2021,2021-wimbledon-1150,M,1,4,1,Cumul. Game Winner,1,3
2021,2021-wimbledon-1150,M,1,4,2,Cumul. Game Winner,2,2
2021,2021-wimbledon-1150,M,1,4,3,Cumul. Game Winner,1,1
2021,2021-wimbledon-1150,M,1,4,4,Cumul. Game Winner,1,0
2021,2021-wimbledon-1150,M,1,4,1,Set Winner,1,3
2021,2021-wimbledon-1150,M,1,4,2,Set Winner,2,2
2021,2021-wimbledon-1150,M,1,4,3,Set Winner,1,1
2021,2021-wimbledon-1150,M,1,4,4,Set Winner,1,0
2021,2021-wimbledon-1150,M,1,4,1,Cumul. Set Winner,1,3
2021,2021-wimbledon-1150,M,1,4,2,Cumul. Set Winner,1,2
2021,2021-wimbledon-1150,M,1,4,3,Cumul. Set Winner,1,1
2021,2021-wimbledon-1150,M,1,4,4,Cumul. Set Winner,1,0
2021,2021-wimbledon-1150,M,1,4,1,Cumul. Unf. Error,1,3
2021,2021-wimbledon-1150,M,1,4,2,Cumul. Unf. Error,1,2
2021,2021-wimbledon-1150,M,1,4,3,Cumul. Unf. Error,1,1
2021,2021-wimbledon-1150,M,1,4,4,Cumul. Unf. Error,1,0
2021,2021-wimbledon-1150,M,1,4,1,Dynamic Model,1,3
2021,2021-wimbledon-1150,M,1,4,2,Dynamic Model,2,2
2021,2021-wimbledon-1150,M,1,4,3,Dynamic Model,1,1
2021,2021-wimbledon-1150,M,1,4,4,Dynamic Model,1,0
2021,2021-wimbledon-1151,M,2,3,1,Cumul. Point Winner,2,2
2021,2021-wimbledon-1151,M,2,3,2,Cumul. Point Winner,2,1
2021,2021-wimbledon-1151,M,2,3,3,Cumul. Point Winner,2,0
2021,2021-wimbledon-1151,M,2,3,1,Cumul. Game Winner,2,2
2021,2021-wimbledon-1151,M,2,3,2,Cumul. Game Winner,2,1
2021,2021-wimbledon-1151,M,2,3,3,Cumul. Game Winner,2,0
2021,2021-wimbledon-1151,M,2,3,1,Set Winner,2,2
2021,2021-wimbledon-1151,M,2,3,2,Set Winner,2,1
2021,2021-wimbledon-1151,M,2,3,3,Set Winner,2,0
2021,2021-wimbledon-1151,M,2,3,1,Cumul. Set Winner,2,2
2021,2021-wimbledon-1151,M,2,3,2,Cumul. Set Winner,2,1
2021,2021-wimbledon-1151,M,2,3,3,Cumul. Set Winner,2,0
2021,2021-wimbledon-1151,M,2,3,1,Cumul. Unf. Error,1,2
2021,2021-wimbledon-1151,M,2,3,2,Cumul. Unf. Error,1,1
2021,2021-wimbledon-1151,M,2,3,3,Cumul. Unf. Error,2,0
2021,2021-wimbledon-1151,M,2,3,1,Dynamic Model,2,2
2021,2021-wimbledon-1151,M,2,3,2,Dynamic Model,2,1
2021,2021-wimbledon-1151,M,2,3,3,Dynamic Model,2,0
2021,2021-wimbledon-1152,M,2,4,1,Cumul. Point Winner,1,3
2021,2021-wimbledon-1152,M,2,4,2,Cumul. Point Winner,1,2
2021,2021-wimbledon-1152,M,2,4,3,Cumul. Point Winner,2,1
2021,2021-wimbledon-1152,M,2,4,4,Cumul. Point Winner,2,0
2021,2021-wimbledon-1152,M,2,4,1,Cumul. Game Winner,1,3
2021,2021-wimbledon-1152,M,2,4,2,Cumul. Game Winner,1,2
2021,2021-wimbledon-1152,M,2,4,3,Cumul. Game Winner,1,1
2021,2021-wimbledon-1152,M,2,4,4,Cumul. Game Winner,2,0
2021,2021-wimbledon-1152,M,2,4,1,Set Winner,1,3
2021,2021-wimbledon-1152,M,2,4,2,Set Winner,1,2
2021,2021-wimbledon-1152,M,2,4,3,Set Winner,2,1
2021,2021-wimbledon-1152,M,2,4,4,Set Winner,2,0
2021,2021-wimbledon-1152,M,2,4,1,Cumul. Set Winner,1,3
2021,2021-wimbledon-1152,M,2,4,2,Cumul. Set Winner,1,2
2021,2021-wimbledon-1152,M,2,4,3,Cumul. Set Winner,1,1
2021,2021-wimbledon-1152,M,2,4,4,Cumul. Set Winner,1,0
2021,2021-wimbledon-1152,M,2,4,1,Cumul. Unf. Error,1,3
2021,2021-wimbledon-1152,M,2,4,2,Cumul. Unf. Error,1,2
2021,2021-wimbledon-1152,M,2,4,3,Cumul. Unf. Error,2,1
2021,2021-wimbledon-1152,M,2,4,4,Cumul. Unf. Error,2,0
2021,2021-wimbledon-1152,M,2,4,1,Dynamic Model,1,3
2021,2021-wimbledon-1152,M,2,4,2,Dynamic Model,1,2
2021,2021-wimbledon-1152,M,2,4,3,Dynamic Model,2,1
2021,2021-wimbledon-1152,M,2,4,4,Dynamic Model,2,0
2021,2021-wimbledon-1153,M,1,3,1,Cumul. Point Winner,1,2
2021,2021-wimbledon-1153,M,1,3,2,Cumul. Point Winner,1,1
2021,2021-wimbledon-1153,M,1,3,3,Cumul. Point Winner,1,0
2021,2021-wimbledon-1153,M,1,3,1,Cumul. Game Winner,1,2
2021,2021-wimbledon-1153,M,1,3,2,Cumul. Game Winner,1,1
2021,2021-wimbledon-1153,M,1,3,3,Cumul. Game Winner,1,0
2021,2021-wimbledon-1153,M,1,3,1,Set Winner,1,2
2021,2021-wimbledon-1153,M,1,3,2,Set Winner,1,1
2021,2021-wimbledon-1153,M,1,3,3,Set Winner,1,0
2021,2021-wimbledon-1153,M,1,3,1,Cumul. Set Winner,1,2
2021,2021-wimbledon-1153,M,1,3,2,Cumul. Set Winner,1,1
2021,2021-wimbledon-1153,M,1,3,3,Cumul. Set Winner,1,0
2021,2021-wimbledon-1153,M,1,3,1,Cumul. Unf. Error,1,2
2021,2021-wimbledon-1153,M,1,3,2,Cumul. Unf. Error,1,1
2021,2021-wimbledon-1153,M,1,3,3,Cumul. Unf. Error,1,0
2021,2021-wimbledon-1153,M,1,3,1,Dynamic Model,1,2
2021,2021-wimbledon-1153,M,1,3,2,Dynamic Model,1,1
2021,2021-wimbledon-1153,M,1,3,3,Dynamic Model,1,0
2021,2021-wimbledon-1154,M,1,4,1,Cumul. Point Winner,1,3
2021,2021-wimbledon-1154,M,1,4,2,Cumul. Point Winner,2,2
2021,2021-wimbledon-1154,M,1,4,3,Cumul. Point Winner,1,1
2021,2021-wimbledon-1154,M,1,4,4,Cumul. Point Winner,1,0
2021,2021-wimbledon-1154,M,1,4,1,Cumul. Game Winner,1,3
2021,2021-wimbledon-1154,M,1,4,2,Cumul. Game Winner,1,2
2021,2021-wimbledon-1154,M,1,4,3,Cumul. Game Winner,1,1
2021,2021-wimbledon-1154,M,1,4,4,Cumul. Game Winner,1,0
2021,2021-wimbledon-1154,M,1,4,1,Set Winner,1,3
2021,2021-wimbledon-1154,M,1,4,2,Set Winner,2,2
2021,2021-wimbledon-1154,M,1,4,3,Set Winner,1,1
2021,2021-wimbledon-1154,M,1,4,4,Set Winner,1,0
2021,2021-wimbledon-1154,M,1,4,1,Cumul. Set Winner,1,3
2021,2021-wimbledon-1154,M,1,4,2,Cumul. Set Winner,1,2
2021,2021-wimbledon-1154,M,1,4,3,Cumul. Set Winner,1,1
2021,2021-wimbledon-1154,M,1,4,4,Cumul. Set Winner,1,0
2021,2021-wimbledon-1154,M,1,4,1,Cumul. Unf. Error,2,3
2021,2021-wimbledon-1154,M,1,4,2,Cumul. Unf. Error,2,2
2021,2021-wimbledon-1154,M,1,4,3,Cumul. Unf. Error,2,1
2021,2021-wimbledon-1154,M,1,4,4,Cumul. Unf. Error,2,0
2021,2021-wimbledon-1154,M,1,4,1,Dynamic Model,1,3
2021,2021-wimbledon-1154,M,1,4,2,Dynamic Model,2,2
2021,2021-wimbledon-1154,M,1,4,3,Dynamic Model,1,1
2021,2021-wimbledon-1154,M,1,4,4,Dynamic Model,1,0
2021,2021-wimbledon-1155,M,1,3,1,Cumul. Point Winner,1,2
2021,2021-wimbledon-1155,M,1,3,2,Cumul. Point Winner,1,1
2021,2021-wimbledon-1155,M,1,3,3,Cumul. Point Winner,1,0
2021,2021-wimbledon-1155,M,1,3,1,Cumul. Game Winner,1,2
2021,2021-wimbledon-1155,M,1,3,2,Cumul. Game Winner,1,1
2021,2021-wimbledon-1155,M,1,3,3,Cumul. Game Winner,1,0
2021,2021-wimbledon-1155,M,1,3,1,Set Winner,1,2
2021,2021-wimbledon-1155,M,1,3,2,Set Winner,1,1
2021,2021-wimbledon-1155,M,1,3,3,Set Winner,1,0
2021,2021-wimbledon-1155,M,1,3,1,Cumul. Set Winner,1,2
2021,2021-wimbledon-1155,M,1,3,2,Cumul. Set Winner,1,1
2021,2021-wimbledon-1155,M,1,3,3,Cumul. Set Winner,1,0
2021,2021-wimbledon-1155,M,1,3,1,Cumul. Unf. Error,1,2
2021,2021-wimbledon-1155,M,1,3,2,Cumul. Unf. Error,1,1
2021,2021-wimbledon-1155,M,1,3,3,Cumul. Unf. Error,1,0
2021,2021-wimbledon-1155,M,1,3,1,Dynamic Model,1,2
2021,2021-wimbledon-1155,M,1,3,2,Dynamic Model,1,1
2021,2021-wimbledon-1155,M,1,3,3,Dynamic Model,1,0
2021,2021-wimbledon-1156,M,1,3,1,Cumul. Point Winner,2,2
2021,2021-wimbledon-1156,M,1,3,2,Cumul. Point Winner,1,1
2021,2021-wimbledon-1156,M,1,3,3,Cumul. Point Winner,1,0
2021,2021-wimbledon-1156,M,1,3,1,Cumul. Game Winner,1,2
2021,2021-wimbledon-1156,M,1,3,2,Cumul. Game Winner,1,1
2021,2021-wimbledon-1156,M,1,3,3,Cumul. Game Winner,1,0
2021,2021-wimbledon-1156,M,1,3,1,Set Winner,1,2
2021,2021-wimbledon-1156,M,1,3,2,Set Winner,1,1
2021,2021-wimbledon-1156,M,1,3,3,Set Winner,1,0
2021,2021-wimbledon-1156,M,1,3,1,Cumul. Set Winner,1,2
2021,2021-wimbledon-1156,M,1,3,2,Cumul. Set Winner,1,1
2021,2021-wimbledon-1156,M,1,3,3,Cumul. Set Winner,1,0
2021,2021-wimbledon-1156,M,1,3,1,Cumul. Unf. Error,2,2
2021,2021-wimbledon-1156,M,1,3,2,Cumul. Unf. Error,2,1
2021,2021-wimbledon-1156,M,1,3,3,Cumul. Unf. Error,2,0
2021,2021-wimbledon-1156,M,1,3,1,Dynamic Model,1,2
2021,2021-wimbledon-1156,M,1,3,2,Dynamic Model,1,1
2021,2021-wimbledon-1156,M,1,3,3,Dynamic Model,1,0
2021,2021-wimbledon-1157,M,1,3,1,Cumul. Point Winner,1,2
2021,2021-wimbledon-1157,M,1,3,2,Cumul. Point Winner,1,1
2021,2021-wimbledon-1157,M,1,3,3,Cumul. Point Winner,1,0
2021,2021-wimbledon-1157,M,1,3,1,Cumul. Game Winner,1,2
2021,2021-wimbledon-1157,M,1,3,2,Cumul. Game Winner,1,1
2021,2021-wimbledon-1157,M,1,3,3,Cumul. Game Winner,1,0
2021,2021-wimbledon-1157,M,1,3,1,Set Winner,1,2
2021,2021-wimbledon-1157,M,1,3,2,Set Winner,1,1
2021,2021-wimbledon-1157,M,1,3,3,Set Winner,1,0
2021,2021-wimbledon-1157,M,1,3,1,Cumul. Set Winner,1,2
2021,2021-wimbledon-1157,M,1,3,2,Cumul. Set Winner,1,1
2021,2021-wimbledon-1157,M,1,3,3,Cumul. Set Winner,1,0
2021,2021-wimbledon-1157,M,1,3,1,Cumul. Unf. Error,2,2
2021,2021-wimbledon-1157,M,1,3,2,Cumul. Unf. Error,2,1
2021,2021-wimbledon-1157,M,1,3,3,Cumul. Unf. Error,1,0
2021,2021-wimbledon-1157,M,1,3,1,Dynamic Model,1,2
2021,2021-wimbledon-1157,M,1,3,2,Dynamic Model,1,1
2021,2021-wimbledon-1157,M,1,3,3,Dynamic Model,1,0
2021,2021-wimbledon-1158,M,2,5,1,Cumul. Point Winner,2,4
2021,2021-wimbledon-1158,M,2,5,2,Cumul. Point Winner,1,3
2021,2021-wimbledon-1158,M,2,5,3,Cumul. Point Winner,2,2
2021,2021-wimbledon-1158,M,2,5,4,Cumul. Point Winner,1,1
2021,2021-wimbledon-1158,M,2,5,5,Cumul. Point Winner,1,0
2021,2021-wimbledon-1158,M,2,5,1,Cumul. Game Winner,2,4
2021,2021-wimbledon-1158,M,2,5,2,Cumul. Game Winner,1,3
2021,2021-wimbledon-1158,M,2,5,3,Cumul. Game Winner,2,2
2021,2021-wimbledon-1158,M,2,5,4,Cumul. Game Winner,1,1
2021,2021-wimbledon-1158,M,2,5,5,Cumul. Game Winner,1,0
2021,2021-wimbledon-1158,M,2,5,1,Set Winner,2,4
2021,2021-wimbledon-1158,M,2,5,2,Set Winner,1,3
2021,2021-wimbledon-1158,M,2,5,3,Set Winner,2,2
2021,2021-wimbledon-1158,M,2,5,4,Set Winner,1,1
2021,2021-wimbledon-1158,M,2,5,5,Set Winner,2,0
2021,2021-wimbledon-1158,M,2,5,1,Cumul. Set Winner,2,4
2021,2021-wimbledon-1158,M,2,5,2,Cumul. Set Winner,2,3
2021,2021-wimbledon-1158,M,2,5,3,Cumul. Set Winner,2,2
2021,2021-wimbledon-1158,M,2,5,4,Cumul. Set Winner,2,1
2021,2021-wimbledon-1158,M,2,5,5,Cumul. Set Winner,2,0
2021,2021-wimbledon-1158,M,2,5,1,Cumul. Unf. Error,2,4
2021,2021-wimbledon-1158,M,2,5,2,Cumul. Unf. Error,1,3
2021,2021-wimbledon-1158,M,2,5,3,Cumul. Unf. Error,2,2
2021,2021-wimbledon-1158,M,2,5,4,Cumul. Unf. Error,2,1
2021,2021-wimbledon-1158,M,2,5,5,Cumul. Unf. Error,2,0
2021,2021-wimbledon-1158,M,2,5,1,Dynamic Model,2,4
2021,2021-wimbledon-1158,M,2,5,2,Dynamic Model,1,3
2021,2021-wimbledon-1158,M,2,5,3,Dynamic Model,2,2
2021,2021-wimbledon-1158,M,2,5,4,Dynamic Model,1,1
2021,2021-wimbledon-1158,M,2,5,5,Dynamic Model,2,0
2021,2021-wimbledon-1159,M,2,3,1,Cumul. Point Winner,2,2
2021,2021-wimbledon-1159,M,2,3,2,Cumul. Point Winner,2,1
2021,2021-wimbledon-1159,M,2,3,3,Cumul. Point Winner,2,0
2021,2021-wimbledon-1159,M,2,3,1,Cumul. Game Winner,2,2
2021,2021-wimbledon-1159,M,2,3,2,Cumul. Game Winner,2,1
2021,2021-wimbledon-1159,M,2,3,3,Cumul. Game Winner,2,0
2021,2021-wimbledon-1159,M,2,3,1,Set Winner,2,2
2021,2021-wimbledon-1159,M,2,3,2,Set Winner,2,1
2021,2021-wimbledon-1159,M,2,3,3,Set Winner,2,0
2021,2021-wimbledon-1159,M,2,3,1,Cumul. Set Winner,2,2
2021,2021-wimbledon-1159,M,2,3,2,Cumul. Set Winner,2,1
2021,2021-wimbledon-1159,M,2,3,3,Cumul. Set Winner,2,0
2021,2021-wimbledon-1159,M,2,3,1,Cumul. Unf. Error,1,2
2021,2021-wimbledon-1159,M,2,3,2,Cumul. Unf. Error,1,1
2021,2021-wimbledon-1159,M,2,3,3,Cumul. Unf. Error,1,0
2021,2021-wimbledon-1159,M,2,3,1,Dynamic Model,2,2
2021,2021-wimbledon-1159,M,2,3,2,Dynamic Model,2,1
2021,2021-wimbledon-1159,M,2,3,3,Dynamic Model,2,0
2021,2021-wimbledon-1160,M,2,4,1,Cumul. Point Winner,1,3
2021,2021-wimbledon-1160,M,2,4,2,Cumul. Point Winner,1,2
2021,2021-wimbledon-1160,M,2,4,3,Cumul. Point Winner,2,1
2021,2021-wimbledon-1160,M,2,4,4,Cumul. Point Winner,2,0
2021,2021-wimbledon-1160,M,2,4,1,Cumul. Game Winner,1,3
2021,2021-wimbledon-1160,M,2,4,2,Cumul. Game Winner,1,2
2021,2021-wimbledon-1160,M,2,4,3,Cumul. Game Winner,2,1
2021,2021-wimbledon-1160,M,2,4,4,Cumul. Game Winner,2,0
2021,2021-wimbledon-1160,M,2,4,1,Set Winner,1,3
2021,2021-wimbledon-1160,M,2,4,2,Set Winner,2,2
2021,2021-wimbledon-1160,M,2,4,3,Set Winner,2,1
2021,2021-wimbledon-1160,M,2,4,4,Set Winner,2,0
2021,2021-wimbledon-1160,M,2,4,1,Cumul. Set Winner,1,3
2021,2021-wimbledon-1160,M,2,4,2,Cumul. Set Winner,1,2
2021,2021-wimbledon-1160,M,2,4,3,Cumul. Set Winner,2,1
2021,2021-wimbledon-1160,M,2,4,4,Cumul. Set Winner,2,0
2021,2021-wimbledon-1160,M,2,4,1,Cumul. Unf. Error,1,3
2021,2021-wimbledon-1160,M,2,4,2,Cumul. Unf. Error,1,2
2021,2021-wimbledon-1160,M,2,4,3,Cumul. Unf. Error,2,1
2021,2021-wimbledon-1160,M,2,4,4,Cumul. Unf. Error,2,0
2021,2021-wimbledon-1160,M,2,4,1,Dynamic Model,1,3
2021,2021-wimbledon-1160,M,2,4,2,Dynamic Model,1,2
2021,2021-wimbledon-1160,M,2,4,3,Dynamic Model,2,1
2021,2021-wimbledon-1160,M,2,4,4,Dynamic Model,2,0
2021,2021-wimbledon-1161,M,1,3,1,Cumul. Point Winner,1,2
2021,2021-wimbledon-1161,M,1,3,2,Cumul. Point Winner,1,1
2021,2021-wimbledon-1161,M,1,3,3,Cumul. Point Winner,1,0
2021,2021-wimbledon-1161,M,1,3,1,Cumul. Game Winner,1,2
2021,2021-wimbledon-1161,M,1,3,2,Cumul. Game Winner,1,1
2021,2021-wimbledon-1161,M,1,3,3,Cumul. Game Winner,1,0
2021,2021-wimbledon-1161,M,1,3,1,Set Winner,1,2
2021,2021-wimbledon-1161,M,1,3,2,Set Winner,1,1
2021,2021-wimbledon-1161,M,1,3,3,Set Winner,1,0
2021,2021-wimbledon-1161,M,1,3,1,Cumul. Set Winner,1,2
2021,2021-wimbledon-1161,M,1,3,2,Cumul. Set Winner,1,1
2021,2021-wimbledon-1161,M,1,3,3,Cumul. Set Winner,1,0
2021,2021-wimbledon-1161,M,1,3,1,Cumul. Unf. Error,2,2
2021,2021-wimbledon-1161,M,1,3,2,Cumul. Unf. Error,2,1
2021,2021-wimbledon-1161,M,1,3,3,Cumul. Unf. Error,2,0
2021,2021-wimbledon-1161,M,1,3,1,Dynamic Model,1,2
2021,2021-wimbledon-1161,M,1,3,2,Dynamic Model,1,1
2021,2021-wimbledon-1161,M,1,3,3,Dynamic Model,1,0
2021,2021-wimbledon-1162,M,2,5,1,Cumul. Point Winner,2,4
2021,2021-wimbledon-1162,M,2,5,2,Cumul. Point Winner,1,3
2021,2021-wimbledon-1162,M,2,5,3,Cumul. Point Winner,1,2
2021,2021-wimbledon-1162,M,2,5,4,Cumul. Point Winner,2,1
2021,2021-wimbledon-1162,M,2,5,5,Cumul. Point Winner,2,0
2021,2021-wimbledon-1162,M,2,5,1,Cumul. Game Winner,2,4
2021,2021-wimbledon-1162,M,2,5,2,Cumul. Game Winner,2,3
2021,2021-wimbledon-1162,M,2,5,3,Cumul. Game Winner,1,2
2021,2021-wimbledon-1162,M,2,5,4,Cumul. Game Winner,2,1
2021,2021-wimbledon-1162,M,2,5,5,Cumul. Game Winner,2,0
2021,2021-wimbledon-1162,M,2,5,1,Set Winner,2,4
2021,2021-wimbledon-1162,M,2,5,2,Set Winner,1,3
2021,2021-wimbledon-1162,M,2,5,3,Set Winner,1,2
2021,2021-wimbledon-1162,M,2,5,4,Set Winner,2,1
2021,2021-wimbledon-1162,M,2,5,5,Set Winner,2,0
2021,2021-wimbledon-1162,M,2,5,1,Cumul. Set Winner,2,4
2021,2021-wimbledon-1162,M,2,5,2,Cumul. Set Winner,2,3
2021,2021-wimbledon-1162,M,2,5,3,Cumul. Set Winner,1,2
2021,2021-wimbledon-1162,M,2,5,4,Cumul. Set Winner,1,1
2021,2021-wimbledon-1162,M,2,5,5,Cumul. Set Winner,2,0
2021,2021-wimbledon-1162,M,2,5,1,Cumul. Unf. Error,2,4
2021,2021-wimbledon-1162,M,2,5,2,Cumul. Unf. Error,2,3
2021,2021-wimbledon-1162,M,2,5,3,Cumul. Unf. Error,1,2
2021,2021-wimbledon-1162,M,2,5,4,Cumul. Unf. Error,1,1
2021,2021-wimbledon-1162,M,2,5,5,Cumul. Unf. Error,2,0
2021,2021-wimbledon-1162,M,2,5,1,Dynamic Model,2,4
2021,2021-wimbledon-1162,M,2,5,2,Dynamic Model,1,3
2021,2021-wimbledon-1162,M,2,5,3,Dynamic Model,1,2
2021,2021-wimbledon-1162,M,2,5,4,Dynamic Model,1,1
2021,2021-wimbledon-1162,M,2,5,5,Dynamic Model,2,0
2021,2021-wimbledon-1163,M,2,5,1,Cumul. Point Winner,2,4
2021,2021-wimbledon-1163,M,2,5,2,Cumul. Point Winner,2,3
2021,2021-wimbledon-1163,M,2,5,3,Cumul. Point Winner,2,2
2021,2021-wimbledon-1163,M,2,5,4,Cumul. Point Winner,2,1
2021,2021-wimbledon-1163,M,2,5,5,Cumul. Point Winner,2,0
2021,2021-wimbledon-1163,M,2,5,1,Cumul. Game Winner,2,4
2021,2021-wimbledon-1163,M,2,5,2,Cumul. Game Winner,2,3
2021,2021-wimbledon-1163,M,2,5,3,Cumul. Game Winner,2,2
2021,2021-wimbledon-1163,M,2,5,4,Cumul. Game Winner,2,1
2021,2021-wimbledon-1163,M,2,5,5,Cumul. Game Winner,2,0
2021,2021-wimbledon-1163,M,2,5,1,Set Winner,2,4
2021,2021-wimbledon-1163,M,2,5,2,Set Winner,1,3
2021,2021-wimbledon-1163,M,2,5,3,Set Winner,2,2
2021,2021-wimbledon-1163,M,2,5,4,Set Winner,1,1
2021,2021-wimbledon-1163,M,2,5,5,Set Winner,2,0
2021,2021-wimbledon-1163,M,2,5,1,Cumul. Set Winner,2,4
2021,2021-wimbledon-1163,M,2,5,2,Cumul. Set Winner,2,3
2021,2021-wimbledon-1163,M,2,5,3,Cumul. Set Winner,2,2
2021,2021-wimbledon-1163,M,2,5,4,Cumul. Set Winner,2,1
2021,2021-wimbledon-1163,M,2,5,5,Cumul. Set Winner,2,0
2021,2021-wimbledon-1163,M,2,5,1,Cumul. Unf. Error,1,4
2021,2021-wimbledon-1163,M,2,5,2,Cumul. Unf. Error,1,3
2021,2021-wimbledon-1163,M,2,5,3,Cumul. Unf. Error,2,2
2021,2021-wimbledon-1163,M,2,5,4,Cumul. Unf. Error,2,1
2021,2021-wimbledon-1163,M,2,5,5,Cumul. Unf. Error,2,0
2021,2021-wimbledon-1163,M,2,5,1,Dynamic Model,2,4
2021,2021-wimbledon-1163,M,2,5,2,Dynamic Model,2,3
2021,2021-wimbledon-1163,M,2,5,3,Dynamic Model,2,2
2021,2021-wimbledon-1163,M,2,5,4,Dynamic Model,2,1
2021,2021-wimbledon-1163,M,2,5,5,Dynamic Model,2,0
2021,2021-wimbledon-1164,M,2,4,1,Cumul. Point Winner,2,3
2021,2021-wimbledon-1164,M,2,4,2,Cumul. Point Winner,2,2
2021,2021-wimbledon-1164,M,2,4,3,Cumul. Point Winner,2,1
2021,2021-wimbledon-1164,M,2,4,4,Cumul. Point Winner,2,0
2021,2021-wimbledon-1164,M,2,4,1,Cumul. Game Winner,2,3
2021,2021-wimbledon-1164,M,2,4,2,Cumul. Game Winner,2,2
2021,2021-wimbledon-1164,M,2,4,3,Cumul. Game Winner,2,1
2021,2021-wimbledon-1164,M,2,4,4,Cumul. Game Winner,2,0
2021,2021-wimbledon-1164,M,2,4,1,Set Winner,2,3
2021,2021-wimbledon-1164,M,2,4,2,Set Winner,2,2
2021,2021-wimbledon-1164,M,2,4,3,Set Winner,1,1
2021,2021-wimbledon-1164,M,2,4,4,Set Winner,2,0
2021,2021-wimbledon-1164,M,2,4,1,Cumul. Set Winner,2,3
2021,2021-wimbledon-1164,M,2,4,2,Cumul. Set Winner,2,2
2021,2021-wimbledon-1164,M,2,4,3,Cumul. Set Winner,2,1
2021,2021-wimbledon-1164,M,2,4,4,Cumul. Set Winner,2,0
2021,2021-wimbledon-1164,M,2,4,1,Cumul. Unf. Error,2,3
2021,2021-wimbledon-1164,M,2,4,2,Cumul. Unf. Error,2,2
2021,2021-wimbledon-1164,M,2,4,3,Cumul. Unf. Error,2,1
2021,2021-wimbledon-1164,M,2,4,4,Cumul. Unf. Error,2,0
2021,2021-wimbledon-1164,M,2,4,1,Dynamic Model,2,3
2021,2021-wimbledon-1164,M,2,4,2,Dynamic Model,2,2
2021,2021-wimbledon-1164,M,2,4,3,Dynamic Model,2,1
2021,2021-wimbledon-1164,M,2,4,4,Dynamic Model,2,0
2021,2021-wimbledon-1201,M,1,3,1,Cumul. Point Winner,1,2
2021,2021-wimbledon-1201,M,1,3,2,Cumul. Point Winner,1,1
2021,2021-wimbledon-1201,M,1,3,3,Cumul. Point Winner,1,0
2021,2021-wimbledon-1201,M,1,3,1,Cumul. Game Winner,1,2
2021,2021-wimbledon-1201,M,1,3,2,Cumul. Game Winner,1,1
2021,2021-wimbledon-1201,M,1,3,3,Cumul. Game Winner,1,0
2021,2021-wimbledon-1201,M,1,3,1,Set Winner,1,2
2021,2021-wimbledon-1201,M,1,3,2,Set Winner,1,1
2021,2021-wimbledon-1201,M,1,3,3,Set Winner,1,0
2021,2021-wimbledon-1201,M,1,3,1,Cumul. Set Winner,1,2
2021,2021-wimbledon-1201,M,1,3,2,Cumul. Set Winner,1,1
2021,2021-wimbledon-1201,M,1,3,3,Cumul. Set Winner,1,0
2021,2021-wimbledon-1201,M,1,3,1,Cumul. Unf. Error,1,2
2021,2021-wimbledon-1201,M,1,3,2,Cumul. Unf. Error,1,1
2021,2021-wimbledon-1201,M,1,3,3,Cumul. Unf. Error,1,0
2021,2021-wimbledon-1201,M,1,3,1,Dynamic Model,1,2
2021,2021-wimbledon-1201,M,1,3,2,Dynamic Model,1,1
2021,2021-wimbledon-1201,M,1,3,3,Dynamic Model,1,0
2021,2021-wimbledon-1202,M,2,3,1,Cumul. Point Winner,2,2
2021,2021-wimbledon-1202,M,2,3,2,Cumul. Point Winner,2,1
2021,2021-wimbledon-1202,M,2,3,3,Cumul. Point Winner,2,0
2021,2021-wimbledon-1202,M,2,3,1,Cumul. Game Winner,2,2
2021,2021-wimbledon-1202,M,2,3,2,Cumul. Game Winner,2,1
2021,2021-wimbledon-1202,M,2,3,3,Cumul. Game Winner,2,0
2021,2021-wimbledon-1202,M,2,3,1,Set Winner,2,2
2021,2021-wimbledon-1202,M,2,3,2,Set Winner,2,1
2021,2021-wimbledon-1202,M,2,3,3,Set Winner,2,0
2021,2021-wimbledon-1202,M,2,3,1,Cumul. Set Winner,2,2
2021,2021-wimbledon-1202,M,2,3,2,Cumul. Set Winner,2,1
2021,2021-wimbledon-1202,M,2,3,3,Cumul. Set Winner,2,0
2021,2021-wimbledon-1202,M,2,3,1,Cumul. Unf. Error,2,2
2021,2021-wimbledon-1202,M,2,3,2,Cumul. Unf. Error,2,1
2021,2021-wimbledon-1202,M,2,3,3,Cumul. Unf. Error,2,0
2021,2021-wimbledon-1202,M,2,3,1,Dynamic Model,2,2
2021,2021-wimbledon-1202,M,2,3,2,Dynamic Model,2,1
2021,2021-wimbledon-1202,M,2,3,3,Dynamic Model,2,0
2021,2021-wimbledon-1203,M,1,4,1,Cumul. Point Winner,1,3
2021,2021-wimbledon-1203,M,1,4,2,Cumul. Point Winner,1,2
2021,2021-wimbledon-1203,M,1,4,3,Cumul. Point Winner,1,1
2021,2021-wimbledon-1203,M,1,4,4,Cumul. Point Winner,1,0
2021,2021-wimbledon-1203,M,1,4,1,Cumul. Game Winner,1,3
2021,2021-wimbledon-1203,M,1,4,2,Cumul. Game Winner,1,2
2021,2021-wimbledon-1203,M,1,4,3,Cumul. Game Winner,1,1
2021,2021-wimbledon-1203,M,1,4,4,Cumul. Game Winner,1,0
2021,2021-wimbledon-1203,M,1,4,1,Set Winner,1,3
2021,2021-wimbledon-1203,M,1,4,2,Set Winner,1,2
2021,2021-wimbledon-1203,M,1,4,3,Set Winner,2,1
2021,2021-wimbledon-1203,M,1,4,4,Set Winner,1,0
2021,2021-wimbledon-1203,M,1,4,1,Cumul. Set Winner,1,3
2021,2021-wimbledon-1203,M,1,4,2,Cumul. Set Winner,1,2
2021,2021-wimbledon-1203,M,1,4,3,Cumul. Set Winner,1,1
2021,2021-wimbledon-1203,M,1,4,4,Cumul. Set Winner,1,0
2021,2021-wimbledon-1203,M,1,4,1,Cumul. Unf. Error,1,3
2021,2021-wimbledon-1203,M,1,4,2,Cumul. Unf. Error,1,2
2021,2021-wimbledon-1203,M,1,4,3,Cumul. Unf. Error,1,1
2021,2021-wimbledon-1203,M,1,4,4,Cumul. Unf. Error,1,0
2021,2021-wimbledon-1203,M,1,4,1,Dynamic Model,1,3
2021,2021-wimbledon-1203,M,1,4,2,Dynamic Model,1,2
2021,2021-wimbledon-1203,M,1,4,3,Dynamic Model,1,1
2021,2021-wimbledon-1203,M,1,4,4,Dynamic Model,1,0
2021,2021-wimbledon-1204,M,1,4,1,Cumul. Point Winner,1,3
2021,2021-wimbledon-1204,M,1,4,2,Cumul. Point Winner,1,2
2021,2021-wimbledon-1204,M,1,4,3,Cumul. Point Winner,1,1
2021,2021-wimbledon-1204,M,1,4,4,Cumul. Point Winner,1,0
2021,2021-wimbledon-1204,M,1,4,1,Cumul. Game Winner,1,3
2021,2021-wimbledon-1204,M,1,4,2,Cumul. Game Winner,1,2
2021,2021-wimbledon-1204,M,1,4,3,Cumul. Game Winner,1,1
2021,2021-wimbledon-1204,M,1,4,4,Cumul. Game Winner,1,0
2021,2021-wimbledon-1204,M,1,4,1,Set Winner,1,3
2021,2021-wimbledon-1204,M,1,4,2,Set Winner,1,2
2021,2021-wimbledon-1204,M,1,4,3,Set Winner,2,1
2021,2021-wimbledon-1204,M,1,4,4,Set Winner,1,0
2021,2021-wimbledon-1204,M,1,4,1,Cumul. Set Winner,1,3
2021,2021-wimbledon-1204,M,1,4,2,Cumul. Set Winner,1,2
2021,2021-wimbledon-1204,M,1,4,3,Cumul. Set Winner,1,1
2021,2021-wimbledon-1204,M,1,4,4,Cumul. Set Winner,1,0
2021,2021-wimbledon-1204,M,1,4,1,Cumul. Unf. Error,1,3
2021,2021-wimbledon-1204,M,1,4,2,Cumul. Unf. Error,1,2
2021,2021-wimbledon-1204,M,1,4,3,Cumul. Unf. Error,1,1
2021,2021-wimbledon-1204,M,1,4,4,Cumul. Unf. Error,1,0
2021,2021-wimbledon-1204,M,1,4,1,Dynamic Model,1,3
2021,2021-wimbledon-1204,M,1,4,2,Dynamic Model,1,2
2021,2021-wimbledon-1204,M,1,4,3,Dynamic Model,1,1
2021,2021-wimbledon-1204,M,1,4,4,Dynamic Model,1,0
2021,2021-wimbledon-1205,M,1,4,1,Cumul. Point Winner,2,3
2021,2021-wimbledon-1205,M,1,4,2,Cumul. Point Winner,1,2
2021,2021-wimbledon-1205,M,1,4,3,Cumul. Point Winner,1,1
2021,2021-wimbledon-1205,M,1,4,4,Cumul. Point Winner,1,0
2021,2021-wimbledon-1205,M,1,4,1,Cumul. Game Winner,2,3
2021,2021-wimbledon-1205,M,1,4,2,Cumul. Game Winner,1,2
2021,2021-wimbledon-1205,M,1,4,3,Cumul. Game Winner,1,1
2021,2021-wimbledon-1205,M,1,4,4,Cumul. Game Winner,1,0
2021,2021-wimbledon-1205,M,1,4,1,Set Winner,2,3
2021,2021-wimbledon-1205,M,1,4,2,Set Winner,1,2
2021,2021-wimbledon-1205,M,1,4,3,Set Winner,1,1
2021,2021-wimbledon-1205,M,1,4,4,Set Winner,1,0
2021,2021-wimbledon-1205,M,1,4,1,Cumul. Set Winner,2,3
2021,2021-wimbledon-1205,M,1,4,2,Cumul. Set Winner,2,2
2021,2021-wimbledon-1205,M,1,4,3,Cumul. Set Winner,1,1
2021,2021-wimbledon-1205,M,1,4,4,Cumul. Set Winner,1,0
2021,2021-wimbledon-1205,M,1,4,1,Cumul. Unf. Error,2,3
2021,2021-wimbledon-1205,M,1,4,2,Cumul. Unf. Error,1,2
2021,2021-wimbledon-1205,M,1,4,3,Cumul. Unf. Error,2,1
2021,2021-wimbledon-1205,M,1,4,4,Cumul. Unf. Error,2,0
2021,2021-wimbledon-1205,M,1,4,1,Dynamic Model,2,3
2021,2021-wimbledon-1205,M,1,4,2,Dynamic Model,1,2
2021,2021-wimbledon-1205,M,1,4,3,Dynamic Model,1,1
2021,2021-wimbledon-1205,M,1,4,4,Dynamic Model,1,0
2021,2021-wimbledon-1206,M,2,2,1,Cumul. Point Winner,2,1
2021,2021-wimbledon-1206,M,2,2,2,Cumul. Point Winner,2,0
2021,2021-wimbledon-1206,M,2,2,1,Cumul. Game Winner,2,1
2021,2021-wimbledon-1206,M,2,2,2,Cumul. Game Winner,2,0
2021,2021-wimbledon-1206,M,2,2,1,Set Winner,2,1
2021,2021-wimbledon-1206,M,2,2,2,Set Winner,2,0
2021,2021-wimbledon-1206,M,2,2,1,Cumul. Set Winner,2,1
2021,2021-wimbledon-1206,M,2,2,2,Cumul. Set Winner,2,0
2021,2021-wimbledon-1206,M,2,2,1,Cumul. Unf. Error,1,1
2021,2021-wimbledon-1206,M,2,2,2,Cumul. Unf. Error,2,0
2021,2021-wimbledon-1206,M,2,2,1,Dynamic Model,2,1
2021,2021-wimbledon-1206,M,2,2,2,Dynamic Model,2,0
2021,2021-wimbledon-1207,M,1,4,1,Cumul. Point Winner,1,3
2021,2021-wimbledon-1207,M,1,4,2,Cumul. Point Winner,1,2
2021,2021-wimbledon-1207,M,1,4,3,Cumul. Point Winner,1,1
2021,2021-wimbledon-1207,M,1,4,4,Cumul. Point Winner,1,0
2021,2021-wimbledon-1207,M,1,4,1,Cumul. Game Winner,1,3
2021,2021-wimbledon-1207,M,1,4,2,Cumul. Game Winner,1,2
2021,2021-wimbledon-1207,M,1,4,3,Cumul. Game Winner,2,1
2021,2021-wimbledon-1207,M,1,4,4,Cumul. Game Winner,1,0
2021,2021-wimbledon-1207,M,1,4,1,Set Winner,1,3
2021,2021-wimbledon-1207,M,1,4,2,Set Winner,1,2
2021,2021-wimbledon-1207,M,1,4,3,Set Winner,2,1
2021,2021-wimbledon-1207,M,1,4,4,Set Winner,1,0
2021,2021-wimbledon-1207,M,1,4,1,Cumul. Set Winner,1,3
2021,2021-wimbledon-1207,M,1,4,2,Cumul. Set Winner,1,2
2021,2021-wimbledon-1207,M,1,4,3,Cumul. Set Winner,1,1
2021,2021-wimbledon-1207,M,1,4,4,Cumul. Set Winner,1,0
2021,2021-wimbledon-1207,M,1,4,1,Cumul. Unf. Error,1,3
2021,2021-wimbledon-1207,M,1,4,2,Cumul. Unf. Error,1,2
2021,2021-wimbledon-1207,M,1,4,3,Cumul. Unf. Error,1,1
2021,2021-wimbledon-1207,M,1,4,4,Cumul. Unf. Error,1,0
2021,2021-wimbledon-1207,M,1,4,1,Dynamic Model,1,3
2021,2021-wimbledon-1207,M,1,4,2,Dynamic Model,1,2
2021,2021-wimbledon-1207,M,1,4,3,Dynamic Model,1,1
2021,2021-wimbledon-1207,M,1,4,4,Dynamic Model,1,0
2021,2021-wimbledon-1208,M,2,3,1,Cumul. Point Winner,2,2
2021,2021-wimbledon-1208,M,2,3,2,Cumul. Point Winner,2,1
2021,2021-wimbledon-1208,M,2,3,3,Cumul. Point Winner,2,0
2021,2021-wimbledon-1208,M,2,3,1,Cumul. Game Winner,2,2
2021,2021-wimbledon-1208,M,2,3,2,Cumul. Game Winner,2,1
2021,2021-wimbledon-1208,M,2,3,3,Cumul. Game Winner,2,0
2021,2021-wimbledon-1208,M,2,3,1,Set Winner,2,2
2021,2021-wimbledon-1208,M,2,3,2,Set Winner,2,1
2021,2021-wimbledon-1208,M,2,3,3,Set Winner,2,0
2021,2021-wimbledon-1208,M,2,3,1,Cumul. Set Winner,2,2
2021,2021-wimbledon-1208,M,2,3,2,Cumul. Set Winner,2,1
2021,2021-wimbledon-1208,M,2,3,3,Cumul. Set Winner,2,0
2021,2021-wimbledon-1208,M,2,3,1,Cumul. Unf. Error,2,2
2021,2021-wimbledon-1208,M,2,3,2,Cumul. Unf. Error,2,1
2021,2021-wimbledon-1208,M,2,3,3,Cumul. Unf. Error,2,0
2021,2021-wimbledon-1208,M,2,3,1,Dynamic Model,2,2
2021,2021-wimbledon-1208,M,2,3,2,Dynamic Model,2,1
2021,2021-wimbledon-1208,M,2,3,3,Dynamic Model,2,0
2021,2021-wimbledon-1209,M,1,3,1,Cumul. Point Winner,1,2
2021,2021-wimbledon-1209,M,1,3,2,Cumul. Point Winner,1,1
2021,2021-wimbledon-1209,M,1,3,3,Cumul. Point Winner,1,0
2021,2021-wimbledon-1209,M,1,3,1,Cumul. Game Winner,1,2
2021,2021-wimbledon-1209,M,1,3,2,Cumul. Game Winner,1,1
2021,2021-wimbledon-1209,M,1,3,3,Cumul. Game Winner,1,0
2021,2021-wimbledon-1209,M,1,3,1,Set Winner,1,2
2021,2021-wimbledon-1209,M,1,3,2,Set Winner,1,1
2021,2021-wimbledon-1209,M,1,3,3,Set Winner,1,0
2021,2021-wimbledon-1209,M,1,3,1,Cumul. Set Winner,1,2
2021,2021-wimbledon-1209,M,1,3,2,Cumul. Set Winner,1,1
2021,2021-wimbledon-1209,M,1,3,3,Cumul. Set Winner,1,0
2021,2021-wimbledon-1209,M,1,3,1,Cumul. Unf. Error,1,2
2021,2021-wimbledon-1209,M,1,3,2,Cumul. Unf. Error,1,1
2021,2021-wimbledon-1209,M,1,3,3,Cumul. Unf. Error,1,0
2021,2021-wimbledon-1209,M,1,3,1,Dynamic Model,1,2
2021,2021-wimbledon-1209,M,1,3,2,Dynamic Model,1,1
2021,2021-wimbledon-1209,M,1,3,3,Dynamic Model,1,0
2021,2021-wimbledon-1210,M,2,3,1,Cumul. Point Winner,2,2
2021,2021-wimbledon-1210,M,2,3,2,Cumul. Point Winner,2,1
2021,2021-wimbledon-1210,M,2,3,3,Cumul. Point Winner,2,0
2021,2021-wimbledon-1210,M,2,3,1,Cumul. Game Winner,2,2
2021,2021-wimbledon-1210,M,2,3,2,Cumul. Game Winner,2,1
2021,2021-wimbledon-1210,M,2,3,3,Cumul. Game Winner,2,0
2021,2021-wimbledon-1210,M,2,3,1,Set Winner,2,2
2021,2021-wimbledon-1210,M,2,3,2,Set Winner,2,1
2021,2021-wimbledon-1210,M,2,3,3,Set Winner,2,0
2021,2021-wimbledon-1210,M,2,3,1,Cumul. Set Winner,2,2
2021,2021-wimbledon-1210,M,2,3,2,Cumul. Set Winner,2,1
2021,2021-wimbledon-1210,M,2,3,3,Cumul. Set Winner,2,0
2021,2021-wimbledon-1210,M,2,3,1,Cumul. Unf. Error,2,2
2021,2021-wimbledon-1210,M,2,3,2,Cumul. Unf. Error,2,1
2021,2021-wimbledon-1210,M,2,3,3,Cumul. Unf. Error,2,0
2021,2021-wimbledon-1210,M,2,3,1,Dynamic Model,2,2
2021,2021-wimbledon-1210,M,2,3,2,Dynamic Model,2,1
2021,2021-wimbledon-1210,M,2,3,3,Dynamic Model,2,0
2021,2021-wimbledon-1211,M,1,3,1,Cumul. Point Winner,1,2
2021,2021-wimbledon-1211,M,1,3,2,Cumul. Point Winner,1,1
2021,2021-wimbledon-1211,M,1,3,3,Cumul. Point Winner,1,0
2021,2021-wimbledon-1211,M,1,3,1,Cumul. Game Winner,1,2
2021,2021-wimbledon-1211,M,1,3,2,Cumul. Game Winner,1,1
2021,2021-wimbledon-1211,M,1,3,3,Cumul. Game Winner,1,0
2021,2021-wimbledon-1211,M,1,3,1,Set Winner,1,2
2021,2021-wimbledon-1211,M,1,3,2,Set Winner,1,1
2021,2021-wimbledon-1211,M,1,3,3,Set Winner,1,0
2021,2021-wimbledon-1211,M,1,3,1,Cumul. Set Winner,1,2
2021,2021-wimbledon-1211,M,1,3,2,Cumul. Set Winner,1,1
2021,2021-wimbledon-1211,M,1,3,3,Cumul. Set Winner,1,0
2021,2021-wimbledon-1211,M,1,3,1,Cumul. Unf. Error,1,2
2021,2021-wimbledon-1211,M,1,3,2,Cumul. Unf. Error,1,1
2021,2021-wimbledon-1211,M,1,3,3,Cumul. Unf. Error,1,0
2021,2021-wimbledon-1211,M,1,3,1,Dynamic Model,1,2
2021,2021-wimbledon-1211,M,1,3,2,Dynamic Model,1,1
2021,2021-wimbledon-1211,M,1,3,3,Dynamic Model,1,0
2021,2021-wimbledon-1212,M,2,3,1,Cumul. Point Winner,2,2
2021,2021-wimbledon-1212,M,2,3,2,Cumul. Point Winner,2,1
2021,2021-wimbledon-1212,M,2,3,3,Cumul. Point Winner,2,0
2021,2021-wimbledon-1212,M,2,3,1,Cumul. Game Winner,2,2
2021,2021-wimbledon-1212,M,2,3,2,Cumul. Game Winner,2,1
2021,2021-wimbledon-1212,M,2,3,3,Cumul. Game Winner,2,0
2021,2021-wimbledon-1212,M,2,3,1,Set Winner,2,2
2021,2021-wimbledon-1212,M,2,3,2,Set Winner,2,1
2021,2021-wimbledon-1212,M,2,3,3,Set Winner,2,0
2021,2021-wimbledon-1212,M,2,3,1,Cumul. Set Winner,2,2
2021,2021-wimbledon-1212,M,2,3,2,Cumul. Set Winner,2,1
2021,2021-wimbledon-1212,M,2,3,3,Cumul. Set Winner,2,0
2021,2021-wimbledon-1212,M,2,3,1,Cumul. Unf. Error,2,2
2021,2021-wimbledon-1212,M,2,3,2,Cumul. Unf. Error,2,1
2021,2021-wimbledon-1212,M,2,3,3,Cumul. Unf. Error,2,0
2021,2021-wimbledon-1212,M,2,3,1,Dynamic Model,2,2
2021,2021-wimbledon-1212,M,2,3,2,Dynamic Model,2,1
2021,2021-wimbledon-1212,M,2,3,3,Dynamic Model,2,0
2021,2021-wimbledon-1214,M,2,5,1,Cumul. Point Winner,2,4
2021,2021-wimbledon-1214,M,2,5,2,Cumul. Point Winner,1,3
2021,2021-wimbledon-1214,M,2,5,3,Cumul. Point Winner,1,2
2021,2021-wimbledon-1214,M,2,5,4,Cumul. Point Winner,1,1
2021,2021-wimbledon-1214,M,2,5,5,Cumul. Point Winner,2,0
2021,2021-wimbledon-1214,M,2,5,1,Cumul. Game Winner,2,4
2021,2021-wimbledon-1214,M,2,5,2,Cumul. Game Winner,2,3
2021,2021-wimbledon-1214,M,2,5,3,Cumul. Game Winner,1,2
2021,2021-wimbledon-1214,M,2,5,4,Cumul. Game Winner,2,1
2021,2021-wimbledon-1214,M,2,5,5,Cumul. Game Winner,2,0
2021,2021-wimbledon-1214,M,2,5,1,Set Winner,2,4
2021,2021-wimbledon-1214,M,2,5,2,Set Winner,1,3
2021,2021-wimbledon-1214,M,2,5,3,Set Winner,1,2
2021,2021-wimbledon-1214,M,2,5,4,Set Winner,2,1
2021,2021-wimbledon-1214,M,2,5,5,Set Winner,2,0
2021,2021-wimbledon-1214,M,2,5,1,Cumul. Set Winner,2,4
2021,2021-wimbledon-1214,M,2,5,2,Cumul. Set Winner,2,3
2021,2021-wimbledon-1214,M,2,5,3,Cumul. Set Winner,1,2
2021,2021-wimbledon-1214,M,2,5,4,Cumul. Set Winner,1,1
2021,2021-wimbledon-1214,M,2,5,5,Cumul. Set Winner,2,0
2021,2021-wimbledon-1214,M,2,5,1,Cumul. Unf. Error,2,4
2021,2021-wimbledon-1214,M,2,5,2,Cumul. Unf. Error,2,3
2021,2021-wimbledon-1214,M,2,5,3,Cumul. Unf. Error,2,2
2021,2021-wimbledon-1214,M,2,5,4,Cumul. Unf. Error,2,1
2021,2021-wimbledon-1214,M,2,5,5,Cumul. Unf. Error,2,0
2021,2021-wimbledon-1214,M,2,5,1,Dynamic Model,2,4
2021,2021-wimbledon-1214,M,2,5,2,Dynamic Model,1,3
2021,2021-wimbledon-1214,M,2,5,3,Dynamic Model,1,2
2021,2021-wimbledon-1214,M,2,5,4,Dynamic Model,2,1
2021,2021-wimbledon-1214,M,2,5,5,Dynamic Model,2,0
2021,2021-wimbledon-1215,M,1,5,1,Cumul. Point Winner,1,4
2021,2021-wimbledon-1215,M,1,5,2,Cumul. Point Winner,1,3
2021,2021-wimbledon-1215,M,1,5,3,Cumul. Point Winner,1,2
2021,2021-wimbledon-1215,M,1,5,4,Cumul. Point Winner,1,1
2021,2021-wimbledon-1215,M,1,5,5,Cumul. Point Winner,1,0
2021,2021-wimbledon-1215,M,1,5,1,Cumul. Game Winner,1,4
2021,2021-wimbledon-1215,M,1,5,2,Cumul. Game Winner,1,3
2021,2021-wimbledon-1215,M,1,5,3,Cumul. Game Winner,1,2
2021,2021-wimbledon-1215,M,1,5,4,Cumul. Game Winner,1,1
2021,2021-wimbledon-1215,M,1,5,5,Cumul. Game Winner,1,0
2021,2021-wimbledon-1215,M,1,5,1,Set Winner,1,4
2021,2021-wimbledon-1215,M,1,5,2,Set Winner,2,3
2021,2021-wimbledon-1215,M,1,5,3,Set Winner,1,2
2021,2021-wimbledon-1215,M,1,5,4,Set Winner,2,1
2021,2021-wimbledon-1215,M,1,5,5,Set Winner,1,0
2021,2021-wimbledon-1215,M,1,5,1,Cumul. Set Winner,1,4
2021,2021-wimbledon-1215,M,1,5,2,Cumul. Set Winner,1,3
2021,2021-wimbledon-1215,M,1,5,3,Cumul. Set Winner,1,2
2021,2021-wimbledon-1215,M,1,5,4,Cumul. Set Winner,1,1
2021,2021-wimbledon-1215,M,1,5,5,Cumul. Set Winner,1,0
2021,2021-wimbledon-1215,M,1,5,1,Cumul. Unf. Error,1,4
2021,2021-wimbledon-1215,M,1,5,2,Cumul. Unf. Error,1,3
2021,2021-wimbledon-1215,M,1,5,3,Cumul. Unf. Error,1,2
2021,2021-wimbledon-1215,M,1,5,4,Cumul. Unf. Error,1,1
2021,2021-wimbledon-1215,M,1,5,5,Cumul. Unf. Error,1,0
2021,2021-wimbledon-1215,M,1,5,1,Dynamic Model,1,4
2021,2021-wimbledon-1215,M,1,5,2,Dynamic Model,1,3
2021,2021-wimbledon-1215,M,1,5,3,Dynamic Model,1,2
2021,2021-wimbledon-1215,M,1,5,4,Dynamic Model,1,1
2021,2021-wimbledon-1215,M,1,5,5,Dynamic Model,1,0
2021,2021-wimbledon-1216,M,2,5,1,Cumul. Point Winner,2,4
2021,2021-wimbledon-1216,M,2,5,2,Cumul. Point Winner,2,3
2021,2021-wimbledon-1216,M,2,5,3,Cumul. Point Winner,2,2
2021,2021-wimbledon-1216,M,2,5,4,Cumul. Point Winner,2,1
2021,2021-wimbledon-1216,M,2,5,5,Cumul. Point Winner,2,0
2021,2021-wimbledon-1216,M,2,5,1,Cumul. Game Winner,2,4
2021,2021-wimbledon-1216,M,2,5,2,Cumul. Game Winner,2,3
2021,2021-wimbledon-1216,M,2,5,3,Cumul. Game Winner,2,2
2021,2021-wimbledon-1216,M,2,5,4,Cumul. Game Winner,2,1
2021,2021-wimbledon-1216,M,2,5,5,Cumul. Game Winner,2,0
2021,2021-wimbledon-1216,M,2,5,1,Set Winner,2,4
2021,2021-wimbledon-1216,M,2,5,2,Set Winner,2,3
2021,2021-wimbledon-1216,M,2,5,3,Set Winner,1,2
2021,2021-wimbledon-1216,M,2,5,4,Set Winner,1,1
2021,2021-wimbledon-1216,M,2,5,5,Set Winner,2,0
2021,2021-wimbledon-1216,M,2,5,1,Cumul. Set Winner,2,4
2021,2021-wimbledon-1216,M,2,5,2,Cumul. Set Winner,2,3
2021,2021-wimbledon-1216,M,2,5,3,Cumul. Set Winner,2,2
2021,2021-wimbledon-1216,M,2,5,4,Cumul. Set Winner,2,1
2021,2021-wimbledon-1216,M,2,5,5,Cumul. Set Winner,2,0
2021,2021-wimbledon-1216,M,2,5,1,Cumul. Unf. Error,2,4
2021,2021-wimbledon-1216,M,2,5,2,Cumul. Unf. Error,2,3
2021,2021-wimbledon-1216,M,2,5,3,Cumul. Unf. Error,2,2
2021,2021-wimbledon-1216,M,2,5,4,Cumul. Unf. Error,2,1
2021,2021-wimbledon-1216,M,2,5,5,Cumul. Unf. Error,2,0
2021,2021-wimbledon-1216,M,2,5,1,Dynamic Model,2,4
2021,2021-wimbledon-1216,M,2,5,2,Dynamic Model,2,3
2021,2021-wimbledon-1216,M,2,5,3,Dynamic Model,2,2
2021,2021-wimbledon-1216,M,2,5,4,Dynamic Model,2,1
2021,2021-wimbledon-1216,M,2,5,5,Dynamic Model,2,0
2021,2021-wimbledon-1217,M,1,3,1,Cumul. Point Winner,1,2
2021,2021-wimbledon-1217,M,1,3,2,Cumul. Point Winner,1,1
2021,2021-wimbledon-1217,M,1,3,3,Cumul. Point Winner,1,0
2021,2021-wimbledon-1217,M,1,3,1,Cumul. Game Winner,1,2
2021,2021-wimbledon-1217,M,1,3,2,Cumul. Game Winner,1,1
2021,2021-wimbledon-1217,M,1,3,3,Cumul. Game Winner,1,0
2021,2021-wimbledon-1217,M,1,3,1,Set Winner,1,2
2021,2021-wimbledon-1217,M,1,3,2,Set Winner,1,1
2021,2021-wimbledon-1217,M,1,3,3,Set Winner,1,0
2021,2021-wimbledon-1217,M,1,3,1,Cumul. Set Winner,1,2
2021,2021-wimbledon-1217,M,1,3,2,Cumul. Set Winner,1,1
2021,2021-wimbledon-1217,M,1,3,3,Cumul. Set Winner,1,0
2021,2021-wimbledon-1217,M,1,3,1,Cumul. Unf. Error,1,2
2021,2021-wimbledon-1217,M,1,3,2,Cumul. Unf. Error,1,1
2021,2021-wimbledon-1217,M,1,3,3,Cumul. Unf. Error,1,0
2021,2021-wimbledon-1217,M,1,3,1,Dynamic Model,1,2
2021,2021-wimbledon-1217,M,1,3,2,Dynamic Model,1,1
2021,2021-wimbledon-1217,M,1,3,3,Dynamic Model,1,0
2021,2021-wimbledon-1218,M,1,3,1,Cumul. Point Winner,1,2
2021,2021-wimbledon-1218,M,1,3,2,Cumul. Point Winner,1,1
2021,2021-wimbledon-1218,M,1,3,3,Cumul. Point Winner,1,0
2021,2021-wimbledon-1218,M,1,3,1,Cumul. Game Winner,1,2
2021,2021-wimbledon-1218,M,1,3,2,Cumul. Game Winner,1,1
2021,2021-wimbledon-1218,M,1,3,3,Cumul. Game Winner,1,0
2021,2021-wimbledon-1218,M,1,3,1,Set Winner,1,2
2021,2021-wimbledon-1218,M,1,3,2,Set Winner,1,1
2021,2021-wimbledon-1218,M,1,3,3,Set Winner,1,0
2021,2021-wimbledon-1218,M,1,3,1,Cumul. Set Winner,1,2
2021,2021-wimbledon-1218,M,1,3,2,Cumul. Set Winner,1,1
2021,2021-wimbledon-1218,M,1,3,3,Cumul. Set Winner,1,0
2021,2021-wimbledon-1218,M,1,3,1,Cumul. Unf. Error,2,2
2021,2021-wimbledon-1218,M,1,3,2,Cumul. Unf. Error,2,1
2021,2021-wimbledon-1218,M,1,3,3,Cumul. Unf. Error,2,0
2021,2021-wimbledon-1218,M,1,3,1,Dynamic Model,1,2
2021,2021-wimbledon-1218,M,1,3,2,Dynamic Model,1,1
2021,2021-wimbledon-1218,M,1,3,3,Dynamic Model,1,0
2021,2021-wimbledon-1219,M,2,4,1,Cumul. Point Winner,1,3
2021,2021-wimbledon-1219,M,2,4,2,Cumul. Point Winner,2,2
2021,2021-wimbledon-1219,M,2,4,3,Cumul. Point Winner,2,1
2021,2021-wimbledon-1219,M,2,4,4,Cumul. Point Winner,2,0
2021,2021-wimbledon-1219,M,2,4,1,Cumul. Game Winner,1,3
2021,2021-wimbledon-1219,M,2,4,2,Cumul. Game Winner,2,2
2021,2021-wimbledon-1219,M,2,4,3,Cumul. Game Winner,2,1
2021,2021-wimbledon-1219,M,2,4,4,Cumul. Game Winner,2,0
2021,2021-wimbledon-1219,M,2,4,1,Set Winner,1,3
2021,2021-wimbledon-1219,M,2,4,2,Set Winner,2,2
2021,2021-wimbledon-1219,M,2,4,3,Set Winner,2,1
2021,2021-wimbledon-1219,M,2,4,4,Set Winner,2,0
2021,2021-wimbledon-1219,M,2,4,1,Cumul. Set Winner,1,3
2021,2021-wimbledon-1219,M,2,4,2,Cumul. Set Winner,1,2
2021,2021-wimbledon-1219,M,2,4,3,Cumul. Set Winner,2,1
2021,2021-wimbledon-1219,M,2,4,4,Cumul. Set Winner,2,0
2021,2021-wimbledon-1219,M,2,4,1,Cumul. Unf. Error,2,3
2021,2021-wimbledon-1219,M,2,4,2,Cumul. Unf. Error,2,2
2021,2021-wimbledon-1219,M,2,4,3,Cumul. Unf. Error,2,1
2021,2021-wimbledon-1219,M,2,4,4,Cumul. Unf. Error,2,0
2021,2021-wimbledon-1219,M,2,4,1,Dynamic Model,1,3
2021,2021-wimbledon-1219,M,2,4,2,Dynamic Model,2,2
2021,2021-wimbledon-1219,M,2,4,3,Dynamic Model,2,1
2021,2021-wimbledon-1219,M,2,4,4,Dynamic Model,2,0
2021,2021-wimbledon-1220,M,2,4,1,Cumul. Point Winner,2,3
2021,2021-wimbledon-1220,M,2,4,2,Cumul. Point Winner,2,2
2021,2021-wimbledon-1220,M,2,4,3,Cumul. Point Winner,2,1
2021,2021-wimbledon-1220,M,2,4,4,Cumul. Point Winner,2,0
2021,2021-wimbledon-1220,M,2,4,1,Cumul. Game Winner,2,3
2021,2021-wimbledon-1220,M,2,4,2,Cumul. Game Winner,2,2
2021,2021-wimbledon-1220,M,2,4,3,Cumul. Game Winner,2,1
2021,2021-wimbledon-1220,M,2,4,4,Cumul. Game Winner,2,0
2021,2021-wimbledon-1220,M,2,4,1,Set Winner,2,3
2021,2021-wimbledon-1220,M,2,4,2,Set Winner,2,2
2021,2021-wimbledon-1220,M,2,4,3,Set Winner,1,1
2021,2021-wimbledon-1220,M,2,4,4,Set Winner,2,0
2021,2021-wimbledon-1220,M,2,4,1,Cumul. Set Winner,2,3
2021,2021-wimbledon-1220,M,2,4,2,Cumul. Set Winner,2,2
2021,2021-wimbledon-1220,M,2,4,3,Cumul. Set Winner,2,1
2021,2021-wimbledon-1220,M,2,4,4,Cumul. Set Winner,2,0
2021,2021-wimbledon-1220,M,2,4,1,Cumul. Unf. Error,2,3
2021,2021-wimbledon-1220,M,2,4,2,Cumul. Unf. Error,2,2
2021,2021-wimbledon-1220,M,2,4,3,Cumul. Unf. Error,2,1
2021,2021-wimbledon-1220,M,2,4,4,Cumul. Unf. Error,2,0
2021,2021-wimbledon-1220,M,2,4,1,Dynamic Model,2,3
2021,2021-wimbledon-1220,M,2,4,2,Dynamic Model,2,2
2021,2021-wimbledon-1220,M,2,4,3,Dynamic Model,2,1
2021,2021-wimbledon-1220,M,2,4,4,Dynamic Model,2,0
2021,2021-wimbledon-1221,M,1,4,1,Cumul. Point Winner,1,3
2021,2021-wimbledon-1221,M,1,4,2,Cumul. Point Winner,1,2
2021,2021-wimbledon-1221,M,1,4,3,Cumul. Point Winner,1,1
2021,2021-wimbledon-1221,M,1,4,4,Cumul. Point Winner,1,0
2021,2021-wimbledon-1221,M,1,4,1,Cumul. Game Winner,1,3
2021,2021-wimbledon-1221,M,1,4,2,Cumul. Game Winner,1,2
2021,2021-wimbledon-1221,M,1,4,3,Cumul. Game Winner,1,1
2021,2021-wimbledon-1221,M,1,4,4,Cumul. Game Winner,1,0
2021,2021-wimbledon-1221,M,1,4,1,Set Winner,1,3
2021,2021-wimbledon-1221,M,1,4,2,Set Winner,2,2
2021,2021-wimbledon-1221,M,1,4,3,Set Winner,1,1
2021,2021-wimbledon-1221,M,1,4,4,Set Winner,1,0
2021,2021-wimbledon-1221,M,1,4,1,Cumul. Set Winner,1,3
2021,2021-wimbledon-1221,M,1,4,2,Cumul. Set Winner,1,2
2021,2021-wimbledon-1221,M,1,4,3,Cumul. Set Winner,1,1
2021,2021-wimbledon-1221,M,1,4,4,Cumul. Set Winner,1,0
2021,2021-wimbledon-1221,M,1,4,1,Cumul. Unf. Error,2,3
2021,2021-wimbledon-1221,M,1,4,2,Cumul. Unf. Error,2,2
2021,2021-wimbledon-1221,M,1,4,3,Cumul. Unf. Error,2,1
2021,2021-wimbledon-1221,M,1,4,4,Cumul. Unf. Error,2,0
2021,2021-wimbledon-1221,M,1,4,1,Dynamic Model,1,3
2021,2021-wimbledon-1221,M,1,4,2,Dynamic Model,1,2
2021,2021-wimbledon-1221,M,1,4,3,Dynamic Model,1,1
2021,2021-wimbledon-1221,M,1,4,4,Dynamic Model,1,0
2021,2021-wimbledon-1222,M,2,3,1,Cumul. Point Winner,2,2
2021,2021-wimbledon-1222,M,2,3,2,Cumul. Point Winner,2,1
2021,2021-wimbledon-1222,M,2,3,3,Cumul. Point Winner,2,0
2021,2021-wimbledon-1222,M,2,3,1,Cumul. Game Winner,2,2
2021,2021-wimbledon-1222,M,2,3,2,Cumul. Game Winner,2,1
2021,2021-wimbledon-1222,M,2,3,3,Cumul. Game Winner,2,0
2021,2021-wimbledon-1222,M,2,3,1,Set Winner,2,2
2021,2021-wimbledon-1222,M,2,3,2,Set Winner,2,1
2021,2021-wimbledon-1222,M,2,3,3,Set Winner,2,0
2021,2021-wimbledon-1222,M,2,3,1,Cumul. Set Winner,2,2
2021,2021-wimbledon-1222,M,2,3,2,Cumul. Set Winner,2,1
2021,2021-wimbledon-1222,M,2,3,3,Cumul. Set Winner,2,0
2021,2021-wimbledon-1222,M,2,3,1,Cumul. Unf. Error,2,2
2021,2021-wimbledon-1222,M,2,3,2,Cumul. Unf. Error,2,1
2021,2021-wimbledon-1222,M,2,3,3,Cumul. Unf. Error,2,0
2021,2021-wimbledon-1222,M,2,3,1,Dynamic Model,2,2
2021,2021-wimbledon-1222,M,2,3,2,Dynamic Model,2,1
2021,2021-wimbledon-1222,M,2,3,3,Dynamic Model,2,0
2021,2021-wimbledon-1223,M,1,5,1,Cumul. Point Winner,1,4
2021,2021-wimbledon-1223,M,1,5,2,Cumul. Point Winner,1,3
2021,2021-wimbledon-1223,M,1,5,3,Cumul. Point Winner,1,2
2021,2021-wimbledon-1223,M,1,5,4,Cumul. Point Winner,1,1
2021,2021-wimbledon-1223,M,1,5,5,Cumul. Point Winner,1,0
2021,2021-wimbledon-1223,M,1,5,1,Cumul. Game Winner,1,4
2021,2021-wimbledon-1223,M,1,5,2,Cumul. Game Winner,1,3
2021,2021-wimbledon-1223,M,1,5,3,Cumul. Game Winner,1,2
2021,2021-wimbledon-1223,M,1,5,4,Cumul. Game Winner,1,1
2021,2021-wimbledon-1223,M,1,5,5,Cumul. Game Winner,1,0
2021,2021-wimbledon-1223,M,1,5,1,Set Winner,1,4
2021,2021-wimbledon-1223,M,1,5,2,Set Winner,1,3
2021,2021-wimbledon-1223,M,1,5,3,Set Winner,2,2
2021,2021-wimbledon-1223,M,1,5,4,Set Winner,2,1
2021,2021-wimbledon-1223,M,1,5,5,Set Winner,1,0
2021,2021-wimbledon-1223,M,1,5,1,Cumul. Set Winner,1,4
2021,2021-wimbledon-1223,M,1,5,2,Cumul. Set Winner,1,3
2021,2021-wimbledon-1223,M,1,5,3,Cumul. Set Winner,1,2
2021,2021-wimbledon-1223,M,1,5,4,Cumul. Set Winner,1,1
2021,2021-wimbledon-1223,M,1,5,5,Cumul. Set Winner,1,0
2021,2021-wimbledon-1223,M,1,5,1,Cumul. Unf. Error,1,4
2021,2021-wimbledon-1223,M,1,5,2,Cumul. Unf. Error,1,3
2021,2021-wimbledon-1223,M,1,5,3,Cumul. Unf. Error,1,2
2021,2021-wimbledon-1223,M,1,5,4,Cumul. Unf. Error,1,1
2021,2021-wimbledon-1223,M,1,5,5,Cumul. Unf. Error,1,0
2021,2021-wimbledon-1223,M,1,5,1,Dynamic Model,1,4
2021,2021-wimbledon-1223,M,1,5,2,Dynamic Model,1,3
2021,2021-wimbledon-1223,M,1,5,3,Dynamic Model,1,2
2021,2021-wimbledon-1223,M,1,5,4,Dynamic Model,1,1
2021,2021-wimbledon-1223,M,1,5,5,Dynamic Model,1,0
2021,2021-wimbledon-1224,M,2,3,1,Cumul. Point Winner,2,2
2021,2021-wimbledon-1224,M,2,3,2,Cumul. Point Winner,2,1
2021,2021-wimbledon-1224,M,2,3,3,Cumul. Point Winner,2,0
2021,2021-wimbledon-1224,M,2,3,1,Cumul. Game Winner,2,2
2021,2021-wimbledon-1224,M,2,3,2,Cumul. Game Winner,2,1
2021,2021-wimbledon-1224,M,2,3,3,Cumul. Game Winner,2,0
2021,2021-wimbledon-1224,M,2,3,1,Set Winner,2,2
2021,2021-wimbledon-1224,M,2,3,2,Set Winner,2,1
2021,2021-wimbledon-1224,M,2,3,3,Set Winner,2,0
2021,2021-wimbledon-1224,M,2,3,1,Cumul. Set Winner,2,2
2021,2021-wimbledon-1224,M,2,3,2,Cumul. Set Winner,2,1
2021,2021-wimbledon-1224,M,2,3,3,Cumul. Set Winner,2,0
2021,2021-wimbledon-1224,M,2,3,1,Cumul. Unf. Error,1,2
2021,2021-wimbledon-1224,M,2,3,2,Cumul. Unf. Error,2,1
2021,2021-wimbledon-1224,M,2,3,3,Cumul. Unf. Error,2,0
2021,2021-wimbledon-1224,M,2,3,1,Dynamic Model,2,2
2021,2021-wimbledon-1224,M,2,3,2,Dynamic Model,2,1
2021,2021-wimbledon-1224,M,2,3,3,Dynamic Model,2,0
2021,2021-wimbledon-1225,M,1,3,1,Cumul. Point Winner,1,2
2021,2021-wimbledon-1225,M,1,3,2,Cumul. Point Winner,1,1
2021,2021-wimbledon-1225,M,1,3,3,Cumul. Point Winner,1,0
2021,2021-wimbledon-1225,M,1,3,1,Cumul. Game Winner,1,2
2021,2021-wimbledon-1225,M,1,3,2,Cumul. Game Winner,1,1
2021,2021-wimbledon-1225,M,1,3,3,Cumul. Game Winner,1,0
2021,2021-wimbledon-1225,M,1,3,1,Set Winner,1,2
2021,2021-wimbledon-1225,M,1,3,2,Set Winner,1,1
2021,2021-wimbledon-1225,M,1,3,3,Set Winner,1,0
2021,2021-wimbledon-1225,M,1,3,1,Cumul. Set Winner,1,2
2021,2021-wimbledon-1225,M,1,3,2,Cumul. Set Winner,1,1
2021,2021-wimbledon-1225,M,1,3,3,Cumul. Set Winner,1,0
2021,2021-wimbledon-1225,M,1,3,1,Cumul. Unf. Error,2,2
2021,2021-wimbledon-1225,M,1,3,2,Cumul. Unf. Error,2,1
2021,2021-wimbledon-1225,M,1,3,3,Cumul. Unf. Error,2,0
2021,2021-wimbledon-1225,M,1,3,1,Dynamic Model,1,2
2021,2021-wimbledon-1225,M,1,3,2,Dynamic Model,1,1
2021,2021-wimbledon-1225,M,1,3,3,Dynamic Model,1,0
2021,2021-wimbledon-1226,M,2,3,1,Cumul. Point Winner,2,2
2021,2021-wimbledon-1226,M,2,3,2,Cumul. Point Winner,2,1
2021,2021-wimbledon-1226,M,2,3,3,Cumul. Point Winner,2,0
2021,2021-wimbledon-1226,M,2,3,1,Cumul. Game Winner,2,2
2021,2021-wimbledon-1226,M,2,3,2,Cumul. Game Winner,2,1
2021,2021-wimbledon-1226,M,2,3,3,Cumul. Game Winner,2,0
2021,2021-wimbledon-1226,M,2,3,1,Set Winner,2,2
2021,2021-wimbledon-1226,M,2,3,2,Set Winner,2,1
2021,2021-wimbledon-1226,M,2,3,3,Set Winner,2,0
2021,2021-wimbledon-1226,M,2,3,1,Cumul. Set Winner,2,2
2021,2021-wimbledon-1226,M,2,3,2,Cumul. Set Winner,2,1
2021,2021-wimbledon-1226,M,2,3,3,Cumul. Set Winner,2,0
2021,2021-wimbledon-1226,M,2,3,1,Cumul. Unf. Error,2,2
2021,2021-wimbledon-1226,M,2,3,2,Cumul. Unf. Error,2,1
2021,2021-wimbledon-1226,M,2,3,3,Cumul. Unf. Error,2,0
2021,2021-wimbledon-1226,M,2,3,1,Dynamic Model,2,2
2021,2021-wimbledon-1226,M,2,3,2,Dynamic Model,2,1
2021,2021-wimbledon-1226,M,2,3,3,Dynamic Model,2,0
2021,2021-wimbledon-1227,M,1,4,1,Cumul. Point Winner,2,3
2021,2021-wimbledon-1227,M,1,4,2,Cumul. Point Winner,1,2
2021,2021-wimbledon-1227,M,1,4,3,Cumul. Point Winner,1,1
2021,2021-wimbledon-1227,M,1,4,4,Cumul. Point Winner,1,0
2021,2021-wimbledon-1227,M,1,4,1,Cumul. Game Winner,2,3
2021,2021-wimbledon-1227,M,1,4,2,Cumul. Game Winner,1,2
2021,2021-wimbledon-1227,M,1,4,3,Cumul. Game Winner,1,1
2021,2021-wimbledon-1227,M,1,4,4,Cumul. Game Winner,1,0
2021,2021-wimbledon-1227,M,1,4,1,Set Winner,2,3
2021,2021-wimbledon-1227,M,1,4,2,Set Winner,1,2
2021,2021-wimbledon-1227,M,1,4,3,Set Winner,1,1
2021,2021-wimbledon-1227,M,1,4,4,Set Winner,1,0
2021,2021-wimbledon-1227,M,1,4,1,Cumul. Set Winner,2,3
2021,2021-wimbledon-1227,M,1,4,2,Cumul. Set Winner,2,2
2021,2021-wimbledon-1227,M,1,4,3,Cumul. Set Winner,1,1
2021,2021-wimbledon-1227,M,1,4,4,Cumul. Set Winner,1,0
2021,2021-wimbledon-1227,M,1,4,1,Cumul. Unf. Error,2,3
2021,2021-wimbledon-1227,M,1,4,2,Cumul. Unf. Error,2,2
2021,2021-wimbledon-1227,M,1,4,3,Cumul. Unf. Error,2,1
2021,2021-wimbledon-1227,M,1,4,4,Cumul. Unf. Error,2,0
2021,2021-wimbledon-1227,M,1,4,1,Dynamic Model,2,3
2021,2021-wimbledon-1227,M,1,4,2,Dynamic Model,2,2
2021,2021-wimbledon-1227,M,1,4,3,Dynamic Model,1,1
2021,2021-wimbledon-1227,M,1,4,4,Dynamic Model,1,0
2021,2021-wimbledon-1228,M,1,4,1,Cumul. Point Winner,1,3
2021,2021-wimbledon-1228,M,1,4,2,Cumul. Point Winner,1,2
2021,2021-wimbledon-1228,M,1,4,3,Cumul. Point Winner,1,1
2021,2021-wimbledon-1228,M,1,4,4,Cumul. Point Winner,1,0
2021,2021-wimbledon-1228,M,1,4,1,Cumul. Game Winner,1,3
2021,2021-wimbledon-1228,M,1,4,2,Cumul. Game Winner,1,2
2021,2021-wimbledon-1228,M,1,4,3,Cumul. Game Winner,1,1
2021,2021-wimbledon-1228,M,1,4,4,Cumul. Game Winner,1,0
2021,2021-wimbledon-1228,M,1,4,1,Set Winner,1,3
2021,2021-wimbledon-1228,M,1,4,2,Set Winner,2,2
2021,2021-wimbledon-1228,M,1,4,3,Set Winner,1,1
2021,2021-wimbledon-1228,M,1,4,4,Set Winner,1,0
2021,2021-wimbledon-1228,M,1,4,1,Cumul. Set Winner,1,3
2021,2021-wimbledon-1228,M,1,4,2,Cumul. Set Winner,1,2
2021,2021-wimbledon-1228,M,1,4,3,Cumul. Set Winner,1,1
2021,2021-wimbledon-1228,M,1,4,4,Cumul. Set Winner,1,0
2021,2021-wimbledon-1228,M,1,4,1,Cumul. Unf. Error,1,3
2021,2021-wimbledon-1228,M,1,4,2,Cumul. Unf. Error,1,2
2021,2021-wimbledon-1228,M,1,4,3,Cumul. Unf. Error,1,1
2021,2021-wimbledon-1228,M,1,4,4,Cumul. Unf. Error,1,0
2021,2021-wimbledon-1228,M,1,4,1,Dynamic Model,1,3
2021,2021-wimbledon-1228,M,1,4,2,Dynamic Model,1,2
2021,2021-wimbledon-1228,M,1,4,3,Dynamic Model,1,1
2021,2021-wimbledon-1228,M,1,4,4,Dynamic Model,1,0
2021,2021-wimbledon-1229,M,1,3,1,Cumul. Point Winner,1,2
2021,2021-wimbledon-1229,M,1,3,2,Cumul. Point Winner,1,1
2021,2021-wimbledon-1229,M,1,3,3,Cumul. Point Winner,1,0
2021,2021-wimbledon-1229,M,1,3,1,Cumul. Game Winner,1,2
2021,2021-wimbledon-1229,M,1,3,2,Cumul. Game Winner,1,1
2021,2021-wimbledon-1229,M,1,3,3,Cumul. Game Winner,1,0
2021,2021-wimbledon-1229,M,1,3,1,Set Winner,1,2
2021,2021-wimbledon-1229,M,1,3,2,Set Winner,1,1
2021,2021-wimbledon-1229,M,1,3,3,Set Winner,1,0
2021,2021-wimbledon-1229,M,1,3,1,Cumul. Set Winner,1,2
2021,2021-wimbledon-1229,M,1,3,2,Cumul. Set Winner,1,1
2021,2021-wimbledon-1229,M,1,3,3,Cumul. Set Winner,1,0
2021,2021-wimbledon-1229,M,1,3,1,Cumul. Unf. Error,1,2
2021,2021-wimbledon-1229,M,1,3,2,Cumul. Unf. Error,1,1
2021,2021-wimbledon-1229,M,1,3,3,Cumul. Unf. Error,1,0
2021,2021-wimbledon-1229,M,1,3,1,Dynamic Model,1,2
2021,2021-wimbledon-1229,M,1,3,2,Dynamic Model,1,1
2021,2021-wimbledon-1229,M,1,3,3,Dynamic Model,1,0
2021,2021-wimbledon-1230,M,1,3,1,Cumul. Point Winner,1,2
2021,2021-wimbledon-1230,M,1,3,2,Cumul. Point Winner,1,1
2021,2021-wimbledon-1230,M,1,3,3,Cumul. Point Winner,1,0
2021,2021-wimbledon-1230,M,1,3,1,Cumul. Game Winner,1,2
2021,2021-wimbledon-1230,M,1,3,2,Cumul. Game Winner,1,1
2021,2021-wimbledon-1230,M,1,3,3,Cumul. Game Winner,1,0
2021,2021-wimbledon-1230,M,1,3,1,Set Winner,1,2
2021,2021-wimbledon-1230,M,1,3,2,Set Winner,1,1
2021,2021-wimbledon-1230,M,1,3,3,Set Winner,1,0
2021,2021-wimbledon-1230,M,1,3,1,Cumul. Set Winner,1,2
2021,2021-wimbledon-1230,M,1,3,2,Cumul. Set Winner,1,1
2021,2021-wimbledon-1230,M,1,3,3,Cumul. Set Winner,1,0
2021,2021-wimbledon-1230,M,1,3,1,Cumul. Unf. Error,2,2
2021,2021-wimbledon-1230,M,1,3,2,Cumul. Unf. Error,2,1
2021,2021-wimbledon-1230,M,1,3,3,Cumul. Unf. Error,2,0
2021,2021-wimbledon-1230,M,1,3,1,Dynamic Model,1,2
2021,2021-wimbledon-1230,M,1,3,2,Dynamic Model,1,1
2021,2021-wimbledon-1230,M,1,3,3,Dynamic Model,1,0
2021,2021-wimbledon-1231,M,1,4,1,Cumul. Point Winner,1,3
2021,2021-wimbledon-1231,M,1,4,2,Cumul. Point Winner,1,2
2021,2021-wimbledon-1231,M,1,4,3,Cumul. Point Winner,1,1
2021,2021-wimbledon-1231,M,1,4,4,Cumul. Point Winner,1,0
2021,2021-wimbledon-1231,M,1,4,1,Cumul. Game Winner,1,3
2021,2021-wimbledon-1231,M,1,4,2,Cumul. Game Winner,2,2
2021,2021-wimbledon-1231,M,1,4,3,Cumul. Game Winner,1,1
2021,2021-wimbledon-1231,M,1,4,4,Cumul. Game Winner,1,0
2021,2021-wimbledon-1231,M,1,4,1,Set Winner,1,3
2021,2021-wimbledon-1231,M,1,4,2,Set Winner,2,2
2021,2021-wimbledon-1231,M,1,4,3,Set Winner,1,1
2021,2021-wimbledon-1231,M,1,4,4,Set Winner,1,0
2021,2021-wimbledon-1231,M,1,4,1,Cumul. Set Winner,1,3
2021,2021-wimbledon-1231,M,1,4,2,Cumul. Set Winner,1,2
2021,2021-wimbledon-1231,M,1,4,3,Cumul. Set Winner,1,1
2021,2021-wimbledon-1231,M,1,4,4,Cumul. Set Winner,1,0
2021,2021-wimbledon-1231,M,1,4,1,Cumul. Unf. Error,2,3
2021,2021-wimbledon-1231,M,1,4,2,Cumul. Unf. Error,2,2
2021,2021-wimbledon-1231,M,1,4,3,Cumul. Unf. Error,2,1
2021,2021-wimbledon-1231,M,1,4,4,Cumul. Unf. Error,2,0
2021,2021-wimbledon-1231,M,1,4,1,Dynamic Model,1,3
2021,2021-wimbledon-1231,M,1,4,2,Dynamic Model,2,2
2021,2021-wimbledon-1231,M,1,4,3,Dynamic Model,1,1
2021,2021-wimbledon-1231,M,1,4,4,Dynamic Model,1,0
2021,2021-wimbledon-1232,M,2,3,1,Cumul. Point Winner,2,2
2021,2021-wimbledon-1232,M,2,3,2,Cumul. Point Winner,2,1
2021,2021-wimbledon-1232,M,2,3,3,Cumul. Point Winner,2,0
2021,2021-wimbledon-1232,M,2,3,1,Cumul. Game Winner,2,2
2021,2021-wimbledon-1232,M,2,3,2,Cumul. Game Winner,2,1
2021,2021-wimbledon-1232,M,2,3,3,Cumul. Game Winner,2,0
2021,2021-wimbledon-1232,M,2,3,1,Set Winner,2,2
2021,2021-wimbledon-1232,M,2,3,2,Set Winner,2,1
2021,2021-wimbledon-1232,M,2,3,3,Set Winner,2,0
2021,2021-wimbledon-1232,M,2,3,1,Cumul. Set Winner,2,2
2021,2021-wimbledon-1232,M,2,3,2,Cumul. Set Winner,2,1
2021,2021-wimbledon-1232,M,2,3,3,Cumul. Set Winner,2,0
2021,2021-wimbledon-1232,M,2,3,1,Cumul. Unf. Error,2,2
2021,2021-wimbledon-1232,M,2,3,2,Cumul. Unf. Error,2,1
2021,2021-wimbledon-1232,M,2,3,3,Cumul. Unf. Error,2,0
2021,2021-wimbledon-1232,M,2,3,1,Dynamic Model,2,2
2021,2021-wimbledon-1232,M,2,3,2,Dynamic Model,2,1
2021,2021-wimbledon-1232,M,2,3,3,Dynamic Model,2,0
2021,2021-wimbledon-1301,M,1,3,1,Cumul. Point Winner,1,2
2021,2021-wimbledon-1301,M,1,3,2,Cumul. Point Winner,1,1
2021,2021-wimbledon-1301,M,1,3,3,Cumul. Point Winner,1,0
2021,2021-wimbledon-1301,M,1,3,1,Cumul. Game Winner,1,2
2021,2021-wimbledon-1301,M,1,3,2,Cumul. Game Winner,1,1
2021,2021-wimbledon-1301,M,1,3,3,Cumul. Game Winner,1,0
2021,2021-wimbledon-1301,M,1,3,1,Set Winner,1,2
2021,2021-wimbledon-1301,M,1,3,2,Set Winner,1,1
2021,2021-wimbledon-1301,M,1,3,3,Set Winner,1,0
2021,2021-wimbledon-1301,M,1,3,1,Cumul. Set Winner,1,2
2021,2021-wimbledon-1301,M,1,3,2,Cumul. Set Winner,1,1
2021,2021-wimbledon-1301,M,1,3,3,Cumul. Set Winner,1,0
2021,2021-wimbledon-1301,M,1,3,1,Cumul. Unf. Error,2,2
2021,2021-wimbledon-1301,M,1,3,2,Cumul. Unf. Error,1,1
2021,2021-wimbledon-1301,M,1,3,3,Cumul. Unf. Error,1,0
2021,2021-wimbledon-1301,M,1,3,1,Dynamic Model,1,2
2021,2021-wimbledon-1301,M,1,3,2,Dynamic Model,1,1
2021,2021-wimbledon-1301,M,1,3,3,Dynamic Model,1,0
2021,2021-wimbledon-1302,M,1,4,1,Cumul. Point Winner,1,3
2021,2021-wimbledon-1302,M,1,4,2,Cumul. Point Winner,1,2
2021,2021-wimbledon-1302,M,1,4,3,Cumul. Point Winner,1,1
2021,2021-wimbledon-1302,M,1,4,4,Cumul. Point Winner,1,0
2021,2021-wimbledon-1302,M,1,4,1,Cumul. Game Winner,1,3
2021,2021-wimbledon-1302,M,1,4,2,Cumul. Game Winner,1,2
2021,2021-wimbledon-1302,M,1,4,3,Cumul. Game Winner,1,1
2021,2021-wimbledon-1302,M,1,4,4,Cumul. Game Winner,1,0
2021,2021-wimbledon-1302,M,1,4,1,Set Winner,1,3
2021,2021-wimbledon-1302,M,1,4,2,Set Winner,1,2
2021,2021-wimbledon-1302,M,1,4,3,Set Winner,2,1
2021,2021-wimbledon-1302,M,1,4,4,Set Winner,1,0
2021,2021-wimbledon-1302,M,1,4,1,Cumul. Set Winner,1,3
2021,2021-wimbledon-1302,M,1,4,2,Cumul. Set Winner,1,2
2021,2021-wimbledon-1302,M,1,4,3,Cumul. Set Winner,1,1
2021,2021-wimbledon-1302,M,1,4,4,Cumul. Set Winner,1,0
2021,2021-wimbledon-1302,M,1,4,1,Cumul. Unf. Error,1,3
2021,2021-wimbledon-1302,M,1,4,2,Cumul. Unf. Error,1,2
2021,2021-wimbledon-1302,M,1,4,3,Cumul. Unf. Error,1,1
2021,2021-wimbledon-1302,M,1,4,4,Cumul. Unf. Error,1,0
2021,2021-wimbledon-1302,M,1,4,1,Dynamic Model,1,3
2021,2021-wimbledon-1302,M,1,4,2,Dynamic Model,1,2
2021,2021-wimbledon-1302,M,1,4,3,Dynamic Model,1,1
2021,2021-wimbledon-1302,M,1,4,4,Dynamic Model,1,0
2021,2021-wimbledon-1303,M,2,4,1,Cumul. Point Winner,2,3
2021,2021-wimbledon-1303,M,2,4,2,Cumul. Point Winner,2,2
2021,2021-wimbledon-1303,M,2,4,3,Cumul. Point Winner,2,1
2021,2021-wimbledon-1303,M,2,4,4,Cumul. Point Winner,2,0
2021,2021-wimbledon-1303,M,2,4,1,Cumul. Game Winner,2,3
2021,2021-wimbledon-1303,M,2,4,2,Cumul. Game Winner,2,2
2021,2021-wimbledon-1303,M,2,4,3,Cumul. Game Winner,2,1
2021,2021-wimbledon-1303,M,2,4,4,Cumul. Game Winner,2,0
2021,2021-wimbledon-1303,M,2,4,1,Set Winner,2,3
2021,2021-wimbledon-1303,M,2,4,2,Set Winner,2,2
2021,2021-wimbledon-1303,M,2,4,3,Set Winner,1,1
2021,2021-wimbledon-1303,M,2,4,4,Set Winner,2,0
2021,2021-wimbledon-1303,M,2,4,1,Cumul. Set Winner,2,3
2021,2021-wimbledon-1303,M,2,4,2,Cumul. Set Winner,2,2
2021,2021-wimbledon-1303,M,2,4,3,Cumul. Set Winner,2,1
2021,2021-wimbledon-1303,M,2,4,4,Cumul. Set Winner,2,0
2021,2021-wimbledon-1303,M,2,4,1,Cumul. Unf. Error,1,3
2021,2021-wimbledon-1303,M,2,4,2,Cumul. Unf. Error,1,2
2021,2021-wimbledon-1303,M,2,4,3,Cumul. Unf. Error,1,1
2021,2021-wimbledon-1303,M,2,4,4,Cumul. Unf. Error,1,0
2021,2021-wimbledon-1303,M,2,4,1,Dynamic Model,2,3
2021,2021-wimbledon-1303,M,2,4,2,Dynamic Model,2,2
2021,2021-wimbledon-1303,M,2,4,3,Dynamic Model,2,1
2021,2021-wimbledon-1303,M,2,4,4,Dynamic Model,2,0
2021,2021-wimbledon-1304,M,2,4,1,Cumul. Point Winner,2,3
2021,2021-wimbledon-1304,M,2,4,2,Cumul. Point Winner,2,2
2021,2021-wimbledon-1304,M,2,4,3,Cumul. Point Winner,2,1
2021,2021-wimbledon-1304,M,2,4,4,Cumul. Point Winner,2,0
2021,2021-wimbledon-1304,M,2,4,1,Cumul. Game Winner,2,3
2021,2021-wimbledon-1304,M,2,4,2,Cumul. Game Winner,2,2
2021,2021-wimbledon-1304,M,2,4,3,Cumul. Game Winner,2,1
2021,2021-wimbledon-1304,M,2,4,4,Cumul. Game Winner,2,0
2021,2021-wimbledon-1304,M,2,4,1,Set Winner,2,3
2021,2021-wimbledon-1304,M,2,4,2,Set Winner,1,2
2021,2021-wimbledon-1304,M,2,4,3,Set Winner,2,1
2021,2021-wimbledon-1304,M,2,4,4,Set Winner,2,0
2021,2021-wimbledon-1304,M,2,4,1,Cumul. Set Winner,2,3
2021,2021-wimbledon-1304,M,2,4,2,Cumul. Set Winner,2,2
2021,2021-wimbledon-1304,M,2,4,3,Cumul. Set Winner,2,1
2021,2021-wimbledon-1304,M,2,4,4,Cumul. Set Winner,2,0
2021,2021-wimbledon-1304,M,2,4,1,Cumul. Unf. Error,2,3
2021,2021-wimbledon-1304,M,2,4,2,Cumul. Unf. Error,2,2
2021,2021-wimbledon-1304,M,2,4,3,Cumul. Unf. Error,2,1
2021,2021-wimbledon-1304,M,2,4,4,Cumul. Unf. Error,2,0
2021,2021-wimbledon-1304,M,2,4,1,Dynamic Model,2,3
2021,2021-wimbledon-1304,M,2,4,2,Dynamic Model,2,2
2021,2021-wimbledon-1304,M,2,4,3,Dynamic Model,2,1
2021,2021-wimbledon-1304,M,2,4,4,Dynamic Model,2,0
2021,2021-wimbledon-1305,M,2,3,1,Cumul. Point Winner,2,2
2021,2021-wimbledon-1305,M,2,3,2,Cumul. Point Winner,2,1
2021,2021-wimbledon-1305,M,2,3,3,Cumul. Point Winner,2,0
2021,2021-wimbledon-1305,M,2,3,1,Cumul. Game Winner,2,2
2021,2021-wimbledon-1305,M,2,3,2,Cumul. Game Winner,2,1
2021,2021-wimbledon-1305,M,2,3,3,Cumul. Game Winner,2,0
2021,2021-wimbledon-1305,M,2,3,1,Set Winner,2,2
2021,2021-wimbledon-1305,M,2,3,2,Set Winner,2,1
2021,2021-wimbledon-1305,M,2,3,3,Set Winner,2,0
2021,2021-wimbledon-1305,M,2,3,1,Cumul. Set Winner,2,2
2021,2021-wimbledon-1305,M,2,3,2,Cumul. Set Winner,2,1
2021,2021-wimbledon-1305,M,2,3,3,Cumul. Set Winner,2,0
2021,2021-wimbledon-1305,M,2,3,1,Cumul. Unf. Error,2,2
2021,2021-wimbledon-1305,M,2,3,2,Cumul. Unf. Error,2,1
2021,2021-wimbledon-1305,M,2,3,3,Cumul. Unf. Error,2,0
2021,2021-wimbledon-1305,M,2,3,1,Dynamic Model,2,2
2021,2021-wimbledon-1305,M,2,3,2,Dynamic Model,2,1
2021,2021-wimbledon-1305,M,2,3,3,Dynamic Model,2,0
2021,2021-wimbledon-1306,M,2,4,1,Cumul. Point Winner,2,3
2021,2021-wimbledon-1306,M,2,4,2,Cumul. Point Winner,1,2
2021,2021-wimbledon-1306,M,2,4,3,Cumul. Point Winner,2,1
2021,2021-wimbledon-1306,M,2,4,4,Cumul. Point Winner,2,0
2021,2021-wimbledon-1306,M,2,4,1,Cumul. Game Winner,2,3
2021,2021-wimbledon-1306,M,2,4,2,Cumul. Game Winner,2,2
2021,2021-wimbledon-1306,M,2,4,3,Cumul. Game Winner,2,1
2021,2021-wimbledon-1306,M,2,4,4,Cumul. Game Winner,2,0
2021,2021-wimbledon-1306,M,2,4,1,Set Winner,2,3
2021,2021-wimbledon-1306,M,2,4,2,Set Winner,1,2
2021,2021-wimbledon-1306,M,2,4,3,Set Winner,2,1
2021,2021-wimbledon-1306,M,2,4,4,Set Winner,2,0
2021,2021-wimbledon-1306,M,2,4,1,Cumul. Set Winner,2,3
2021,2021-wimbledon-1306,M,2,4,2,Cumul. Set Winner,2,2
2021,2021-wimbledon-1306,M,2,4,3,Cumul. Set Winner,2,1
2021,2021-wimbledon-1306,M,2,4,4,Cumul. Set Winner,2,0
2021,2021-wimbledon-1306,M,2,4,1,Cumul. Unf. Error,1,3
2021,2021-wimbledon-1306,M,2,4,2,Cumul. Unf. Error,1,2
2021,2021-wimbledon-1306,M,2,4,3,Cumul. Unf. Error,1,1
2021,2021-wimbledon-1306,M,2,4,4,Cumul. Unf. Error,1,0
2021,2021-wimbledon-1306,M,2,4,1,Dynamic Model,2,3
2021,2021-wimbledon-1306,M,2,4,2,Dynamic Model,1,2
2021,2021-wimbledon-1306,M,2,4,3,Dynamic Model,2,1
2021,2021-wimbledon-1306,M,2,4,4,Dynamic Model,2,0
2021,2021-wimbledon-1307,M,1,3,1,Cumul. Point Winner,1,2
2021,2021-wimbledon-1307,M,1,3,2,Cumul. Point Winner,1,1
2021,2021-wimbledon-1307,M,1,3,3,Cumul. Point Winner,1,0
2021,2021-wimbledon-1307,M,1,3,1,Cumul. Game Winner,1,2
2021,2021-wimbledon-1307,M,1,3,2,Cumul. Game Winner,1,1
2021,2021-wimbledon-1307,M,1,3,3,Cumul. Game Winner,1,0
2021,2021-wimbledon-1307,M,1,3,1,Set Winner,1,2
2021,2021-wimbledon-1307,M,1,3,2,Set Winner,1,1
2021,2021-wimbledon-1307,M,1,3,3,Set Winner,1,0
2021,2021-wimbledon-1307,M,1,3,1,Cumul. Set Winner,1,2
2021,2021-wimbledon-1307,M,1,3,2,Cumul. Set Winner,1,1
2021,2021-wimbledon-1307,M,1,3,3,Cumul. Set Winner,1,0
2021,2021-wimbledon-1307,M,1,3,1,Cumul. Unf. Error,2,2
2021,2021-wimbledon-1307,M,1,3,2,Cumul. Unf. Error,2,1
2021,2021-wimbledon-1307,M,1,3,3,Cumul. Unf. Error,2,0
2021,2021-wimbledon-1307,M,1,3,1,Dynamic Model,1,2
2021,2021-wimbledon-1307,M,1,3,2,Dynamic Model,1,1
2021,2021-wimbledon-1307,M,1,3,3,Dynamic Model,1,0
2021,2021-wimbledon-1308,M,2,3,1,Cumul. Point Winner,2,2
2021,2021-wimbledon-1308,M,2,3,2,Cumul. Point Winner,2,1
2021,2021-wimbledon-1308,M,2,3,3,Cumul. Point Winner,2,0
2021,2021-wimbledon-1308,M,2,3,1,Cumul. Game Winner,2,2
2021,2021-wimbledon-1308,M,2,3,2,Cumul. Game Winner,2,1
2021,2021-wimbledon-1308,M,2,3,3,Cumul. Game Winner,2,0
2021,2021-wimbledon-1308,M,2,3,1,Set Winner,2,2
2021,2021-wimbledon-1308,M,2,3,2,Set Winner,2,1
2021,2021-wimbledon-1308,M,2,3,3,Set Winner,2,0
2021,2021-wimbledon-1308,M,2,3,1,Cumul. Set Winner,2,2
2021,2021-wimbledon-1308,M,2,3,2,Cumul. Set Winner,2,1
2021,2021-wimbledon-1308,M,2,3,3,Cumul. Set Winner,2,0
2021,2021-wimbledon-1308,M,2,3,1,Cumul. Unf. Error,2,2
2021,2021-wimbledon-1308,M,2,3,2,Cumul. Unf. Error,2,1
2021,2021-wimbledon-1308,M,2,3,3,Cumul. Unf. Error,2,0
2021,2021-wimbledon-1308,M,2,3,1,Dynamic Model,2,2
2021,2021-wimbledon-1308,M,2,3,2,Dynamic Model,2,1
2021,2021-wimbledon-1308,M,2,3,3,Dynamic Model,2,0
2021,2021-wimbledon-1309,M,1,3,1,Cumul. Point Winner,1,2
2021,2021-wimbledon-1309,M,1,3,2,Cumul. Point Winner,1,1
2021,2021-wimbledon-1309,M,1,3,3,Cumul. Point Winner,1,0
2021,2021-wimbledon-1309,M,1,3,1,Cumul. Game Winner,1,2
2021,2021-wimbledon-1309,M,1,3,2,Cumul. Game Winner,1,1
2021,2021-wimbledon-1309,M,1,3,3,Cumul. Game Winner,1,0
2021,2021-wimbledon-1309,M,1,3,1,Set Winner,1,2
2021,2021-wimbledon-1309,M,1,3,2,Set Winner,1,1
2021,2021-wimbledon-1309,M,1,3,3,Set Winner,1,0
2021,2021-wimbledon-1309,M,1,3,1,Cumul. Set Winner,1,2
2021,2021-wimbledon-1309,M,1,3,2,Cumul. Set Winner,1,1
2021,2021-wimbledon-1309,M,1,3,3,Cumul. Set Winner,1,0
2021,2021-wimbledon-1309,M,1,3,1,Cumul. Unf. Error,1,2
2021,2021-wimbledon-1309,M,1,3,2,Cumul. Unf. Error,2,1
2021,2021-wimbledon-1309,M,1,3,3,Cumul. Unf. Error,2,0
2021,2021-wimbledon-1309,M,1,3,1,Dynamic Model,1,2
2021,2021-wimbledon-1309,M,1,3,2,Dynamic Model,1,1
2021,2021-wimbledon-1309,M,1,3,3,Dynamic Model,1,0
2021,2021-wimbledon-1310,M,1,3,1,Cumul. Point Winner,1,2
2021,2021-wimbledon-1310,M,1,3,2,Cumul. Point Winner,1,1
2021,2021-wimbledon-1310,M,1,3,3,Cumul. Point Winner,1,0
2021,2021-wimbledon-1310,M,1,3,1,Cumul. Game Winner,1,2
2021,2021-wimbledon-1310,M,1,3,2,Cumul. Game Winner,1,1
2021,2021-wimbledon-1310,M,1,3,3,Cumul. Game Winner,1,0
2021,2021-wimbledon-1310,M,1,3,1,Set Winner,1,2
2021,2021-wimbledon-1310,M,1,3,2,Set Winner,1,1
2021,2021-wimbledon-1310,M,1,3,3,Set Winner,1,0
2021,2021-wimbledon-1310,M,1,3,1,Cumul. Set Winner,1,2
2021,2021-wimbledon-1310,M,1,3,2,Cumul. Set Winner,1,1
2021,2021-wimbledon-1310,M,1,3,3,Cumul. Set Winner,1,0
2021,2021-wimbledon-1310,M,1,3,1,Cumul. Unf. Error,1,2
2021,2021-wimbledon-1310,M,1,3,2,Cumul. Unf. Error,1,1
2021,2021-wimbledon-1310,M,1,3,3,Cumul. Unf. Error,1,0
2021,2021-wimbledon-1310,M,1,3,1,Dynamic Model,1,2
2021,2021-wimbledon-1310,M,1,3,2,Dynamic Model,1,1
2021,2021-wimbledon-1310,M,1,3,3,Dynamic Model,1,0
2021,2021-wimbledon-1312,M,2,4,1,Cumul. Point Winner,1,3
2021,2021-wimbledon-1312,M,2,4,2,Cumul. Point Winner,2,2
2021,2021-wimbledon-1312,M,2,4,3,Cumul. Point Winner,2,1
2021,2021-wimbledon-1312,M,2,4,4,Cumul. Point Winner,2,0
2021,2021-wimbledon-1312,M,2,4,1,Cumul. Game Winner,1,3
2021,2021-wimbledon-1312,M,2,4,2,Cumul. Game Winner,2,2
2021,2021-wimbledon-1312,M,2,4,3,Cumul. Game Winner,2,1
2021,2021-wimbledon-1312,M,2,4,4,Cumul. Game Winner,2,0
2021,2021-wimbledon-1312,M,2,4,1,Set Winner,1,3
2021,2021-wimbledon-1312,M,2,4,2,Set Winner,2,2
2021,2021-wimbledon-1312,M,2,4,3,Set Winner,2,1
2021,2021-wimbledon-1312,M,2,4,4,Set Winner,2,0
2021,2021-wimbledon-1312,M,2,4,1,Cumul. Set Winner,1,3
2021,2021-wimbledon-1312,M,2,4,2,Cumul. Set Winner,1,2
2021,2021-wimbledon-1312,M,2,4,3,Cumul. Set Winner,2,1
2021,2021-wimbledon-1312,M,2,4,4,Cumul. Set Winner,2,0
2021,2021-wimbledon-1312,M,2,4,1,Cumul. Unf. Error,2,3
2021,2021-wimbledon-1312,M,2,4,2,Cumul. Unf. Error,2,2
2021,2021-wimbledon-1312,M,2,4,3,Cumul. Unf. Error,2,1
2021,2021-wimbledon-1312,M,2,4,4,Cumul. Unf. Error,2,0
2021,2021-wimbledon-1312,M,2,4,1,Dynamic Model,1,3
2021,2021-wimbledon-1312,M,2,4,2,Dynamic Model,2,2
2021,2021-wimbledon-1312,M,2,4,3,Dynamic Model,2,1
2021,2021-wimbledon-1312,M,2,4,4,Dynamic Model,2,0
2021,2021-wimbledon-1313,M,1,4,1,Cumul. Point Winner,1,3
2021,2021-wimbledon-1313,M,1,4,2,Cumul. Point Winner,1,2
2021,2021-wimbledon-1313,M,1,4,3,Cumul. Point Winner,1,1
2021,2021-wimbledon-1313,M,1,4,4,Cumul. Point Winner,1,0
2021,2021-wimbledon-1313,M,1,4,1,Cumul. Game Winner,1,3
2021,2021-wimbledon-1313,M,1,4,2,Cumul. Game Winner,1,2
2021,2021-wimbledon-1313,M,1,4,3,Cumul. Game Winner,1,1
2021,2021-wimbledon-1313,M,1,4,4,Cumul. Game Winner,1,0
2021,2021-wimbledon-1313,M,1,4,1,Set Winner,1,3
2021,2021-wimbledon-1313,M,1,4,2,Set Winner,1,2
2021,2021-wimbledon-1313,M,1,4,3,Set Winner,2,1
2021,2021-wimbledon-1313,M,1,4,4,Set Winner,1,0
2021,2021-wimbledon-1313,M,1,4,1,Cumul. Set Winner,1,3
2021,2021-wimbledon-1313,M,1,4,2,Cumul. Set Winner,1,2
2021,2021-wimbledon-1313,M,1,4,3,Cumul. Set Winner,1,1
2021,2021-wimbledon-1313,M,1,4,4,Cumul. Set Winner,1,0
2021,2021-wimbledon-1313,M,1,4,1,Cumul. Unf. Error,1,3
2021,2021-wimbledon-1313,M,1,4,2,Cumul. Unf. Error,1,2
2021,2021-wimbledon-1313,M,1,4,3,Cumul. Unf. Error,2,1
2021,2021-wimbledon-1313,M,1,4,4,Cumul. Unf. Error,2,0
2021,2021-wimbledon-1313,M,1,4,1,Dynamic Model,1,3
2021,2021-wimbledon-1313,M,1,4,2,Dynamic Model,1,2
2021,2021-wimbledon-1313,M,1,4,3,Dynamic Model,1,1
2021,2021-wimbledon-1313,M,1,4,4,Dynamic Model,1,0
2021,2021-wimbledon-1314,M,1,3,1,Cumul. Point Winner,1,2
2021,2021-wimbledon-1314,M,1,3,2,Cumul. Point Winner,1,1
2021,2021-wimbledon-1314,M,1,3,3,Cumul. Point Winner,1,0
2021,2021-wimbledon-1314,M,1,3,1,Cumul. Game Winner,1,2
2021,2021-wimbledon-1314,M,1,3,2,Cumul. Game Winner,1,1
2021,2021-wimbledon-1314,M,1,3,3,Cumul. Game Winner,1,0
2021,2021-wimbledon-1314,M,1,3,1,Set Winner,1,2
2021,2021-wimbledon-1314,M,1,3,2,Set Winner,1,1
2021,2021-wimbledon-1314,M,1,3,3,Set Winner,1,0
2021,2021-wimbledon-1314,M,1,3,1,Cumul. Set Winner,1,2
2021,2021-wimbledon-1314,M,1,3,2,Cumul. Set Winner,1,1
2021,2021-wimbledon-1314,M,1,3,3,Cumul. Set Winner,1,0
2021,2021-wimbledon-1314,M,1,3,1,Cumul. Unf. Error,1,2
2021,2021-wimbledon-1314,M,1,3,2,Cumul. Unf. Error,1,1
2021,2021-wimbledon-1314,M,1,3,3,Cumul. Unf. Error,1,0
2021,2021-wimbledon-1314,M,1,3,1,Dynamic Model,1,2
2021,2021-wimbledon-1314,M,1,3,2,Dynamic Model,1,1
2021,2021-wimbledon-1314,M,1,3,3,Dynamic Model,1,0
2021,2021-wimbledon-1315,M,1,3,1,Cumul. Point Winner,1,2
2021,2021-wimbledon-1315,M,1,3,2,Cumul. Point Winner,1,1
2021,2021-wimbledon-1315,M,1,3,3,Cumul. Point Winner,1,0
2021,2021-wimbledon-1315,M,1,3,1,Cumul. Game Winner,1,2
2021,2021-wimbledon-1315,M,1,3,2,Cumul. Game Winner,1,1
2021,2021-wimbledon-1315,M,1,3,3,Cumul. Game Winner,1,0
2021,2021-wimbledon-1315,M,1,3,1,Set Winner,1,2
2021,2021-wimbledon-1315,M,1,3,2,Set Winner,1,1
2021,2021-wimbledon-1315,M,1,3,3,Set Winner,1,0
2021,2021-wimbledon-1315,M,1,3,1,Cumul. Set Winner,1,2
2021,2021-wimbledon-1315,M,1,3,2,Cumul. Set Winner,1,1
2021,2021-wimbledon-1315,M,1,3,3,Cumul. Set Winner,1,0
2021,2021-wimbledon-1315,M,1,3,1,Cumul. Unf. Error,1,2
2021,2021-wimbledon-1315,M,1,3,2,Cumul. Unf. Error,1,1
2021,2021-wimbledon-1315,M,1,3,3,Cumul. Unf. Error,1,0
2021,2021-wimbledon-1315,M,1,3,1,Dynamic Model,1,2
2021,2021-wimbledon-1315,M,1,3,2,Dynamic Model,1,1
2021,2021-wimbledon-1315,M,1,3,3,Dynamic Model,1,0
2021,2021-wimbledon-1316,M,2,5,1,Cumul. Point Winner,1,4
2021,2021-wimbledon-1316,M,2,5,2,Cumul. Point Winner,1,3
2021,2021-wimbledon-1316,M,2,5,3,Cumul. Point Winner,1,2
2021,2021-wimbledon-1316,M,2,5,4,Cumul. Point Winner,1,1
2021,2021-wimbledon-1316,M,2,5,5,Cumul. Point Winner,2,0
2021,2021-wimbledon-1316,M,2,5,1,Cumul. Game Winner,1,4
2021,2021-wimbledon-1316,M,2,5,2,Cumul. Game Winner,1,3
2021,2021-wimbledon-1316,M,2,5,3,Cumul. Game Winner,1,2
2021,2021-wimbledon-1316,M,2,5,4,Cumul. Game Winner,2,1
2021,2021-wimbledon-1316,M,2,5,5,Cumul. Game Winner,2,0
2021,2021-wimbledon-1316,M,2,5,1,Set Winner,1,4
2021,2021-wimbledon-1316,M,2,5,2,Set Winner,1,3
2021,2021-wimbledon-1316,M,2,5,3,Set Winner,2,2
2021,2021-wimbledon-1316,M,2,5,4,Set Winner,2,1
2021,2021-wimbledon-1316,M,2,5,5,Set Winner,2,0
2021,2021-wimbledon-1316,M,2,5,1,Cumul. Set Winner,1,4
2021,2021-wimbledon-1316,M,2,5,2,Cumul. Set Winner,1,3
2021,2021-wimbledon-1316,M,2,5,3,Cumul. Set Winner,1,2
2021,2021-wimbledon-1316,M,2,5,4,Cumul. Set Winner,1,1
2021,2021-wimbledon-1316,M,2,5,5,Cumul. Set Winner,2,0
2021,2021-wimbledon-1316,M,2,5,1,Cumul. Unf. Error,2,4
2021,2021-wimbledon-1316,M,2,5,2,Cumul. Unf. Error,2,3
2021,2021-wimbledon-1316,M,2,5,3,Cumul. Unf. Error,2,2
2021,2021-wimbledon-1316,M,2,5,4,Cumul. Unf. Error,2,1
2021,2021-wimbledon-1316,M,2,5,5,Cumul. Unf. Error,2,0
2021,2021-wimbledon-1316,M,2,5,1,Dynamic Model,1,4
2021,2021-wimbledon-1316,M,2,5,2,Dynamic Model,1,3
2021,2021-wimbledon-1316,M,2,5,3,Dynamic Model,1,2
2021,2021-wimbledon-1316,M,2,5,4,Dynamic Model,2,1
2021,2021-wimbledon-1316,M,2,5,5,Dynamic Model,2,0
2021,2021-wimbledon-1401,M,1,3,1,Cumul. Point Winner,1,2
2021,2021-wimbledon-1401,M,1,3,2,Cumul. Point Winner,1,1
2021,2021-wimbledon-1401,M,1,3,3,Cumul. Point Winner,1,0
2021,2021-wimbledon-1401,M,1,3,1,Cumul. Game Winner,1,2
2021,2021-wimbledon-1401,M,1,3,2,Cumul. Game Winner,1,1
2021,2021-wimbledon-1401,M,1,3,3,Cumul. Game Winner,1,0
2021,2021-wimbledon-1401,M,1,3,1,Set Winner,1,2
2021,2021-wimbledon-1401,M,1,3,2,Set Winner,1,1
2021,2021-wimbledon-1401,M,1,3,3,Set Winner,1,0
2021,2021-wimbledon-1401,M,1,3,1,Cumul. Set Winner,1,2
2021,2021-wimbledon-1401,M,1,3,2,Cumul. Set Winner,1,1
2021,2021-wimbledon-1401,M,1,3,3,Cumul. Set Winner,1,0
2021,2021-wimbledon-1401,M,1,3,1,Cumul. Unf. Error,1,2
2021,2021-wimbledon-1401,M,1,3,2,Cumul. Unf. Error,1,1
2021,2021-wimbledon-1401,M,1,3,3,Cumul. Unf. Error,1,0
2021,2021-wimbledon-1401,M,1,3,1,Dynamic Model,1,2
2021,2021-wimbledon-1401,M,1,3,2,Dynamic Model,1,1
2021,2021-wimbledon-1401,M,1,3,3,Dynamic Model,1,0
2021,2021-wimbledon-1402,M,1,5,1,Cumul. Point Winner,1,4
2021,2021-wimbledon-1402,M,1,5,2,Cumul. Point Winner,1,3
2021,2021-wimbledon-1402,M,1,5,3,Cumul. Point Winner,2,2
2021,2021-wimbledon-1402,M,1,5,4,Cumul. Point Winner,1,1
2021,2021-wimbledon-1402,M,1,5,5,Cumul. Point Winner,1,0
2021,2021-wimbledon-1402,M,1,5,1,Cumul. Game Winner,1,4
2021,2021-wimbledon-1402,M,1,5,2,Cumul. Game Winner,1,3
2021,2021-wimbledon-1402,M,1,5,3,Cumul. Game Winner,2,2
2021,2021-wimbledon-1402,M,1,5,4,Cumul. Game Winner,1,1
2021,2021-wimbledon-1402,M,1,5,5,Cumul. Game Winner,1,0
2021,2021-wimbledon-1402,M,1,5,1,Set Winner,1,4
2021,2021-wimbledon-1402,M,1,5,2,Set Winner,2,3
2021,2021-wimbledon-1402,M,1,5,3,Set Winner,2,2
2021,2021-wimbledon-1402,M,1,5,4,Set Winner,1,1
2021,2021-wimbledon-1402,M,1,5,5,Set Winner,1,0
2021,2021-wimbledon-1402,M,1,5,1,Cumul. Set Winner,1,4
2021,2021-wimbledon-1402,M,1,5,2,Cumul. Set Winner,1,3
2021,2021-wimbledon-1402,M,1,5,3,Cumul. Set Winner,2,2
2021,2021-wimbledon-1402,M,1,5,4,Cumul. Set Winner,2,1
2021,2021-wimbledon-1402,M,1,5,5,Cumul. Set Winner,1,0
2021,2021-wimbledon-1402,M,1,5,1,Cumul. Unf. Error,2,4
2021,2021-wimbledon-1402,M,1,5,2,Cumul. Unf. Error,2,3
2021,2021-wimbledon-1402,M,1,5,3,Cumul. Unf. Error,2,2
2021,2021-wimbledon-1402,M,1,5,4,Cumul. Unf. Error,1,1
2021,2021-wimbledon-1402,M,1,5,5,Cumul. Unf. Error,1,0
2021,2021-wimbledon-1402,M,1,5,1,Dynamic Model,1,4
2021,2021-wimbledon-1402,M,1,5,2,Dynamic Model,1,3
2021,2021-wimbledon-1402,M,1,5,3,Dynamic Model,2,2
2021,2021-wimbledon-1402,M,1,5,4,Dynamic Model,1,1
2021,2021-wimbledon-1402,M,1,5,5,Dynamic Model,1,0
2021,2021-wimbledon-1403,M,1,5,1,Cumul. Point Winner,2,4
2021,2021-wimbledon-1403,M,1,5,2,Cumul. Point Winner,2,3
2021,2021-wimbledon-1403,M,1,5,3,Cumul. Point Winner,1,2
2021,2021-wimbledon-1403,M,1,5,4,Cumul. Point Winner,2,1
2021,2021-wimbledon-1403,M,1,5,5,Cumul. Point Winner,1,0
2021,2021-wimbledon-1403,M,1,5,1,Cumul. Game Winner,2,4
2021,2021-wimbledon-1403,M,1,5,2,Cumul. Game Winner,2,3
2021,2021-wimbledon-1403,M,1,5,3,Cumul. Game Winner,1,2
2021,2021-wimbledon-1403,M,1,5,4,Cumul. Game Winner,1,1
2021,2021-wimbledon-1403,M,1,5,5,Cumul. Game Winner,1,0
2021,2021-wimbledon-1403,M,1,5,1,Set Winner,2,4
2021,2021-wimbledon-1403,M,1,5,2,Set Winner,1,3
2021,2021-wimbledon-1403,M,1,5,3,Set Winner,1,2
2021,2021-wimbledon-1403,M,1,5,4,Set Winner,2,1
2021,2021-wimbledon-1403,M,1,5,5,Set Winner,1,0
2021,2021-wimbledon-1403,M,1,5,1,Cumul. Set Winner,2,4
2021,2021-wimbledon-1403,M,1,5,2,Cumul. Set Winner,2,3
2021,2021-wimbledon-1403,M,1,5,3,Cumul. Set Winner,1,2
2021,2021-wimbledon-1403,M,1,5,4,Cumul. Set Winner,1,1
2021,2021-wimbledon-1403,M,1,5,5,Cumul. Set Winner,1,0
2021,2021-wimbledon-1403,M,1,5,1,Cumul. Unf. Error,1,4
2021,2021-wimbledon-1403,M,1,5,2,Cumul. Unf. Error,1,3
2021,2021-wimbledon-1403,M,1,5,3,Cumul. Unf. Error,1,2
2021,2021-wimbledon-1403,M,1,5,4,Cumul. Unf. Error,1,1
2021,2021-wimbledon-1403,M,1,5,5,Cumul. Unf. Error,1,0
2021,2021-wimbledon-1403,M,1,5,1,Dynamic Model,2,4
2021,2021-wimbledon-1403,M,1,5,2,Dynamic Model,2,3
2021,2021-wimbledon-1403,M,1,5,3,Dynamic Model,1,2
2021,2021-wimbledon-1403,M,1,5,4,Dynamic Model,1,1
2021,2021-wimbledon-1403,M,1,5,5,Dynamic Model,1,0
2021,2021-wimbledon-1404,M,1,3,1,Cumul. Point Winner,1,2
2021,2021-wimbledon-1404,M,1,3,2,Cumul. Point Winner,1,1
2021,2021-wimbledon-1404,M,1,3,3,Cumul. Point Winner,1,0
2021,2021-wimbledon-1404,M,1,3,1,Cumul. Game Winner,1,2
2021,2021-wimbledon-1404,M,1,3,2,Cumul. Game Winner,1,1
2021,2021-wimbledon-1404,M,1,3,3,Cumul. Game Winner,1,0
2021,2021-wimbledon-1404,M,1,3,1,Set Winner,1,2
2021,2021-wimbledon-1404,M,1,3,2,Set Winner,1,1
2021,2021-wimbledon-1404,M,1,3,3,Set Winner,1,0
2021,2021-wimbledon-1404,M,1,3,1,Cumul. Set Winner,1,2
2021,2021-wimbledon-1404,M,1,3,2,Cumul. Set Winner,1,1
2021,2021-wimbledon-1404,M,1,3,3,Cumul. Set Winner,1,0
2021,2021-wimbledon-1404,M,1,3,1,Cumul. Unf. Error,2,2
2021,2021-wimbledon-1404,M,1,3,2,Cumul. Unf. Error,2,1
2021,2021-wimbledon-1404,M,1,3,3,Cumul. Unf. Error,2,0
2021,2021-wimbledon-1404,M,1,3,1,Dynamic Model,1,2
2021,2021-wimbledon-1404,M,1,3,2,Dynamic Model,1,1
2021,2021-wimbledon-1404,M,1,3,3,Dynamic Model,1,0
2021,2021-wimbledon-1405,M,1,3,1,Cumul. Point Winner,1,2
2021,2021-wimbledon-1405,M,1,3,2,Cumul. Point Winner,1,1
2021,2021-wimbledon-1405,M,1,3,3,Cumul. Point Winner,1,0
2021,2021-wimbledon-1405,M,1,3,1,Cumul. Game Winner,1,2
2021,2021-wimbledon-1405,M,1,3,2,Cumul. Game Winner,1,1
2021,2021-wimbledon-1405,M,1,3,3,Cumul. Game Winner,1,0
2021,2021-wimbledon-1405,M,1,3,1,Set Winner,1,2
2021,2021-wimbledon-1405,M,1,3,2,Set Winner,1,1
2021,2021-wimbledon-1405,M,1,3,3,Set Winner,1,0
2021,2021-wimbledon-1405,M,1,3,1,Cumul. Set Winner,1,2
2021,2021-wimbledon-1405,M,1,3,2,Cumul. Set Winner,1,1
2021,2021-wimbledon-1405,M,1,3,3,Cumul. Set Winner,1,0
2021,2021-wimbledon-1405,M,1,3,1,Cumul. Unf. Error,2,2
2021,2021-wimbledon-1405,M,1,3,2,Cumul. Unf. Error,2,1
2021,2021-wimbledon-1405,M,1,3,3,Cumul. Unf. Error,2,0
2021,2021-wimbledon-1405,M,1,3,1,Dynamic Model,1,2
2021,2021-wimbledon-1405,M,1,3,2,Dynamic Model,1,1
2021,2021-wimbledon-1405,M,1,3,3,Dynamic Model,1,0
2021,2021-wimbledon-1406,M,1,5,1,Cumul. Point Winner,1,4
2021,2021-wimbledon-1406,M,1,5,2,Cumul. Point Winner,1,3
2021,2021-wimbledon-1406,M,1,5,3,Cumul. Point Winner,1,2
2021,2021-wimbledon-1406,M,1,5,4,Cumul. Point Winner,2,1
2021,2021-wimbledon-1406,M,1,5,5,Cumul. Point Winner,1,0
2021,2021-wimbledon-1406,M,1,5,1,Cumul. Game Winner,1,4
2021,2021-wimbledon-1406,M,1,5,2,Cumul. Game Winner,1,3
2021,2021-wimbledon-1406,M,1,5,3,Cumul. Game Winner,1,2
2021,2021-wimbledon-1406,M,1,5,4,Cumul. Game Winner,2,1
2021,2021-wimbledon-1406,M,1,5,5,Cumul. Game Winner,2,0
2021,2021-wimbledon-1406,M,1,5,1,Set Winner,1,4
2021,2021-wimbledon-1406,M,1,5,2,Set Winner,1,3
2021,2021-wimbledon-1406,M,1,5,3,Set Winner,2,2
2021,2021-wimbledon-1406,M,1,5,4,Set Winner,2,1
2021,2021-wimbledon-1406,M,1,5,5,Set Winner,1,0
2021,2021-wimbledon-1406,M,1,5,1,Cumul. Set Winner,1,4
2021,2021-wimbledon-1406,M,1,5,2,Cumul. Set Winner,1,3
2021,2021-wimbledon-1406,M,1,5,3,Cumul. Set Winner,1,2
2021,2021-wimbledon-1406,M,1,5,4,Cumul. Set Winner,1,1
2021,2021-wimbledon-1406,M,1,5,5,Cumul. Set Winner,1,0
2021,2021-wimbledon-1406,M,1,5,1,Cumul. Unf. Error,1,4
2021,2021-wimbledon-1406,M,1,5,2,Cumul. Unf. Error,1,3
2021,2021-wimbledon-1406,M,1,5,3,Cumul. Unf. Error,2,2
2021,2021-wimbledon-1406,M,1,5,4,Cumul. Unf. Error,2,1
2021,2021-wimbledon-1406,M,1,5,5,Cumul. Unf. Error,2,0
2021,2021-wimbledon-1406,M,1,5,1,Dynamic Model,1,4
2021,2021-wimbledon-1406,M,1,5,2,Dynamic Model,1,3
2021,2021-wimbledon-1406,M,1,5,3,Dynamic Model,1,2
2021,2021-wimbledon-1406,M,1,5,4,Dynamic Model,2,1
2021,2021-wimbledon-1406,M,1,5,5,Dynamic Model,1,0
2021,2021-wimbledon-1407,M,1,3,1,Cumul. Point Winner,1,2
2021,2021-wimbledon-1407,M,1,3,2,Cumul. Point Winner,1,1
2021,2021-wimbledon-1407,M,1,3,3,Cumul. Point Winner,1,0
2021,2021-wimbledon-1407,M,1,3,1,Cumul. Game Winner,1,2
2021,2021-wimbledon-1407,M,1,3,2,Cumul. Game Winner,1,1
2021,2021-wimbledon-1407,M,1,3,3,Cumul. Game Winner,1,0
2021,2021-wimbledon-1407,M,1,3,1,Set Winner,1,2
2021,2021-wimbledon-1407,M,1,3,2,Set Winner,1,1
2021,2021-wimbledon-1407,M,1,3,3,Set Winner,1,0
2021,2021-wimbledon-1407,M,1,3,1,Cumul. Set Winner,1,2
2021,2021-wimbledon-1407,M,1,3,2,Cumul. Set Winner,1,1
2021,2021-wimbledon-1407,M,1,3,3,Cumul. Set Winner,1,0
2021,2021-wimbledon-1407,M,1,3,1,Cumul. Unf. Error,2,2
2021,2021-wimbledon-1407,M,1,3,2,Cumul. Unf. Error,2,1
2021,2021-wimbledon-1407,M,1,3,3,Cumul. Unf. Error,2,0
2021,2021-wimbledon-1407,M,1,3,1,Dynamic Model,1,2
2021,2021-wimbledon-1407,M,1,3,2,Dynamic Model,1,1
2021,2021-wimbledon-1407,M,1,3,3,Dynamic Model,1,0
2021,2021-wimbledon-1408,M,1,5,1,Cumul. Point Winner,2,4
2021,2021-wimbledon-1408,M,1,5,2,Cumul. Point Winner,2,3
2021,2021-wimbledon-1408,M,1,5,3,Cumul. Point Winner,2,2
2021,2021-wimbledon-1408,M,1,5,4,Cumul. Point Winner,2,1
2021,2021-wimbledon-1408,M,1,5,5,Cumul. Point Winner,2,0
2021,2021-wimbledon-1408,M,1,5,1,Cumul. Game Winner,2,4
2021,2021-wimbledon-1408,M,1,5,2,Cumul. Game Winner,2,3
2021,2021-wimbledon-1408,M,1,5,3,Cumul. Game Winner,2,2
2021,2021-wimbledon-1408,M,1,5,4,Cumul. Game Winner,2,1
2021,2021-wimbledon-1408,M,1,5,5,Cumul. Game Winner,2,0
2021,2021-wimbledon-1408,M,1,5,1,Set Winner,2,4
2021,2021-wimbledon-1408,M,1,5,2,Set Winner,1,3
2021,2021-wimbledon-1408,M,1,5,3,Set Winner,2,2
2021,2021-wimbledon-1408,M,1,5,4,Set Winner,1,1
2021,2021-wimbledon-1408,M,1,5,5,Set Winner,1,0
2021,2021-wimbledon-1408,M,1,5,1,Cumul. Set Winner,2,4
2021,2021-wimbledon-1408,M,1,5,2,Cumul. Set Winner,2,3
2021,2021-wimbledon-1408,M,1,5,3,Cumul. Set Winner,2,2
2021,2021-wimbledon-1408,M,1,5,4,Cumul. Set Winner,2,1
2021,2021-wimbledon-1408,M,1,5,5,Cumul. Set Winner,1,0
2021,2021-wimbledon-1408,M,1,5,1,Cumul. Unf. Error,2,4
2021,2021-wimbledon-1408,M,1,5,2,Cumul. Unf. Error,2,3
2021,2021-wimbledon-1408,M,1,5,3,Cumul. Unf. Error,2,2
2021,2021-wimbledon-1408,M,1,5,4,Cumul. Unf. Error,2,1
2021,2021-wimbledon-1408,M,1,5,5,Cumul. Unf. Error,2,0
2021,2021-wimbledon-1408,M,1,5,1,Dynamic Model,2,4
2021,2021-wimbledon-1408,M,1,5,2,Dynamic Model,2,3
2021,2021-wimbledon-1408,M,1,5,3,Dynamic Model,2,2
2021,2021-wimbledon-1408,M,1,5,4,Dynamic Model,2,1
2021,2021-wimbledon-1408,M,1,5,5,Dynamic Model,2,0
2021,2021-wimbledon-1501,M,1,3,1,Cumul. Point Winner,1,2
2021,2021-wimbledon-1501,M,1,3,2,Cumul. Point Winner,1,1
2021,2021-wimbledon-1501,M,1,3,3,Cumul. Point Winner,1,0
2021,2021-wimbledon-1501,M,1,3,1,Cumul. Game Winner,1,2
2021,2021-wimbledon-1501,M,1,3,2,Cumul. Game Winner,1,1
2021,2021-wimbledon-1501,M,1,3,3,Cumul. Game Winner,1,0
2021,2021-wimbledon-1501,M,1,3,1,Set Winner,1,2
2021,2021-wimbledon-1501,M,1,3,2,Set Winner,1,1
2021,2021-wimbledon-1501,M,1,3,3,Set Winner,1,0
2021,2021-wimbledon-1501,M,1,3,1,Cumul. Set Winner,1,2
2021,2021-wimbledon-1501,M,1,3,2,Cumul. Set Winner,1,1
2021,2021-wimbledon-1501,M,1,3,3,Cumul. Set Winner,1,0
2021,2021-wimbledon-1501,M,1,3,1,Cumul. Unf. Error,2,2
2021,2021-wimbledon-1501,M,1,3,2,Cumul. Unf. Error,2,1
2021,2021-wimbledon-1501,M,1,3,3,Cumul. Unf. Error,1,0
2021,2021-wimbledon-1501,M,1,3,1,Dynamic Model,1,2
2021,2021-wimbledon-1501,M,1,3,2,Dynamic Model,1,1
2021,2021-wimbledon-1501,M,1,3,3,Dynamic Model,1,0
2021,2021-wimbledon-1502,M,2,5,1,Cumul. Point Winner,2,4
2021,2021-wimbledon-1502,M,2,5,2,Cumul. Point Winner,2,3
2021,2021-wimbledon-1502,M,2,5,3,Cumul. Point Winner,2,2
2021,2021-wimbledon-1502,M,2,5,4,Cumul. Point Winner,2,1
2021,2021-wimbledon-1502,M,2,5,5,Cumul. Point Winner,2,0
2021,2021-wimbledon-1502,M,2,5,1,Cumul. Game Winner,2,4
2021,2021-wimbledon-1502,M,2,5,2,Cumul. Game Winner,1,3
2021,2021-wimbledon-1502,M,2,5,3,Cumul. Game Winner,1,2
2021,2021-wimbledon-1502,M,2,5,4,Cumul. Game Winner,2,1
2021,2021-wimbledon-1502,M,2,5,5,Cumul. Game Winner,2,0
2021,2021-wimbledon-1502,M,2,5,1,Set Winner,2,4
2021,2021-wimbledon-1502,M,2,5,2,Set Winner,1,3
2021,2021-wimbledon-1502,M,2,5,3,Set Winner,1,2
2021,2021-wimbledon-1502,M,2,5,4,Set Winner,2,1
2021,2021-wimbledon-1502,M,2,5,5,Set Winner,2,0
2021,2021-wimbledon-1502,M,2,5,1,Cumul. Set Winner,2,4
2021,2021-wimbledon-1502,M,2,5,2,Cumul. Set Winner,2,3
2021,2021-wimbledon-1502,M,2,5,3,Cumul. Set Winner,1,2
2021,2021-wimbledon-1502,M,2,5,4,Cumul. Set Winner,1,1
2021,2021-wimbledon-1502,M,2,5,5,Cumul. Set Winner,2,0
2021,2021-wimbledon-1502,M,2,5,1,Cumul. Unf. Error,1,4
2021,2021-wimbledon-1502,M,2,5,2,Cumul. Unf. Error,1,3
2021,2021-wimbledon-1502,M,2,5,3,Cumul. Unf. Error,1,2
2021,2021-wimbledon-1502,M,2,5,4,Cumul. Unf. Error,1,1
2021,2021-wimbledon-1502,M,2,5,5,Cumul. Unf. Error,2,0
2021,2021-wimbledon-1502,M,2,5,1,Dynamic Model,2,4
2021,2021-wimbledon-1502,M,2,5,2,Dynamic Model,2,3
2021,2021-wimbledon-1502,M,2,5,3,Dynamic Model,1,2
2021,2021-wimbledon-1502,M,2,5,4,Dynamic Model,2,1
2021,2021-wimbledon-1502,M,2,5,5,Dynamic Model,2,0
2021,2021-wimbledon-1503,M,1,4,1,Cumul. Point Winner,1,3
2021,2021-wimbledon-1503,M,1,4,2,Cumul. Point Winner,1,2
2021,2021-wimbledon-1503,M,1,4,3,Cumul. Point Winner,1,1
2021,2021-wimbledon-1503,M,1,4,4,Cumul. Point Winner,1,0
2021,2021-wimbledon-1503,M,1,4,1,Cumul. Game Winner,1,3
2021,2021-wimbledon-1503,M,1,4,2,Cumul. Game Winner,1,2
2021,2021-wimbledon-1503,M,1,4,3,Cumul. Game Winner,1,1
2021,2021-wimbledon-1503,M,1,4,4,Cumul. Game Winner,1,0
2021,2021-wimbledon-1503,M,1,4,1,Set Winner,1,3
2021,2021-wimbledon-1503,M,1,4,2,Set Winner,2,2
2021,2021-wimbledon-1503,M,1,4,3,Set Winner,1,1
2021,2021-wimbledon-1503,M,1,4,4,Set Winner,1,0
2021,2021-wimbledon-1503,M,1,4,1,Cumul. Set Winner,1,3
2021,2021-wimbledon-1503,M,1,4,2,Cumul. Set Winner,1,2
2021,2021-wimbledon-1503,M,1,4,3,Cumul. Set Winner,1,1
2021,2021-wimbledon-1503,M,1,4,4,Cumul. Set Winner,1,0
2021,2021-wimbledon-1503,M,1,4,1,Cumul. Unf. Error,1,3
2021,2021-wimbledon-1503,M,1,4,2,Cumul. Unf. Error,2,2
2021,2021-wimbledon-1503,M,1,4,3,Cumul. Unf. Error,2,1
2021,2021-wimbledon-1503,M,1,4,4,Cumul. Unf. Error,2,0
2021,2021-wimbledon-1503,M,1,4,1,Dynamic Model,1,3
2021,2021-wimbledon-1503,M,1,4,2,Dynamic Model,2,2
2021,2021-wimbledon-1503,M,1,4,3,Dynamic Model,1,1
2021,2021-wimbledon-1503,M,1,4,4,Dynamic Model,1,0
2021,2021-wimbledon-1504,M,2,3,1,Cumul. Point Winner,2,2
2021,2021-wimbledon-1504,M,2,3,2,Cumul. Point Winner,2,1
2021,2021-wimbledon-1504,M,2,3,3,Cumul. Point Winner,2,0
2021,2021-wimbledon-1504,M,2,3,1,Cumul. Game Winner,2,2
2021,2021-wimbledon-1504,M,2,3,2,Cumul. Game Winner,2,1
2021,2021-wimbledon-1504,M,2,3,3,Cumul. Game Winner,2,0
2021,2021-wimbledon-1504,M,2,3,1,Set Winner,2,2
2021,2021-wimbledon-1504,M,2,3,2,Set Winner,2,1
2021,2021-wimbledon-1504,M,2,3,3,Set Winner,2,0
2021,2021-wimbledon-1504,M,2,3,1,Cumul. Set Winner,2,2
2021,2021-wimbledon-1504,M,2,3,2,Cumul. Set Winner,2,1
2021,2021-wimbledon-1504,M,2,3,3,Cumul. Set Winner,2,0
2021,2021-wimbledon-1504,M,2,3,1,Cumul. Unf. Error,2,2
2021,2021-wimbledon-1504,M,2,3,2,Cumul. Unf. Error,2,1
2021,2021-wimbledon-1504,M,2,3,3,Cumul. Unf. Error,2,0
2021,2021-wimbledon-1504,M,2,3,1,Dynamic Model,2,2
2021,2021-wimbledon-1504,M,2,3,2,Dynamic Model,2,1
2021,2021-wimbledon-1504,M,2,3,3,Dynamic Model,2,0
2021,2021-wimbledon-1601,M,1,3,1,Cumul. Point Winner,1,2
2021,2021-wimbledon-1601,M,1,3,2,Cumul. Point Winner,1,1
2021,2021-wimbledon-1601,M,1,3,3,Cumul. Point Winner,1,0
2021,2021-wimbledon-1601,M,1,3,1,Cumul. Game Winner,1,2
2021,2021-wimbledon-1601,M,1,3,2,Cumul. Game Winner,1,1
2021,2021-wimbledon-1601,M,1,3,3,Cumul. Game Winner,1,0
2021,2021-wimbledon-1601,M,1,3,1,Set Winner,1,2
2021,2021-wimbledon-1601,M,1,3,2,Set Winner,1,1
2021,2021-wimbledon-1601,M,1,3,3,Set Winner,1,0
2021,2021-wimbledon-1601,M,1,3,1,Cumul. Set Winner,1,2
2021,2021-wimbledon-1601,M,1,3,2,Cumul. Set Winner,1,1
2021,2021-wimbledon-1601,M,1,3,3,Cumul. Set Winner,1,0
2021,2021-wimbledon-1601,M,1,3,1,Cumul. Unf. Error,1,2
2021,2021-wimbledon-1601,M,1,3,2,Cumul. Unf. Error,1,1
2021,2021-wimbledon-1601,M,1,3,3,Cumul. Unf. Error,1,0
2021,2021-wimbledon-1601,M,1,3,1,Dynamic Model,1,2
2021,2021-wimbledon-1601,M,1,3,2,Dynamic Model,1,1
2021,2021-wimbledon-1601,M,1,3,3,Dynamic Model,1,0
2021,2021-wimbledon-1602,M,1,4,1,Cumul. Point Winner,1,3
2021,2021-wimbledon-1602,M,1,4,2,Cumul. Point Winner,1,2
2021,2021-wimbledon-1602,M,1,4,3,Cumul. Point Winner,1,1
2021,2021-wimbledon-1602,M,1,4,4,Cumul. Point Winner,1,0
2021,2021-wimbledon-1602,M,1,4,1,Cumul. Game Winner,1,3
2021,2021-wimbledon-1602,M,1,4,2,Cumul. Game Winner,1,2
2021,2021-wimbledon-1602,M,1,4,3,Cumul. Game Winner,1,1
2021,2021-wimbledon-1602,M,1,4,4,Cumul. Game Winner,1,0
2021,2021-wimbledon-1602,M,1,4,1,Set Winner,1,3
2021,2021-wimbledon-1602,M,1,4,2,Set Winner,1,2
2021,2021-wimbledon-1602,M,1,4,3,Set Winner,2,1
2021,2021-wimbledon-1602,M,1,4,4,Set Winner,1,0
2021,2021-wimbledon-1602,M,1,4,1,Cumul. Set Winner,1,3
2021,2021-wimbledon-1602,M,1,4,2,Cumul. Set Winner,1,2
2021,2021-wimbledon-1602,M,1,4,3,Cumul. Set Winner,1,1
2021,2021-wimbledon-1602,M,1,4,4,Cumul. Set Winner,1,0
2021,2021-wimbledon-1602,M,1,4,1,Cumul. Unf. Error,2,3
2021,2021-wimbledon-1602,M,1,4,2,Cumul. Unf. Error,1,2
2021,2021-wimbledon-1602,M,1,4,3,Cumul. Unf. Error,1,1
2021,2021-wimbledon-1602,M,1,4,4,Cumul. Unf. Error,1,0
2021,2021-wimbledon-1602,M,1,4,1,Dynamic Model,1,3
2021,2021-wimbledon-1602,M,1,4,2,Dynamic Model,1,2
2021,2021-wimbledon-1602,M,1,4,3,Dynamic Model,1,1
2021,2021-wimbledon-1602,M,1,4,4,Dynamic Model,1,0
2021,2021-wimbledon-1701,M,1,4,1,Cumul. Point Winner,1,3
2021,2021-wimbledon-1701,M,1,4,2,Cumul. Point Winner,1,2
2021,2021-wimbledon-1701,M,1,4,3,Cumul. Point Winner,1,1
2021,2021-wimbledon-1701,M,1,4,4,Cumul. Point Winner,1,0
2021,2021-wimbledon-1701,M,1,4,1,Cumul. Game Winner,2,3
2021,2021-wimbledon-1701,M,1,4,2,Cumul. Game Winner,1,2
2021,2021-wimbledon-1701,M,1,4,3,Cumul. Game Winner,1,1
2021,2021-wimbledon-1701,M,1,4,4,Cumul. Game Winner,1,0
2021,2021-wimbledon-1701,M,1,4,1,Set Winner,2,3
2021,2021-wimbledon-1701,M,1,4,2,Set Winner,1,2
2021,2021-wimbledon-1701,M,1,4,3,Set Winner,1,1
2021,2021-wimbledon-1701,M,1,4,4,Set Winner,1,0
2021,2021-wimbledon-1701,M,1,4,1,Cumul. Set Winner,2,3
2021,2021-wimbledon-1701,M,1,4,2,Cumul. Set Winner,2,2
2021,2021-wimbledon-1701,M,1,4,3,Cumul. Set Winner,1,1
2021,2021-wimbledon-1701,M,1,4,4,Cumul. Set Winner,1,0
2021,2021-wimbledon-1701,M,1,4,1,Cumul. Unf. Error,1,3
2021,2021-wimbledon-1701,M,1,4,2,Cumul. Unf. Error,1,2
2021,2021-wimbledon-1701,M,1,4,3,Cumul. Unf. Error,1,1
2021,2021-wimbledon-1701,M,1,4,4,Cumul. Unf. Error,1,0
2021,2021-wimbledon-1701,M,1,4,1,Dynamic Model,1,3
2021,2021-wimbledon-1701,M,1,4,2,Dynamic Model,1,2
2021,2021-wimbledon-1701,M,1,4,3,Dynamic Model,1,1
2021,2021-wimbledon-1701,M,1,4,4,Dynamic Model,1,0
2021,2021-wimbledon-2101,W,1,3,1,Cumul. Point Winner,1,2
2021,2021-wimbledon-2101,W,1,3,2,Cumul. Point Winner,1,1
2021,2021-wimbledon-2101,W,1,3,3,Cumul. Point Winner,1,0
2021,2021-wimbledon-2101,W,1,3,1,Cumul. Game Winner,1,2
2021,2021-wimbledon-2101,W,1,3,2,Cumul. Game Winner,1,1
2021,2021-wimbledon-2101,W,1,3,3,Cumul. Game Winner,1,0
2021,2021-wimbledon-2101,W,1,3,1,Set Winner,1,2
2021,2021-wimbledon-2101,W,1,3,2,Set Winner,2,1
2021,2021-wimbledon-2101,W,1,3,3,Set Winner,1,0
2021,2021-wimbledon-2101,W,1,3,1,Cumul. Set Winner,1,2
2021,2021-wimbledon-2101,W,1,3,2,Cumul. Set Winner,1,1
2021,2021-wimbledon-2101,W,1,3,3,Cumul. Set Winner,1,0
2021,2021-wimbledon-2101,W,1,3,1,Cumul. Unf. Error,2,2
2021,2021-wimbledon-2101,W,1,3,2,Cumul. Unf. Error,2,1
2021,2021-wimbledon-2101,W,1,3,3,Cumul. Unf. Error,2,0
2021,2021-wimbledon-2101,W,1,3,1,Dynamic Model,1,2
2021,2021-wimbledon-2101,W,1,3,2,Dynamic Model,1,1
2021,2021-wimbledon-2101,W,1,3,3,Dynamic Model,1,0
2021,2021-wimbledon-2102,W,1,2,1,Cumul. Point Winner,1,1
2021,2021-wimbledon-2102,W,1,2,2,Cumul. Point Winner,1,0
2021,2021-wimbledon-2102,W,1,2,1,Cumul. Game Winner,1,1
2021,2021-wimbledon-2102,W,1,2,2,Cumul. Game Winner,1,0
2021,2021-wimbledon-2102,W,1,2,1,Set Winner,1,1
2021,2021-wimbledon-2102,W,1,2,2,Set Winner,1,0
2021,2021-wimbledon-2102,W,1,2,1,Cumul. Set Winner,1,1
2021,2021-wimbledon-2102,W,1,2,2,Cumul. Set Winner,1,0
2021,2021-wimbledon-2102,W,1,2,1,Cumul. Unf. Error,1,1
2021,2021-wimbledon-2102,W,1,2,2,Cumul. Unf. Error,1,0
2021,2021-wimbledon-2102,W,1,2,1,Dynamic Model,1,1
2021,2021-wimbledon-2102,W,1,2,2,Dynamic Model,1,0
2021,2021-wimbledon-2103,W,2,2,1,Cumul. Point Winner,2,1
2021,2021-wimbledon-2103,W,2,2,2,Cumul. Point Winner,2,0
2021,2021-wimbledon-2103,W,2,2,1,Cumul. Game Winner,2,1
2021,2021-wimbledon-2103,W,2,2,2,Cumul. Game Winner,2,0
2021,2021-wimbledon-2103,W,2,2,1,Set Winner,2,1
2021,2021-wimbledon-2103,W,2,2,2,Set Winner,2,0
2021,2021-wimbledon-2103,W,2,2,1,Cumul. Set Winner,2,1
2021,2021-wimbledon-2103,W,2,2,2,Cumul. Set Winner,2,0
2021,2021-wimbledon-2103,W,2,2,1,Cumul. Unf. Error,1,1
2021,2021-wimbledon-2103,W,2,2,2,Cumul. Unf. Error,1,0
2021,2021-wimbledon-2103,W,2,2,1,Dynamic Model,2,1
2021,2021-wimbledon-2103,W,2,2,2,Dynamic Model,2,0
2021,2021-wimbledon-2104,W,1,2,1,Cumul. Point Winner,1,1
2021,2021-wimbledon-2104,W,1,2,2,Cumul. Point Winner,1,0
2021,2021-wimbledon-2104,W,1,2,1,Cumul. Game Winner,1,1
2021,2021-wimbledon-2104,W,1,2,2,Cumul. Game Winner,1,0
2021,2021-wimbledon-2104,W,1,2,1,Set Winner,1,1
2021,2021-wimbledon-2104,W,1,2,2,Set Winner,1,0
2021,2021-wimbledon-2104,W,1,2,1,Cumul. Set Winner,1,1
2021,2021-wimbledon-2104,W,1,2,2,Cumul. Set Winner,1,0
2021,2021-wimbledon-2104,W,1,2,1,Cumul. Unf. Error,1,1
2021,2021-wimbledon-2104,W,1,2,2,Cumul. Unf. Error,1,0
2021,2021-wimbledon-2104,W,1,2,1,Dynamic Model,1,1
2021,2021-wimbledon-2104,W,1,2,2,Dynamic Model,1,0
2021,2021-wimbledon-2105,W,2,2,1,Cumul. Point Winner,2,1
2021,2021-wimbledon-2105,W,2,2,2,Cumul. Point Winner,2,0
2021,2021-wimbledon-2105,W,2,2,1,Cumul. Game Winner,2,1
2021,2021-wimbledon-2105,W,2,2,2,Cumul. Game Winner,2,0
2021,2021-wimbledon-2105,W,2,2,1,Set Winner,2,1
2021,2021-wimbledon-2105,W,2,2,2,Set Winner,2,0
2021,2021-wimbledon-2105,W,2,2,1,Cumul. Set Winner,2,1
2021,2021-wimbledon-2105,W,2,2,2,Cumul. Set Winner,2,0
2021,2021-wimbledon-2105,W,2,2,1,Cumul. Unf. Error,2,1
2021,2021-wimbledon-2105,W,2,2,2,Cumul. Unf. Error,2,0
2021,2021-wimbledon-2105,W,2,2,1,Dynamic Model,2,1
2021,2021-wimbledon-2105,W,2,2,2,Dynamic Model,2,0
2021,2021-wimbledon-2106,W,1,2,1,Cumul. Point Winner,1,1
2021,2021-wimbledon-2106,W,1,2,2,Cumul. Point Winner,1,0
2021,2021-wimbledon-2106,W,1,2,1,Cumul. Game Winner,1,1
2021,2021-wimbledon-2106,W,1,2,2,Cumul. Game Winner,1,0
2021,2021-wimbledon-2106,W,1,2,1,Set Winner,1,1
2021,2021-wimbledon-2106,W,1,2,2,Set Winner,1,0
2021,2021-wimbledon-2106,W,1,2,1,Cumul. Set Winner,1,1
2021,2021-wimbledon-2106,W,1,2,2,Cumul. Set Winner,1,0
2021,2021-wimbledon-2106,W,1,2,1,Cumul. Unf. Error,2,1
2021,2021-wimbledon-2106,W,1,2,2,Cumul. Unf. Error,1,0
2021,2021-wimbledon-2106,W,1,2,1,Dynamic Model,1,1
2021,2021-wimbledon-2106,W,1,2,2,Dynamic Model,1,0
2021,2021-wimbledon-2107,W,1,2,1,Cumul. Point Winner,1,1
2021,2021-wimbledon-2107,W,1,2,2,Cumul. Point Winner,1,0
2021,2021-wimbledon-2107,W,1,2,1,Cumul. Game Winner,1,1
2021,2021-wimbledon-2107,W,1,2,2,Cumul. Game Winner,1,0
2021,2021-wimbledon-2107,W,1,2,1,Set Winner,1,1
2021,2021-wimbledon-2107,W,1,2,2,Set Winner,1,0
2021,2021-wimbledon-2107,W,1,2,1,Cumul. Set Winner,1,1
2021,2021-wimbledon-2107,W,1,2,2,Cumul. Set Winner,1,0
2021,2021-wimbledon-2107,W,1,2,1,Cumul. Unf. Error,1,1
2021,2021-wimbledon-2107,W,1,2,2,Cumul. Unf. Error,1,0
2021,2021-wimbledon-2107,W,1,2,1,Dynamic Model,1,1
2021,2021-wimbledon-2107,W,1,2,2,Dynamic Model,1,0
2021,2021-wimbledon-2108,W,2,2,1,Cumul. Point Winner,2,1
2021,2021-wimbledon-2108,W,2,2,2,Cumul. Point Winner,2,0
2021,2021-wimbledon-2108,W,2,2,1,Cumul. Game Winner,2,1
2021,2021-wimbledon-2108,W,2,2,2,Cumul. Game Winner,2,0
2021,2021-wimbledon-2108,W,2,2,1,Set Winner,2,1
2021,2021-wimbledon-2108,W,2,2,2,Set Winner,2,0
2021,2021-wimbledon-2108,W,2,2,1,Cumul. Set Winner,2,1
2021,2021-wimbledon-2108,W,2,2,2,Cumul. Set Winner,2,0
2021,2021-wimbledon-2108,W,2,2,1,Cumul. Unf. Error,2,1
2021,2021-wimbledon-2108,W,2,2,2,Cumul. Unf. Error,2,0
2021,2021-wimbledon-2108,W,2,2,1,Dynamic Model,2,1
2021,2021-wimbledon-2108,W,2,2,2,Dynamic Model,2,0
2021,2021-wimbledon-2109,W,1,2,1,Cumul. Point Winner,1,1
2021,2021-wimbledon-2109,W,1,2,2,Cumul. Point Winner,1,0
2021,2021-wimbledon-2109,W,1,2,1,Cumul. Game Winner,1,1
2021,2021-wimbledon-2109,W,1,2,2,Cumul. Game Winner,1,0
2021,2021-wimbledon-2109,W,1,2,1,Set Winner,1,1
2021,2021-wimbledon-2109,W,1,2,2,Set Winner,1,0
2021,2021-wimbledon-2109,W,1,2,1,Cumul. Set Winner,1,1
2021,2021-wimbledon-2109,W,1,2,2,Cumul. Set Winner,1,0
2021,2021-wimbledon-2109,W,1,2,1,Cumul. Unf. Error,1,1
2021,2021-wimbledon-2109,W,1,2,2,Cumul. Unf. Error,1,0
2021,2021-wimbledon-2109,W,1,2,1,Dynamic Model,1,1
2021,2021-wimbledon-2109,W,1,2,2,Dynamic Model,1,0
2021,2021-wimbledon-2110,W,1,2,1,Cumul. Point Winner,1,1
2021,2021-wimbledon-2110,W,1,2,2,Cumul. Point Winner,1,0
2021,2021-wimbledon-2110,W,1,2,1,Cumul. Game Winner,1,1
2021,2021-wimbledon-2110,W,1,2,2,Cumul. Game Winner,1,0
2021,2021-wimbledon-2110,W,1,2,1,Set Winner,1,1
2021,2021-wimbledon-2110,W,1,2,2,Set Winner,1,0
2021,2021-wimbledon-2110,W,1,2,1,Cumul. Set Winner,1,1
2021,2021-wimbledon-2110,W,1,2,2,Cumul. Set Winner,1,0
2021,2021-wimbledon-2110,W,1,2,1,Cumul. Unf. Error,1,1
2021,2021-wimbledon-2110,W,1,2,2,Cumul. Unf. Error,1,0
2021,2021-wimbledon-2110,W,1,2,1,Dynamic Model,1,1
2021,2021-wimbledon-2110,W,1,2,2,Dynamic Model,1,0
2021,2021-wimbledon-2111,W,1,2,1,Cumul. Point Winner,1,1
2021,2021-wimbledon-2111,W,1,2,2,Cumul. Point Winner,1,0
2021,2021-wimbledon-2111,W,1,2,1,Cumul. Game Winner,1,1
2021,2021-wimbledon-2111,W,1,2,2,Cumul. Game Winner,1,0
2021,2021-wimbledon-2111,W,1,2,1,Set Winner,1,1
2021,2021-wimbledon-2111,W,1,2,2,Set Winner,1,0
2021,2021-wimbledon-2111,W,1,2,1,Cumul. Set Winner,1,1
2021,2021-wimbledon-2111,W,1,2,2,Cumul. Set Winner,1,0
2021,2021-wimbledon-2111,W,1,2,1,Cumul. Unf. Error,1,1
2021,2021-wimbledon-2111,W,1,2,2,Cumul. Unf. Error,1,0
2021,2021-wimbledon-2111,W,1,2,1,Dynamic Model,1,1
2021,2021-wimbledon-2111,W,1,2,2,Dynamic Model,1,0
2021,2021-wimbledon-2112,W,1,3,1,Cumul. Point Winner,2,2
2021,2021-wimbledon-2112,W,1,3,2,Cumul. Point Winner,2,1
2021,2021-wimbledon-2112,W,1,3,3,Cumul. Point Winner,2,0
2021,2021-wimbledon-2112,W,1,3,1,Cumul. Game Winner,2,2
2021,2021-wimbledon-2112,W,1,3,2,Cumul. Game Winner,2,1
2021,2021-wimbledon-2112,W,1,3,3,Cumul. Game Winner,1,0
2021,2021-wimbledon-2112,W,1,3,1,Set Winner,2,2
2021,2021-wimbledon-2112,W,1,3,2,Set Winner,1,1
2021,2021-wimbledon-2112,W,1,3,3,Set Winner,1,0
2021,2021-wimbledon-2112,W,1,3,1,Cumul. Set Winner,2,2
2021,2021-wimbledon-2112,W,1,3,2,Cumul. Set Winner,2,1
2021,2021-wimbledon-2112,W,1,3,3,Cumul. Set Winner,1,0
2021,2021-wimbledon-2112,W,1,3,1,Cumul. Unf. Error,2,2
2021,2021-wimbledon-2112,W,1,3,2,Cumul. Unf. Error,1,1
2021,2021-wimbledon-2112,W,1,3,3,Cumul. Unf. Error,1,0
2021,2021-wimbledon-2112,W,1,3,1,Dynamic Model,2,2
2021,2021-wimbledon-2112,W,1,3,2,Dynamic Model,2,1
2021,2021-wimbledon-2112,W,1,3,3,Dynamic Model,1,0
2021,2021-wimbledon-2113,W,1,3,1,Cumul. Point Winner,1,2
2021,2021-wimbledon-2113,W,1,3,2,Cumul. Point Winner,1,1
2021,2021-wimbledon-2113,W,1,3,3,Cumul. Point Winner,1,0
2021,2021-wimbledon-2113,W,1,3,1,Cumul. Game Winner,1,2
2021,2021-wimbledon-2113,W,1,3,2,Cumul. Game Winner,1,1
2021,2021-wimbledon-2113,W,1,3,3,Cumul. Game Winner,1,0
2021,2021-wimbledon-2113,W,1,3,1,Set Winner,1,2
2021,2021-wimbledon-2113,W,1,3,2,Set Winner,2,1
2021,2021-wimbledon-2113,W,1,3,3,Set Winner,1,0
2021,2021-wimbledon-2113,W,1,3,1,Cumul. Set Winner,1,2
2021,2021-wimbledon-2113,W,1,3,2,Cumul. Set Winner,1,1
2021,2021-wimbledon-2113,W,1,3,3,Cumul. Set Winner,1,0
2021,2021-wimbledon-2113,W,1,3,1,Cumul. Unf. Error,1,2
2021,2021-wimbledon-2113,W,1,3,2,Cumul. Unf. Error,1,1
2021,2021-wimbledon-2113,W,1,3,3,Cumul. Unf. Error,1,0
2021,2021-wimbledon-2113,W,1,3,1,Dynamic Model,1,2
2021,2021-wimbledon-2113,W,1,3,2,Dynamic Model,1,1
2021,2021-wimbledon-2113,W,1,3,3,Dynamic Model,1,0
2021,2021-wimbledon-2114,W,2,2,1,Cumul. Point Winner,2,1
2021,2021-wimbledon-2114,W,2,2,2,Cumul. Point Winner,2,0
2021,2021-wimbledon-2114,W,2,2,1,Cumul. Game Winner,2,1
2021,2021-wimbledon-2114,W,2,2,2,Cumul. Game Winner,2,0
2021,2021-wimbledon-2114,W,2,2,1,Set Winner,2,1
2021,2021-wimbledon-2114,W,2,2,2,Set Winner,2,0
2021,2021-wimbledon-2114,W,2,2,1,Cumul. Set Winner,2,1
2021,2021-wimbledon-2114,W,2,2,2,Cumul. Set Winner,2,0
2021,2021-wimbledon-2114,W,2,2,1,Cumul. Unf. Error,2,1
2021,2021-wimbledon-2114,W,2,2,2,Cumul. Unf. Error,1,0
2021,2021-wimbledon-2114,W,2,2,1,Dynamic Model,2,1
2021,2021-wimbledon-2114,W,2,2,2,Dynamic Model,2,0
2021,2021-wimbledon-2115,W,2,2,1,Cumul. Point Winner,2,1
2021,2021-wimbledon-2115,W,2,2,2,Cumul. Point Winner,2,0
2021,2021-wimbledon-2115,W,2,2,1,Cumul. Game Winner,2,1
2021,2021-wimbledon-2115,W,2,2,2,Cumul. Game Winner,2,0
2021,2021-wimbledon-2115,W,2,2,1,Set Winner,2,1
2021,2021-wimbledon-2115,W,2,2,2,Set Winner,2,0
2021,2021-wimbledon-2115,W,2,2,1,Cumul. Set Winner,2,1
2021,2021-wimbledon-2115,W,2,2,2,Cumul. Set Winner,2,0
2021,2021-wimbledon-2115,W,2,2,1,Cumul. Unf. Error,2,1
2021,2021-wimbledon-2115,W,2,2,2,Cumul. Unf. Error,2,0
2021,2021-wimbledon-2115,W,2,2,1,Dynamic Model,2,1
2021,2021-wimbledon-2115,W,2,2,2,Dynamic Model,2,0
2021,2021-wimbledon-2116,W,1,2,1,Cumul. Point Winner,1,1
2021,2021-wimbledon-2116,W,1,2,2,Cumul. Point Winner,1,0
2021,2021-wimbledon-2116,W,1,2,1,Cumul. Game Winner,1,1
2021,2021-wimbledon-2116,W,1,2,2,Cumul. Game Winner,1,0
2021,2021-wimbledon-2116,W,1,2,1,Set Winner,1,1
2021,2021-wimbledon-2116,W,1,2,2,Set Winner,1,0
2021,2021-wimbledon-2116,W,1,2,1,Cumul. Set Winner,1,1
2021,2021-wimbledon-2116,W,1,2,2,Cumul. Set Winner,1,0
2021,2021-wimbledon-2116,W,1,2,1,Cumul. Unf. Error,1,1
2021,2021-wimbledon-2116,W,1,2,2,Cumul. Unf. Error,1,0
2021,2021-wimbledon-2116,W,1,2,1,Dynamic Model,1,1
2021,2021-wimbledon-2116,W,1,2,2,Dynamic Model,1,0
2021,2021-wimbledon-2117,W,1,3,1,Cumul. Point Winner,1,2
2021,2021-wimbledon-2117,W,1,3,2,Cumul. Point Winner,2,1
2021,2021-wimbledon-2117,W,1,3,3,Cumul. Point Winner,1,0
2021,2021-wimbledon-2117,W,1,3,1,Cumul. Game Winner,1,2
2021,2021-wimbledon-2117,W,1,3,2,Cumul. Game Winner,2,1
2021,2021-wimbledon-2117,W,1,3,3,Cumul. Game Winner,1,0
2021,2021-wimbledon-2117,W,1,3,1,Set Winner,1,2
2021,2021-wimbledon-2117,W,1,3,2,Set Winner,2,1
2021,2021-wimbledon-2117,W,1,3,3,Set Winner,1,0
2021,2021-wimbledon-2117,W,1,3,1,Cumul. Set Winner,1,2
2021,2021-wimbledon-2117,W,1,3,2,Cumul. Set Winner,1,1
2021,2021-wimbledon-2117,W,1,3,3,Cumul. Set Winner,1,0
2021,2021-wimbledon-2117,W,1,3,1,Cumul. Unf. Error,2,2
2021,2021-wimbledon-2117,W,1,3,2,Cumul. Unf. Error,2,1
2021,2021-wimbledon-2117,W,1,3,3,Cumul. Unf. Error,2,0
2021,2021-wimbledon-2117,W,1,3,1,Dynamic Model,1,2
2021,2021-wimbledon-2117,W,1,3,2,Dynamic Model,2,1
2021,2021-wimbledon-2117,W,1,3,3,Dynamic Model,1,0
2021,2021-wimbledon-2118,W,1,3,1,Cumul. Point Winner,2,2
2021,2021-wimbledon-2118,W,1,3,2,Cumul. Point Winner,2,1
2021,2021-wimbledon-2118,W,1,3,3,Cumul. Point Winner,1,0
2021,2021-wimbledon-2118,W,1,3,1,Cumul. Game Winner,2,2
2021,2021-wimbledon-2118,W,1,3,2,Cumul. Game Winner,2,1
2021,2021-wimbledon-2118,W,1,3,3,Cumul. Game Winner,1,0
2021,2021-wimbledon-2118,W,1,3,1,Set Winner,2,2
2021,2021-wimbledon-2118,W,1,3,2,Set Winner,1,1
2021,2021-wimbledon-2118,W,1,3,3,Set Winner,1,0
2021,2021-wimbledon-2118,W,1,3,1,Cumul. Set Winner,2,2
2021,2021-wimbledon-2118,W,1,3,2,Cumul. Set Winner,2,1
2021,2021-wimbledon-2118,W,1,3,3,Cumul. Set Winner,1,0
2021,2021-wimbledon-2118,W,1,3,1,Cumul. Unf. Error,2,2
2021,2021-wimbledon-2118,W,1,3,2,Cumul. Unf. Error,2,1
2021,2021-wimbledon-2118,W,1,3,3,Cumul. Unf. Error,1,0
2021,2021-wimbledon-2118,W,1,3,1,Dynamic Model,2,2
2021,2021-wimbledon-2118,W,1,3,2,Dynamic Model,2,1
2021,2021-wimbledon-2118,W,1,3,3,Dynamic Model,1,0
2021,2021-wimbledon-2119,W,2,2,1,Cumul. Point Winner,2,1
2021,2021-wimbledon-2119,W,2,2,2,Cumul. Point Winner,2,0
2021,2021-wimbledon-2119,W,2,2,1,Cumul. Game Winner,2,1
2021,2021-wimbledon-2119,W,2,2,2,Cumul. Game Winner,2,0
2021,2021-wimbledon-2119,W,2,2,1,Set Winner,2,1
2021,2021-wimbledon-2119,W,2,2,2,Set Winner,2,0
2021,2021-wimbledon-2119,W,2,2,1,Cumul. Set Winner,2,1
2021,2021-wimbledon-2119,W,2,2,2,Cumul. Set Winner,2,0
2021,2021-wimbledon-2119,W,2,2,1,Cumul. Unf. Error,2,1
2021,2021-wimbledon-2119,W,2,2,2,Cumul. Unf. Error,2,0
2021,2021-wimbledon-2119,W,2,2,1,Dynamic Model,2,1
2021,2021-wimbledon-2119,W,2,2,2,Dynamic Model,2,0
2021,2021-wimbledon-2120,W,2,3,1,Cumul. Point Winner,2,2
2021,2021-wimbledon-2120,W,2,3,2,Cumul. Point Winner,2,1
2021,2021-wimbledon-2120,W,2,3,3,Cumul. Point Winner,2,0
2021,2021-wimbledon-2120,W,2,3,1,Cumul. Game Winner,2,2
2021,2021-wimbledon-2120,W,2,3,2,Cumul. Game Winner,2,1
2021,2021-wimbledon-2120,W,2,3,3,Cumul. Game Winner,2,0
2021,2021-wimbledon-2120,W,2,3,1,Set Winner,2,2
2021,2021-wimbledon-2120,W,2,3,2,Set Winner,1,1
2021,2021-wimbledon-2120,W,2,3,3,Set Winner,2,0
2021,2021-wimbledon-2120,W,2,3,1,Cumul. Set Winner,2,2
2021,2021-wimbledon-2120,W,2,3,2,Cumul. Set Winner,2,1
2021,2021-wimbledon-2120,W,2,3,3,Cumul. Set Winner,2,0
2021,2021-wimbledon-2120,W,2,3,1,Cumul. Unf. Error,2,2
2021,2021-wimbledon-2120,W,2,3,2,Cumul. Unf. Error,2,1
2021,2021-wimbledon-2120,W,2,3,3,Cumul. Unf. Error,2,0
2021,2021-wimbledon-2120,W,2,3,1,Dynamic Model,2,2
2021,2021-wimbledon-2120,W,2,3,2,Dynamic Model,2,1
2021,2021-wimbledon-2120,W,2,3,3,Dynamic Model,2,0
2021,2021-wimbledon-2121,W,1,2,1,Cumul. Point Winner,1,1
2021,2021-wimbledon-2121,W,1,2,2,Cumul. Point Winner,1,0
2021,2021-wimbledon-2121,W,1,2,1,Cumul. Game Winner,1,1
2021,2021-wimbledon-2121,W,1,2,2,Cumul. Game Winner,1,0
2021,2021-wimbledon-2121,W,1,2,1,Set Winner,1,1
2021,2021-wimbledon-2121,W,1,2,2,Set Winner,1,0
2021,2021-wimbledon-2121,W,1,2,1,Cumul. Set Winner,1,1
2021,2021-wimbledon-2121,W,1,2,2,Cumul. Set Winner,1,0
2021,2021-wimbledon-2121,W,1,2,1,Cumul. Unf. Error,1,1
2021,2021-wimbledon-2121,W,1,2,2,Cumul. Unf. Error,1,0
2021,2021-wimbledon-2121,W,1,2,1,Dynamic Model,1,1
2021,2021-wimbledon-2121,W,1,2,2,Dynamic Model,1,0
2021,2021-wimbledon-2122,W,2,2,1,Cumul. Point Winner,2,1
2021,2021-wimbledon-2122,W,2,2,2,Cumul. Point Winner,2,0
2021,2021-wimbledon-2122,W,2,2,1,Cumul. Game Winner,2,1
2021,2021-wimbledon-2122,W,2,2,2,Cumul. Game Winner,2,0
2021,2021-wimbledon-2122,W,2,2,1,Set Winner,2,1
2021,2021-wimbledon-2122,W,2,2,2,Set Winner,2,0
2021,2021-wimbledon-2122,W,2,2,1,Cumul. Set Winner,2,1
2021,2021-wimbledon-2122,W,2,2,2,Cumul. Set Winner,2,0
2021,2021-wimbledon-2122,W,2,2,1,Cumul. Unf. Error,2,1
2021,2021-wimbledon-2122,W,2,2,2,Cumul. Unf. Error,2,0
2021,2021-wimbledon-2122,W,2,2,1,Dynamic Model,2,1
2021,2021-wimbledon-2122,W,2,2,2,Dynamic Model,2,0
2021,2021-wimbledon-2123,W,1,3,1,Cumul. Point Winner,2,2
2021,2021-wimbledon-2123,W,1,3,2,Cumul. Point Winner,2,1
2021,2021-wimbledon-2123,W,1,3,3,Cumul. Point Winner,1,0
2021,2021-wimbledon-2123,W,1,3,1,Cumul. Game Winner,2,2
2021,2021-wimbledon-2123,W,1,3,2,Cumul. Game Winner,2,1
2021,2021-wimbledon-2123,W,1,3,3,Cumul. Game Winner,1,0
2021,2021-wimbledon-2123,W,1,3,1,Set Winner,2,2
2021,2021-wimbledon-2123,W,1,3,2,Set Winner,1,1
2021,2021-wimbledon-2123,W,1,3,3,Set Winner,1,0
2021,2021-wimbledon-2123,W,1,3,1,Cumul. Set Winner,2,2
2021,2021-wimbledon-2123,W,1,3,2,Cumul. Set Winner,2,1
2021,2021-wimbledon-2123,W,1,3,3,Cumul. Set Winner,1,0
2021,2021-wimbledon-2123,W,1,3,1,Cumul. Unf. Error,2,2
2021,2021-wimbledon-2123,W,1,3,2,Cumul. Unf. Error,2,1
2021,2021-wimbledon-2123,W,1,3,3,Cumul. Unf. Error,1,0
2021,2021-wimbledon-2123,W,1,3,1,Dynamic Model,2,2
2021,2021-wimbledon-2123,W,1,3,2,Dynamic Model,2,1
2021,2021-wimbledon-2123,W,1,3,3,Dynamic Model,1,0
2021,2021-wimbledon-2124,W,2,2,1,Cumul. Point Winner,2,1
2021,2021-wimbledon-2124,W,2,2,2,Cumul. Point Winner,2,0
2021,2021-wimbledon-2124,W,2,2,1,Cumul. Game Winner,2,1
2021,2021-wimbledon-2124,W,2,2,2,Cumul. Game Winner,2,0
2021,2021-wimbledon-2124,W,2,2,1,Set Winner,2,1
2021,2021-wimbledon-2124,W,2,2,2,Set Winner,2,0
2021,2021-wimbledon-2124,W,2,2,1,Cumul. Set Winner,2,1
2021,2021-wimbledon-2124,W,2,2,2,Cumul. Set Winner,2,0
2021,2021-wimbledon-2124,W,2,2,1,Cumul. Unf. Error,2,1
2021,2021-wimbledon-2124,W,2,2,2,Cumul. Unf. Error,2,0
2021,2021-wimbledon-2124,W,2,2,1,Dynamic Model,2,1
2021,2021-wimbledon-2124,W,2,2,2,Dynamic Model,2,0
2021,2021-wimbledon-2125,W,2,2,1,Cumul. Point Winner,2,1
2021,2021-wimbledon-2125,W,2,2,2,Cumul. Point Winner,2,0
2021,2021-wimbledon-2125,W,2,2,1,Cumul. Game Winner,2,1
2021,2021-wimbledon-2125,W,2,2,2,Cumul. Game Winner,2,0
2021,2021-wimbledon-2125,W,2,2,1,Set Winner,2,1
2021,2021-wimbledon-2125,W,2,2,2,Set Winner,2,0
2021,2021-wimbledon-2125,W,2,2,1,Cumul. Set Winner,2,1
2021,2021-wimbledon-2125,W,2,2,2,Cumul. Set Winner,2,0
2021,2021-wimbledon-2125,W,2,2,1,Cumul. Unf. Error,2,1
2021,2021-wimbledon-2125,W,2,2,2,Cumul. Unf. Error,2,0
2021,2021-wimbledon-2125,W,2,2,1,Dynamic Model,2,1
2021,2021-wimbledon-2125,W,2,2,2,Dynamic Model,2,0
2021,2021-wimbledon-2126,W,2,2,1,Cumul. Point Winner,2,1
2021,2021-wimbledon-2126,W,2,2,2,Cumul. Point Winner,2,0
2021,2021-wimbledon-2126,W,2,2,1,Cumul. Game Winner,2,1
2021,2021-wimbledon-2126,W,2,2,2,Cumul. Game Winner,2,0
2021,2021-wimbledon-2126,W,2,2,1,Set Winner,2,1
2021,2021-wimbledon-2126,W,2,2,2,Set Winner,2,0
2021,2021-wimbledon-2126,W,2,2,1,Cumul. Set Winner,2,1
2021,2021-wimbledon-2126,W,2,2,2,Cumul. Set Winner,2,0
2021,2021-wimbledon-2126,W,2,2,1,Cumul. Unf. Error,2,1
2021,2021-wimbledon-2126,W,2,2,2,Cumul. Unf. Error,2,0
2021,2021-wimbledon-2126,W,2,2,1,Dynamic Model,2,1
2021,2021-wimbledon-2126,W,2,2,2,Dynamic Model,2,0
2021,2021-wimbledon-2127,W,1,2,1,Cumul. Point Winner,1,1
2021,2021-wimbledon-2127,W,1,2,2,Cumul. Point Winner,1,0
2021,2021-wimbledon-2127,W,1,2,1,Cumul. Game Winner,1,1
2021,2021-wimbledon-2127,W,1,2,2,Cumul. Game Winner,1,0
2021,2021-wimbledon-2127,W,1,2,1,Set Winner,1,1
2021,2021-wimbledon-2127,W,1,2,2,Set Winner,1,0
2021,2021-wimbledon-2127,W,1,2,1,Cumul. Set Winner,1,1
2021,2021-wimbledon-2127,W,1,2,2,Cumul. Set Winner,1,0
2021,2021-wimbledon-2127,W,1,2,1,Cumul. Unf. Error,2,1
2021,2021-wimbledon-2127,W,1,2,2,Cumul. Unf. Error,2,0
2021,2021-wimbledon-2127,W,1,2,1,Dynamic Model,1,1
2021,2021-wimbledon-2127,W,1,2,2,Dynamic Model,1,0
2021,2021-wimbledon-2129,W,1,2,1,Cumul. Point Winner,1,1
2021,2021-wimbledon-2129,W,1,2,2,Cumul. Point Winner,1,0
2021,2021-wimbledon-2129,W,1,2,1,Cumul. Game Winner,1,1
2021,2021-wimbledon-2129,W,1,2,2,Cumul. Game Winner,1,0
2021,2021-wimbledon-2129,W,1,2,1,Set Winner,1,1
2021,2021-wimbledon-2129,W,1,2,2,Set Winner,1,0
2021,2021-wimbledon-2129,W,1,2,1,Cumul. Set Winner,1,1
2021,2021-wimbledon-2129,W,1,2,2,Cumul. Set Winner,1,0
2021,2021-wimbledon-2129,W,1,2,1,Cumul. Unf. Error,1,1
2021,2021-wimbledon-2129,W,1,2,2,Cumul. Unf. Error,1,0
2021,2021-wimbledon-2129,W,1,2,1,Dynamic Model,1,1
2021,2021-wimbledon-2129,W,1,2,2,Dynamic Model,1,0
2021,2021-wimbledon-2130,W,1,3,1,Cumul. Point Winner,1,2
2021,2021-wimbledon-2130,W,1,3,2,Cumul. Point Winner,1,1
2021,2021-wimbledon-2130,W,1,3,3,Cumul. Point Winner,1,0
2021,2021-wimbledon-2130,W,1,3,1,Cumul. Game Winner,1,2
2021,2021-wimbledon-2130,W,1,3,2,Cumul. Game Winner,1,1
2021,2021-wimbledon-2130,W,1,3,3,Cumul. Game Winner,1,0
2021,2021-wimbledon-2130,W,1,3,1,Set Winner,1,2
2021,2021-wimbledon-2130,W,1,3,2,Set Winner,2,1
2021,2021-wimbledon-2130,W,1,3,3,Set Winner,1,0
2021,2021-wimbledon-2130,W,1,3,1,Cumul. Set Winner,1,2
2021,2021-wimbledon-2130,W,1,3,2,Cumul. Set Winner,1,1
2021,2021-wimbledon-2130,W,1,3,3,Cumul. Set Winner,1,0
2021,2021-wimbledon-2130,W,1,3,1,Cumul. Unf. Error,1,2
2021,2021-wimbledon-2130,W,1,3,2,Cumul. Unf. Error,1,1
2021,2021-wimbledon-2130,W,1,3,3,Cumul. Unf. Error,1,0
2021,2021-wimbledon-2130,W,1,3,1,Dynamic Model,1,2
2021,2021-wimbledon-2130,W,1,3,2,Dynamic Model,1,1
2021,2021-wimbledon-2130,W,1,3,3,Dynamic Model,1,0
2021,2021-wimbledon-2131,W,1,3,1,Cumul. Point Winner,1,2
2021,2021-wimbledon-2131,W,1,3,2,Cumul. Point Winner,1,1
2021,2021-wimbledon-2131,W,1,3,3,Cumul. Point Winner,1,0
2021,2021-wimbledon-2131,W,1,3,1,Cumul. Game Winner,1,2
2021,2021-wimbledon-2131,W,1,3,2,Cumul. Game Winner,1,1
2021,2021-wimbledon-2131,W,1,3,3,Cumul. Game Winner,1,0
2021,2021-wimbledon-2131,W,1,3,1,Set Winner,1,2
2021,2021-wimbledon-2131,W,1,3,2,Set Winner,2,1
2021,2021-wimbledon-2131,W,1,3,3,Set Winner,2,0
2021,2021-wimbledon-2131,W,1,3,1,Cumul. Set Winner,1,2
2021,2021-wimbledon-2131,W,1,3,2,Cumul. Set Winner,1,1
2021,2021-wimbledon-2131,W,1,3,3,Cumul. Set Winner,2,0
2021,2021-wimbledon-2131,W,1,3,1,Cumul. Unf. Error,1,2
2021,2021-wimbledon-2131,W,1,3,2,Cumul. Unf. Error,1,1
2021,2021-wimbledon-2131,W,1,3,3,Cumul. Unf. Error,1,0
2021,2021-wimbledon-2131,W,1,3,1,Dynamic Model,1,2
2021,2021-wimbledon-2131,W,1,3,2,Dynamic Model,1,1
2021,2021-wimbledon-2131,W,1,3,3,Dynamic Model,1,0
2021,2021-wimbledon-2133,W,1,2,1,Cumul. Point Winner,1,1
2021,2021-wimbledon-2133,W,1,2,2,Cumul. Point Winner,1,0
2021,2021-wimbledon-2133,W,1,2,1,Cumul. Game Winner,1,1
2021,2021-wimbledon-2133,W,1,2,2,Cumul. Game Winner,1,0
2021,2021-wimbledon-2133,W,1,2,1,Set Winner,1,1
2021,2021-wimbledon-2133,W,1,2,2,Set Winner,1,0
2021,2021-wimbledon-2133,W,1,2,1,Cumul. Set Winner,1,1
2021,2021-wimbledon-2133,W,1,2,2,Cumul. Set Winner,1,0
2021,2021-wimbledon-2133,W,1,2,1,Cumul. Unf. Error,1,1
2021,2021-wimbledon-2133,W,1,2,2,Cumul. Unf. Error,2,0
2021,2021-wimbledon-2133,W,1,2,1,Dynamic Model,1,1
2021,2021-wimbledon-2133,W,1,2,2,Dynamic Model,1,0
2021,2021-wimbledon-2134,W,1,2,1,Cumul. Point Winner,1,1
2021,2021-wimbledon-2134,W,1,2,2,Cumul. Point Winner,1,0
2021,2021-wimbledon-2134,W,1,2,1,Cumul. Game Winner,1,1
2021,2021-wimbledon-2134,W,1,2,2,Cumul. Game Winner,1,0
2021,2021-wimbledon-2134,W,1,2,1,Set Winner,1,1
2021,2021-wimbledon-2134,W,1,2,2,Set Winner,1,0
2021,2021-wimbledon-2134,W,1,2,1,Cumul. Set Winner,1,1
2021,2021-wimbledon-2134,W,1,2,2,Cumul. Set Winner,1,0
2021,2021-wimbledon-2134,W,1,2,1,Cumul. Unf. Error,1,1
2021,2021-wimbledon-2134,W,1,2,2,Cumul. Unf. Error,1,0
2021,2021-wimbledon-2134,W,1,2,1,Dynamic Model,1,1
2021,2021-wimbledon-2134,W,1,2,2,Dynamic Model,1,0
2021,2021-wimbledon-2135,W,2,2,1,Cumul. Point Winner,2,1
2021,2021-wimbledon-2135,W,2,2,2,Cumul. Point Winner,2,0
2021,2021-wimbledon-2135,W,2,2,1,Cumul. Game Winner,2,1
2021,2021-wimbledon-2135,W,2,2,2,Cumul. Game Winner,2,0
2021,2021-wimbledon-2135,W,2,2,1,Set Winner,2,1
2021,2021-wimbledon-2135,W,2,2,2,Set Winner,2,0
2021,2021-wimbledon-2135,W,2,2,1,Cumul. Set Winner,2,1
2021,2021-wimbledon-2135,W,2,2,2,Cumul. Set Winner,2,0
2021,2021-wimbledon-2135,W,2,2,1,Cumul. Unf. Error,1,1
2021,2021-wimbledon-2135,W,2,2,2,Cumul. Unf. Error,1,0
2021,2021-wimbledon-2135,W,2,2,1,Dynamic Model,2,1
2021,2021-wimbledon-2135,W,2,2,2,Dynamic Model,2,0
2021,2021-wimbledon-2136,W,1,3,1,Cumul. Point Winner,1,2
2021,2021-wimbledon-2136,W,1,3,2,Cumul. Point Winner,1,1
2021,2021-wimbledon-2136,W,1,3,3,Cumul. Point Winner,1,0
2021,2021-wimbledon-2136,W,1,3,1,Cumul. Game Winner,1,2
2021,2021-wimbledon-2136,W,1,3,2,Cumul. Game Winner,1,1
2021,2021-wimbledon-2136,W,1,3,3,Cumul. Game Winner,1,0
2021,2021-wimbledon-2136,W,1,3,1,Set Winner,1,2
2021,2021-wimbledon-2136,W,1,3,2,Set Winner,2,1
2021,2021-wimbledon-2136,W,1,3,3,Set Winner,1,0
2021,2021-wimbledon-2136,W,1,3,1,Cumul. Set Winner,1,2
2021,2021-wimbledon-2136,W,1,3,2,Cumul. Set Winner,1,1
2021,2021-wimbledon-2136,W,1,3,3,Cumul. Set Winner,1,0
2021,2021-wimbledon-2136,W,1,3,1,Cumul. Unf. Error,1,2
2021,2021-wimbledon-2136,W,1,3,2,Cumul. Unf. Error,1,1
2021,2021-wimbledon-2136,W,1,3,3,Cumul. Unf. Error,1,0
2021,2021-wimbledon-2136,W,1,3,1,Dynamic Model,1,2
2021,2021-wimbledon-2136,W,1,3,2,Dynamic Model,1,1
2021,2021-wimbledon-2136,W,1,3,3,Dynamic Model,1,0
2021,2021-wimbledon-2138,W,1,2,1,Cumul. Point Winner,1,1
2021,2021-wimbledon-2138,W,1,2,2,Cumul. Point Winner,1,0
2021,2021-wimbledon-2138,W,1,2,1,Cumul. Game Winner,1,1
2021,2021-wimbledon-2138,W,1,2,2,Cumul. Game Winner,1,0
2021,2021-wimbledon-2138,W,1,2,1,Set Winner,1,1
2021,2021-wimbledon-2138,W,1,2,2,Set Winner,1,0
2021,2021-wimbledon-2138,W,1,2,1,Cumul. Set Winner,1,1
2021,2021-wimbledon-2138,W,1,2,2,Cumul. Set Winner,1,0
2021,2021-wimbledon-2138,W,1,2,1,Cumul. Unf. Error,1,1
2021,2021-wimbledon-2138,W,1,2,2,Cumul. Unf. Error,1,0
2021,2021-wimbledon-2138,W,1,2,1,Dynamic Model,1,1
2021,2021-wimbledon-2138,W,1,2,2,Dynamic Model,1,0
2021,2021-wimbledon-2139,W,1,3,1,Cumul. Point Winner,2,2
2021,2021-wimbledon-2139,W,1,3,2,Cumul. Point Winner,2,1
2021,2021-wimbledon-2139,W,1,3,3,Cumul. Point Winner,2,0
2021,2021-wimbledon-2139,W,1,3,1,Cumul. Game Winner,2,2
2021,2021-wimbledon-2139,W,1,3,2,Cumul. Game Winner,2,1
2021,2021-wimbledon-2139,W,1,3,3,Cumul. Game Winner,2,0
2021,2021-wimbledon-2139,W,1,3,1,Set Winner,2,2
2021,2021-wimbledon-2139,W,1,3,2,Set Winner,1,1
2021,2021-wimbledon-2139,W,1,3,3,Set Winner,1,0
2021,2021-wimbledon-2139,W,1,3,1,Cumul. Set Winner,2,2
2021,2021-wimbledon-2139,W,1,3,2,Cumul. Set Winner,2,1
2021,2021-wimbledon-2139,W,1,3,3,Cumul. Set Winner,1,0
2021,2021-wimbledon-2139,W,1,3,1,Cumul. Unf. Error,1,2
2021,2021-wimbledon-2139,W,1,3,2,Cumul. Unf. Error,1,1
2021,2021-wimbledon-2139,W,1,3,3,Cumul. Unf. Error,1,0
2021,2021-wimbledon-2139,W,1,3,1,Dynamic Model,2,2
2021,2021-wimbledon-2139,W,1,3,2,Dynamic Model,2,1
2021,2021-wimbledon-2139,W,1,3,3,Dynamic Model,1,0
2021,2021-wimbledon-2140,W,1,2,1,Cumul. Point Winner,1,1
2021,2021-wimbledon-2140,W,1,2,2,Cumul. Point Winner,1,0
2021,2021-wimbledon-2140,W,1,2,1,Cumul. Game Winner,1,1
2021,2021-wimbledon-2140,W,1,2,2,Cumul. Game Winner,1,0
2021,2021-wimbledon-2140,W,1,2,1,Set Winner,1,1
2021,2021-wimbledon-2140,W,1,2,2,Set Winner,1,0
2021,2021-wimbledon-2140,W,1,2,1,Cumul. Set Winner,1,1
2021,2021-wimbledon-2140,W,1,2,2,Cumul. Set Winner,1,0
2021,2021-wimbledon-2140,W,1,2,1,Cumul. Unf. Error,1,1
2021,2021-wimbledon-2140,W,1,2,2,Cumul. Unf. Error,1,0
2021,2021-wimbledon-2140,W,1,2,1,Dynamic Model,1,1
2021,2021-wimbledon-2140,W,1,2,2,Dynamic Model,1,0
2021,2021-wimbledon-2141,W,1,2,1,Cumul. Point Winner,1,1
2021,2021-wimbledon-2141,W,1,2,2,Cumul. Point Winner,1,0
2021,2021-wimbledon-2141,W,1,2,1,Cumul. Game Winner,1,1
2021,2021-wimbledon-2141,W,1,2,2,Cumul. Game Winner,1,0
2021,2021-wimbledon-2141,W,1,2,1,Set Winner,1,1
2021,2021-wimbledon-2141,W,1,2,2,Set Winner,1,0
2021,2021-wimbledon-2141,W,1,2,1,Cumul. Set Winner,1,1
2021,2021-wimbledon-2141,W,1,2,2,Cumul. Set Winner,1,0
2021,2021-wimbledon-2141,W,1,2,1,Cumul. Unf. Error,1,1
2021,2021-wimbledon-2141,W,1,2,2,Cumul. Unf. Error,1,0
2021,2021-wimbledon-2141,W,1,2,1,Dynamic Model,1,1
2021,2021-wimbledon-2141,W,1,2,2,Dynamic Model,1,0
2021,2021-wimbledon-2142,W,1,3,1,Cumul. Point Winner,2,2
2021,2021-wimbledon-2142,W,1,3,2,Cumul. Point Winner,1,1
2021,2021-wimbledon-2142,W,1,3,3,Cumul. Point Winner,1,0
2021,2021-wimbledon-2142,W,1,3,1,Cumul. Game Winner,2,2
2021,2021-wimbledon-2142,W,1,3,2,Cumul. Game Winner,1,1
2021,2021-wimbledon-2142,W,1,3,3,Cumul. Game Winner,1,0
2021,2021-wimbledon-2142,W,1,3,1,Set Winner,2,2
2021,2021-wimbledon-2142,W,1,3,2,Set Winner,1,1
2021,2021-wimbledon-2142,W,1,3,3,Set Winner,1,0
2021,2021-wimbledon-2142,W,1,3,1,Cumul. Set Winner,2,2
2021,2021-wimbledon-2142,W,1,3,2,Cumul. Set Winner,2,1
2021,2021-wimbledon-2142,W,1,3,3,Cumul. Set Winner,1,0
2021,2021-wimbledon-2142,W,1,3,1,Cumul. Unf. Error,1,2
2021,2021-wimbledon-2142,W,1,3,2,Cumul. Unf. Error,1,1
2021,2021-wimbledon-2142,W,1,3,3,Cumul. Unf. Error,1,0
2021,2021-wimbledon-2142,W,1,3,1,Dynamic Model,2,2
2021,2021-wimbledon-2142,W,1,3,2,Dynamic Model,1,1
2021,2021-wimbledon-2142,W,1,3,3,Dynamic Model,1,0
2021,2021-wimbledon-2143,W,2,2,1,Cumul. Point Winner,2,1
2021,2021-wimbledon-2143,W,2,2,2,Cumul. Point Winner,2,0
2021,2021-wimbledon-2143,W,2,2,1,Cumul. Game Winner,2,1
2021,2021-wimbledon-2143,W,2,2,2,Cumul. Game Winner,2,0
2021,2021-wimbledon-2143,W,2,2,1,Set Winner,2,1
2021,2021-wimbledon-2143,W,2,2,2,Set Winner,2,0
2021,2021-wimbledon-2143,W,2,2,1,Cumul. Set Winner,2,1
2021,2021-wimbledon-2143,W,2,2,2,Cumul. Set Winner,2,0
2021,2021-wimbledon-2143,W,2,2,1,Cumul. Unf. Error,2,1
2021,2021-wimbledon-2143,W,2,2,2,Cumul. Unf. Error,2,0
2021,2021-wimbledon-2143,W,2,2,1,Dynamic Model,2,1
2021,2021-wimbledon-2143,W,2,2,2,Dynamic Model,2,0
2021,2021-wimbledon-2144,W,2,2,1,Cumul. Point Winner,2,1
2021,2021-wimbledon-2144,W,2,2,2,Cumul. Point Winner,2,0
2021,2021-wimbledon-2144,W,2,2,1,Cumul. Game Winner,2,1
2021,2021-wimbledon-2144,W,2,2,2,Cumul. Game Winner,2,0
2021,2021-wimbledon-2144,W,2,2,1,Set Winner,2,1
2021,2021-wimbledon-2144,W,2,2,2,Set Winner,2,0
2021,2021-wimbledon-2144,W,2,2,1,Cumul. Set Winner,2,1
2021,2021-wimbledon-2144,W,2,2,2,Cumul. Set Winner,2,0
2021,2021-wimbledon-2144,W,2,2,1,Cumul. Unf. Error,2,1
2021,2021-wimbledon-2144,W,2,2,2,Cumul. Unf. Error,2,0
2021,2021-wimbledon-2144,W,2,2,1,Dynamic Model,2,1
2021,2021-wimbledon-2144,W,2,2,2,Dynamic Model,2,0
2021,2021-wimbledon-2145,W,2,3,1,Cumul. Point Winner,1,2
2021,2021-wimbledon-2145,W,2,3,2,Cumul. Point Winner,2,1
2021,2021-wimbledon-2145,W,2,3,3,Cumul. Point Winner,2,0
2021,2021-wimbledon-2145,W,2,3,1,Cumul. Game Winner,1,2
2021,2021-wimbledon-2145,W,2,3,2,Cumul. Game Winner,2,1
2021,2021-wimbledon-2145,W,2,3,3,Cumul. Game Winner,2,0
2021,2021-wimbledon-2145,W,2,3,1,Set Winner,1,2
2021,2021-wimbledon-2145,W,2,3,2,Set Winner,2,1
2021,2021-wimbledon-2145,W,2,3,3,Set Winner,2,0
2021,2021-wimbledon-2145,W,2,3,1,Cumul. Set Winner,1,2
2021,2021-wimbledon-2145,W,2,3,2,Cumul. Set Winner,1,1
2021,2021-wimbledon-2145,W,2,3,3,Cumul. Set Winner,2,0
2021,2021-wimbledon-2145,W,2,3,1,Cumul. Unf. Error,2,2
2021,2021-wimbledon-2145,W,2,3,2,Cumul. Unf. Error,2,1
2021,2021-wimbledon-2145,W,2,3,3,Cumul. Unf. Error,2,0
2021,2021-wimbledon-2145,W,2,3,1,Dynamic Model,1,2
2021,2021-wimbledon-2145,W,2,3,2,Dynamic Model,2,1
2021,2021-wimbledon-2145,W,2,3,3,Dynamic Model,2,0
2021,2021-wimbledon-2146,W,2,3,1,Cumul. Point Winner,1,2
2021,2021-wimbledon-2146,W,2,3,2,Cumul. Point Winner,2,1
2021,2021-wimbledon-2146,W,2,3,3,Cumul. Point Winner,2,0
2021,2021-wimbledon-2146,W,2,3,1,Cumul. Game Winner,1,2
2021,2021-wimbledon-2146,W,2,3,2,Cumul. Game Winner,2,1
2021,2021-wimbledon-2146,W,2,3,3,Cumul. Game Winner,2,0
2021,2021-wimbledon-2146,W,2,3,1,Set Winner,1,2
2021,2021-wimbledon-2146,W,2,3,2,Set Winner,2,1
2021,2021-wimbledon-2146,W,2,3,3,Set Winner,2,0
2021,2021-wimbledon-2146,W,2,3,1,Cumul. Set Winner,1,2
2021,2021-wimbledon-2146,W,2,3,2,Cumul. Set Winner,1,1
2021,2021-wimbledon-2146,W,2,3,3,Cumul. Set Winner,2,0
2021,2021-wimbledon-2146,W,2,3,1,Cumul. Unf. Error,1,2
2021,2021-wimbledon-2146,W,2,3,2,Cumul. Unf. Error,1,1
2021,2021-wimbledon-2146,W,2,3,3,Cumul. Unf. Error,1,0
2021,2021-wimbledon-2146,W,2,3,1,Dynamic Model,1,2
2021,2021-wimbledon-2146,W,2,3,2,Dynamic Model,2,1
2021,2021-wimbledon-2146,W,2,3,3,Dynamic Model,2,0
2021,2021-wimbledon-2147,W,1,3,1,Cumul. Point Winner,2,2
2021,2021-wimbledon-2147,W,1,3,2,Cumul. Point Winner,1,1
2021,2021-wimbledon-2147,W,1,3,3,Cumul. Point Winner,1,0
2021,2021-wimbledon-2147,W,1,3,1,Cumul. Game Winner,2,2
2021,2021-wimbledon-2147,W,1,3,2,Cumul. Game Winner,2,1
2021,2021-wimbledon-2147,W,1,3,3,Cumul. Game Winner,1,0
2021,2021-wimbledon-2147,W,1,3,1,Set Winner,2,2
2021,2021-wimbledon-2147,W,1,3,2,Set Winner,1,1
2021,2021-wimbledon-2147,W,1,3,3,Set Winner,1,0
2021,2021-wimbledon-2147,W,1,3,1,Cumul. Set Winner,2,2
2021,2021-wimbledon-2147,W,1,3,2,Cumul. Set Winner,2,1
2021,2021-wimbledon-2147,W,1,3,3,Cumul. Set Winner,1,0
2021,2021-wimbledon-2147,W,1,3,1,Cumul. Unf. Error,1,2
2021,2021-wimbledon-2147,W,1,3,2,Cumul. Unf. Error,1,1
2021,2021-wimbledon-2147,W,1,3,3,Cumul. Unf. Error,1,0
2021,2021-wimbledon-2147,W,1,3,1,Dynamic Model,2,2
2021,2021-wimbledon-2147,W,1,3,2,Dynamic Model,1,1
2021,2021-wimbledon-2147,W,1,3,3,Dynamic Model,1,0
2021,2021-wimbledon-2148,W,2,2,1,Cumul. Point Winner,2,1
2021,2021-wimbledon-2148,W,2,2,2,Cumul. Point Winner,2,0
2021,2021-wimbledon-2148,W,2,2,1,Cumul. Game Winner,2,1
2021,2021-wimbledon-2148,W,2,2,2,Cumul. Game Winner,2,0
2021,2021-wimbledon-2148,W,2,2,1,Set Winner,2,1
2021,2021-wimbledon-2148,W,2,2,2,Set Winner,2,0
2021,2021-wimbledon-2148,W,2,2,1,Cumul. Set Winner,2,1
2021,2021-wimbledon-2148,W,2,2,2,Cumul. Set Winner,2,0
2021,2021-wimbledon-2148,W,2,2,1,Cumul. Unf. Error,1,1
2021,2021-wimbledon-2148,W,2,2,2,Cumul. Unf. Error,1,0
2021,2021-wimbledon-2148,W,2,2,1,Dynamic Model,2,1
2021,2021-wimbledon-2148,W,2,2,2,Dynamic Model,2,0
2021,2021-wimbledon-2149,W,1,2,1,Cumul. Point Winner,1,1
2021,2021-wimbledon-2149,W,1,2,2,Cumul. Point Winner,1,0
2021,2021-wimbledon-2149,W,1,2,1,Cumul. Game Winner,1,1
2021,2021-wimbledon-2149,W,1,2,2,Cumul. Game Winner,1,0
2021,2021-wimbledon-2149,W,1,2,1,Set Winner,1,1
2021,2021-wimbledon-2149,W,1,2,2,Set Winner,1,0
2021,2021-wimbledon-2149,W,1,2,1,Cumul. Set Winner,1,1
2021,2021-wimbledon-2149,W,1,2,2,Cumul. Set Winner,1,0
2021,2021-wimbledon-2149,W,1,2,1,Cumul. Unf. Error,1,1
2021,2021-wimbledon-2149,W,1,2,2,Cumul. Unf. Error,1,0
2021,2021-wimbledon-2149,W,1,2,1,Dynamic Model,1,1
2021,2021-wimbledon-2149,W,1,2,2,Dynamic Model,1,0
2021,2021-wimbledon-2150,W,2,2,1,Cumul. Point Winner,2,1
2021,2021-wimbledon-2150,W,2,2,2,Cumul. Point Winner,2,0
2021,2021-wimbledon-2150,W,2,2,1,Cumul. Game Winner,2,1
2021,2021-wimbledon-2150,W,2,2,2,Cumul. Game Winner,2,0
2021,2021-wimbledon-2150,W,2,2,1,Set Winner,2,1
2021,2021-wimbledon-2150,W,2,2,2,Set Winner,2,0
2021,2021-wimbledon-2150,W,2,2,1,Cumul. Set Winner,2,1
2021,2021-wimbledon-2150,W,2,2,2,Cumul. Set Winner,2,0
2021,2021-wimbledon-2150,W,2,2,1,Cumul. Unf. Error,1,1
2021,2021-wimbledon-2150,W,2,2,2,Cumul. Unf. Error,1,0
2021,2021-wimbledon-2150,W,2,2,1,Dynamic Model,2,1
2021,2021-wimbledon-2150,W,2,2,2,Dynamic Model,2,0
2021,2021-wimbledon-2151,W,1,2,1,Cumul. Point Winner,1,1
2021,2021-wimbledon-2151,W,1,2,2,Cumul. Point Winner,1,0
2021,2021-wimbledon-2151,W,1,2,1,Cumul. Game Winner,1,1
2021,2021-wimbledon-2151,W,1,2,2,Cumul. Game Winner,1,0
2021,2021-wimbledon-2151,W,1,2,1,Set Winner,1,1
2021,2021-wimbledon-2151,W,1,2,2,Set Winner,1,0
2021,2021-wimbledon-2151,W,1,2,1,Cumul. Set Winner,1,1
2021,2021-wimbledon-2151,W,1,2,2,Cumul. Set Winner,1,0
2021,2021-wimbledon-2151,W,1,2,1,Cumul. Unf. Error,2,1
2021,2021-wimbledon-2151,W,1,2,2,Cumul. Unf. Error,2,0
2021,2021-wimbledon-2151,W,1,2,1,Dynamic Model,1,1
2021,2021-wimbledon-2151,W,1,2,2,Dynamic Model,1,0
2021,2021-wimbledon-2152,W,2,3,1,Cumul. Point Winner,1,2
2021,2021-wimbledon-2152,W,2,3,2,Cumul. Point Winner,2,1
2021,2021-wimbledon-2152,W,2,3,3,Cumul. Point Winner,2,0
2021,2021-wimbledon-2152,W,2,3,1,Cumul. Game Winner,1,2
2021,2021-wimbledon-2152,W,2,3,2,Cumul. Game Winner,2,1
2021,2021-wimbledon-2152,W,2,3,3,Cumul. Game Winner,2,0
2021,2021-wimbledon-2152,W,2,3,1,Set Winner,1,2
2021,2021-wimbledon-2152,W,2,3,2,Set Winner,2,1
2021,2021-wimbledon-2152,W,2,3,3,Set Winner,2,0
2021,2021-wimbledon-2152,W,2,3,1,Cumul. Set Winner,1,2
2021,2021-wimbledon-2152,W,2,3,2,Cumul. Set Winner,1,1
2021,2021-wimbledon-2152,W,2,3,3,Cumul. Set Winner,2,0
2021,2021-wimbledon-2152,W,2,3,1,Cumul. Unf. Error,2,2
2021,2021-wimbledon-2152,W,2,3,2,Cumul. Unf. Error,2,1
2021,2021-wimbledon-2152,W,2,3,3,Cumul. Unf. Error,2,0
2021,2021-wimbledon-2152,W,2,3,1,Dynamic Model,1,2
2021,2021-wimbledon-2152,W,2,3,2,Dynamic Model,2,1
2021,2021-wimbledon-2152,W,2,3,3,Dynamic Model,2,0
2021,2021-wimbledon-2153,W,1,2,1,Cumul. Point Winner,1,1
2021,2021-wimbledon-2153,W,1,2,2,Cumul. Point Winner,1,0
2021,2021-wimbledon-2153,W,1,2,1,Cumul. Game Winner,1,1
2021,2021-wimbledon-2153,W,1,2,2,Cumul. Game Winner,1,0
2021,2021-wimbledon-2153,W,1,2,1,Set Winner,1,1
2021,2021-wimbledon-2153,W,1,2,2,Set Winner,1,0
2021,2021-wimbledon-2153,W,1,2,1,Cumul. Set Winner,1,1
2021,2021-wimbledon-2153,W,1,2,2,Cumul. Set Winner,1,0
2021,2021-wimbledon-2153,W,1,2,1,Cumul. Unf. Error,1,1
2021,2021-wimbledon-2153,W,1,2,2,Cumul. Unf. Error,1,0
2021,2021-wimbledon-2153,W,1,2,1,Dynamic Model,1,1
2021,2021-wimbledon-2153,W,1,2,2,Dynamic Model,1,0
2021,2021-wimbledon-2154,W,2,3,1,Cumul. Point Winner,2,2
2021,2021-wimbledon-2154,W,2,3,2,Cumul. Point Winner,2,1
2021,2021-wimbledon-2154,W,2,3,3,Cumul. Point Winner,2,0
2021,2021-wimbledon-2154,W,2,3,1,Cumul. Game Winner,2,2
2021,2021-wimbledon-2154,W,2,3,2,Cumul. Game Winner,2,1
2021,2021-wimbledon-2154,W,2,3,3,Cumul. Game Winner,2,0
2021,2021-wimbledon-2154,W,2,3,1,Set Winner,2,2
2021,2021-wimbledon-2154,W,2,3,2,Set Winner,1,1
2021,2021-wimbledon-2154,W,2,3,3,Set Winner,2,0
2021,2021-wimbledon-2154,W,2,3,1,Cumul. Set Winner,2,2
2021,2021-wimbledon-2154,W,2,3,2,Cumul. Set Winner,2,1
2021,2021-wimbledon-2154,W,2,3,3,Cumul. Set Winner,2,0
2021,2021-wimbledon-2154,W,2,3,1,Cumul. Unf. Error,2,2
2021,2021-wimbledon-2154,W,2,3,2,Cumul. Unf. Error,1,1
2021,2021-wimbledon-2154,W,2,3,3,Cumul. Unf. Error,1,0
2021,2021-wimbledon-2154,W,2,3,1,Dynamic Model,2,2
2021,2021-wimbledon-2154,W,2,3,2,Dynamic Model,1,1
2021,2021-wimbledon-2154,W,2,3,3,Dynamic Model,2,0
2021,2021-wimbledon-2155,W,2,2,1,Cumul. Point Winner,2,1
2021,2021-wimbledon-2155,W,2,2,2,Cumul. Point Winner,2,0
2021,2021-wimbledon-2155,W,2,2,1,Cumul. Game Winner,2,1
2021,2021-wimbledon-2155,W,2,2,2,Cumul. Game Winner,2,0
2021,2021-wimbledon-2155,W,2,2,1,Set Winner,2,1
2021,2021-wimbledon-2155,W,2,2,2,Set Winner,2,0
2021,2021-wimbledon-2155,W,2,2,1,Cumul. Set Winner,2,1
2021,2021-wimbledon-2155,W,2,2,2,Cumul. Set Winner,2,0
2021,2021-wimbledon-2155,W,2,2,1,Cumul. Unf. Error,2,1
2021,2021-wimbledon-2155,W,2,2,2,Cumul. Unf. Error,2,0
2021,2021-wimbledon-2155,W,2,2,1,Dynamic Model,2,1
2021,2021-wimbledon-2155,W,2,2,2,Dynamic Model,2,0
2021,2021-wimbledon-2156,W,2,2,1,Cumul. Point Winner,2,1
2021,2021-wimbledon-2156,W,2,2,2,Cumul. Point Winner,2,0
2021,2021-wimbledon-2156,W,2,2,1,Cumul. Game Winner,2,1
2021,2021-wimbledon-2156,W,2,2,2,Cumul. Game Winner,2,0
2021,2021-wimbledon-2156,W,2,2,1,Set Winner,2,1
2021,2021-wimbledon-2156,W,2,2,2,Set Winner,2,0
2021,2021-wimbledon-2156,W,2,2,1,Cumul. Set Winner,2,1
2021,2021-wimbledon-2156,W,2,2,2,Cumul. Set Winner,2,0
2021,2021-wimbledon-2156,W,2,2,1,Cumul. Unf. Error,2,1
2021,2021-wimbledon-2156,W,2,2,2,Cumul. Unf. Error,2,0
2021,2021-wimbledon-2156,W,2,2,1,Dynamic Model,2,1
2021,2021-wimbledon-2156,W,2,2,2,Dynamic Model,2,0
2021,2021-wimbledon-2157,W,1,2,1,Cumul. Point Winner,1,1
2021,2021-wimbledon-2157,W,1,2,2,Cumul. Point Winner,1,0
2021,2021-wimbledon-2157,W,1,2,1,Cumul. Game Winner,1,1
2021,2021-wimbledon-2157,W,1,2,2,Cumul. Game Winner,1,0
2021,2021-wimbledon-2157,W,1,2,1,Set Winner,1,1
2021,2021-wimbledon-2157,W,1,2,2,Set Winner,1,0
2021,2021-wimbledon-2157,W,1,2,1,Cumul. Set Winner,1,1
2021,2021-wimbledon-2157,W,1,2,2,Cumul. Set Winner,1,0
2021,2021-wimbledon-2157,W,1,2,1,Cumul. Unf. Error,1,1
2021,2021-wimbledon-2157,W,1,2,2,Cumul. Unf. Error,1,0
2021,2021-wimbledon-2157,W,1,2,1,Dynamic Model,1,1
2021,2021-wimbledon-2157,W,1,2,2,Dynamic Model,1,0
2021,2021-wimbledon-2158,W,1,3,1,Cumul. Point Winner,1,2
2021,2021-wimbledon-2158,W,1,3,2,Cumul. Point Winner,1,1
2021,2021-wimbledon-2158,W,1,3,3,Cumul. Point Winner,1,0
2021,2021-wimbledon-2158,W,1,3,1,Cumul. Game Winner,1,2
2021,2021-wimbledon-2158,W,1,3,2,Cumul. Game Winner,1,1
2021,2021-wimbledon-2158,W,1,3,3,Cumul. Game Winner,1,0
2021,2021-wimbledon-2158,W,1,3,1,Set Winner,1,2
2021,2021-wimbledon-2158,W,1,3,2,Set Winner,2,1
2021,2021-wimbledon-2158,W,1,3,3,Set Winner,1,0
2021,2021-wimbledon-2158,W,1,3,1,Cumul. Set Winner,1,2
2021,2021-wimbledon-2158,W,1,3,2,Cumul. Set Winner,1,1
2021,2021-wimbledon-2158,W,1,3,3,Cumul. Set Winner,1,0
2021,2021-wimbledon-2158,W,1,3,1,Cumul. Unf. Error,1,2
2021,2021-wimbledon-2158,W,1,3,2,Cumul. Unf. Error,1,1
2021,2021-wimbledon-2158,W,1,3,3,Cumul. Unf. Error,1,0
2021,2021-wimbledon-2158,W,1,3,1,Dynamic Model,1,2
2021,2021-wimbledon-2158,W,1,3,2,Dynamic Model,1,1
2021,2021-wimbledon-2158,W,1,3,3,Dynamic Model,1,0
2021,2021-wimbledon-2159,W,2,3,1,Cumul. Point Winner,1,2
2021,2021-wimbledon-2159,W,2,3,2,Cumul. Point Winner,2,1
2021,2021-wimbledon-2159,W,2,3,3,Cumul. Point Winner,2,0
2021,2021-wimbledon-2159,W,2,3,1,Cumul. Game Winner,1,2
2021,2021-wimbledon-2159,W,2,3,2,Cumul. Game Winner,1,1
2021,2021-wimbledon-2159,W,2,3,3,Cumul. Game Winner,2,0
2021,2021-wimbledon-2159,W,2,3,1,Set Winner,1,2
2021,2021-wimbledon-2159,W,2,3,2,Set Winner,2,1
2021,2021-wimbledon-2159,W,2,3,3,Set Winner,2,0
2021,2021-wimbledon-2159,W,2,3,1,Cumul. Set Winner,1,2
2021,2021-wimbledon-2159,W,2,3,2,Cumul. Set Winner,1,1
2021,2021-wimbledon-2159,W,2,3,3,Cumul. Set Winner,2,0
2021,2021-wimbledon-2159,W,2,3,1,Cumul. Unf. Error,1,2
2021,2021-wimbledon-2159,W,2,3,2,Cumul. Unf. Error,1,1
2021,2021-wimbledon-2159,W,2,3,3,Cumul. Unf. Error,2,0
2021,2021-wimbledon-2159,W,2,3,1,Dynamic Model,1,2
2021,2021-wimbledon-2159,W,2,3,2,Dynamic Model,2,1
2021,2021-wimbledon-2159,W,2,3,3,Dynamic Model,2,0
2021,2021-wimbledon-2160,W,2,2,1,Cumul. Point Winner,2,1
2021,2021-wimbledon-2160,W,2,2,2,Cumul. Point Winner,2,0
2021,2021-wimbledon-2160,W,2,2,1,Cumul. Game Winner,2,1
2021,2021-wimbledon-2160,W,2,2,2,Cumul. Game Winner,2,0
2021,2021-wimbledon-2160,W,2,2,1,Set Winner,2,1
2021,2021-wimbledon-2160,W,2,2,2,Set Winner,2,0
2021,2021-wimbledon-2160,W,2,2,1,Cumul. Set Winner,2,1
2021,2021-wimbledon-2160,W,2,2,2,Cumul. Set Winner,2,0
2021,2021-wimbledon-2160,W,2,2,1,Cumul. Unf. Error,1,1
2021,2021-wimbledon-2160,W,2,2,2,Cumul. Unf. Error,1,0
2021,2021-wimbledon-2160,W,2,2,1,Dynamic Model,2,1
2021,2021-wimbledon-2160,W,2,2,2,Dynamic Model,2,0
2021,2021-wimbledon-2161,W,1,2,1,Cumul. Point Winner,1,1
2021,2021-wimbledon-2161,W,1,2,2,Cumul. Point Winner,1,0
2021,2021-wimbledon-2161,W,1,2,1,Cumul. Game Winner,1,1
2021,2021-wimbledon-2161,W,1,2,2,Cumul. Game Winner,1,0
2021,2021-wimbledon-2161,W,1,2,1,Set Winner,1,1
2021,2021-wimbledon-2161,W,1,2,2,Set Winner,1,0
2021,2021-wimbledon-2161,W,1,2,1,Cumul. Set Winner,1,1
2021,2021-wimbledon-2161,W,1,2,2,Cumul. Set Winner,1,0
2021,2021-wimbledon-2161,W,1,2,1,Cumul. Unf. Error,2,1
2021,2021-wimbledon-2161,W,1,2,2,Cumul. Unf. Error,1,0
2021,2021-wimbledon-2161,W,1,2,1,Dynamic Model,1,1
2021,2021-wimbledon-2161,W,1,2,2,Dynamic Model,1,0
2021,2021-wimbledon-2162,W,1,3,1,Cumul. Point Winner,2,2
2021,2021-wimbledon-2162,W,1,3,2,Cumul. Point Winner,2,1
2021,2021-wimbledon-2162,W,1,3,3,Cumul. Point Winner,1,0
2021,2021-wimbledon-2162,W,1,3,1,Cumul. Game Winner,2,2
2021,2021-wimbledon-2162,W,1,3,2,Cumul. Game Winner,1,1
2021,2021-wimbledon-2162,W,1,3,3,Cumul. Game Winner,1,0
2021,2021-wimbledon-2162,W,1,3,1,Set Winner,2,2
2021,2021-wimbledon-2162,W,1,3,2,Set Winner,1,1
2021,2021-wimbledon-2162,W,1,3,3,Set Winner,1,0
2021,2021-wimbledon-2162,W,1,3,1,Cumul. Set Winner,2,2
2021,2021-wimbledon-2162,W,1,3,2,Cumul. Set Winner,2,1
2021,2021-wimbledon-2162,W,1,3,3,Cumul. Set Winner,1,0
2021,2021-wimbledon-2162,W,1,3,1,Cumul. Unf. Error,2,2
2021,2021-wimbledon-2162,W,1,3,2,Cumul. Unf. Error,1,1
2021,2021-wimbledon-2162,W,1,3,3,Cumul. Unf. Error,1,0
2021,2021-wimbledon-2162,W,1,3,1,Dynamic Model,2,2
2021,2021-wimbledon-2162,W,1,3,2,Dynamic Model,2,1
2021,2021-wimbledon-2162,W,1,3,3,Dynamic Model,1,0
2021,2021-wimbledon-2163,W,2,3,1,Cumul. Point Winner,2,2
2021,2021-wimbledon-2163,W,2,3,2,Cumul. Point Winner,2,1
2021,2021-wimbledon-2163,W,2,3,3,Cumul. Point Winner,2,0
2021,2021-wimbledon-2163,W,2,3,1,Cumul. Game Winner,1,2
2021,2021-wimbledon-2163,W,2,3,2,Cumul. Game Winner,2,1
2021,2021-wimbledon-2163,W,2,3,3,Cumul. Game Winner,2,0
2021,2021-wimbledon-2163,W,2,3,1,Set Winner,1,2
2021,2021-wimbledon-2163,W,2,3,2,Set Winner,2,1
2021,2021-wimbledon-2163,W,2,3,3,Set Winner,2,0
2021,2021-wimbledon-2163,W,2,3,1,Cumul. Set Winner,1,2
2021,2021-wimbledon-2163,W,2,3,2,Cumul. Set Winner,1,1
2021,2021-wimbledon-2163,W,2,3,3,Cumul. Set Winner,2,0
2021,2021-wimbledon-2163,W,2,3,1,Cumul. Unf. Error,1,2
2021,2021-wimbledon-2163,W,2,3,2,Cumul. Unf. Error,1,1
2021,2021-wimbledon-2163,W,2,3,3,Cumul. Unf. Error,2,0
2021,2021-wimbledon-2163,W,2,3,1,Dynamic Model,1,2
2021,2021-wimbledon-2163,W,2,3,2,Dynamic Model,2,1
2021,2021-wimbledon-2163,W,2,3,3,Dynamic Model,2,0
2021,2021-wimbledon-2164,W,2,2,1,Cumul. Point Winner,2,1
2021,2021-wimbledon-2164,W,2,2,2,Cumul. Point Winner,2,0
2021,2021-wimbledon-2164,W,2,2,1,Cumul. Game Winner,2,1
2021,2021-wimbledon-2164,W,2,2,2,Cumul. Game Winner,2,0
2021,2021-wimbledon-2164,W,2,2,1,Set Winner,2,1
2021,2021-wimbledon-2164,W,2,2,2,Set Winner,2,0
2021,2021-wimbledon-2164,W,2,2,1,Cumul. Set Winner,2,1
2021,2021-wimbledon-2164,W,2,2,2,Cumul. Set Winner,2,0
2021,2021-wimbledon-2164,W,2,2,1,Cumul. Unf. Error,1,1
2021,2021-wimbledon-2164,W,2,2,2,Cumul. Unf. Error,1,0
2021,2021-wimbledon-2164,W,2,2,1,Dynamic Model,2,1
2021,2021-wimbledon-2164,W,2,2,2,Dynamic Model,2,0
2021,2021-wimbledon-2201,W,1,2,1,Cumul. Point Winner,1,1
2021,2021-wimbledon-2201,W,1,2,2,Cumul. Point Winner,1,0
2021,2021-wimbledon-2201,W,1,2,1,Cumul. Game Winner,1,1
2021,2021-wimbledon-2201,W,1,2,2,Cumul. Game Winner,1,0
2021,2021-wimbledon-2201,W,1,2,1,Set Winner,1,1
2021,2021-wimbledon-2201,W,1,2,2,Set Winner,1,0
2021,2021-wimbledon-2201,W,1,2,1,Cumul. Set Winner,1,1
2021,2021-wimbledon-2201,W,1,2,2,Cumul. Set Winner,1,0
2021,2021-wimbledon-2201,W,1,2,1,Cumul. Unf. Error,2,1
2021,2021-wimbledon-2201,W,1,2,2,Cumul. Unf. Error,2,0
2021,2021-wimbledon-2201,W,1,2,1,Dynamic Model,1,1
2021,2021-wimbledon-2201,W,1,2,2,Dynamic Model,1,0
2021,2021-wimbledon-2202,W,2,3,1,Cumul. Point Winner,1,2
2021,2021-wimbledon-2202,W,2,3,2,Cumul. Point Winner,2,1
2021,2021-wimbledon-2202,W,2,3,3,Cumul. Point Winner,2,0
2021,2021-wimbledon-2202,W,2,3,1,Cumul. Game Winner,1,2
2021,2021-wimbledon-2202,W,2,3,2,Cumul. Game Winner,2,1
2021,2021-wimbledon-2202,W,2,3,3,Cumul. Game Winner,2,0
2021,2021-wimbledon-2202,W,2,3,1,Set Winner,1,2
2021,2021-wimbledon-2202,W,2,3,2,Set Winner,2,1
2021,2021-wimbledon-2202,W,2,3,3,Set Winner,2,0
2021,2021-wimbledon-2202,W,2,3,1,Cumul. Set Winner,1,2
2021,2021-wimbledon-2202,W,2,3,2,Cumul. Set Winner,1,1
2021,2021-wimbledon-2202,W,2,3,3,Cumul. Set Winner,2,0
2021,2021-wimbledon-2202,W,2,3,1,Cumul. Unf. Error,2,2
2021,2021-wimbledon-2202,W,2,3,2,Cumul. Unf. Error,2,1
2021,2021-wimbledon-2202,W,2,3,3,Cumul. Unf. Error,2,0
2021,2021-wimbledon-2202,W,2,3,1,Dynamic Model,1,2
2021,2021-wimbledon-2202,W,2,3,2,Dynamic Model,2,1
2021,2021-wimbledon-2202,W,2,3,3,Dynamic Model,2,0
2021,2021-wimbledon-2203,W,2,3,1,Cumul. Point Winner,1,2
2021,2021-wimbledon-2203,W,2,3,2,Cumul. Point Winner,1,1
2021,2021-wimbledon-2203,W,2,3,3,Cumul. Point Winner,2,0
2021,2021-wimbledon-2203,W,2,3,1,Cumul. Game Winner,1,2
2021,2021-wimbledon-2203,W,2,3,2,Cumul. Game Winner,1,1
2021,2021-wimbledon-2203,W,2,3,3,Cumul. Game Winner,1,0
2021,2021-wimbledon-2203,W,2,3,1,Set Winner,1,2
2021,2021-wimbledon-2203,W,2,3,2,Set Winner,2,1
2021,2021-wimbledon-2203,W,2,3,3,Set Winner,2,0
2021,2021-wimbledon-2203,W,2,3,1,Cumul. Set Winner,1,2
2021,2021-wimbledon-2203,W,2,3,2,Cumul. Set Winner,1,1
2021,2021-wimbledon-2203,W,2,3,3,Cumul. Set Winner,2,0
2021,2021-wimbledon-2203,W,2,3,1,Cumul. Unf. Error,1,2
2021,2021-wimbledon-2203,W,2,3,2,Cumul. Unf. Error,1,1
2021,2021-wimbledon-2203,W,2,3,3,Cumul. Unf. Error,1,0
2021,2021-wimbledon-2203,W,2,3,1,Dynamic Model,1,2
2021,2021-wimbledon-2203,W,2,3,2,Dynamic Model,1,1
2021,2021-wimbledon-2203,W,2,3,3,Dynamic Model,2,0
2021,2021-wimbledon-2204,W,2,2,1,Cumul. Point Winner,2,1
2021,2021-wimbledon-2204,W,2,2,2,Cumul. Point Winner,2,0
2021,2021-wimbledon-2204,W,2,2,1,Cumul. Game Winner,2,1
2021,2021-wimbledon-2204,W,2,2,2,Cumul. Game Winner,2,0
2021,2021-wimbledon-2204,W,2,2,1,Set Winner,2,1
2021,2021-wimbledon-2204,W,2,2,2,Set Winner,2,0
2021,2021-wimbledon-2204,W,2,2,1,Cumul. Set Winner,2,1
2021,2021-wimbledon-2204,W,2,2,2,Cumul. Set Winner,2,0
2021,2021-wimbledon-2204,W,2,2,1,Cumul. Unf. Error,1,1
2021,2021-wimbledon-2204,W,2,2,2,Cumul. Unf. Error,1,0
2021,2021-wimbledon-2204,W,2,2,1,Dynamic Model,2,1
2021,2021-wimbledon-2204,W,2,2,2,Dynamic Model,2,0
2021,2021-wimbledon-2205,W,2,3,1,Cumul. Point Winner,1,2
2021,2021-wimbledon-2205,W,2,3,2,Cumul. Point Winner,1,1
2021,2021-wimbledon-2205,W,2,3,3,Cumul. Point Winner,2,0
2021,2021-wimbledon-2205,W,2,3,1,Cumul. Game Winner,2,2
2021,2021-wimbledon-2205,W,2,3,2,Cumul. Game Winner,1,1
2021,2021-wimbledon-2205,W,2,3,3,Cumul. Game Winner,1,0
2021,2021-wimbledon-2205,W,2,3,1,Set Winner,2,2
2021,2021-wimbledon-2205,W,2,3,2,Set Winner,1,1
2021,2021-wimbledon-2205,W,2,3,3,Set Winner,2,0
2021,2021-wimbledon-2205,W,2,3,1,Cumul. Set Winner,2,2
2021,2021-wimbledon-2205,W,2,3,2,Cumul. Set Winner,2,1
2021,2021-wimbledon-2205,W,2,3,3,Cumul. Set Winner,2,0
2021,2021-wimbledon-2205,W,2,3,1,Cumul. Unf. Error,1,2
2021,2021-wimbledon-2205,W,2,3,2,Cumul. Unf. Error,2,1
2021,2021-wimbledon-2205,W,2,3,3,Cumul. Unf. Error,2,0
2021,2021-wimbledon-2205,W,2,3,1,Dynamic Model,1,2
2021,2021-wimbledon-2205,W,2,3,2,Dynamic Model,1,1
2021,2021-wimbledon-2205,W,2,3,3,Dynamic Model,2,0
2021,2021-wimbledon-2206,W,1,2,1,Cumul. Point Winner,1,1
2021,2021-wimbledon-2206,W,1,2,2,Cumul. Point Winner,1,0
2021,2021-wimbledon-2206,W,1,2,1,Cumul. Game Winner,1,1
2021,2021-wimbledon-2206,W,1,2,2,Cumul. Game Winner,1,0
2021,2021-wimbledon-2206,W,1,2,1,Set Winner,1,1
2021,2021-wimbledon-2206,W,1,2,2,Set Winner,1,0
2021,2021-wimbledon-2206,W,1,2,1,Cumul. Set Winner,1,1
2021,2021-wimbledon-2206,W,1,2,2,Cumul. Set Winner,1,0
2021,2021-wimbledon-2206,W,1,2,1,Cumul. Unf. Error,1,1
2021,2021-wimbledon-2206,W,1,2,2,Cumul. Unf. Error,1,0
2021,2021-wimbledon-2206,W,1,2,1,Dynamic Model,1,1
2021,2021-wimbledon-2206,W,1,2,2,Dynamic Model,1,0
2021,2021-wimbledon-2207,W,2,3,1,Cumul. Point Winner,2,2
2021,2021-wimbledon-2207,W,2,3,2,Cumul. Point Winner,2,1
2021,2021-wimbledon-2207,W,2,3,3,Cumul. Point Winner,2,0
2021,2021-wimbledon-2207,W,2,3,1,Cumul. Game Winner,2,2
2021,2021-wimbledon-2207,W,2,3,2,Cumul. Game Winner,2,1
2021,2021-wimbledon-2207,W,2,3,3,Cumul. Game Winner,2,0
2021,2021-wimbledon-2207,W,2,3,1,Set Winner,2,2
2021,2021-wimbledon-2207,W,2,3,2,Set Winner,1,1
2021,2021-wimbledon-2207,W,2,3,3,Set Winner,2,0
2021,2021-wimbledon-2207,W,2,3,1,Cumul. Set Winner,2,2
2021,2021-wimbledon-2207,W,2,3,2,Cumul. Set Winner,2,1
2021,2021-wimbledon-2207,W,2,3,3,Cumul. Set Winner,2,0
2021,2021-wimbledon-2207,W,2,3,1,Cumul. Unf. Error,2,2
2021,2021-wimbledon-2207,W,2,3,2,Cumul. Unf. Error,1,1
2021,2021-wimbledon-2207,W,2,3,3,Cumul. Unf. Error,1,0
2021,2021-wimbledon-2207,W,2,3,1,Dynamic Model,2,2
2021,2021-wimbledon-2207,W,2,3,2,Dynamic Model,2,1
2021,2021-wimbledon-2207,W,2,3,3,Dynamic Model,2,0
2021,2021-wimbledon-2208,W,1,3,1,Cumul. Point Winner,1,2
2021,2021-wimbledon-2208,W,1,3,2,Cumul. Point Winner,2,1
2021,2021-wimbledon-2208,W,1,3,3,Cumul. Point Winner,2,0
2021,2021-wimbledon-2208,W,1,3,1,Cumul. Game Winner,1,2
2021,2021-wimbledon-2208,W,1,3,2,Cumul. Game Winner,2,1
2021,2021-wimbledon-2208,W,1,3,3,Cumul. Game Winner,2,0
2021,2021-wimbledon-2208,W,1,3,1,Set Winner,1,2
2021,2021-wimbledon-2208,W,1,3,2,Set Winner,2,1
2021,2021-wimbledon-2208,W,1,3,3,Set Winner,1,0
2021,2021-wimbledon-2208,W,1,3,1,Cumul. Set Winner,1,2
2021,2021-wimbledon-2208,W,1,3,2,Cumul. Set Winner,1,1
2021,2021-wimbledon-2208,W,1,3,3,Cumul. Set Winner,1,0
2021,2021-wimbledon-2208,W,1,3,1,Cumul. Unf. Error,1,2
2021,2021-wimbledon-2208,W,1,3,2,Cumul. Unf. Error,2,1
2021,2021-wimbledon-2208,W,1,3,3,Cumul. Unf. Error,2,0
2021,2021-wimbledon-2208,W,1,3,1,Dynamic Model,1,2
2021,2021-wimbledon-2208,W,1,3,2,Dynamic Model,2,1
2021,2021-wimbledon-2208,W,1,3,3,Dynamic Model,1,0
2021,2021-wimbledon-2209,W,2,2,1,Cumul. Point Winner,2,1
2021,2021-wimbledon-2209,W,2,2,2,Cumul. Point Winner,2,0
2021,2021-wimbledon-2209,W,2,2,1,Cumul. Game Winner,2,1
2021,2021-wimbledon-2209,W,2,2,2,Cumul. Game Winner,2,0
2021,2021-wimbledon-2209,W,2,2,1,Set Winner,2,1
2021,2021-wimbledon-2209,W,2,2,2,Set Winner,2,0
2021,2021-wimbledon-2209,W,2,2,1,Cumul. Set Winner,2,1
2021,2021-wimbledon-2209,W,2,2,2,Cumul. Set Winner,2,0
2021,2021-wimbledon-2209,W,2,2,1,Cumul. Unf. Error,1,1
2021,2021-wimbledon-2209,W,2,2,2,Cumul. Unf. Error,1,0
2021,2021-wimbledon-2209,W,2,2,1,Dynamic Model,2,1
2021,2021-wimbledon-2209,W,2,2,2,Dynamic Model,2,0
2021,2021-wimbledon-2210,W,2,2,1,Cumul. Point Winner,2,1
2021,2021-wimbledon-2210,W,2,2,2,Cumul. Point Winner,2,0
2021,2021-wimbledon-2210,W,2,2,1,Cumul. Game Winner,2,1
2021,2021-wimbledon-2210,W,2,2,2,Cumul. Game Winner,2,0
2021,2021-wimbledon-2210,W,2,2,1,Set Winner,2,1
2021,2021-wimbledon-2210,W,2,2,2,Set Winner,2,0
2021,2021-wimbledon-2210,W,2,2,1,Cumul. Set Winner,2,1
2021,2021-wimbledon-2210,W,2,2,2,Cumul. Set Winner,2,0
2021,2021-wimbledon-2210,W,2,2,1,Cumul. Unf. Error,1,1
2021,2021-wimbledon-2210,W,2,2,2,Cumul. Unf. Error,1,0
2021,2021-wimbledon-2210,W,2,2,1,Dynamic Model,2,1
2021,2021-wimbledon-2210,W,2,2,2,Dynamic Model,2,0
2021,2021-wimbledon-2211,W,1,3,1,Cumul. Point Winner,1,2
2021,2021-wimbledon-2211,W,1,3,2,Cumul. Point Winner,1,1
2021,2021-wimbledon-2211,W,1,3,3,Cumul. Point Winner,1,0
2021,2021-wimbledon-2211,W,1,3,1,Cumul. Game Winner,1,2
2021,2021-wimbledon-2211,W,1,3,2,Cumul. Game Winner,1,1
2021,2021-wimbledon-2211,W,1,3,3,Cumul. Game Winner,1,0
2021,2021-wimbledon-2211,W,1,3,1,Set Winner,1,2
2021,2021-wimbledon-2211,W,1,3,2,Set Winner,2,1
2021,2021-wimbledon-2211,W,1,3,3,Set Winner,1,0
2021,2021-wimbledon-2211,W,1,3,1,Cumul. Set Winner,1,2
2021,2021-wimbledon-2211,W,1,3,2,Cumul. Set Winner,1,1
2021,2021-wimbledon-2211,W,1,3,3,Cumul. Set Winner,1,0
2021,2021-wimbledon-2211,W,1,3,1,Cumul. Unf. Error,1,2
2021,2021-wimbledon-2211,W,1,3,2,Cumul. Unf. Error,1,1
2021,2021-wimbledon-2211,W,1,3,3,Cumul. Unf. Error,1,0
2021,2021-wimbledon-2211,W,1,3,1,Dynamic Model,1,2
2021,2021-wimbledon-2211,W,1,3,2,Dynamic Model,1,1
2021,2021-wimbledon-2211,W,1,3,3,Dynamic Model,1,0
2021,2021-wimbledon-2212,W,2,2,1,Cumul. Point Winner,2,1
2021,2021-wimbledon-2212,W,2,2,2,Cumul. Point Winner,2,0
2021,2021-wimbledon-2212,W,2,2,1,Cumul. Game Winner,2,1
2021,2021-wimbledon-2212,W,2,2,2,Cumul. Game Winner,2,0
2021,2021-wimbledon-2212,W,2,2,1,Set Winner,2,1
2021,2021-wimbledon-2212,W,2,2,2,Set Winner,2,0
2021,2021-wimbledon-2212,W,2,2,1,Cumul. Set Winner,2,1
2021,2021-wimbledon-2212,W,2,2,2,Cumul. Set Winner,2,0
2021,2021-wimbledon-2212,W,2,2,1,Cumul. Unf. Error,2,1
2021,2021-wimbledon-2212,W,2,2,2,Cumul. Unf. Error,2,0
2021,2021-wimbledon-2212,W,2,2,1,Dynamic Model,2,1
2021,2021-wimbledon-2212,W,2,2,2,Dynamic Model,2,0
2021,2021-wimbledon-2213,W,1,2,1,Cumul. Point Winner,1,1
2021,2021-wimbledon-2213,W,1,2,2,Cumul. Point Winner,1,0
2021,2021-wimbledon-2213,W,1,2,1,Cumul. Game Winner,1,1
2021,2021-wimbledon-2213,W,1,2,2,Cumul. Game Winner,1,0
2021,2021-wimbledon-2213,W,1,2,1,Set Winner,1,1
2021,2021-wimbledon-2213,W,1,2,2,Set Winner,1,0
2021,2021-wimbledon-2213,W,1,2,1,Cumul. Set Winner,1,1
2021,2021-wimbledon-2213,W,1,2,2,Cumul. Set Winner,1,0
2021,2021-wimbledon-2213,W,1,2,1,Cumul. Unf. Error,1,1
2021,2021-wimbledon-2213,W,1,2,2,Cumul. Unf. Error,1,0
2021,2021-wimbledon-2213,W,1,2,1,Dynamic Model,1,1
2021,2021-wimbledon-2213,W,1,2,2,Dynamic Model,1,0
2021,2021-wimbledon-2214,W,2,2,1,Cumul. Point Winner,2,1
2021,2021-wimbledon-2214,W,2,2,2,Cumul. Point Winner,2,0
2021,2021-wimbledon-2214,W,2,2,1,Cumul. Game Winner,2,1
2021,2021-wimbledon-2214,W,2,2,2,Cumul. Game Winner,2,0
2021,2021-wimbledon-2214,W,2,2,1,Set Winner,2,1
2021,2021-wimbledon-2214,W,2,2,2,Set Winner,2,0
2021,2021-wimbledon-2214,W,2,2,1,Cumul. Set Winner,2,1
2021,2021-wimbledon-2214,W,2,2,2,Cumul. Set Winner,2,0
2021,2021-wimbledon-2214,W,2,2,1,Cumul. Unf. Error,1,1
2021,2021-wimbledon-2214,W,2,2,2,Cumul. Unf. Error,2,0
2021,2021-wimbledon-2214,W,2,2,1,Dynamic Model,2,1
2021,2021-wimbledon-2214,W,2,2,2,Dynamic Model,2,0
2021,2021-wimbledon-2215,W,1,3,1,Cumul. Point Winner,1,2
2021,2021-wimbledon-2215,W,1,3,2,Cumul. Point Winner,1,1
2021,2021-wimbledon-2215,W,1,3,3,Cumul. Point Winner,1,0
2021,2021-wimbledon-2215,W,1,3,1,Cumul. Game Winner,1,2
2021,2021-wimbledon-2215,W,1,3,2,Cumul. Game Winner,1,1
2021,2021-wimbledon-2215,W,1,3,3,Cumul. Game Winner,1,0
2021,2021-wimbledon-2215,W,1,3,1,Set Winner,1,2
2021,2021-wimbledon-2215,W,1,3,2,Set Winner,2,1
2021,2021-wimbledon-2215,W,1,3,3,Set Winner,1,0
2021,2021-wimbledon-2215,W,1,3,1,Cumul. Set Winner,1,2
2021,2021-wimbledon-2215,W,1,3,2,Cumul. Set Winner,1,1
2021,2021-wimbledon-2215,W,1,3,3,Cumul. Set Winner,1,0
2021,2021-wimbledon-2215,W,1,3,1,Cumul. Unf. Error,2,2
2021,2021-wimbledon-2215,W,1,3,2,Cumul. Unf. Error,2,1
2021,2021-wimbledon-2215,W,1,3,3,Cumul. Unf. Error,2,0
2021,2021-wimbledon-2215,W,1,3,1,Dynamic Model,1,2
2021,2021-wimbledon-2215,W,1,3,2,Dynamic Model,1,1
2021,2021-wimbledon-2215,W,1,3,3,Dynamic Model,1,0
2021,2021-wimbledon-2216,W,2,2,1,Cumul. Point Winner,2,1
2021,2021-wimbledon-2216,W,2,2,2,Cumul. Point Winner,2,0
2021,2021-wimbledon-2216,W,2,2,1,Cumul. Game Winner,2,1
2021,2021-wimbledon-2216,W,2,2,2,Cumul. Game Winner,2,0
2021,2021-wimbledon-2216,W,2,2,1,Set Winner,2,1
2021,2021-wimbledon-2216,W,2,2,2,Set Winner,2,0
2021,2021-wimbledon-2216,W,2,2,1,Cumul. Set Winner,2,1
2021,2021-wimbledon-2216,W,2,2,2,Cumul. Set Winner,2,0
2021,2021-wimbledon-2216,W,2,2,1,Cumul. Unf. Error,1,1
2021,2021-wimbledon-2216,W,2,2,2,Cumul. Unf. Error,1,0
2021,2021-wimbledon-2216,W,2,2,1,Dynamic Model,2,1
2021,2021-wimbledon-2216,W,2,2,2,Dynamic Model,2,0
2021,2021-wimbledon-2217,W,1,2,1,Cumul. Point Winner,1,1
2021,2021-wimbledon-2217,W,1,2,2,Cumul. Point Winner,1,0
2021,2021-wimbledon-2217,W,1,2,1,Cumul. Game Winner,1,1
2021,2021-wimbledon-2217,W,1,2,2,Cumul. Game Winner,1,0
2021,2021-wimbledon-2217,W,1,2,1,Set Winner,1,1
2021,2021-wimbledon-2217,W,1,2,2,Set Winner,1,0
2021,2021-wimbledon-2217,W,1,2,1,Cumul. Set Winner,1,1
2021,2021-wimbledon-2217,W,1,2,2,Cumul. Set Winner,1,0
2021,2021-wimbledon-2217,W,1,2,1,Cumul. Unf. Error,1,1
2021,2021-wimbledon-2217,W,1,2,2,Cumul. Unf. Error,1,0
2021,2021-wimbledon-2217,W,1,2,1,Dynamic Model,1,1
2021,2021-wimbledon-2217,W,1,2,2,Dynamic Model,1,0
2021,2021-wimbledon-2218,W,2,2,1,Cumul. Point Winner,2,1
2021,2021-wimbledon-2218,W,2,2,2,Cumul. Point Winner,2,0
2021,2021-wimbledon-2218,W,2,2,1,Cumul. Game Winner,2,1
2021,2021-wimbledon-2218,W,2,2,2,Cumul. Game Winner,2,0
2021,2021-wimbledon-2218,W,2,2,1,Set Winner,2,1
2021,2021-wimbledon-2218,W,2,2,2,Set Winner,2,0
2021,2021-wimbledon-2218,W,2,2,1,Cumul. Set Winner,2,1
2021,2021-wimbledon-2218,W,2,2,2,Cumul. Set Winner,2,0
2021,2021-wimbledon-2218,W,2,2,1,Cumul. Unf. Error,2,1
2021,2021-wimbledon-2218,W,2,2,2,Cumul. Unf. Error,2,0
2021,2021-wimbledon-2218,W,2,2,1,Dynamic Model,2,1
2021,2021-wimbledon-2218,W,2,2,2,Dynamic Model,2,0
2021,2021-wimbledon-2219,W,2,3,1,Cumul. Point Winner,2,2
2021,2021-wimbledon-2219,W,2,3,2,Cumul. Point Winner,1,1
2021,2021-wimbledon-2219,W,2,3,3,Cumul. Point Winner,2,0
2021,2021-wimbledon-2219,W,2,3,1,Cumul. Game Winner,2,2
2021,2021-wimbledon-2219,W,2,3,2,Cumul. Game Winner,1,1
2021,2021-wimbledon-2219,W,2,3,3,Cumul. Game Winner,2,0
2021,2021-wimbledon-2219,W,2,3,1,Set Winner,2,2
2021,2021-wimbledon-2219,W,2,3,2,Set Winner,1,1
2021,2021-wimbledon-2219,W,2,3,3,Set Winner,2,0
2021,2021-wimbledon-2219,W,2,3,1,Cumul. Set Winner,2,2
2021,2021-wimbledon-2219,W,2,3,2,Cumul. Set Winner,2,1
2021,2021-wimbledon-2219,W,2,3,3,Cumul. Set Winner,2,0
2021,2021-wimbledon-2219,W,2,3,1,Cumul. Unf. Error,1,2
2021,2021-wimbledon-2219,W,2,3,2,Cumul. Unf. Error,1,1
2021,2021-wimbledon-2219,W,2,3,3,Cumul. Unf. Error,1,0
2021,2021-wimbledon-2219,W,2,3,1,Dynamic Model,2,2
2021,2021-wimbledon-2219,W,2,3,2,Dynamic Model,1,1
2021,2021-wimbledon-2219,W,2,3,3,Dynamic Model,2,0
2021,2021-wimbledon-2220,W,2,2,1,Cumul. Point Winner,2,1
2021,2021-wimbledon-2220,W,2,2,2,Cumul. Point Winner,2,0
2021,2021-wimbledon-2220,W,2,2,1,Cumul. Game Winner,2,1
2021,2021-wimbledon-2220,W,2,2,2,Cumul. Game Winner,2,0
2021,2021-wimbledon-2220,W,2,2,1,Set Winner,2,1
2021,2021-wimbledon-2220,W,2,2,2,Set Winner,2,0
2021,2021-wimbledon-2220,W,2,2,1,Cumul. Set Winner,2,1
2021,2021-wimbledon-2220,W,2,2,2,Cumul. Set Winner,2,0
2021,2021-wimbledon-2220,W,2,2,1,Cumul. Unf. Error,1,1
2021,2021-wimbledon-2220,W,2,2,2,Cumul. Unf. Error,1,0
2021,2021-wimbledon-2220,W,2,2,1,Dynamic Model,2,1
2021,2021-wimbledon-2220,W,2,2,2,Dynamic Model,2,0
2021,2021-wimbledon-2221,W,1,2,1,Cumul. Point Winner,1,1
2021,2021-wimbledon-2221,W,1,2,2,Cumul. Point Winner,1,0
2021,2021-wimbledon-2221,W,1,2,1,Cumul. Game Winner,1,1
2021,2021-wimbledon-2221,W,1,2,2,Cumul. Game Winner,1,0
2021,2021-wimbledon-2221,W,1,2,1,Set Winner,1,1
2021,2021-wimbledon-2221,W,1,2,2,Set Winner,1,0
2021,2021-wimbledon-2221,W,1,2,1,Cumul. Set Winner,1,1
2021,2021-wimbledon-2221,W,1,2,2,Cumul. Set Winner,1,0
2021,2021-wimbledon-2221,W,1,2,1,Cumul. Unf. Error,2,1
2021,2021-wimbledon-2221,W,1,2,2,Cumul. Unf. Error,1,0
2021,2021-wimbledon-2221,W,1,2,1,Dynamic Model,1,1
2021,2021-wimbledon-2221,W,1,2,2,Dynamic Model,1,0
2021,2021-wimbledon-2222,W,2,2,1,Cumul. Point Winner,2,1
2021,2021-wimbledon-2222,W,2,2,2,Cumul. Point Winner,2,0
2021,2021-wimbledon-2222,W,2,2,1,Cumul. Game Winner,2,1
2021,2021-wimbledon-2222,W,2,2,2,Cumul. Game Winner,2,0
2021,2021-wimbledon-2222,W,2,2,1,Set Winner,2,1
2021,2021-wimbledon-2222,W,2,2,2,Set Winner,2,0
2021,2021-wimbledon-2222,W,2,2,1,Cumul. Set Winner,2,1
2021,2021-wimbledon-2222,W,2,2,2,Cumul. Set Winner,2,0
2021,2021-wimbledon-2222,W,2,2,1,Cumul. Unf. Error,1,1
2021,2021-wimbledon-2222,W,2,2,2,Cumul. Unf. Error,1,0
2021,2021-wimbledon-2222,W,2,2,1,Dynamic Model,2,1
2021,2021-wimbledon-2222,W,2,2,2,Dynamic Model,2,0
2021,2021-wimbledon-2223,W,1,2,1,Cumul. Point Winner,1,1
2021,2021-wimbledon-2223,W,1,2,2,Cumul. Point Winner,1,0
2021,2021-wimbledon-2223,W,1,2,1,Cumul. Game Winner,1,1
2021,2021-wimbledon-2223,W,1,2,2,Cumul. Game Winner,1,0
2021,2021-wimbledon-2223,W,1,2,1,Set Winner,1,1
2021,2021-wimbledon-2223,W,1,2,2,Set Winner,1,0
2021,2021-wimbledon-2223,W,1,2,1,Cumul. Set Winner,1,1
2021,2021-wimbledon-2223,W,1,2,2,Cumul. Set Winner,1,0
2021,2021-wimbledon-2223,W,1,2,1,Cumul. Unf. Error,1,1
2021,2021-wimbledon-2223,W,1,2,2,Cumul. Unf. Error,1,0
2021,2021-wimbledon-2223,W,1,2,1,Dynamic Model,1,1
2021,2021-wimbledon-2223,W,1,2,2,Dynamic Model,1,0
2021,2021-wimbledon-2224,W,1,2,1,Cumul. Point Winner,1,1
2021,2021-wimbledon-2224,W,1,2,2,Cumul. Point Winner,1,0
2021,2021-wimbledon-2224,W,1,2,1,Cumul. Game Winner,1,1
2021,2021-wimbledon-2224,W,1,2,2,Cumul. Game Winner,1,0
2021,2021-wimbledon-2224,W,1,2,1,Set Winner,1,1
2021,2021-wimbledon-2224,W,1,2,2,Set Winner,1,0
2021,2021-wimbledon-2224,W,1,2,1,Cumul. Set Winner,1,1
2021,2021-wimbledon-2224,W,1,2,2,Cumul. Set Winner,1,0
2021,2021-wimbledon-2224,W,1,2,1,Cumul. Unf. Error,1,1
2021,2021-wimbledon-2224,W,1,2,2,Cumul. Unf. Error,1,0
2021,2021-wimbledon-2224,W,1,2,1,Dynamic Model,1,1
2021,2021-wimbledon-2224,W,1,2,2,Dynamic Model,1,0
2021,2021-wimbledon-2225,W,1,2,1,Cumul. Point Winner,1,1
2021,2021-wimbledon-2225,W,1,2,2,Cumul. Point Winner,1,0
2021,2021-wimbledon-2225,W,1,2,1,Cumul. Game Winner,1,1
2021,2021-wimbledon-2225,W,1,2,2,Cumul. Game Winner,1,0
2021,2021-wimbledon-2225,W,1,2,1,Set Winner,1,1
2021,2021-wimbledon-2225,W,1,2,2,Set Winner,1,0
2021,2021-wimbledon-2225,W,1,2,1,Cumul. Set Winner,1,1
2021,2021-wimbledon-2225,W,1,2,2,Cumul. Set Winner,1,0
2021,2021-wimbledon-2225,W,1,2,1,Cumul. Unf. Error,2,1
2021,2021-wimbledon-2225,W,1,2,2,Cumul. Unf. Error,1,0
2021,2021-wimbledon-2225,W,1,2,1,Dynamic Model,1,1
2021,2021-wimbledon-2225,W,1,2,2,Dynamic Model,1,0
2021,2021-wimbledon-2226,W,1,3,1,Cumul. Point Winner,1,2
2021,2021-wimbledon-2226,W,1,3,2,Cumul. Point Winner,1,1
2021,2021-wimbledon-2226,W,1,3,3,Cumul. Point Winner,1,0
2021,2021-wimbledon-2226,W,1,3,1,Cumul. Game Winner,1,2
2021,2021-wimbledon-2226,W,1,3,2,Cumul. Game Winner,1,1
2021,2021-wimbledon-2226,W,1,3,3,Cumul. Game Winner,1,0
2021,2021-wimbledon-2226,W,1,3,1,Set Winner,1,2
2021,2021-wimbledon-2226,W,1,3,2,Set Winner,2,1
2021,2021-wimbledon-2226,W,1,3,3,Set Winner,1,0
2021,2021-wimbledon-2226,W,1,3,1,Cumul. Set Winner,1,2
2021,2021-wimbledon-2226,W,1,3,2,Cumul. Set Winner,1,1
2021,2021-wimbledon-2226,W,1,3,3,Cumul. Set Winner,1,0
2021,2021-wimbledon-2226,W,1,3,1,Cumul. Unf. Error,1,2
2021,2021-wimbledon-2226,W,1,3,2,Cumul. Unf. Error,1,1
2021,2021-wimbledon-2226,W,1,3,3,Cumul. Unf. Error,1,0
2021,2021-wimbledon-2226,W,1,3,1,Dynamic Model,1,2
2021,2021-wimbledon-2226,W,1,3,2,Dynamic Model,1,1
2021,2021-wimbledon-2226,W,1,3,3,Dynamic Model,1,0
2021,2021-wimbledon-2227,W,1,2,1,Cumul. Point Winner,1,1
2021,2021-wimbledon-2227,W,1,2,2,Cumul. Point Winner,1,0
2021,2021-wimbledon-2227,W,1,2,1,Cumul. Game Winner,1,1
2021,2021-wimbledon-2227,W,1,2,2,Cumul. Game Winner,1,0
2021,2021-wimbledon-2227,W,1,2,1,Set Winner,1,1
2021,2021-wimbledon-2227,W,1,2,2,Set Winner,1,0
2021,2021-wimbledon-2227,W,1,2,1,Cumul. Set Winner,1,1
2021,2021-wimbledon-2227,W,1,2,2,Cumul. Set Winner,1,0
2021,2021-wimbledon-2227,W,1,2,1,Cumul. Unf. Error,1,1
2021,2021-wimbledon-2227,W,1,2,2,Cumul. Unf. Error,1,0
2021,2021-wimbledon-2227,W,1,2,1,Dynamic Model,1,1
2021,2021-wimbledon-2227,W,1,2,2,Dynamic Model,1,0
2021,2021-wimbledon-2228,W,2,2,1,Cumul. Point Winner,2,1
2021,2021-wimbledon-2228,W,2,2,2,Cumul. Point Winner,2,0
2021,2021-wimbledon-2228,W,2,2,1,Cumul. Game Winner,2,1
2021,2021-wimbledon-2228,W,2,2,2,Cumul. Game Winner,2,0
2021,2021-wimbledon-2228,W,2,2,1,Set Winner,2,1
2021,2021-wimbledon-2228,W,2,2,2,Set Winner,2,0
2021,2021-wimbledon-2228,W,2,2,1,Cumul. Set Winner,2,1
2021,2021-wimbledon-2228,W,2,2,2,Cumul. Set Winner,2,0
2021,2021-wimbledon-2228,W,2,2,1,Cumul. Unf. Error,2,1
2021,2021-wimbledon-2228,W,2,2,2,Cumul. Unf. Error,2,0
2021,2021-wimbledon-2228,W,2,2,1,Dynamic Model,2,1
2021,2021-wimbledon-2228,W,2,2,2,Dynamic Model,2,0
2021,2021-wimbledon-2229,W,2,2,1,Cumul. Point Winner,2,1
2021,2021-wimbledon-2229,W,2,2,2,Cumul. Point Winner,2,0
2021,2021-wimbledon-2229,W,2,2,1,Cumul. Game Winner,2,1
2021,2021-wimbledon-2229,W,2,2,2,Cumul. Game Winner,2,0
2021,2021-wimbledon-2229,W,2,2,1,Set Winner,2,1
2021,2021-wimbledon-2229,W,2,2,2,Set Winner,2,0
2021,2021-wimbledon-2229,W,2,2,1,Cumul. Set Winner,2,1
2021,2021-wimbledon-2229,W,2,2,2,Cumul. Set Winner,2,0
2021,2021-wimbledon-2229,W,2,2,1,Cumul. Unf. Error,2,1
2021,2021-wimbledon-2229,W,2,2,2,Cumul. Unf. Error,2,0
2021,2021-wimbledon-2229,W,2,2,1,Dynamic Model,2,1
2021,2021-wimbledon-2229,W,2,2,2,Dynamic Model,2,0
2021,2021-wimbledon-2230,W,2,2,1,Cumul. Point Winner,2,1
2021,2021-wimbledon-2230,W,2,2,2,Cumul. Point Winner,2,0
2021,2021-wimbledon-2230,W,2,2,1,Cumul. Game Winner,2,1
2021,2021-wimbledon-2230,W,2,2,2,Cumul. Game Winner,2,0
2021,2021-wimbledon-2230,W,2,2,1,Set Winner,2,1
2021,2021-wimbledon-2230,W,2,2,2,Set Winner,2,0
2021,2021-wimbledon-2230,W,2,2,1,Cumul. Set Winner,2,1
2021,2021-wimbledon-2230,W,2,2,2,Cumul. Set Winner,2,0
2021,2021-wimbledon-2230,W,2,2,1,Cumul. Unf. Error,1,1
2021,2021-wimbledon-2230,W,2,2,2,Cumul. Unf. Error,1,0
2021,2021-wimbledon-2230,W,2,2,1,Dynamic Model,2,1
2021,2021-wimbledon-2230,W,2,2,2,Dynamic Model,2,0
2021,2021-wimbledon-2231,W,2,2,1,Cumul. Point Winner,2,1
2021,2021-wimbledon-2231,W,2,2,2,Cumul. Point Winner,2,0
2021,2021-wimbledon-2231,W,2,2,1,Cumul. Game Winner,2,1
2021,2021-wimbledon-2231,W,2,2,2,Cumul. Game Winner,2,0
2021,2021-wimbledon-2231,W,2,2,1,Set Winner,2,1
2021,2021-wimbledon-2231,W,2,2,2,Set Winner,2,0
2021,2021-wimbledon-2231,W,2,2,1,Cumul. Set Winner,2,1
2021,2021-wimbledon-2231,W,2,2,2,Cumul. Set Winner,2,0
2021,2021-wimbledon-2231,W,2,2,1,Cumul. Unf. Error,2,1
2021,2021-wimbledon-2231,W,2,2,2,Cumul. Unf. Error,2,0
2021,2021-wimbledon-2231,W,2,2,1,Dynamic Model,2,1
2021,2021-wimbledon-2231,W,2,2,2,Dynamic Model,2,0
2021,2021-wimbledon-2232,W,2,3,1,Cumul. Point Winner,1,2
2021,2021-wimbledon-2232,W,2,3,2,Cumul. Point Winner,2,1
2021,2021-wimbledon-2232,W,2,3,3,Cumul. Point Winner,2,0
2021,2021-wimbledon-2232,W,2,3,1,Cumul. Game Winner,1,2
2021,2021-wimbledon-2232,W,2,3,2,Cumul. Game Winner,2,1
2021,2021-wimbledon-2232,W,2,3,3,Cumul. Game Winner,2,0
2021,2021-wimbledon-2232,W,2,3,1,Set Winner,1,2
2021,2021-wimbledon-2232,W,2,3,2,Set Winner,2,1
2021,2021-wimbledon-2232,W,2,3,3,Set Winner,2,0
2021,2021-wimbledon-2232,W,2,3,1,Cumul. Set Winner,1,2
2021,2021-wimbledon-2232,W,2,3,2,Cumul. Set Winner,1,1
2021,2021-wimbledon-2232,W,2,3,3,Cumul. Set Winner,2,0
2021,2021-wimbledon-2232,W,2,3,1,Cumul. Unf. Error,1,2
2021,2021-wimbledon-2232,W,2,3,2,Cumul. Unf. Error,1,1
2021,2021-wimbledon-2232,W,2,3,3,Cumul. Unf. Error,1,0
2021,2021-wimbledon-2232,W,2,3,1,Dynamic Model,1,2
2021,2021-wimbledon-2232,W,2,3,2,Dynamic Model,2,1
2021,2021-wimbledon-2232,W,2,3,3,Dynamic Model,2,0
2021,2021-wimbledon-2301,W,1,2,1,Cumul. Point Winner,1,1
2021,2021-wimbledon-2301,W,1,2,2,Cumul. Point Winner,1,0
2021,2021-wimbledon-2301,W,1,2,1,Cumul. Game Winner,1,1
2021,2021-wimbledon-2301,W,1,2,2,Cumul. Game Winner,1,0
2021,2021-wimbledon-2301,W,1,2,1,Set Winner,1,1
2021,2021-wimbledon-2301,W,1,2,2,Set Winner,1,0
2021,2021-wimbledon-2301,W,1,2,1,Cumul. Set Winner,1,1
2021,2021-wimbledon-2301,W,1,2,2,Cumul. Set Winner,1,0
2021,2021-wimbledon-2301,W,1,2,1,Cumul. Unf. Error,1,1
2021,2021-wimbledon-2301,W,1,2,2,Cumul. Unf. Error,1,0
2021,2021-wimbledon-2301,W,1,2,1,Dynamic Model,1,1
2021,2021-wimbledon-2301,W,1,2,2,Dynamic Model,1,0
2021,2021-wimbledon-2302,W,2,3,1,Cumul. Point Winner,2,2
2021,2021-wimbledon-2302,W,2,3,2,Cumul. Point Winner,1,1
2021,2021-wimbledon-2302,W,2,3,3,Cumul. Point Winner,2,0
2021,2021-wimbledon-2302,W,2,3,1,Cumul. Game Winner,2,2
2021,2021-wimbledon-2302,W,2,3,2,Cumul. Game Winner,1,1
2021,2021-wimbledon-2302,W,2,3,3,Cumul. Game Winner,1,0
2021,2021-wimbledon-2302,W,2,3,1,Set Winner,2,2
2021,2021-wimbledon-2302,W,2,3,2,Set Winner,1,1
2021,2021-wimbledon-2302,W,2,3,3,Set Winner,2,0
2021,2021-wimbledon-2302,W,2,3,1,Cumul. Set Winner,2,2
2021,2021-wimbledon-2302,W,2,3,2,Cumul. Set Winner,2,1
2021,2021-wimbledon-2302,W,2,3,3,Cumul. Set Winner,2,0
2021,2021-wimbledon-2302,W,2,3,1,Cumul. Unf. Error,1,2
2021,2021-wimbledon-2302,W,2,3,2,Cumul. Unf. Error,1,1
2021,2021-wimbledon-2302,W,2,3,3,Cumul. Unf. Error,1,0
2021,2021-wimbledon-2302,W,2,3,1,Dynamic Model,2,2
2021,2021-wimbledon-2302,W,2,3,2,Dynamic Model,1,1
2021,2021-wimbledon-2302,W,2,3,3,Dynamic Model,1,0
2021,2021-wimbledon-2303,W,2,2,1,Cumul. Point Winner,2,1
2021,2021-wimbledon-2303,W,2,2,2,Cumul. Point Winner,2,0
2021,2021-wimbledon-2303,W,2,2,1,Cumul. Game Winner,2,1
2021,2021-wimbledon-2303,W,2,2,2,Cumul. Game Winner,2,0
2021,2021-wimbledon-2303,W,2,2,1,Set Winner,2,1
2021,2021-wimbledon-2303,W,2,2,2,Set Winner,2,0
2021,2021-wimbledon-2303,W,2,2,1,Cumul. Set Winner,2,1
2021,2021-wimbledon-2303,W,2,2,2,Cumul. Set Winner,2,0
2021,2021-wimbledon-2303,W,2,2,1,Cumul. Unf. Error,2,1
2021,2021-wimbledon-2303,W,2,2,2,Cumul. Unf. Error,2,0
2021,2021-wimbledon-2303,W,2,2,1,Dynamic Model,2,1
2021,2021-wimbledon-2303,W,2,2,2,Dynamic Model,2,0
2021,2021-wimbledon-2304,W,2,3,1,Cumul. Point Winner,1,2
2021,2021-wimbledon-2304,W,2,3,2,Cumul. Point Winner,1,1
2021,2021-wimbledon-2304,W,2,3,3,Cumul. Point Winner,2,0
2021,2021-wimbledon-2304,W,2,3,1,Cumul. Game Winner,1,2
2021,2021-wimbledon-2304,W,2,3,2,Cumul. Game Winner,1,1
2021,2021-wimbledon-2304,W,2,3,3,Cumul. Game Winner,2,0
2021,2021-wimbledon-2304,W,2,3,1,Set Winner,1,2
2021,2021-wimbledon-2304,W,2,3,2,Set Winner,2,1
2021,2021-wimbledon-2304,W,2,3,3,Set Winner,2,0
2021,2021-wimbledon-2304,W,2,3,1,Cumul. Set Winner,1,2
2021,2021-wimbledon-2304,W,2,3,2,Cumul. Set Winner,1,1
2021,2021-wimbledon-2304,W,2,3,3,Cumul. Set Winner,2,0
2021,2021-wimbledon-2304,W,2,3,1,Cumul. Unf. Error,2,2
2021,2021-wimbledon-2304,W,2,3,2,Cumul. Unf. Error,2,1
2021,2021-wimbledon-2304,W,2,3,3,Cumul. Unf. Error,2,0
2021,2021-wimbledon-2304,W,2,3,1,Dynamic Model,1,2
2021,2021-wimbledon-2304,W,2,3,2,Dynamic Model,2,1
2021,2021-wimbledon-2304,W,2,3,3,Dynamic Model,2,0
2021,2021-wimbledon-2305,W,2,3,1,Cumul. Point Winner,1,2
2021,2021-wimbledon-2305,W,2,3,2,Cumul. Point Winner,2,1
2021,2021-wimbledon-2305,W,2,3,3,Cumul. Point Winner,2,0
2021,2021-wimbledon-2305,W,2,3,1,Cumul. Game Winner,1,2
2021,2021-wimbledon-2305,W,2,3,2,Cumul. Game Winner,2,1
2021,2021-wimbledon-2305,W,2,3,3,Cumul. Game Winner,2,0
2021,2021-wimbledon-2305,W,2,3,1,Set Winner,1,2
2021,2021-wimbledon-2305,W,2,3,2,Set Winner,2,1
2021,2021-wimbledon-2305,W,2,3,3,Set Winner,2,0
2021,2021-wimbledon-2305,W,2,3,1,Cumul. Set Winner,1,2
2021,2021-wimbledon-2305,W,2,3,2,Cumul. Set Winner,1,1
2021,2021-wimbledon-2305,W,2,3,3,Cumul. Set Winner,2,0
2021,2021-wimbledon-2305,W,2,3,1,Cumul. Unf. Error,1,2
2021,2021-wimbledon-2305,W,2,3,2,Cumul. Unf. Error,1,1
2021,2021-wimbledon-2305,W,2,3,3,Cumul. Unf. Error,2,0
2021,2021-wimbledon-2305,W,2,3,1,Dynamic Model,1,2
2021,2021-wimbledon-2305,W,2,3,2,Dynamic Model,2,1
2021,2021-wimbledon-2305,W,2,3,3,Dynamic Model,2,0
2021,2021-wimbledon-2306,W,1,2,1,Cumul. Point Winner,1,1
2021,2021-wimbledon-2306,W,1,2,2,Cumul. Point Winner,1,0
2021,2021-wimbledon-2306,W,1,2,1,Cumul. Game Winner,1,1
2021,2021-wimbledon-2306,W,1,2,2,Cumul. Game Winner,1,0
2021,2021-wimbledon-2306,W,1,2,1,Set Winner,1,1
2021,2021-wimbledon-2306,W,1,2,2,Set Winner,1,0
2021,2021-wimbledon-2306,W,1,2,1,Cumul. Set Winner,1,1
2021,2021-wimbledon-2306,W,1,2,2,Cumul. Set Winner,1,0
2021,2021-wimbledon-2306,W,1,2,1,Cumul. Unf. Error,1,1
2021,2021-wimbledon-2306,W,1,2,2,Cumul. Unf. Error,1,0
2021,2021-wimbledon-2306,W,1,2,1,Dynamic Model,1,1
2021,2021-wimbledon-2306,W,1,2,2,Dynamic Model,1,0
2021,2021-wimbledon-2307,W,2,2,1,Cumul. Point Winner,2,1
2021,2021-wimbledon-2307,W,2,2,2,Cumul. Point Winner,2,0
2021,2021-wimbledon-2307,W,2,2,1,Cumul. Game Winner,2,1
2021,2021-wimbledon-2307,W,2,2,2,Cumul. Game Winner,2,0
2021,2021-wimbledon-2307,W,2,2,1,Set Winner,2,1
2021,2021-wimbledon-2307,W,2,2,2,Set Winner,2,0
2021,2021-wimbledon-2307,W,2,2,1,Cumul. Set Winner,2,1
2021,2021-wimbledon-2307,W,2,2,2,Cumul. Set Winner,2,0
2021,2021-wimbledon-2307,W,2,2,1,Cumul. Unf. Error,2,1
2021,2021-wimbledon-2307,W,2,2,2,Cumul. Unf. Error,2,0
2021,2021-wimbledon-2307,W,2,2,1,Dynamic Model,2,1
2021,2021-wimbledon-2307,W,2,2,2,Dynamic Model,2,0
2021,2021-wimbledon-2308,W,1,3,1,Cumul. Point Winner,2,2
2021,2021-wimbledon-2308,W,1,3,2,Cumul. Point Winner,1,1
2021,2021-wimbledon-2308,W,1,3,3,Cumul. Point Winner,1,0
2021,2021-wimbledon-2308,W,1,3,1,Cumul. Game Winner,2,2
2021,2021-wimbledon-2308,W,1,3,2,Cumul. Game Winner,1,1
2021,2021-wimbledon-2308,W,1,3,3,Cumul. Game Winner,1,0
2021,2021-wimbledon-2308,W,1,3,1,Set Winner,2,2
2021,2021-wimbledon-2308,W,1,3,2,Set Winner,1,1
2021,2021-wimbledon-2308,W,1,3,3,Set Winner,1,0
2021,2021-wimbledon-2308,W,1,3,1,Cumul. Set Winner,2,2
2021,2021-wimbledon-2308,W,1,3,2,Cumul. Set Winner,2,1
2021,2021-wimbledon-2308,W,1,3,3,Cumul. Set Winner,1,0
2021,2021-wimbledon-2308,W,1,3,1,Cumul. Unf. Error,1,2
2021,2021-wimbledon-2308,W,1,3,2,Cumul. Unf. Error,1,1
2021,2021-wimbledon-2308,W,1,3,3,Cumul. Unf. Error,1,0
2021,2021-wimbledon-2308,W,1,3,1,Dynamic Model,2,2
2021,2021-wimbledon-2308,W,1,3,2,Dynamic Model,1,1
2021,2021-wimbledon-2308,W,1,3,3,Dynamic Model,1,0
2021,2021-wimbledon-2309,W,1,2,1,Cumul. Point Winner,1,1
2021,2021-wimbledon-2309,W,1,2,2,Cumul. Point Winner,1,0
2021,2021-wimbledon-2309,W,1,2,1,Cumul. Game Winner,1,1
2021,2021-wimbledon-2309,W,1,2,2,Cumul. Game Winner,1,0
2021,2021-wimbledon-2309,W,1,2,1,Set Winner,1,1
2021,2021-wimbledon-2309,W,1,2,2,Set Winner,1,0
2021,2021-wimbledon-2309,W,1,2,1,Cumul. Set Winner,1,1
2021,2021-wimbledon-2309,W,1,2,2,Cumul. Set Winner,1,0
2021,2021-wimbledon-2309,W,1,2,1,Cumul. Unf. Error,2,1
2021,2021-wimbledon-2309,W,1,2,2,Cumul. Unf. Error,2,0
2021,2021-wimbledon-2309,W,1,2,1,Dynamic Model,1,1
2021,2021-wimbledon-2309,W,1,2,2,Dynamic Model,1,0
2021,2021-wimbledon-2310,W,1,3,1,Cumul. Point Winner,1,2
2021,2021-wimbledon-2310,W,1,3,2,Cumul. Point Winner,1,1
2021,2021-wimbledon-2310,W,1,3,3,Cumul. Point Winner,1,0
2021,2021-wimbledon-2310,W,1,3,1,Cumul. Game Winner,1,2
2021,2021-wimbledon-2310,W,1,3,2,Cumul. Game Winner,1,1
2021,2021-wimbledon-2310,W,1,3,3,Cumul. Game Winner,1,0
2021,2021-wimbledon-2310,W,1,3,1,Set Winner,1,2
2021,2021-wimbledon-2310,W,1,3,2,Set Winner,2,1
2021,2021-wimbledon-2310,W,1,3,3,Set Winner,1,0
2021,2021-wimbledon-2310,W,1,3,1,Cumul. Set Winner,1,2
2021,2021-wimbledon-2310,W,1,3,2,Cumul. Set Winner,1,1
2021,2021-wimbledon-2310,W,1,3,3,Cumul. Set Winner,1,0
2021,2021-wimbledon-2310,W,1,3,1,Cumul. Unf. Error,2,2
2021,2021-wimbledon-2310,W,1,3,2,Cumul. Unf. Error,2,1
2021,2021-wimbledon-2310,W,1,3,3,Cumul. Unf. Error,2,0
2021,2021-wimbledon-2310,W,1,3,1,Dynamic Model,1,2
2021,2021-wimbledon-2310,W,1,3,2,Dynamic Model,2,1
2021,2021-wimbledon-2310,W,1,3,3,Dynamic Model,1,0
2021,2021-wimbledon-2311,W,2,2,1,Cumul. Point Winner,2,1
2021,2021-wimbledon-2311,W,2,2,2,Cumul. Point Winner,2,0
2021,2021-wimbledon-2311,W,2,2,1,Cumul. Game Winner,2,1
2021,2021-wimbledon-2311,W,2,2,2,Cumul. Game Winner,2,0
2021,2021-wimbledon-2311,W,2,2,1,Set Winner,2,1
2021,2021-wimbledon-2311,W,2,2,2,Set Winner,2,0
2021,2021-wimbledon-2311,W,2,2,1,Cumul. Set Winner,2,1
2021,2021-wimbledon-2311,W,2,2,2,Cumul. Set Winner,2,0
2021,2021-wimbledon-2311,W,2,2,1,Cumul. Unf. Error,1,1
2021,2021-wimbledon-2311,W,2,2,2,Cumul. Unf. Error,1,0
2021,2021-wimbledon-2311,W,2,2,1,Dynamic Model,2,1
2021,2021-wimbledon-2311,W,2,2,2,Dynamic Model,2,0
2021,2021-wimbledon-2312,W,1,2,1,Cumul. Point Winner,1,1
2021,2021-wimbledon-2312,W,1,2,2,Cumul. Point Winner,1,0
2021,2021-wimbledon-2312,W,1,2,1,Cumul. Game Winner,1,1
2021,2021-wimbledon-2312,W,1,2,2,Cumul. Game Winner,1,0
2021,2021-wimbledon-2312,W,1,2,1,Set Winner,1,1
2021,2021-wimbledon-2312,W,1,2,2,Set Winner,1,0
2021,2021-wimbledon-2312,W,1,2,1,Cumul. Set Winner,1,1
2021,2021-wimbledon-2312,W,1,2,2,Cumul. Set Winner,1,0
2021,2021-wimbledon-2312,W,1,2,1,Cumul. Unf. Error,1,1
2021,2021-wimbledon-2312,W,1,2,2,Cumul. Unf. Error,2,0
2021,2021-wimbledon-2312,W,1,2,1,Dynamic Model,1,1
2021,2021-wimbledon-2312,W,1,2,2,Dynamic Model,1,0
2021,2021-wimbledon-2313,W,1,2,1,Cumul. Point Winner,1,1
2021,2021-wimbledon-2313,W,1,2,2,Cumul. Point Winner,1,0
2021,2021-wimbledon-2313,W,1,2,1,Cumul. Game Winner,1,1
2021,2021-wimbledon-2313,W,1,2,2,Cumul. Game Winner,1,0
2021,2021-wimbledon-2313,W,1,2,1,Set Winner,1,1
2021,2021-wimbledon-2313,W,1,2,2,Set Winner,1,0
2021,2021-wimbledon-2313,W,1,2,1,Cumul. Set Winner,1,1
2021,2021-wimbledon-2313,W,1,2,2,Cumul. Set Winner,1,0
2021,2021-wimbledon-2313,W,1,2,1,Cumul. Unf. Error,1,1
2021,2021-wimbledon-2313,W,1,2,2,Cumul. Unf. Error,1,0
2021,2021-wimbledon-2313,W,1,2,1,Dynamic Model,1,1
2021,2021-wimbledon-2313,W,1,2,2,Dynamic Model,1,0
2021,2021-wimbledon-2314,W,1,3,1,Cumul. Point Winner,2,2
2021,2021-wimbledon-2314,W,1,3,2,Cumul. Point Winner,2,1
2021,2021-wimbledon-2314,W,1,3,3,Cumul. Point Winner,1,0
2021,2021-wimbledon-2314,W,1,3,1,Cumul. Game Winner,2,2
2021,2021-wimbledon-2314,W,1,3,2,Cumul. Game Winner,1,1
2021,2021-wimbledon-2314,W,1,3,3,Cumul. Game Winner,1,0
2021,2021-wimbledon-2314,W,1,3,1,Set Winner,2,2
2021,2021-wimbledon-2314,W,1,3,2,Set Winner,1,1
2021,2021-wimbledon-2314,W,1,3,3,Set Winner,1,0
2021,2021-wimbledon-2314,W,1,3,1,Cumul. Set Winner,2,2
2021,2021-wimbledon-2314,W,1,3,2,Cumul. Set Winner,2,1
2021,2021-wimbledon-2314,W,1,3,3,Cumul. Set Winner,1,0
2021,2021-wimbledon-2314,W,1,3,1,Cumul. Unf. Error,2,2
2021,2021-wimbledon-2314,W,1,3,2,Cumul. Unf. Error,2,1
2021,2021-wimbledon-2314,W,1,3,3,Cumul. Unf. Error,2,0
2021,2021-wimbledon-2314,W,1,3,1,Dynamic Model,2,2
2021,2021-wimbledon-2314,W,1,3,2,Dynamic Model,1,1
2021,2021-wimbledon-2314,W,1,3,3,Dynamic Model,1,0
2021,2021-wimbledon-2315,W,2,2,1,Cumul. Point Winner,2,1
2021,2021-wimbledon-2315,W,2,2,2,Cumul. Point Winner,2,0
2021,2021-wimbledon-2315,W,2,2,1,Cumul. Game Winner,2,1
2021,2021-wimbledon-2315,W,2,2,2,Cumul. Game Winner,2,0
2021,2021-wimbledon-2315,W,2,2,1,Set Winner,2,1
2021,2021-wimbledon-2315,W,2,2,2,Set Winner,2,0
2021,2021-wimbledon-2315,W,2,2,1,Cumul. Set Winner,2,1
2021,2021-wimbledon-2315,W,2,2,2,Cumul. Set Winner,2,0
2021,2021-wimbledon-2315,W,2,2,1,Cumul. Unf. Error,2,1
2021,2021-wimbledon-2315,W,2,2,2,Cumul. Unf. Error,1,0
2021,2021-wimbledon-2315,W,2,2,1,Dynamic Model,2,1
2021,2021-wimbledon-2315,W,2,2,2,Dynamic Model,2,0
2021,2021-wimbledon-2316,W,2,2,1,Cumul. Point Winner,2,1
2021,2021-wimbledon-2316,W,2,2,2,Cumul. Point Winner,2,0
2021,2021-wimbledon-2316,W,2,2,1,Cumul. Game Winner,2,1
2021,2021-wimbledon-2316,W,2,2,2,Cumul. Game Winner,2,0
2021,2021-wimbledon-2316,W,2,2,1,Set Winner,2,1
2021,2021-wimbledon-2316,W,2,2,2,Set Winner,2,0
2021,2021-wimbledon-2316,W,2,2,1,Cumul. Set Winner,2,1
2021,2021-wimbledon-2316,W,2,2,2,Cumul. Set Winner,2,0
2021,2021-wimbledon-2316,W,2,2,1,Cumul. Unf. Error,2,1
2021,2021-wimbledon-2316,W,2,2,2,Cumul. Unf. Error,1,0
2021,2021-wimbledon-2316,W,2,2,1,Dynamic Model,2,1
2021,2021-wimbledon-2316,W,2,2,2,Dynamic Model,2,0
2021,2021-wimbledon-2401,W,1,2,1,Cumul. Point Winner,1,1
2021,2021-wimbledon-2401,W,1,2,2,Cumul. Point Winner,1,0
2021,2021-wimbledon-2401,W,1,2,1,Cumul. Game Winner,1,1
2021,2021-wimbledon-2401,W,1,2,2,Cumul. Game Winner,1,0
2021,2021-wimbledon-2401,W,1,2,1,Set Winner,1,1
2021,2021-wimbledon-2401,W,1,2,2,Set Winner,1,0
2021,2021-wimbledon-2401,W,1,2,1,Cumul. Set Winner,1,1
2021,2021-wimbledon-2401,W,1,2,2,Cumul. Set Winner,1,0
2021,2021-wimbledon-2401,W,1,2,1,Cumul. Unf. Error,2,1
2021,2021-wimbledon-2401,W,1,2,2,Cumul. Unf. Error,2,0
2021,2021-wimbledon-2401,W,1,2,1,Dynamic Model,1,1
2021,2021-wimbledon-2401,W,1,2,2,Dynamic Model,1,0
2021,2021-wimbledon-2402,W,2,2,1,Cumul. Point Winner,2,1
2021,2021-wimbledon-2402,W,2,2,2,Cumul. Point Winner,2,0
2021,2021-wimbledon-2402,W,2,2,1,Cumul. Game Winner,2,1
2021,2021-wimbledon-2402,W,2,2,2,Cumul. Game Winner,2,0
2021,2021-wimbledon-2402,W,2,2,1,Set Winner,2,1
2021,2021-wimbledon-2402,W,2,2,2,Set Winner,2,0
2021,2021-wimbledon-2402,W,2,2,1,Cumul. Set Winner,2,1
2021,2021-wimbledon-2402,W,2,2,2,Cumul. Set Winner,2,0
2021,2021-wimbledon-2402,W,2,2,1,Cumul. Unf. Error,2,1
2021,2021-wimbledon-2402,W,2,2,2,Cumul. Unf. Error,2,0
2021,2021-wimbledon-2402,W,2,2,1,Dynamic Model,2,1
2021,2021-wimbledon-2402,W,2,2,2,Dynamic Model,2,0
2021,2021-wimbledon-2403,W,2,2,1,Cumul. Point Winner,2,1
2021,2021-wimbledon-2403,W,2,2,2,Cumul. Point Winner,2,0
2021,2021-wimbledon-2403,W,2,2,1,Cumul. Game Winner,2,1
2021,2021-wimbledon-2403,W,2,2,2,Cumul. Game Winner,2,0
2021,2021-wimbledon-2403,W,2,2,1,Set Winner,2,1
2021,2021-wimbledon-2403,W,2,2,2,Set Winner,2,0
2021,2021-wimbledon-2403,W,2,2,1,Cumul. Set Winner,2,1
2021,2021-wimbledon-2403,W,2,2,2,Cumul. Set Winner,2,0
2021,2021-wimbledon-2403,W,2,2,1,Cumul. Unf. Error,2,1
2021,2021-wimbledon-2403,W,2,2,2,Cumul. Unf. Error,2,0
2021,2021-wimbledon-2403,W,2,2,1,Dynamic Model,2,1
2021,2021-wimbledon-2403,W,2,2,2,Dynamic Model,2,0
2021,2021-wimbledon-2404,W,2,2,1,Cumul. Point Winner,2,1
2021,2021-wimbledon-2404,W,2,2,2,Cumul. Point Winner,2,0
2021,2021-wimbledon-2404,W,2,2,1,Cumul. Game Winner,2,1
2021,2021-wimbledon-2404,W,2,2,2,Cumul. Game Winner,2,0
2021,2021-wimbledon-2404,W,2,2,1,Set Winner,2,1
2021,2021-wimbledon-2404,W,2,2,2,Set Winner,2,0
2021,2021-wimbledon-2404,W,2,2,1,Cumul. Set Winner,2,1
2021,2021-wimbledon-2404,W,2,2,2,Cumul. Set Winner,2,0
2021,2021-wimbledon-2404,W,2,2,1,Cumul. Unf. Error,2,1
2021,2021-wimbledon-2404,W,2,2,2,Cumul. Unf. Error,2,0
2021,2021-wimbledon-2404,W,2,2,1,Dynamic Model,2,1
2021,2021-wimbledon-2404,W,2,2,2,Dynamic Model,2,0
2021,2021-wimbledon-2405,W,1,2,1,Cumul. Point Winner,1,1
2021,2021-wimbledon-2405,W,1,2,2,Cumul. Point Winner,1,0
2021,2021-wimbledon-2405,W,1,2,1,Cumul. Game Winner,1,1
2021,2021-wimbledon-2405,W,1,2,2,Cumul. Game Winner,1,0
2021,2021-wimbledon-2405,W,1,2,1,Set Winner,1,1
2021,2021-wimbledon-2405,W,1,2,2,Set Winner,1,0
2021,2021-wimbledon-2405,W,1,2,1,Cumul. Set Winner,1,1
2021,2021-wimbledon-2405,W,1,2,2,Cumul. Set Winner,1,0
2021,2021-wimbledon-2405,W,1,2,1,Cumul. Unf. Error,1,1
2021,2021-wimbledon-2405,W,1,2,2,Cumul. Unf. Error,1,0
2021,2021-wimbledon-2405,W,1,2,1,Dynamic Model,1,1
2021,2021-wimbledon-2405,W,1,2,2,Dynamic Model,1,0
2021,2021-wimbledon-2406,W,2,2,1,Cumul. Point Winner,2,1
2021,2021-wimbledon-2406,W,2,2,2,Cumul. Point Winner,2,0
2021,2021-wimbledon-2406,W,2,2,1,Cumul. Game Winner,2,1
2021,2021-wimbledon-2406,W,2,2,2,Cumul. Game Winner,2,0
2021,2021-wimbledon-2406,W,2,2,1,Set Winner,2,1
2021,2021-wimbledon-2406,W,2,2,2,Set Winner,2,0
2021,2021-wimbledon-2406,W,2,2,1,Cumul. Set Winner,2,1
2021,2021-wimbledon-2406,W,2,2,2,Cumul. Set Winner,2,0
2021,2021-wimbledon-2406,W,2,2,1,Cumul. Unf. Error,2,1
2021,2021-wimbledon-2406,W,2,2,2,Cumul. Unf. Error,2,0
2021,2021-wimbledon-2406,W,2,2,1,Dynamic Model,2,1
2021,2021-wimbledon-2406,W,2,2,2,Dynamic Model,2,0
2021,2021-wimbledon-2407,W,2,3,1,Cumul. Point Winner,1,2
2021,2021-wimbledon-2407,W,2,3,2,Cumul. Point Winner,2,1
2021,2021-wimbledon-2407,W,2,3,3,Cumul. Point Winner,2,0
2021,2021-wimbledon-2407,W,2,3,1,Cumul. Game Winner,1,2
2021,2021-wimbledon-2407,W,2,3,2,Cumul. Game Winner,2,1
2021,2021-wimbledon-2407,W,2,3,3,Cumul. Game Winner,2,0
2021,2021-wimbledon-2407,W,2,3,1,Set Winner,1,2
2021,2021-wimbledon-2407,W,2,3,2,Set Winner,2,1
2021,2021-wimbledon-2407,W,2,3,3,Set Winner,2,0
2021,2021-wimbledon-2407,W,2,3,1,Cumul. Set Winner,1,2
2021,2021-wimbledon-2407,W,2,3,2,Cumul. Set Winner,1,1
2021,2021-wimbledon-2407,W,2,3,3,Cumul. Set Winner,2,0
2021,2021-wimbledon-2407,W,2,3,1,Cumul. Unf. Error,2,2
2021,2021-wimbledon-2407,W,2,3,2,Cumul. Unf. Error,2,1
2021,2021-wimbledon-2407,W,2,3,3,Cumul. Unf. Error,2,0
2021,2021-wimbledon-2407,W,2,3,1,Dynamic Model,1,2
2021,2021-wimbledon-2407,W,2,3,2,Dynamic Model,2,1
2021,2021-wimbledon-2407,W,2,3,3,Dynamic Model,2,0
2021,2021-wimbledon-2408,W,2,3,1,Cumul. Point Winner,2,2
2021,2021-wimbledon-2408,W,2,3,2,Cumul. Point Winner,1,1
2021,2021-wimbledon-2408,W,2,3,3,Cumul. Point Winner,2,0
2021,2021-wimbledon-2408,W,2,3,1,Cumul. Game Winner,2,2
2021,2021-wimbledon-2408,W,2,3,2,Cumul. Game Winner,2,1
2021,2021-wimbledon-2408,W,2,3,3,Cumul. Game Winner,2,0
2021,2021-wimbledon-2408,W,2,3,1,Set Winner,2,2
2021,2021-wimbledon-2408,W,2,3,2,Set Winner,1,1
2021,2021-wimbledon-2408,W,2,3,3,Set Winner,2,0
2021,2021-wimbledon-2408,W,2,3,1,Cumul. Set Winner,2,2
2021,2021-wimbledon-2408,W,2,3,2,Cumul. Set Winner,2,1
2021,2021-wimbledon-2408,W,2,3,3,Cumul. Set Winner,2,0
2021,2021-wimbledon-2408,W,2,3,1,Cumul. Unf. Error,2,2
2021,2021-wimbledon-2408,W,2,3,2,Cumul. Unf. Error,1,1
2021,2021-wimbledon-2408,W,2,3,3,Cumul. Unf. Error,1,0
2021,2021-wimbledon-2408,W,2,3,1,Dynamic Model,2,2
2021,2021-wimbledon-2408,W,2,3,2,Dynamic Model,1,1
2021,2021-wimbledon-2408,W,2,3,3,Dynamic Model,2,0
2021,2021-wimbledon-2501,W,1,2,1,Cumul. Point Winner,1,1
2021,2021-wimbledon-2501,W,1,2,2,Cumul. Point Winner,1,0
2021,2021-wimbledon-2501,W,1,2,1,Cumul. Game Winner,1,1
2021,2021-wimbledon-2501,W,1,2,2,Cumul. Game Winner,1,0
2021,2021-wimbledon-2501,W,1,2,1,Set Winner,1,1
2021,2021-wimbledon-2501,W,1,2,2,Set Winner,1,0
2021,2021-wimbledon-2501,W,1,2,1,Cumul. Set Winner,1,1
2021,2021-wimbledon-2501,W,1,2,2,Cumul. Set Winner,1,0
2021,2021-wimbledon-2501,W,1,2,1,Cumul. Unf. Error,1,1
2021,2021-wimbledon-2501,W,1,2,2,Cumul. Unf. Error,2,0
2021,2021-wimbledon-2501,W,1,2,1,Dynamic Model,1,1
2021,2021-wimbledon-2501,W,1,2,2,Dynamic Model,1,0
2021,2021-wimbledon-2502,W,2,2,1,Cumul. Point Winner,2,1
2021,2021-wimbledon-2502,W,2,2,2,Cumul. Point Winner,2,0
2021,2021-wimbledon-2502,W,2,2,1,Cumul. Game Winner,2,1
2021,2021-wimbledon-2502,W,2,2,2,Cumul. Game Winner,2,0
2021,2021-wimbledon-2502,W,2,2,1,Set Winner,2,1
2021,2021-wimbledon-2502,W,2,2,2,Set Winner,2,0
2021,2021-wimbledon-2502,W,2,2,1,Cumul. Set Winner,2,1
2021,2021-wimbledon-2502,W,2,2,2,Cumul. Set Winner,2,0
2021,2021-wimbledon-2502,W,2,2,1,Cumul. Unf. Error,1,1
2021,2021-wimbledon-2502,W,2,2,2,Cumul. Unf. Error,2,0
2021,2021-wimbledon-2502,W,2,2,1,Dynamic Model,2,1
2021,2021-wimbledon-2502,W,2,2,2,Dynamic Model,2,0
2021,2021-wimbledon-2503,W,1,2,1,Cumul. Point Winner,1,1
2021,2021-wimbledon-2503,W,1,2,2,Cumul. Point Winner,1,0
2021,2021-wimbledon-2503,W,1,2,1,Cumul. Game Winner,1,1
2021,2021-wimbledon-2503,W,1,2,2,Cumul. Game Winner,1,0
2021,2021-wimbledon-2503,W,1,2,1,Set Winner,1,1
2021,2021-wimbledon-2503,W,1,2,2,Set Winner,1,0
2021,2021-wimbledon-2503,W,1,2,1,Cumul. Set Winner,1,1
2021,2021-wimbledon-2503,W,1,2,2,Cumul. Set Winner,1,0
2021,2021-wimbledon-2503,W,1,2,1,Cumul. Unf. Error,1,1
2021,2021-wimbledon-2503,W,1,2,2,Cumul. Unf. Error,2,0
2021,2021-wimbledon-2503,W,1,2,1,Dynamic Model,1,1
2021,2021-wimbledon-2503,W,1,2,2,Dynamic Model,1,0
2021,2021-wimbledon-2504,W,2,2,1,Cumul. Point Winner,2,1
2021,2021-wimbledon-2504,W,2,2,2,Cumul. Point Winner,2,0
2021,2021-wimbledon-2504,W,2,2,1,Cumul. Game Winner,2,1
2021,2021-wimbledon-2504,W,2,2,2,Cumul. Game Winner,2,0
2021,2021-wimbledon-2504,W,2,2,1,Set Winner,2,1
2021,2021-wimbledon-2504,W,2,2,2,Set Winner,2,0
2021,2021-wimbledon-2504,W,2,2,1,Cumul. Set Winner,2,1
2021,2021-wimbledon-2504,W,2,2,2,Cumul. Set Winner,2,0
2021,2021-wimbledon-2504,W,2,2,1,Cumul. Unf. Error,1,1
2021,2021-wimbledon-2504,W,2,2,2,Cumul. Unf. Error,1,0
2021,2021-wimbledon-2504,W,2,2,1,Dynamic Model,2,1
2021,2021-wimbledon-2504,W,2,2,2,Dynamic Model,2,0
2021,2021-wimbledon-2601,W,1,2,1,Cumul. Point Winner,1,1
2021,2021-wimbledon-2601,W,1,2,2,Cumul. Point Winner,1,0
2021,2021-wimbledon-2601,W,1,2,1,Cumul. Game Winner,1,1
2021,2021-wimbledon-2601,W,1,2,2,Cumul. Game Winner,1,0
2021,2021-wimbledon-2601,W,1,2,1,Set Winner,1,1
2021,2021-wimbledon-2601,W,1,2,2,Set Winner,1,0
2021,2021-wimbledon-2601,W,1,2,1,Cumul. Set Winner,1,1
2021,2021-wimbledon-2601,W,1,2,2,Cumul. Set Winner,1,0
2021,2021-wimbledon-2601,W,1,2,1,Cumul. Unf. Error,1,1
2021,2021-wimbledon-2601,W,1,2,2,Cumul. Unf. Error,1,0
2021,2021-wimbledon-2601,W,1,2,1,Dynamic Model,1,1
2021,2021-wimbledon-2601,W,1,2,2,Dynamic Model,1,0
2021,2021-wimbledon-2602,W,1,3,1,Cumul. Point Winner,2,2
2021,2021-wimbledon-2602,W,1,3,2,Cumul. Point Winner,1,1
2021,2021-wimbledon-2602,W,1,3,3,Cumul. Point Winner,1,0
2021,2021-wimbledon-2602,W,1,3,1,Cumul. Game Winner,2,2
2021,2021-wimbledon-2602,W,1,3,2,Cumul. Game Winner,2,1
2021,2021-wimbledon-2602,W,1,3,3,Cumul. Game Winner,1,0
2021,2021-wimbledon-2602,W,1,3,1,Set Winner,2,2
2021,2021-wimbledon-2602,W,1,3,2,Set Winner,1,1
2021,2021-wimbledon-2602,W,1,3,3,Set Winner,1,0
2021,2021-wimbledon-2602,W,1,3,1,Cumul. Set Winner,2,2
2021,2021-wimbledon-2602,W,1,3,2,Cumul. Set Winner,2,1
2021,2021-wimbledon-2602,W,1,3,3,Cumul. Set Winner,1,0
2021,2021-wimbledon-2602,W,1,3,1,Cumul. Unf. Error,1,2
2021,2021-wimbledon-2602,W,1,3,2,Cumul. Unf. Error,1,1
2021,2021-wimbledon-2602,W,1,3,3,Cumul. Unf. Error,1,0
2021,2021-wimbledon-2602,W,1,3,1,Dynamic Model,2,2
2021,2021-wimbledon-2602,W,1,3,2,Dynamic Model,1,1
2021,2021-wimbledon-2602,W,1,3,3,Dynamic Model,1,0
2021,2021-wimbledon-2701,W,1,3,1,Cumul. Point Winner,1,2
2021,2021-wimbledon-2701,W,1,3,2,Cumul. Point Winner,1,1
2021,2021-wimbledon-2701,W,1,3,3,Cumul. Point Winner,1,0
2021,2021-wimbledon-2701,W,1,3,1,Cumul. Game Winner,1,2
2021,2021-wimbledon-2701,W,1,3,2,Cumul. Game Winner,1,1
2021,2021-wimbledon-2701,W,1,3,3,Cumul. Game Winner,1,0
2021,2021-wimbledon-2701,W,1,3,1,Set Winner,1,2
2021,2021-wimbledon-2701,W,1,3,2,Set Winner,2,1
2021,2021-wimbledon-2701,W,1,3,3,Set Winner,1,0
2021,2021-wimbledon-2701,W,1,3,1,Cumul. Set Winner,1,2
2021,2021-wimbledon-2701,W,1,3,2,Cumul. Set Winner,1,1
2021,2021-wimbledon-2701,W,1,3,3,Cumul. Set Winner,1,0
2021,2021-wimbledon-2701,W,1,3,1,Cumul. Unf. Error,2,2
2021,2021-wimbledon-2701,W,1,3,2,Cumul. Unf. Error,2,1
2021,2021-wimbledon-2701,W,1,3,3,Cumul. Unf. Error,1,0
2021,2021-wimbledon-2701,W,1,3,1,Dynamic Model,1,2
2021,2021-wimbledon-2701,W,1,3,2,Dynamic Model,1,1
2021,2021-wimbledon-2701,W,1,3,3,Dynamic Model,1,0
2022,2022-wimbledon-1101,M,1,4,1,Cumul. Point Winner,1,3
2022,2022-wimbledon-1101,M,1,4,2,Cumul. Point Winner,2,2
2022,2022-wimbledon-1101,M,1,4,3,Cumul. Point Winner,1,1
2022,2022-wimbledon-1101,M,1,4,4,Cumul. Point Winner,1,0
2022,2022-wimbledon-1101,M,1,4,1,Cumul. Game Winner,1,3
2022,2022-wimbledon-1101,M,1,4,2,Cumul. Game Winner,1,2
2022,2022-wimbledon-1101,M,1,4,3,Cumul. Game Winner,1,1
2022,2022-wimbledon-1101,M,1,4,4,Cumul. Game Winner,1,0
2022,2022-wimbledon-1101,M,1,4,1,Set Winner,1,3
2022,2022-wimbledon-1101,M,1,4,2,Set Winner,2,2
2022,2022-wimbledon-1101,M,1,4,3,Set Winner,1,1
2022,2022-wimbledon-1101,M,1,4,4,Set Winner,1,0
2022,2022-wimbledon-1101,M,1,4,1,Cumul. Set Winner,1,3
2022,2022-wimbledon-1101,M,1,4,2,Cumul. Set Winner,1,2
2022,2022-wimbledon-1101,M,1,4,3,Cumul. Set Winner,1,1
2022,2022-wimbledon-1101,M,1,4,4,Cumul. Set Winner,1,0
2022,2022-wimbledon-1101,M,1,4,1,Cumul. Unf. Error,1,3
2022,2022-wimbledon-1101,M,1,4,2,Cumul. Unf. Error,2,2
2022,2022-wimbledon-1101,M,1,4,3,Cumul. Unf. Error,2,1
2022,2022-wimbledon-1101,M,1,4,4,Cumul. Unf. Error,2,0
2022,2022-wimbledon-1101,M,1,4,1,Dynamic Model,1,3
2022,2022-wimbledon-1101,M,1,4,2,Dynamic Model,2,2
2022,2022-wimbledon-1101,M,1,4,3,Dynamic Model,1,1
2022,2022-wimbledon-1101,M,1,4,4,Dynamic Model,1,0
2022,2022-wimbledon-1102,M,1,3,1,Cumul. Point Winner,1,2
2022,2022-wimbledon-1102,M,1,3,2,Cumul. Point Winner,1,1
2022,2022-wimbledon-1102,M,1,3,3,Cumul. Point Winner,1,0
2022,2022-wimbledon-1102,M,1,3,1,Cumul. Game Winner,1,2
2022,2022-wimbledon-1102,M,1,3,2,Cumul. Game Winner,1,1
2022,2022-wimbledon-1102,M,1,3,3,Cumul. Game Winner,1,0
2022,2022-wimbledon-1102,M,1,3,1,Set Winner,1,2
2022,2022-wimbledon-1102,M,1,3,2,Set Winner,1,1
2022,2022-wimbledon-1102,M,1,3,3,Set Winner,1,0
2022,2022-wimbledon-1102,M,1,3,1,Cumul. Set Winner,1,2
2022,2022-wimbledon-1102,M,1,3,2,Cumul. Set Winner,1,1
2022,2022-wimbledon-1102,M,1,3,3,Cumul. Set Winner,1,0
2022,2022-wimbledon-1102,M,1,3,1,Cumul. Unf. Error,2,2
2022,2022-wimbledon-1102,M,1,3,2,Cumul. Unf. Error,2,1
2022,2022-wimbledon-1102,M,1,3,3,Cumul. Unf. Error,2,0
2022,2022-wimbledon-1102,M,1,3,1,Dynamic Model,1,2
2022,2022-wimbledon-1102,M,1,3,2,Dynamic Model,1,1
2022,2022-wimbledon-1102,M,1,3,3,Dynamic Model,1,0
2022,2022-wimbledon-1103,M,1,5,1,Cumul. Point Winner,1,4
2022,2022-wimbledon-1103,M,1,5,2,Cumul. Point Winner,1,3
2022,2022-wimbledon-1103,M,1,5,3,Cumul. Point Winner,1,2
2022,2022-wimbledon-1103,M,1,5,4,Cumul. Point Winner,2,1
2022,2022-wimbledon-1103,M,1,5,5,Cumul. Point Winner,1,0
2022,2022-wimbledon-1103,M,1,5,1,Cumul. Game Winner,1,4
2022,2022-wimbledon-1103,M,1,5,2,Cumul. Game Winner,1,3
2022,2022-wimbledon-1103,M,1,5,3,Cumul. Game Winner,1,2
2022,2022-wimbledon-1103,M,1,5,4,Cumul. Game Winner,2,1
2022,2022-wimbledon-1103,M,1,5,5,Cumul. Game Winner,2,0
2022,2022-wimbledon-1103,M,1,5,1,Set Winner,1,4
2022,2022-wimbledon-1103,M,1,5,2,Set Winner,1,3
2022,2022-wimbledon-1103,M,1,5,3,Set Winner,2,2
2022,2022-wimbledon-1103,M,1,5,4,Set Winner,2,1
2022,2022-wimbledon-1103,M,1,5,5,Set Winner,1,0
2022,2022-wimbledon-1103,M,1,5,1,Cumul. Set Winner,1,4
2022,2022-wimbledon-1103,M,1,5,2,Cumul. Set Winner,1,3
2022,2022-wimbledon-1103,M,1,5,3,Cumul. Set Winner,1,2
2022,2022-wimbledon-1103,M,1,5,4,Cumul. Set Winner,1,1
2022,2022-wimbledon-1103,M,1,5,5,Cumul. Set Winner,1,0
2022,2022-wimbledon-1103,M,1,5,1,Cumul. Unf. Error,1,4
2022,2022-wimbledon-1103,M,1,5,2,Cumul. Unf. Error,1,3
2022,2022-wimbledon-1103,M,1,5,3,Cumul. Unf. Error,1,2
2022,2022-wimbledon-1103,M,1,5,4,Cumul. Unf. Error,1,1
2022,2022-wimbledon-1103,M,1,5,5,Cumul. Unf. Error,1,0
2022,2022-wimbledon-1103,M,1,5,1,Dynamic Model,1,4
2022,2022-wimbledon-1103,M,1,5,2,Dynamic Model,1,3
2022,2022-wimbledon-1103,M,1,5,3,Dynamic Model,1,2
2022,2022-wimbledon-1103,M,1,5,4,Dynamic Model,1,1
2022,2022-wimbledon-1103,M,1,5,5,Dynamic Model,1,0
2022,2022-wimbledon-1104,M,2,4,1,Cumul. Point Winner,2,3
2022,2022-wimbledon-1104,M,2,4,2,Cumul. Point Winner,1,2
2022,2022-wimbledon-1104,M,2,4,3,Cumul. Point Winner,1,1
2022,2022-wimbledon-1104,M,2,4,4,Cumul. Point Winner,2,0
2022,2022-wimbledon-1104,M,2,4,1,Cumul. Game Winner,2,3
2022,2022-wimbledon-1104,M,2,4,2,Cumul. Game Winner,1,2
2022,2022-wimbledon-1104,M,2,4,3,Cumul. Game Winner,2,1
2022,2022-wimbledon-1104,M,2,4,4,Cumul. Game Winner,2,0
2022,2022-wimbledon-1104,M,2,4,1,Set Winner,2,3
2022,2022-wimbledon-1104,M,2,4,2,Set Winner,1,2
2022,2022-wimbledon-1104,M,2,4,3,Set Winner,2,1
2022,2022-wimbledon-1104,M,2,4,4,Set Winner,2,0
2022,2022-wimbledon-1104,M,2,4,1,Cumul. Set Winner,2,3
2022,2022-wimbledon-1104,M,2,4,2,Cumul. Set Winner,2,2
2022,2022-wimbledon-1104,M,2,4,3,Cumul. Set Winner,2,1
2022,2022-wimbledon-1104,M,2,4,4,Cumul. Set Winner,2,0
2022,2022-wimbledon-1104,M,2,4,1,Cumul. Unf. Error,1,3
2022,2022-wimbledon-1104,M,2,4,2,Cumul. Unf. Error,1,2
2022,2022-wimbledon-1104,M,2,4,3,Cumul. Unf. Error,1,1
2022,2022-wimbledon-1104,M,2,4,4,Cumul. Unf. Error,1,0
2022,2022-wimbledon-1104,M,2,4,1,Dynamic Model,2,3
2022,2022-wimbledon-1104,M,2,4,2,Dynamic Model,1,2
2022,2022-wimbledon-1104,M,2,4,3,Dynamic Model,2,1
2022,2022-wimbledon-1104,M,2,4,4,Dynamic Model,2,0
2022,2022-wimbledon-1105,M,1,5,1,Cumul. Point Winner,2,4
2022,2022-wimbledon-1105,M,1,5,2,Cumul. Point Winner,2,3
2022,2022-wimbledon-1105,M,1,5,3,Cumul. Point Winner,2,2
2022,2022-wimbledon-1105,M,1,5,4,Cumul. Point Winner,2,1
2022,2022-wimbledon-1105,M,1,5,5,Cumul. Point Winner,2,0
2022,2022-wimbledon-1105,M,1,5,1,Cumul. Game Winner,2,4
2022,2022-wimbledon-1105,M,1,5,2,Cumul. Game Winner,2,3
2022,2022-wimbledon-1105,M,1,5,3,Cumul. Game Winner,2,2
2022,2022-wimbledon-1105,M,1,5,4,Cumul. Game Winner,2,1
2022,2022-wimbledon-1105,M,1,5,5,Cumul. Game Winner,1,0
2022,2022-wimbledon-1105,M,1,5,1,Set Winner,2,4
2022,2022-wimbledon-1105,M,1,5,2,Set Winner,1,3
2022,2022-wimbledon-1105,M,1,5,3,Set Winner,2,2
2022,2022-wimbledon-1105,M,1,5,4,Set Winner,1,1
2022,2022-wimbledon-1105,M,1,5,5,Set Winner,1,0
2022,2022-wimbledon-1105,M,1,5,1,Cumul. Set Winner,2,4
2022,2022-wimbledon-1105,M,1,5,2,Cumul. Set Winner,2,3
2022,2022-wimbledon-1105,M,1,5,3,Cumul. Set Winner,2,2
2022,2022-wimbledon-1105,M,1,5,4,Cumul. Set Winner,2,1
2022,2022-wimbledon-1105,M,1,5,5,Cumul. Set Winner,1,0
2022,2022-wimbledon-1105,M,1,5,1,Cumul. Unf. Error,2,4
2022,2022-wimbledon-1105,M,1,5,2,Cumul. Unf. Error,2,3
2022,2022-wimbledon-1105,M,1,5,3,Cumul. Unf. Error,2,2
2022,2022-wimbledon-1105,M,1,5,4,Cumul. Unf. Error,2,1
2022,2022-wimbledon-1105,M,1,5,5,Cumul. Unf. Error,2,0
2022,2022-wimbledon-1105,M,1,5,1,Dynamic Model,2,4
2022,2022-wimbledon-1105,M,1,5,2,Dynamic Model,2,3
2022,2022-wimbledon-1105,M,1,5,3,Dynamic Model,2,2
2022,2022-wimbledon-1105,M,1,5,4,Dynamic Model,2,1
2022,2022-wimbledon-1105,M,1,5,5,Dynamic Model,2,0
2022,2022-wimbledon-1106,M,2,4,1,Cumul. Point Winner,1,3
2022,2022-wimbledon-1106,M,2,4,2,Cumul. Point Winner,1,2
2022,2022-wimbledon-1106,M,2,4,3,Cumul. Point Winner,2,1
2022,2022-wimbledon-1106,M,2,4,4,Cumul. Point Winner,2,0
2022,2022-wimbledon-1106,M,2,4,1,Cumul. Game Winner,1,3
2022,2022-wimbledon-1106,M,2,4,2,Cumul. Game Winner,1,2
2022,2022-wimbledon-1106,M,2,4,3,Cumul. Game Winner,2,1
2022,2022-wimbledon-1106,M,2,4,4,Cumul. Game Winner,2,0
2022,2022-wimbledon-1106,M,2,4,1,Set Winner,1,3
2022,2022-wimbledon-1106,M,2,4,2,Set Winner,1,2
2022,2022-wimbledon-1106,M,2,4,3,Set Winner,2,1
2022,2022-wimbledon-1106,M,2,4,4,Set Winner,2,0
2022,2022-wimbledon-1106,M,2,4,1,Cumul. Set Winner,1,3
2022,2022-wimbledon-1106,M,2,4,2,Cumul. Set Winner,1,2
2022,2022-wimbledon-1106,M,2,4,3,Cumul. Set Winner,1,1
2022,2022-wimbledon-1106,M,2,4,4,Cumul. Set Winner,1,0
2022,2022-wimbledon-1106,M,2,4,1,Cumul. Unf. Error,2,3
2022,2022-wimbledon-1106,M,2,4,2,Cumul. Unf. Error,2,2
2022,2022-wimbledon-1106,M,2,4,3,Cumul. Unf. Error,2,1
2022,2022-wimbledon-1106,M,2,4,4,Cumul. Unf. Error,2,0
2022,2022-wimbledon-1106,M,2,4,1,Dynamic Model,1,3
2022,2022-wimbledon-1106,M,2,4,2,Dynamic Model,1,2
2022,2022-wimbledon-1106,M,2,4,3,Dynamic Model,2,1
2022,2022-wimbledon-1106,M,2,4,4,Dynamic Model,2,0
2022,2022-wimbledon-1107,M,1,3,1,Cumul. Point Winner,1,2
2022,2022-wimbledon-1107,M,1,3,2,Cumul. Point Winner,1,1
2022,2022-wimbledon-1107,M,1,3,3,Cumul. Point Winner,1,0
2022,2022-wimbledon-1107,M,1,3,1,Cumul. Game Winner,1,2
2022,2022-wimbledon-1107,M,1,3,2,Cumul. Game Winner,1,1
2022,2022-wimbledon-1107,M,1,3,3,Cumul. Game Winner,1,0
2022,2022-wimbledon-1107,M,1,3,1,Set Winner,1,2
2022,2022-wimbledon-1107,M,1,3,2,Set Winner,1,1
2022,2022-wimbledon-1107,M,1,3,3,Set Winner,1,0
2022,2022-wimbledon-1107,M,1,3,1,Cumul. Set Winner,1,2
2022,2022-wimbledon-1107,M,1,3,2,Cumul. Set Winner,1,1
2022,2022-wimbledon-1107,M,1,3,3,Cumul. Set Winner,1,0
2022,2022-wimbledon-1107,M,1,3,1,Cumul. Unf. Error,2,2
2022,2022-wimbledon-1107,M,1,3,2,Cumul. Unf. Error,2,1
2022,2022-wimbledon-1107,M,1,3,3,Cumul. Unf. Error,2,0
2022,2022-wimbledon-1107,M,1,3,1,Dynamic Model,1,2
2022,2022-wimbledon-1107,M,1,3,2,Dynamic Model,1,1
2022,2022-wimbledon-1107,M,1,3,3,Dynamic Model,1,0
2022,2022-wimbledon-1108,M,2,3,1,Cumul. Point Winner,2,2
2022,2022-wimbledon-1108,M,2,3,2,Cumul. Point Winner,2,1
2022,2022-wimbledon-1108,M,2,3,3,Cumul. Point Winner,2,0
2022,2022-wimbledon-1108,M,2,3,1,Cumul. Game Winner,2,2
2022,2022-wimbledon-1108,M,2,3,2,Cumul. Game Winner,2,1
2022,2022-wimbledon-1108,M,2,3,3,Cumul. Game Winner,2,0
2022,2022-wimbledon-1108,M,2,3,1,Set Winner,2,2
2022,2022-wimbledon-1108,M,2,3,2,Set Winner,2,1
2022,2022-wimbledon-1108,M,2,3,3,Set Winner,2,0
2022,2022-wimbledon-1108,M,2,3,1,Cumul. Set Winner,2,2
2022,2022-wimbledon-1108,M,2,3,2,Cumul. Set Winner,2,1
2022,2022-wimbledon-1108,M,2,3,3,Cumul. Set Winner,2,0
2022,2022-wimbledon-1108,M,2,3,1,Cumul. Unf. Error,1,2
2022,2022-wimbledon-1108,M,2,3,2,Cumul. Unf. Error,1,1
2022,2022-wimbledon-1108,M,2,3,3,Cumul. Unf. Error,1,0
2022,2022-wimbledon-1108,M,2,3,1,Dynamic Model,2,2
2022,2022-wimbledon-1108,M,2,3,2,Dynamic Model,2,1
2022,2022-wimbledon-1108,M,2,3,3,Dynamic Model,2,0
2022,2022-wimbledon-1109,M,1,4,1,Cumul. Point Winner,1,3
2022,2022-wimbledon-1109,M,1,4,2,Cumul. Point Winner,1,2
2022,2022-wimbledon-1109,M,1,4,3,Cumul. Point Winner,1,1
2022,2022-wimbledon-1109,M,1,4,4,Cumul. Point Winner,1,0
2022,2022-wimbledon-1109,M,1,4,1,Cumul. Game Winner,1,3
2022,2022-wimbledon-1109,M,1,4,2,Cumul. Game Winner,1,2
2022,2022-wimbledon-1109,M,1,4,3,Cumul. Game Winner,1,1
2022,2022-wimbledon-1109,M,1,4,4,Cumul. Game Winner,1,0
2022,2022-wimbledon-1109,M,1,4,1,Set Winner,1,3
2022,2022-wimbledon-1109,M,1,4,2,Set Winner,2,2
2022,2022-wimbledon-1109,M,1,4,3,Set Winner,1,1
2022,2022-wimbledon-1109,M,1,4,4,Set Winner,1,0
2022,2022-wimbledon-1109,M,1,4,1,Cumul. Set Winner,1,3
2022,2022-wimbledon-1109,M,1,4,2,Cumul. Set Winner,1,2
2022,2022-wimbledon-1109,M,1,4,3,Cumul. Set Winner,1,1
2022,2022-wimbledon-1109,M,1,4,4,Cumul. Set Winner,1,0
2022,2022-wimbledon-1109,M,1,4,1,Cumul. Unf. Error,1,3
2022,2022-wimbledon-1109,M,1,4,2,Cumul. Unf. Error,1,2
2022,2022-wimbledon-1109,M,1,4,3,Cumul. Unf. Error,1,1
2022,2022-wimbledon-1109,M,1,4,4,Cumul. Unf. Error,1,0
2022,2022-wimbledon-1109,M,1,4,1,Dynamic Model,1,3
2022,2022-wimbledon-1109,M,1,4,2,Dynamic Model,1,2
2022,2022-wimbledon-1109,M,1,4,3,Dynamic Model,1,1
2022,2022-wimbledon-1109,M,1,4,4,Dynamic Model,1,0
2022,2022-wimbledon-1110,M,2,3,1,Cumul. Point Winner,2,2
2022,2022-wimbledon-1110,M,2,3,2,Cumul. Point Winner,2,1
2022,2022-wimbledon-1110,M,2,3,3,Cumul. Point Winner,2,0
2022,2022-wimbledon-1110,M,2,3,1,Cumul. Game Winner,2,2
2022,2022-wimbledon-1110,M,2,3,2,Cumul. Game Winner,2,1
2022,2022-wimbledon-1110,M,2,3,3,Cumul. Game Winner,2,0
2022,2022-wimbledon-1110,M,2,3,1,Set Winner,2,2
2022,2022-wimbledon-1110,M,2,3,2,Set Winner,2,1
2022,2022-wimbledon-1110,M,2,3,3,Set Winner,2,0
2022,2022-wimbledon-1110,M,2,3,1,Cumul. Set Winner,2,2
2022,2022-wimbledon-1110,M,2,3,2,Cumul. Set Winner,2,1
2022,2022-wimbledon-1110,M,2,3,3,Cumul. Set Winner,2,0
2022,2022-wimbledon-1110,M,2,3,1,Cumul. Unf. Error,2,2
2022,2022-wimbledon-1110,M,2,3,2,Cumul. Unf. Error,2,1
2022,2022-wimbledon-1110,M,2,3,3,Cumul. Unf. Error,2,0
2022,2022-wimbledon-1110,M,2,3,1,Dynamic Model,2,2
2022,2022-wimbledon-1110,M,2,3,2,Dynamic Model,2,1
2022,2022-wimbledon-1110,M,2,3,3,Dynamic Model,2,0
2022,2022-wimbledon-1111,M,1,4,1,Cumul. Point Winner,2,3
2022,2022-wimbledon-1111,M,1,4,2,Cumul. Point Winner,1,2
2022,2022-wimbledon-1111,M,1,4,3,Cumul. Point Winner,1,1
2022,2022-wimbledon-1111,M,1,4,4,Cumul. Point Winner,1,0
2022,2022-wimbledon-1111,M,1,4,1,Cumul. Game Winner,2,3
2022,2022-wimbledon-1111,M,1,4,2,Cumul. Game Winner,1,2
2022,2022-wimbledon-1111,M,1,4,3,Cumul. Game Winner,1,1
2022,2022-wimbledon-1111,M,1,4,4,Cumul. Game Winner,1,0
2022,2022-wimbledon-1111,M,1,4,1,Set Winner,2,3
2022,2022-wimbledon-1111,M,1,4,2,Set Winner,1,2
2022,2022-wimbledon-1111,M,1,4,3,Set Winner,1,1
2022,2022-wimbledon-1111,M,1,4,4,Set Winner,1,0
2022,2022-wimbledon-1111,M,1,4,1,Cumul. Set Winner,2,3
2022,2022-wimbledon-1111,M,1,4,2,Cumul. Set Winner,2,2
2022,2022-wimbledon-1111,M,1,4,3,Cumul. Set Winner,1,1
2022,2022-wimbledon-1111,M,1,4,4,Cumul. Set Winner,1,0
2022,2022-wimbledon-1111,M,1,4,1,Cumul. Unf. Error,1,3
2022,2022-wimbledon-1111,M,1,4,2,Cumul. Unf. Error,1,2
2022,2022-wimbledon-1111,M,1,4,3,Cumul. Unf. Error,1,1
2022,2022-wimbledon-1111,M,1,4,4,Cumul. Unf. Error,1,0
2022,2022-wimbledon-1111,M,1,4,1,Dynamic Model,2,3
2022,2022-wimbledon-1111,M,1,4,2,Dynamic Model,1,2
2022,2022-wimbledon-1111,M,1,4,3,Dynamic Model,1,1
2022,2022-wimbledon-1111,M,1,4,4,Dynamic Model,1,0
2022,2022-wimbledon-1112,M,2,5,1,Cumul. Point Winner,1,4
2022,2022-wimbledon-1112,M,2,5,2,Cumul. Point Winner,2,3
2022,2022-wimbledon-1112,M,2,5,3,Cumul. Point Winner,1,2
2022,2022-wimbledon-1112,M,2,5,4,Cumul. Point Winner,2,1
2022,2022-wimbledon-1112,M,2,5,5,Cumul. Point Winner,2,0
2022,2022-wimbledon-1112,M,2,5,1,Cumul. Game Winner,1,4
2022,2022-wimbledon-1112,M,2,5,2,Cumul. Game Winner,1,3
2022,2022-wimbledon-1112,M,2,5,3,Cumul. Game Winner,1,2
2022,2022-wimbledon-1112,M,2,5,4,Cumul. Game Winner,2,1
2022,2022-wimbledon-1112,M,2,5,5,Cumul. Game Winner,2,0
2022,2022-wimbledon-1112,M,2,5,1,Set Winner,1,4
2022,2022-wimbledon-1112,M,2,5,2,Set Winner,2,3
2022,2022-wimbledon-1112,M,2,5,3,Set Winner,1,2
2022,2022-wimbledon-1112,M,2,5,4,Set Winner,2,1
2022,2022-wimbledon-1112,M,2,5,5,Set Winner,2,0
2022,2022-wimbledon-1112,M,2,5,1,Cumul. Set Winner,1,4
2022,2022-wimbledon-1112,M,2,5,2,Cumul. Set Winner,1,3
2022,2022-wimbledon-1112,M,2,5,3,Cumul. Set Winner,1,2
2022,2022-wimbledon-1112,M,2,5,4,Cumul. Set Winner,1,1
2022,2022-wimbledon-1112,M,2,5,5,Cumul. Set Winner,2,0
2022,2022-wimbledon-1112,M,2,5,1,Cumul. Unf. Error,1,4
2022,2022-wimbledon-1112,M,2,5,2,Cumul. Unf. Error,1,3
2022,2022-wimbledon-1112,M,2,5,3,Cumul. Unf. Error,1,2
2022,2022-wimbledon-1112,M,2,5,4,Cumul. Unf. Error,1,1
2022,2022-wimbledon-1112,M,2,5,5,Cumul. Unf. Error,1,0
2022,2022-wimbledon-1112,M,2,5,1,Dynamic Model,1,4
2022,2022-wimbledon-1112,M,2,5,2,Dynamic Model,1,3
2022,2022-wimbledon-1112,M,2,5,3,Dynamic Model,1,2
2022,2022-wimbledon-1112,M,2,5,4,Dynamic Model,1,1
2022,2022-wimbledon-1112,M,2,5,5,Dynamic Model,2,0
2022,2022-wimbledon-1113,M,1,3,1,Cumul. Point Winner,1,2
2022,2022-wimbledon-1113,M,1,3,2,Cumul. Point Winner,1,1
2022,2022-wimbledon-1113,M,1,3,3,Cumul. Point Winner,1,0
2022,2022-wimbledon-1113,M,1,3,1,Cumul. Game Winner,1,2
2022,2022-wimbledon-1113,M,1,3,2,Cumul. Game Winner,1,1
2022,2022-wimbledon-1113,M,1,3,3,Cumul. Game Winner,1,0
2022,2022-wimbledon-1113,M,1,3,1,Set Winner,1,2
2022,2022-wimbledon-1113,M,1,3,2,Set Winner,1,1
2022,2022-wimbledon-1113,M,1,3,3,Set Winner,1,0
2022,2022-wimbledon-1113,M,1,3,1,Cumul. Set Winner,1,2
2022,2022-wimbledon-1113,M,1,3,2,Cumul. Set Winner,1,1
2022,2022-wimbledon-1113,M,1,3,3,Cumul. Set Winner,1,0
2022,2022-wimbledon-1113,M,1,3,1,Cumul. Unf. Error,1,2
2022,2022-wimbledon-1113,M,1,3,2,Cumul. Unf. Error,1,1
2022,2022-wimbledon-1113,M,1,3,3,Cumul. Unf. Error,1,0
2022,2022-wimbledon-1113,M,1,3,1,Dynamic Model,1,2
2022,2022-wimbledon-1113,M,1,3,2,Dynamic Model,1,1
2022,2022-wimbledon-1113,M,1,3,3,Dynamic Model,1,0
2022,2022-wimbledon-1114,M,2,3,1,Cumul. Point Winner,2,2
2022,2022-wimbledon-1114,M,2,3,2,Cumul. Point Winner,2,1
2022,2022-wimbledon-1114,M,2,3,3,Cumul. Point Winner,2,0
2022,2022-wimbledon-1114,M,2,3,1,Cumul. Game Winner,2,2
2022,2022-wimbledon-1114,M,2,3,2,Cumul. Game Winner,2,1
2022,2022-wimbledon-1114,M,2,3,3,Cumul. Game Winner,2,0
2022,2022-wimbledon-1114,M,2,3,1,Set Winner,2,2
2022,2022-wimbledon-1114,M,2,3,2,Set Winner,2,1
2022,2022-wimbledon-1114,M,2,3,3,Set Winner,2,0
2022,2022-wimbledon-1114,M,2,3,1,Cumul. Set Winner,2,2
2022,2022-wimbledon-1114,M,2,3,2,Cumul. Set Winner,2,1
2022,2022-wimbledon-1114,M,2,3,3,Cumul. Set Winner,2,0
2022,2022-wimbledon-1114,M,2,3,1,Cumul. Unf. Error,1,2
2022,2022-wimbledon-1114,M,2,3,2,Cumul. Unf. Error,2,1
2022,2022-wimbledon-1114,M,2,3,3,Cumul. Unf. Error,1,0
2022,2022-wimbledon-1114,M,2,3,1,Dynamic Model,2,2
2022,2022-wimbledon-1114,M,2,3,2,Dynamic Model,2,1
2022,2022-wimbledon-1114,M,2,3,3,Dynamic Model,2,0
2022,2022-wimbledon-1115,M,1,4,1,Cumul. Point Winner,2,3
2022,2022-wimbledon-1115,M,1,4,2,Cumul. Point Winner,1,2
2022,2022-wimbledon-1115,M,1,4,3,Cumul. Point Winner,1,1
2022,2022-wimbledon-1115,M,1,4,4,Cumul. Point Winner,1,0
2022,2022-wimbledon-1115,M,1,4,1,Cumul. Game Winner,2,3
2022,2022-wimbledon-1115,M,1,4,2,Cumul. Game Winner,2,2
2022,2022-wimbledon-1115,M,1,4,3,Cumul. Game Winner,1,1
2022,2022-wimbledon-1115,M,1,4,4,Cumul. Game Winner,1,0
2022,2022-wimbledon-1115,M,1,4,1,Set Winner,2,3
2022,2022-wimbledon-1115,M,1,4,2,Set Winner,1,2
2022,2022-wimbledon-1115,M,1,4,3,Set Winner,1,1
2022,2022-wimbledon-1115,M,1,4,4,Set Winner,1,0
2022,2022-wimbledon-1115,M,1,4,1,Cumul. Set Winner,2,3
2022,2022-wimbledon-1115,M,1,4,2,Cumul. Set Winner,2,2
2022,2022-wimbledon-1115,M,1,4,3,Cumul. Set Winner,1,1
2022,2022-wimbledon-1115,M,1,4,4,Cumul. Set Winner,1,0
2022,2022-wimbledon-1115,M,1,4,1,Cumul. Unf. Error,1,3
2022,2022-wimbledon-1115,M,1,4,2,Cumul. Unf. Error,1,2
2022,2022-wimbledon-1115,M,1,4,3,Cumul. Unf. Error,1,1
2022,2022-wimbledon-1115,M,1,4,4,Cumul. Unf. Error,1,0
2022,2022-wimbledon-1115,M,1,4,1,Dynamic Model,2,3
2022,2022-wimbledon-1115,M,1,4,2,Dynamic Model,1,2
2022,2022-wimbledon-1115,M,1,4,3,Dynamic Model,1,1
2022,2022-wimbledon-1115,M,1,4,4,Dynamic Model,1,0
2022,2022-wimbledon-1116,M,2,5,1,Cumul. Point Winner,1,4
2022,2022-wimbledon-1116,M,2,5,2,Cumul. Point Winner,2,3
2022,2022-wimbledon-1116,M,2,5,3,Cumul. Point Winner,1,2
2022,2022-wimbledon-1116,M,2,5,4,Cumul. Point Winner,1,1
2022,2022-wimbledon-1116,M,2,5,5,Cumul. Point Winner,2,0
2022,2022-wimbledon-1116,M,2,5,1,Cumul. Game Winner,1,4
2022,2022-wimbledon-1116,M,2,5,2,Cumul. Game Winner,1,3
2022,2022-wimbledon-1116,M,2,5,3,Cumul. Game Winner,1,2
2022,2022-wimbledon-1116,M,2,5,4,Cumul. Game Winner,1,1
2022,2022-wimbledon-1116,M,2,5,5,Cumul. Game Winner,2,0
2022,2022-wimbledon-1116,M,2,5,1,Set Winner,1,4
2022,2022-wimbledon-1116,M,2,5,2,Set Winner,2,3
2022,2022-wimbledon-1116,M,2,5,3,Set Winner,1,2
2022,2022-wimbledon-1116,M,2,5,4,Set Winner,2,1
2022,2022-wimbledon-1116,M,2,5,5,Set Winner,2,0
2022,2022-wimbledon-1116,M,2,5,1,Cumul. Set Winner,1,4
2022,2022-wimbledon-1116,M,2,5,2,Cumul. Set Winner,1,3
2022,2022-wimbledon-1116,M,2,5,3,Cumul. Set Winner,1,2
2022,2022-wimbledon-1116,M,2,5,4,Cumul. Set Winner,1,1
2022,2022-wimbledon-1116,M,2,5,5,Cumul. Set Winner,2,0
2022,2022-wimbledon-1116,M,2,5,1,Cumul. Unf. Error,1,4
2022,2022-wimbledon-1116,M,2,5,2,Cumul. Unf. Error,1,3
2022,2022-wimbledon-1116,M,2,5,3,Cumul. Unf. Error,1,2
2022,2022-wimbledon-1116,M,2,5,4,Cumul. Unf. Error,1,1
2022,2022-wimbledon-1116,M,2,5,5,Cumul. Unf. Error,1,0
2022,2022-wimbledon-1116,M,2,5,1,Dynamic Model,1,4
2022,2022-wimbledon-1116,M,2,5,2,Dynamic Model,2,3
2022,2022-wimbledon-1116,M,2,5,3,Dynamic Model,1,2
2022,2022-wimbledon-1116,M,2,5,4,Dynamic Model,2,1
2022,2022-wimbledon-1116,M,2,5,5,Dynamic Model,2,0
2022,2022-wimbledon-1117,M,1,3,1,Cumul. Point Winner,1,2
2022,2022-wimbledon-1117,M,1,3,2,Cumul. Point Winner,1,1
2022,2022-wimbledon-1117,M,1,3,3,Cumul. Point Winner,1,0
2022,2022-wimbledon-1117,M,1,3,1,Cumul. Game Winner,1,2
2022,2022-wimbledon-1117,M,1,3,2,Cumul. Game Winner,1,1
2022,2022-wimbledon-1117,M,1,3,3,Cumul. Game Winner,1,0
2022,2022-wimbledon-1117,M,1,3,1,Set Winner,1,2
2022,2022-wimbledon-1117,M,1,3,2,Set Winner,1,1
2022,2022-wimbledon-1117,M,1,3,3,Set Winner,1,0
2022,2022-wimbledon-1117,M,1,3,1,Cumul. Set Winner,1,2
2022,2022-wimbledon-1117,M,1,3,2,Cumul. Set Winner,1,1
2022,2022-wimbledon-1117,M,1,3,3,Cumul. Set Winner,1,0
2022,2022-wimbledon-1117,M,1,3,1,Cumul. Unf. Error,1,2
2022,2022-wimbledon-1117,M,1,3,2,Cumul. Unf. Error,2,1
2022,2022-wimbledon-1117,M,1,3,3,Cumul. Unf. Error,1,0
2022,2022-wimbledon-1117,M,1,3,1,Dynamic Model,1,2
2022,2022-wimbledon-1117,M,1,3,2,Dynamic Model,1,1
2022,2022-wimbledon-1117,M,1,3,3,Dynamic Model,1,0
2022,2022-wimbledon-1118,M,2,5,1,Cumul. Point Winner,2,4
2022,2022-wimbledon-1118,M,2,5,2,Cumul. Point Winner,2,3
2022,2022-wimbledon-1118,M,2,5,3,Cumul. Point Winner,2,2
2022,2022-wimbledon-1118,M,2,5,4,Cumul. Point Winner,2,1
2022,2022-wimbledon-1118,M,2,5,5,Cumul. Point Winner,2,0
2022,2022-wimbledon-1118,M,2,5,1,Cumul. Game Winner,2,4
2022,2022-wimbledon-1118,M,2,5,2,Cumul. Game Winner,2,3
2022,2022-wimbledon-1118,M,2,5,3,Cumul. Game Winner,1,2
2022,2022-wimbledon-1118,M,2,5,4,Cumul. Game Winner,2,1
2022,2022-wimbledon-1118,M,2,5,5,Cumul. Game Winner,2,0
2022,2022-wimbledon-1118,M,2,5,1,Set Winner,2,4
2022,2022-wimbledon-1118,M,2,5,2,Set Winner,1,3
2022,2022-wimbledon-1118,M,2,5,3,Set Winner,1,2
2022,2022-wimbledon-1118,M,2,5,4,Set Winner,2,1
2022,2022-wimbledon-1118,M,2,5,5,Set Winner,2,0
2022,2022-wimbledon-1118,M,2,5,1,Cumul. Set Winner,2,4
2022,2022-wimbledon-1118,M,2,5,2,Cumul. Set Winner,2,3
2022,2022-wimbledon-1118,M,2,5,3,Cumul. Set Winner,1,2
2022,2022-wimbledon-1118,M,2,5,4,Cumul. Set Winner,1,1
2022,2022-wimbledon-1118,M,2,5,5,Cumul. Set Winner,2,0
2022,2022-wimbledon-1118,M,2,5,1,Cumul. Unf. Error,1,4
2022,2022-wimbledon-1118,M,2,5,2,Cumul. Unf. Error,1,3
2022,2022-wimbledon-1118,M,2,5,3,Cumul. Unf. Error,1,2
2022,2022-wimbledon-1118,M,2,5,4,Cumul. Unf. Error,1,1
2022,2022-wimbledon-1118,M,2,5,5,Cumul. Unf. Error,1,0
2022,2022-wimbledon-1118,M,2,5,1,Dynamic Model,2,4
2022,2022-wimbledon-1118,M,2,5,2,Dynamic Model,2,3
2022,2022-wimbledon-1118,M,2,5,3,Dynamic Model,1,2
2022,2022-wimbledon-1118,M,2,5,4,Dynamic Model,1,1
2022,2022-wimbledon-1118,M,2,5,5,Dynamic Model,2,0
2022,2022-wimbledon-1119,M,1,3,1,Cumul. Point Winner,1,2
2022,2022-wimbledon-1119,M,1,3,2,Cumul. Point Winner,1,1
2022,2022-wimbledon-1119,M,1,3,3,Cumul. Point Winner,1,0
2022,2022-wimbledon-1119,M,1,3,1,Cumul. Game Winner,1,2
2022,2022-wimbledon-1119,M,1,3,2,Cumul. Game Winner,1,1
2022,2022-wimbledon-1119,M,1,3,3,Cumul. Game Winner,1,0
2022,2022-wimbledon-1119,M,1,3,1,Set Winner,1,2
2022,2022-wimbledon-1119,M,1,3,2,Set Winner,1,1
2022,2022-wimbledon-1119,M,1,3,3,Set Winner,1,0
2022,2022-wimbledon-1119,M,1,3,1,Cumul. Set Winner,1,2
2022,2022-wimbledon-1119,M,1,3,2,Cumul. Set Winner,1,1
2022,2022-wimbledon-1119,M,1,3,3,Cumul. Set Winner,1,0
2022,2022-wimbledon-1119,M,1,3,1,Cumul. Unf. Error,2,2
2022,2022-wimbledon-1119,M,1,3,2,Cumul. Unf. Error,1,1
2022,2022-wimbledon-1119,M,1,3,3,Cumul. Unf. Error,1,0
2022,2022-wimbledon-1119,M,1,3,1,Dynamic Model,1,2
2022,2022-wimbledon-1119,M,1,3,2,Dynamic Model,1,1
2022,2022-wimbledon-1119,M,1,3,3,Dynamic Model,1,0
2022,2022-wimbledon-1120,M,2,3,1,Cumul. Point Winner,2,2
2022,2022-wimbledon-1120,M,2,3,2,Cumul. Point Winner,2,1
2022,2022-wimbledon-1120,M,2,3,3,Cumul. Point Winner,2,0
2022,2022-wimbledon-1120,M,2,3,1,Cumul. Game Winner,2,2
2022,2022-wimbledon-1120,M,2,3,2,Cumul. Game Winner,2,1
2022,2022-wimbledon-1120,M,2,3,3,Cumul. Game Winner,2,0
2022,2022-wimbledon-1120,M,2,3,1,Set Winner,2,2
2022,2022-wimbledon-1120,M,2,3,2,Set Winner,2,1
2022,2022-wimbledon-1120,M,2,3,3,Set Winner,2,0
2022,2022-wimbledon-1120,M,2,3,1,Cumul. Set Winner,2,2
2022,2022-wimbledon-1120,M,2,3,2,Cumul. Set Winner,2,1
2022,2022-wimbledon-1120,M,2,3,3,Cumul. Set Winner,2,0
2022,2022-wimbledon-1120,M,2,3,1,Cumul. Unf. Error,1,2
2022,2022-wimbledon-1120,M,2,3,2,Cumul. Unf. Error,1,1
2022,2022-wimbledon-1120,M,2,3,3,Cumul. Unf. Error,1,0
2022,2022-wimbledon-1120,M,2,3,1,Dynamic Model,2,2
2022,2022-wimbledon-1120,M,2,3,2,Dynamic Model,2,1
2022,2022-wimbledon-1120,M,2,3,3,Dynamic Model,2,0
2022,2022-wimbledon-1121,M,1,3,1,Cumul. Point Winner,1,2
2022,2022-wimbledon-1121,M,1,3,2,Cumul. Point Winner,1,1
2022,2022-wimbledon-1121,M,1,3,3,Cumul. Point Winner,1,0
2022,2022-wimbledon-1121,M,1,3,1,Cumul. Game Winner,1,2
2022,2022-wimbledon-1121,M,1,3,2,Cumul. Game Winner,1,1
2022,2022-wimbledon-1121,M,1,3,3,Cumul. Game Winner,1,0
2022,2022-wimbledon-1121,M,1,3,1,Set Winner,1,2
2022,2022-wimbledon-1121,M,1,3,2,Set Winner,1,1
2022,2022-wimbledon-1121,M,1,3,3,Set Winner,1,0
2022,2022-wimbledon-1121,M,1,3,1,Cumul. Set Winner,1,2
2022,2022-wimbledon-1121,M,1,3,2,Cumul. Set Winner,1,1
2022,2022-wimbledon-1121,M,1,3,3,Cumul. Set Winner,1,0
2022,2022-wimbledon-1121,M,1,3,1,Cumul. Unf. Error,1,2
2022,2022-wimbledon-1121,M,1,3,2,Cumul. Unf. Error,1,1
2022,2022-wimbledon-1121,M,1,3,3,Cumul. Unf. Error,1,0
2022,2022-wimbledon-1121,M,1,3,1,Dynamic Model,1,2
2022,2022-wimbledon-1121,M,1,3,2,Dynamic Model,1,1
2022,2022-wimbledon-1121,M,1,3,3,Dynamic Model,1,0
2022,2022-wimbledon-1122,M,1,4,1,Cumul. Point Winner,1,3
2022,2022-wimbledon-1122,M,1,4,2,Cumul. Point Winner,1,2
2022,2022-wimbledon-1122,M,1,4,3,Cumul. Point Winner,1,1
2022,2022-wimbledon-1122,M,1,4,4,Cumul. Point Winner,1,0
2022,2022-wimbledon-1122,M,1,4,1,Cumul. Game Winner,2,3
2022,2022-wimbledon-1122,M,1,4,2,Cumul. Game Winner,2,2
2022,2022-wimbledon-1122,M,1,4,3,Cumul. Game Winner,1,1
2022,2022-wimbledon-1122,M,1,4,4,Cumul. Game Winner,1,0
2022,2022-wimbledon-1122,M,1,4,1,Set Winner,2,3
2022,2022-wimbledon-1122,M,1,4,2,Set Winner,1,2
2022,2022-wimbledon-1122,M,1,4,3,Set Winner,1,1
2022,2022-wimbledon-1122,M,1,4,4,Set Winner,1,0
2022,2022-wimbledon-1122,M,1,4,1,Cumul. Set Winner,2,3
2022,2022-wimbledon-1122,M,1,4,2,Cumul. Set Winner,2,2
2022,2022-wimbledon-1122,M,1,4,3,Cumul. Set Winner,1,1
2022,2022-wimbledon-1122,M,1,4,4,Cumul. Set Winner,1,0
2022,2022-wimbledon-1122,M,1,4,1,Cumul. Unf. Error,1,3
2022,2022-wimbledon-1122,M,1,4,2,Cumul. Unf. Error,2,2
2022,2022-wimbledon-1122,M,1,4,3,Cumul. Unf. Error,2,1
2022,2022-wimbledon-1122,M,1,4,4,Cumul. Unf. Error,1,0
2022,2022-wimbledon-1122,M,1,4,1,Dynamic Model,2,3
2022,2022-wimbledon-1122,M,1,4,2,Dynamic Model,2,2
2022,2022-wimbledon-1122,M,1,4,3,Dynamic Model,1,1
2022,2022-wimbledon-1122,M,1,4,4,Dynamic Model,1,0
2022,2022-wimbledon-1123,M,1,3,1,Cumul. Point Winner,1,2
2022,2022-wimbledon-1123,M,1,3,2,Cumul. Point Winner,1,1
2022,2022-wimbledon-1123,M,1,3,3,Cumul. Point Winner,1,0
2022,2022-wimbledon-1123,M,1,3,1,Cumul. Game Winner,1,2
2022,2022-wimbledon-1123,M,1,3,2,Cumul. Game Winner,1,1
2022,2022-wimbledon-1123,M,1,3,3,Cumul. Game Winner,1,0
2022,2022-wimbledon-1123,M,1,3,1,Set Winner,1,2
2022,2022-wimbledon-1123,M,1,3,2,Set Winner,1,1
2022,2022-wimbledon-1123,M,1,3,3,Set Winner,1,0
2022,2022-wimbledon-1123,M,1,3,1,Cumul. Set Winner,1,2
2022,2022-wimbledon-1123,M,1,3,2,Cumul. Set Winner,1,1
2022,2022-wimbledon-1123,M,1,3,3,Cumul. Set Winner,1,0
2022,2022-wimbledon-1123,M,1,3,1,Cumul. Unf. Error,1,2
2022,2022-wimbledon-1123,M,1,3,2,Cumul. Unf. Error,1,1
2022,2022-wimbledon-1123,M,1,3,3,Cumul. Unf. Error,1,0
2022,2022-wimbledon-1123,M,1,3,1,Dynamic Model,1,2
2022,2022-wimbledon-1123,M,1,3,2,Dynamic Model,1,1
2022,2022-wimbledon-1123,M,1,3,3,Dynamic Model,1,0
2022,2022-wimbledon-1125,M,1,3,1,Cumul. Point Winner,1,2
2022,2022-wimbledon-1125,M,1,3,2,Cumul. Point Winner,1,1
2022,2022-wimbledon-1125,M,1,3,3,Cumul. Point Winner,1,0
2022,2022-wimbledon-1125,M,1,3,1,Cumul. Game Winner,1,2
2022,2022-wimbledon-1125,M,1,3,2,Cumul. Game Winner,1,1
2022,2022-wimbledon-1125,M,1,3,3,Cumul. Game Winner,1,0
2022,2022-wimbledon-1125,M,1,3,1,Set Winner,1,2
2022,2022-wimbledon-1125,M,1,3,2,Set Winner,1,1
2022,2022-wimbledon-1125,M,1,3,3,Set Winner,1,0
2022,2022-wimbledon-1125,M,1,3,1,Cumul. Set Winner,1,2
2022,2022-wimbledon-1125,M,1,3,2,Cumul. Set Winner,1,1
2022,2022-wimbledon-1125,M,1,3,3,Cumul. Set Winner,1,0
2022,2022-wimbledon-1125,M,1,3,1,Cumul. Unf. Error,1,2
2022,2022-wimbledon-1125,M,1,3,2,Cumul. Unf. Error,1,1
2022,2022-wimbledon-1125,M,1,3,3,Cumul. Unf. Error,1,0
2022,2022-wimbledon-1125,M,1,3,1,Dynamic Model,1,2
2022,2022-wimbledon-1125,M,1,3,2,Dynamic Model,1,1
2022,2022-wimbledon-1125,M,1,3,3,Dynamic Model,1,0
2022,2022-wimbledon-1126,M,2,3,1,Cumul. Point Winner,2,2
2022,2022-wimbledon-1126,M,2,3,2,Cumul. Point Winner,2,1
2022,2022-wimbledon-1126,M,2,3,3,Cumul. Point Winner,2,0
2022,2022-wimbledon-1126,M,2,3,1,Cumul. Game Winner,2,2
2022,2022-wimbledon-1126,M,2,3,2,Cumul. Game Winner,2,1
2022,2022-wimbledon-1126,M,2,3,3,Cumul. Game Winner,2,0
2022,2022-wimbledon-1126,M,2,3,1,Set Winner,2,2
2022,2022-wimbledon-1126,M,2,3,2,Set Winner,2,1
2022,2022-wimbledon-1126,M,2,3,3,Set Winner,2,0
2022,2022-wimbledon-1126,M,2,3,1,Cumul. Set Winner,2,2
2022,2022-wimbledon-1126,M,2,3,2,Cumul. Set Winner,2,1
2022,2022-wimbledon-1126,M,2,3,3,Cumul. Set Winner,2,0
2022,2022-wimbledon-1126,M,2,3,1,Cumul. Unf. Error,2,2
2022,2022-wimbledon-1126,M,2,3,2,Cumul. Unf. Error,2,1
2022,2022-wimbledon-1126,M,2,3,3,Cumul. Unf. Error,2,0
2022,2022-wimbledon-1126,M,2,3,1,Dynamic Model,2,2
2022,2022-wimbledon-1126,M,2,3,2,Dynamic Model,2,1
2022,2022-wimbledon-1126,M,2,3,3,Dynamic Model,2,0
2022,2022-wimbledon-1127,M,1,3,1,Cumul. Point Winner,1,2
2022,2022-wimbledon-1127,M,1,3,2,Cumul. Point Winner,1,1
2022,2022-wimbledon-1127,M,1,3,3,Cumul. Point Winner,1,0
2022,2022-wimbledon-1127,M,1,3,1,Cumul. Game Winner,1,2
2022,2022-wimbledon-1127,M,1,3,2,Cumul. Game Winner,1,1
2022,2022-wimbledon-1127,M,1,3,3,Cumul. Game Winner,1,0
2022,2022-wimbledon-1127,M,1,3,1,Set Winner,1,2
2022,2022-wimbledon-1127,M,1,3,2,Set Winner,1,1
2022,2022-wimbledon-1127,M,1,3,3,Set Winner,1,0
2022,2022-wimbledon-1127,M,1,3,1,Cumul. Set Winner,1,2
2022,2022-wimbledon-1127,M,1,3,2,Cumul. Set Winner,1,1
2022,2022-wimbledon-1127,M,1,3,3,Cumul. Set Winner,1,0
2022,2022-wimbledon-1127,M,1,3,1,Cumul. Unf. Error,1,2
2022,2022-wimbledon-1127,M,1,3,2,Cumul. Unf. Error,1,1
2022,2022-wimbledon-1127,M,1,3,3,Cumul. Unf. Error,1,0
2022,2022-wimbledon-1127,M,1,3,1,Dynamic Model,1,2
2022,2022-wimbledon-1127,M,1,3,2,Dynamic Model,1,1
2022,2022-wimbledon-1127,M,1,3,3,Dynamic Model,1,0
2022,2022-wimbledon-1129,M,1,3,1,Cumul. Point Winner,1,2
2022,2022-wimbledon-1129,M,1,3,2,Cumul. Point Winner,1,1
2022,2022-wimbledon-1129,M,1,3,3,Cumul. Point Winner,1,0
2022,2022-wimbledon-1129,M,1,3,1,Cumul. Game Winner,1,2
2022,2022-wimbledon-1129,M,1,3,2,Cumul. Game Winner,1,1
2022,2022-wimbledon-1129,M,1,3,3,Cumul. Game Winner,1,0
2022,2022-wimbledon-1129,M,1,3,1,Set Winner,1,2
2022,2022-wimbledon-1129,M,1,3,2,Set Winner,1,1
2022,2022-wimbledon-1129,M,1,3,3,Set Winner,1,0
2022,2022-wimbledon-1129,M,1,3,1,Cumul. Set Winner,1,2
2022,2022-wimbledon-1129,M,1,3,2,Cumul. Set Winner,1,1
2022,2022-wimbledon-1129,M,1,3,3,Cumul. Set Winner,1,0
2022,2022-wimbledon-1129,M,1,3,1,Cumul. Unf. Error,1,2
2022,2022-wimbledon-1129,M,1,3,2,Cumul. Unf. Error,1,1
2022,2022-wimbledon-1129,M,1,3,3,Cumul. Unf. Error,1,0
2022,2022-wimbledon-1129,M,1,3,1,Dynamic Model,1,2
2022,2022-wimbledon-1129,M,1,3,2,Dynamic Model,1,1
2022,2022-wimbledon-1129,M,1,3,3,Dynamic Model,1,0
2022,2022-wimbledon-1130,M,1,5,1,Cumul. Point Winner,1,4
2022,2022-wimbledon-1130,M,1,5,2,Cumul. Point Winner,1,3
2022,2022-wimbledon-1130,M,1,5,3,Cumul. Point Winner,1,2
2022,2022-wimbledon-1130,M,1,5,4,Cumul. Point Winner,1,1
2022,2022-wimbledon-1130,M,1,5,5,Cumul. Point Winner,1,0
2022,2022-wimbledon-1130,M,1,5,1,Cumul. Game Winner,1,4
2022,2022-wimbledon-1130,M,1,5,2,Cumul. Game Winner,1,3
2022,2022-wimbledon-1130,M,1,5,3,Cumul. Game Winner,1,2
2022,2022-wimbledon-1130,M,1,5,4,Cumul. Game Winner,1,1
2022,2022-wimbledon-1130,M,1,5,5,Cumul. Game Winner,1,0
2022,2022-wimbledon-1130,M,1,5,1,Set Winner,1,4
2022,2022-wimbledon-1130,M,1,5,2,Set Winner,1,3
2022,2022-wimbledon-1130,M,1,5,3,Set Winner,2,2
2022,2022-wimbledon-1130,M,1,5,4,Set Winner,2,1
2022,2022-wimbledon-1130,M,1,5,5,Set Winner,1,0
2022,2022-wimbledon-1130,M,1,5,1,Cumul. Set Winner,1,4
2022,2022-wimbledon-1130,M,1,5,2,Cumul. Set Winner,1,3
2022,2022-wimbledon-1130,M,1,5,3,Cumul. Set Winner,1,2
2022,2022-wimbledon-1130,M,1,5,4,Cumul. Set Winner,1,1
2022,2022-wimbledon-1130,M,1,5,5,Cumul. Set Winner,1,0
2022,2022-wimbledon-1130,M,1,5,1,Cumul. Unf. Error,1,4
2022,2022-wimbledon-1130,M,1,5,2,Cumul. Unf. Error,1,3
2022,2022-wimbledon-1130,M,1,5,3,Cumul. Unf. Error,2,2
2022,2022-wimbledon-1130,M,1,5,4,Cumul. Unf. Error,2,1
2022,2022-wimbledon-1130,M,1,5,5,Cumul. Unf. Error,2,0
2022,2022-wimbledon-1130,M,1,5,1,Dynamic Model,1,4
2022,2022-wimbledon-1130,M,1,5,2,Dynamic Model,1,3
2022,2022-wimbledon-1130,M,1,5,3,Dynamic Model,1,2
2022,2022-wimbledon-1130,M,1,5,4,Dynamic Model,2,1
2022,2022-wimbledon-1130,M,1,5,5,Dynamic Model,1,0
2022,2022-wimbledon-1131,M,2,3,1,Cumul. Point Winner,2,2
2022,2022-wimbledon-1131,M,2,3,2,Cumul. Point Winner,2,1
2022,2022-wimbledon-1131,M,2,3,3,Cumul. Point Winner,2,0
2022,2022-wimbledon-1131,M,2,3,1,Cumul. Game Winner,2,2
2022,2022-wimbledon-1131,M,2,3,2,Cumul. Game Winner,2,1
2022,2022-wimbledon-1131,M,2,3,3,Cumul. Game Winner,2,0
2022,2022-wimbledon-1131,M,2,3,1,Set Winner,2,2
2022,2022-wimbledon-1131,M,2,3,2,Set Winner,2,1
2022,2022-wimbledon-1131,M,2,3,3,Set Winner,2,0
2022,2022-wimbledon-1131,M,2,3,1,Cumul. Set Winner,2,2
2022,2022-wimbledon-1131,M,2,3,2,Cumul. Set Winner,2,1
2022,2022-wimbledon-1131,M,2,3,3,Cumul. Set Winner,2,0
2022,2022-wimbledon-1131,M,2,3,1,Cumul. Unf. Error,1,2
2022,2022-wimbledon-1131,M,2,3,2,Cumul. Unf. Error,1,1
2022,2022-wimbledon-1131,M,2,3,3,Cumul. Unf. Error,1,0
2022,2022-wimbledon-1131,M,2,3,1,Dynamic Model,2,2
2022,2022-wimbledon-1131,M,2,3,2,Dynamic Model,2,1
2022,2022-wimbledon-1131,M,2,3,3,Dynamic Model,2,0
2022,2022-wimbledon-1132,M,1,5,1,Cumul. Point Winner,1,4
2022,2022-wimbledon-1132,M,1,5,2,Cumul. Point Winner,1,3
2022,2022-wimbledon-1132,M,1,5,3,Cumul. Point Winner,1,2
2022,2022-wimbledon-1132,M,1,5,4,Cumul. Point Winner,2,1
2022,2022-wimbledon-1132,M,1,5,5,Cumul. Point Winner,2,0
2022,2022-wimbledon-1132,M,1,5,1,Cumul. Game Winner,1,4
2022,2022-wimbledon-1132,M,1,5,2,Cumul. Game Winner,1,3
2022,2022-wimbledon-1132,M,1,5,3,Cumul. Game Winner,1,2
2022,2022-wimbledon-1132,M,1,5,4,Cumul. Game Winner,2,1
2022,2022-wimbledon-1132,M,1,5,5,Cumul. Game Winner,2,0
2022,2022-wimbledon-1132,M,1,5,1,Set Winner,1,4
2022,2022-wimbledon-1132,M,1,5,2,Set Winner,1,3
2022,2022-wimbledon-1132,M,1,5,3,Set Winner,2,2
2022,2022-wimbledon-1132,M,1,5,4,Set Winner,2,1
2022,2022-wimbledon-1132,M,1,5,5,Set Winner,1,0
2022,2022-wimbledon-1132,M,1,5,1,Cumul. Set Winner,1,4
2022,2022-wimbledon-1132,M,1,5,2,Cumul. Set Winner,1,3
2022,2022-wimbledon-1132,M,1,5,3,Cumul. Set Winner,1,2
2022,2022-wimbledon-1132,M,1,5,4,Cumul. Set Winner,1,1
2022,2022-wimbledon-1132,M,1,5,5,Cumul. Set Winner,1,0
2022,2022-wimbledon-1132,M,1,5,1,Cumul. Unf. Error,1,4
2022,2022-wimbledon-1132,M,1,5,2,Cumul. Unf. Error,1,3
2022,2022-wimbledon-1132,M,1,5,3,Cumul. Unf. Error,1,2
2022,2022-wimbledon-1132,M,1,5,4,Cumul. Unf. Error,1,1
2022,2022-wimbledon-1132,M,1,5,5,Cumul. Unf. Error,1,0
2022,2022-wimbledon-1132,M,1,5,1,Dynamic Model,1,4
2022,2022-wimbledon-1132,M,1,5,2,Dynamic Model,1,3
2022,2022-wimbledon-1132,M,1,5,3,Dynamic Model,1,2
2022,2022-wimbledon-1132,M,1,5,4,Dynamic Model,1,1
2022,2022-wimbledon-1132,M,1,5,5,Dynamic Model,1,0
2022,2022-wimbledon-1133,M,2,3,1,Cumul. Point Winner,2,2
2022,2022-wimbledon-1133,M,2,3,2,Cumul. Point Winner,2,1
2022,2022-wimbledon-1133,M,2,3,3,Cumul. Point Winner,2,0
2022,2022-wimbledon-1133,M,2,3,1,Cumul. Game Winner,2,2
2022,2022-wimbledon-1133,M,2,3,2,Cumul. Game Winner,2,1
2022,2022-wimbledon-1133,M,2,3,3,Cumul. Game Winner,2,0
2022,2022-wimbledon-1133,M,2,3,1,Set Winner,2,2
2022,2022-wimbledon-1133,M,2,3,2,Set Winner,2,1
2022,2022-wimbledon-1133,M,2,3,3,Set Winner,2,0
2022,2022-wimbledon-1133,M,2,3,1,Cumul. Set Winner,2,2
2022,2022-wimbledon-1133,M,2,3,2,Cumul. Set Winner,2,1
2022,2022-wimbledon-1133,M,2,3,3,Cumul. Set Winner,2,0
2022,2022-wimbledon-1133,M,2,3,1,Cumul. Unf. Error,2,2
2022,2022-wimbledon-1133,M,2,3,2,Cumul. Unf. Error,2,1
2022,2022-wimbledon-1133,M,2,3,3,Cumul. Unf. Error,2,0
2022,2022-wimbledon-1133,M,2,3,1,Dynamic Model,2,2
2022,2022-wimbledon-1133,M,2,3,2,Dynamic Model,2,1
2022,2022-wimbledon-1133,M,2,3,3,Dynamic Model,2,0
2022,2022-wimbledon-1134,M,2,5,1,Cumul. Point Winner,2,4
2022,2022-wimbledon-1134,M,2,5,2,Cumul. Point Winner,2,3
2022,2022-wimbledon-1134,M,2,5,3,Cumul. Point Winner,2,2
2022,2022-wimbledon-1134,M,2,5,4,Cumul. Point Winner,2,1
2022,2022-wimbledon-1134,M,2,5,5,Cumul. Point Winner,2,0
2022,2022-wimbledon-1134,M,2,5,1,Cumul. Game Winner,2,4
2022,2022-wimbledon-1134,M,2,5,2,Cumul. Game Winner,2,3
2022,2022-wimbledon-1134,M,2,5,3,Cumul. Game Winner,2,2
2022,2022-wimbledon-1134,M,2,5,4,Cumul. Game Winner,1,1
2022,2022-wimbledon-1134,M,2,5,5,Cumul. Game Winner,2,0
2022,2022-wimbledon-1134,M,2,5,1,Set Winner,2,4
2022,2022-wimbledon-1134,M,2,5,2,Set Winner,2,3
2022,2022-wimbledon-1134,M,2,5,3,Set Winner,1,2
2022,2022-wimbledon-1134,M,2,5,4,Set Winner,1,1
2022,2022-wimbledon-1134,M,2,5,5,Set Winner,2,0
2022,2022-wimbledon-1134,M,2,5,1,Cumul. Set Winner,2,4
2022,2022-wimbledon-1134,M,2,5,2,Cumul. Set Winner,2,3
2022,2022-wimbledon-1134,M,2,5,3,Cumul. Set Winner,2,2
2022,2022-wimbledon-1134,M,2,5,4,Cumul. Set Winner,2,1
2022,2022-wimbledon-1134,M,2,5,5,Cumul. Set Winner,2,0
2022,2022-wimbledon-1134,M,2,5,1,Cumul. Unf. Error,2,4
2022,2022-wimbledon-1134,M,2,5,2,Cumul. Unf. Error,2,3
2022,2022-wimbledon-1134,M,2,5,3,Cumul. Unf. Error,2,2
2022,2022-wimbledon-1134,M,2,5,4,Cumul. Unf. Error,2,1
2022,2022-wimbledon-1134,M,2,5,5,Cumul. Unf. Error,2,0
2022,2022-wimbledon-1134,M,2,5,1,Dynamic Model,2,4
2022,2022-wimbledon-1134,M,2,5,2,Dynamic Model,2,3
2022,2022-wimbledon-1134,M,2,5,3,Dynamic Model,2,2
2022,2022-wimbledon-1134,M,2,5,4,Dynamic Model,2,1
2022,2022-wimbledon-1134,M,2,5,5,Dynamic Model,2,0
2022,2022-wimbledon-1135,M,2,3,1,Cumul. Point Winner,2,2
2022,2022-wimbledon-1135,M,2,3,2,Cumul. Point Winner,2,1
2022,2022-wimbledon-1135,M,2,3,3,Cumul. Point Winner,2,0
2022,2022-wimbledon-1135,M,2,3,1,Cumul. Game Winner,2,2
2022,2022-wimbledon-1135,M,2,3,2,Cumul. Game Winner,2,1
2022,2022-wimbledon-1135,M,2,3,3,Cumul. Game Winner,2,0
2022,2022-wimbledon-1135,M,2,3,1,Set Winner,2,2
2022,2022-wimbledon-1135,M,2,3,2,Set Winner,2,1
2022,2022-wimbledon-1135,M,2,3,3,Set Winner,2,0
2022,2022-wimbledon-1135,M,2,3,1,Cumul. Set Winner,2,2
2022,2022-wimbledon-1135,M,2,3,2,Cumul. Set Winner,2,1
2022,2022-wimbledon-1135,M,2,3,3,Cumul. Set Winner,2,0
2022,2022-wimbledon-1135,M,2,3,1,Cumul. Unf. Error,2,2
2022,2022-wimbledon-1135,M,2,3,2,Cumul. Unf. Error,2,1
2022,2022-wimbledon-1135,M,2,3,3,Cumul. Unf. Error,2,0
2022,2022-wimbledon-1135,M,2,3,1,Dynamic Model,2,2
2022,2022-wimbledon-1135,M,2,3,2,Dynamic Model,2,1
2022,2022-wimbledon-1135,M,2,3,3,Dynamic Model,2,0
2022,2022-wimbledon-1136,M,2,3,1,Cumul. Point Winner,2,2
2022,2022-wimbledon-1136,M,2,3,2,Cumul. Point Winner,2,1
2022,2022-wimbledon-1136,M,2,3,3,Cumul. Point Winner,2,0
2022,2022-wimbledon-1136,M,2,3,1,Cumul. Game Winner,2,2
2022,2022-wimbledon-1136,M,2,3,2,Cumul. Game Winner,2,1
2022,2022-wimbledon-1136,M,2,3,3,Cumul. Game Winner,2,0
2022,2022-wimbledon-1136,M,2,3,1,Set Winner,2,2
2022,2022-wimbledon-1136,M,2,3,2,Set Winner,2,1
2022,2022-wimbledon-1136,M,2,3,3,Set Winner,2,0
2022,2022-wimbledon-1136,M,2,3,1,Cumul. Set Winner,2,2
2022,2022-wimbledon-1136,M,2,3,2,Cumul. Set Winner,2,1
2022,2022-wimbledon-1136,M,2,3,3,Cumul. Set Winner,2,0
2022,2022-wimbledon-1136,M,2,3,1,Cumul. Unf. Error,2,2
2022,2022-wimbledon-1136,M,2,3,2,Cumul. Unf. Error,2,1
2022,2022-wimbledon-1136,M,2,3,3,Cumul. Unf. Error,2,0
2022,2022-wimbledon-1136,M,2,3,1,Dynamic Model,2,2
2022,2022-wimbledon-1136,M,2,3,2,Dynamic Model,2,1
2022,2022-wimbledon-1136,M,2,3,3,Dynamic Model,2,0
2022,2022-wimbledon-1137,M,1,3,1,Cumul. Point Winner,1,2
2022,2022-wimbledon-1137,M,1,3,2,Cumul. Point Winner,1,1
2022,2022-wimbledon-1137,M,1,3,3,Cumul. Point Winner,1,0
2022,2022-wimbledon-1137,M,1,3,1,Cumul. Game Winner,1,2
2022,2022-wimbledon-1137,M,1,3,2,Cumul. Game Winner,1,1
2022,2022-wimbledon-1137,M,1,3,3,Cumul. Game Winner,1,0
2022,2022-wimbledon-1137,M,1,3,1,Set Winner,1,2
2022,2022-wimbledon-1137,M,1,3,2,Set Winner,1,1
2022,2022-wimbledon-1137,M,1,3,3,Set Winner,1,0
2022,2022-wimbledon-1137,M,1,3,1,Cumul. Set Winner,1,2
2022,2022-wimbledon-1137,M,1,3,2,Cumul. Set Winner,1,1
2022,2022-wimbledon-1137,M,1,3,3,Cumul. Set Winner,1,0
2022,2022-wimbledon-1137,M,1,3,1,Cumul. Unf. Error,1,2
2022,2022-wimbledon-1137,M,1,3,2,Cumul. Unf. Error,1,1
2022,2022-wimbledon-1137,M,1,3,3,Cumul. Unf. Error,1,0
2022,2022-wimbledon-1137,M,1,3,1,Dynamic Model,1,2
2022,2022-wimbledon-1137,M,1,3,2,Dynamic Model,1,1
2022,2022-wimbledon-1137,M,1,3,3,Dynamic Model,1,0
2022,2022-wimbledon-1138,M,2,3,1,Cumul. Point Winner,2,2
2022,2022-wimbledon-1138,M,2,3,2,Cumul. Point Winner,2,1
2022,2022-wimbledon-1138,M,2,3,3,Cumul. Point Winner,2,0
2022,2022-wimbledon-1138,M,2,3,1,Cumul. Game Winner,2,2
2022,2022-wimbledon-1138,M,2,3,2,Cumul. Game Winner,2,1
2022,2022-wimbledon-1138,M,2,3,3,Cumul. Game Winner,2,0
2022,2022-wimbledon-1138,M,2,3,1,Set Winner,2,2
2022,2022-wimbledon-1138,M,2,3,2,Set Winner,2,1
2022,2022-wimbledon-1138,M,2,3,3,Set Winner,2,0
2022,2022-wimbledon-1138,M,2,3,1,Cumul. Set Winner,2,2
2022,2022-wimbledon-1138,M,2,3,2,Cumul. Set Winner,2,1
2022,2022-wimbledon-1138,M,2,3,3,Cumul. Set Winner,2,0
2022,2022-wimbledon-1138,M,2,3,1,Cumul. Unf. Error,2,2
2022,2022-wimbledon-1138,M,2,3,2,Cumul. Unf. Error,2,1
2022,2022-wimbledon-1138,M,2,3,3,Cumul. Unf. Error,2,0
2022,2022-wimbledon-1138,M,2,3,1,Dynamic Model,2,2
2022,2022-wimbledon-1138,M,2,3,2,Dynamic Model,2,1
2022,2022-wimbledon-1138,M,2,3,3,Dynamic Model,2,0
2022,2022-wimbledon-1139,M,1,5,1,Cumul. Point Winner,2,4
2022,2022-wimbledon-1139,M,1,5,2,Cumul. Point Winner,2,3
2022,2022-wimbledon-1139,M,1,5,3,Cumul. Point Winner,2,2
2022,2022-wimbledon-1139,M,1,5,4,Cumul. Point Winner,2,1
2022,2022-wimbledon-1139,M,1,5,5,Cumul. Point Winner,1,0
2022,2022-wimbledon-1139,M,1,5,1,Cumul. Game Winner,2,4
2022,2022-wimbledon-1139,M,1,5,2,Cumul. Game Winner,1,3
2022,2022-wimbledon-1139,M,1,5,3,Cumul. Game Winner,1,2
2022,2022-wimbledon-1139,M,1,5,4,Cumul. Game Winner,1,1
2022,2022-wimbledon-1139,M,1,5,5,Cumul. Game Winner,1,0
2022,2022-wimbledon-1139,M,1,5,1,Set Winner,2,4
2022,2022-wimbledon-1139,M,1,5,2,Set Winner,1,3
2022,2022-wimbledon-1139,M,1,5,3,Set Winner,1,2
2022,2022-wimbledon-1139,M,1,5,4,Set Winner,2,1
2022,2022-wimbledon-1139,M,1,5,5,Set Winner,1,0
2022,2022-wimbledon-1139,M,1,5,1,Cumul. Set Winner,2,4
2022,2022-wimbledon-1139,M,1,5,2,Cumul. Set Winner,2,3
2022,2022-wimbledon-1139,M,1,5,3,Cumul. Set Winner,1,2
2022,2022-wimbledon-1139,M,1,5,4,Cumul. Set Winner,1,1
2022,2022-wimbledon-1139,M,1,5,5,Cumul. Set Winner,1,0
2022,2022-wimbledon-1139,M,1,5,1,Cumul. Unf. Error,2,4
2022,2022-wimbledon-1139,M,1,5,2,Cumul. Unf. Error,2,3
2022,2022-wimbledon-1139,M,1,5,3,Cumul. Unf. Error,2,2
2022,2022-wimbledon-1139,M,1,5,4,Cumul. Unf. Error,2,1
2022,2022-wimbledon-1139,M,1,5,5,Cumul. Unf. Error,1,0
2022,2022-wimbledon-1139,M,1,5,1,Dynamic Model,2,4
2022,2022-wimbledon-1139,M,1,5,2,Dynamic Model,2,3
2022,2022-wimbledon-1139,M,1,5,3,Dynamic Model,2,2
2022,2022-wimbledon-1139,M,1,5,4,Dynamic Model,2,1
2022,2022-wimbledon-1139,M,1,5,5,Dynamic Model,1,0
2022,2022-wimbledon-1140,M,2,3,1,Cumul. Point Winner,2,2
2022,2022-wimbledon-1140,M,2,3,2,Cumul. Point Winner,2,1
2022,2022-wimbledon-1140,M,2,3,3,Cumul. Point Winner,2,0
2022,2022-wimbledon-1140,M,2,3,1,Cumul. Game Winner,2,2
2022,2022-wimbledon-1140,M,2,3,2,Cumul. Game Winner,2,1
2022,2022-wimbledon-1140,M,2,3,3,Cumul. Game Winner,2,0
2022,2022-wimbledon-1140,M,2,3,1,Set Winner,2,2
2022,2022-wimbledon-1140,M,2,3,2,Set Winner,2,1
2022,2022-wimbledon-1140,M,2,3,3,Set Winner,2,0
2022,2022-wimbledon-1140,M,2,3,1,Cumul. Set Winner,2,2
2022,2022-wimbledon-1140,M,2,3,2,Cumul. Set Winner,2,1
2022,2022-wimbledon-1140,M,2,3,3,Cumul. Set Winner,2,0
2022,2022-wimbledon-1140,M,2,3,1,Cumul. Unf. Error,2,2
2022,2022-wimbledon-1140,M,2,3,2,Cumul. Unf. Error,2,1
2022,2022-wimbledon-1140,M,2,3,3,Cumul. Unf. Error,1,0
2022,2022-wimbledon-1140,M,2,3,1,Dynamic Model,2,2
2022,2022-wimbledon-1140,M,2,3,2,Dynamic Model,2,1
2022,2022-wimbledon-1140,M,2,3,3,Dynamic Model,2,0
2022,2022-wimbledon-1141,M,1,5,1,Cumul. Point Winner,1,4
2022,2022-wimbledon-1141,M,1,5,2,Cumul. Point Winner,1,3
2022,2022-wimbledon-1141,M,1,5,3,Cumul. Point Winner,1,2
2022,2022-wimbledon-1141,M,1,5,4,Cumul. Point Winner,1,1
2022,2022-wimbledon-1141,M,1,5,5,Cumul. Point Winner,1,0
2022,2022-wimbledon-1141,M,1,5,1,Cumul. Game Winner,1,4
2022,2022-wimbledon-1141,M,1,5,2,Cumul. Game Winner,1,3
2022,2022-wimbledon-1141,M,1,5,3,Cumul. Game Winner,1,2
2022,2022-wimbledon-1141,M,1,5,4,Cumul. Game Winner,1,1
2022,2022-wimbledon-1141,M,1,5,5,Cumul. Game Winner,1,0
2022,2022-wimbledon-1141,M,1,5,1,Set Winner,1,4
2022,2022-wimbledon-1141,M,1,5,2,Set Winner,2,3
2022,2022-wimbledon-1141,M,1,5,3,Set Winner,2,2
2022,2022-wimbledon-1141,M,1,5,4,Set Winner,1,1
2022,2022-wimbledon-1141,M,1,5,5,Set Winner,1,0
2022,2022-wimbledon-1141,M,1,5,1,Cumul. Set Winner,1,4
2022,2022-wimbledon-1141,M,1,5,2,Cumul. Set Winner,1,3
2022,2022-wimbledon-1141,M,1,5,3,Cumul. Set Winner,2,2
2022,2022-wimbledon-1141,M,1,5,4,Cumul. Set Winner,2,1
2022,2022-wimbledon-1141,M,1,5,5,Cumul. Set Winner,1,0
2022,2022-wimbledon-1141,M,1,5,1,Cumul. Unf. Error,1,4
2022,2022-wimbledon-1141,M,1,5,2,Cumul. Unf. Error,1,3
2022,2022-wimbledon-1141,M,1,5,3,Cumul. Unf. Error,1,2
2022,2022-wimbledon-1141,M,1,5,4,Cumul. Unf. Error,1,1
2022,2022-wimbledon-1141,M,1,5,5,Cumul. Unf. Error,1,0
2022,2022-wimbledon-1141,M,1,5,1,Dynamic Model,1,4
2022,2022-wimbledon-1141,M,1,5,2,Dynamic Model,1,3
2022,2022-wimbledon-1141,M,1,5,3,Dynamic Model,1,2
2022,2022-wimbledon-1141,M,1,5,4,Dynamic Model,1,1
2022,2022-wimbledon-1141,M,1,5,5,Dynamic Model,1,0
2022,2022-wimbledon-1142,M,1,4,1,Cumul. Point Winner,1,3
2022,2022-wimbledon-1142,M,1,4,2,Cumul. Point Winner,1,2
2022,2022-wimbledon-1142,M,1,4,3,Cumul. Point Winner,1,1
2022,2022-wimbledon-1142,M,1,4,4,Cumul. Point Winner,1,0
2022,2022-wimbledon-1142,M,1,4,1,Cumul. Game Winner,1,3
2022,2022-wimbledon-1142,M,1,4,2,Cumul. Game Winner,1,2
2022,2022-wimbledon-1142,M,1,4,3,Cumul. Game Winner,1,1
2022,2022-wimbledon-1142,M,1,4,4,Cumul. Game Winner,1,0
2022,2022-wimbledon-1142,M,1,4,1,Set Winner,1,3
2022,2022-wimbledon-1142,M,1,4,2,Set Winner,2,2
2022,2022-wimbledon-1142,M,1,4,3,Set Winner,1,1
2022,2022-wimbledon-1142,M,1,4,4,Set Winner,1,0
2022,2022-wimbledon-1142,M,1,4,1,Cumul. Set Winner,1,3
2022,2022-wimbledon-1142,M,1,4,2,Cumul. Set Winner,1,2
2022,2022-wimbledon-1142,M,1,4,3,Cumul. Set Winner,1,1
2022,2022-wimbledon-1142,M,1,4,4,Cumul. Set Winner,1,0
2022,2022-wimbledon-1142,M,1,4,1,Cumul. Unf. Error,1,3
2022,2022-wimbledon-1142,M,1,4,2,Cumul. Unf. Error,2,2
2022,2022-wimbledon-1142,M,1,4,3,Cumul. Unf. Error,2,1
2022,2022-wimbledon-1142,M,1,4,4,Cumul. Unf. Error,2,0
2022,2022-wimbledon-1142,M,1,4,1,Dynamic Model,1,3
2022,2022-wimbledon-1142,M,1,4,2,Dynamic Model,1,2
2022,2022-wimbledon-1142,M,1,4,3,Dynamic Model,1,1
2022,2022-wimbledon-1142,M,1,4,4,Dynamic Model,1,0
2022,2022-wimbledon-1143,M,1,3,1,Cumul. Point Winner,1,2
2022,2022-wimbledon-1143,M,1,3,2,Cumul. Point Winner,1,1
2022,2022-wimbledon-1143,M,1,3,3,Cumul. Point Winner,1,0
2022,2022-wimbledon-1143,M,1,3,1,Cumul. Game Winner,1,2
2022,2022-wimbledon-1143,M,1,3,2,Cumul. Game Winner,1,1
2022,2022-wimbledon-1143,M,1,3,3,Cumul. Game Winner,1,0
2022,2022-wimbledon-1143,M,1,3,1,Set Winner,1,2
2022,2022-wimbledon-1143,M,1,3,2,Set Winner,1,1
2022,2022-wimbledon-1143,M,1,3,3,Set Winner,1,0
2022,2022-wimbledon-1143,M,1,3,1,Cumul. Set Winner,1,2
2022,2022-wimbledon-1143,M,1,3,2,Cumul. Set Winner,1,1
2022,2022-wimbledon-1143,M,1,3,3,Cumul. Set Winner,1,0
2022,2022-wimbledon-1143,M,1,3,1,Cumul. Unf. Error,1,2
2022,2022-wimbledon-1143,M,1,3,2,Cumul. Unf. Error,1,1
2022,2022-wimbledon-1143,M,1,3,3,Cumul. Unf. Error,1,0
2022,2022-wimbledon-1143,M,1,3,1,Dynamic Model,1,2
2022,2022-wimbledon-1143,M,1,3,2,Dynamic Model,1,1
2022,2022-wimbledon-1143,M,1,3,3,Dynamic Model,1,0
2022,2022-wimbledon-1144,M,2,3,1,Cumul. Point Winner,2,2
2022,2022-wimbledon-1144,M,2,3,2,Cumul. Point Winner,2,1
2022,2022-wimbledon-1144,M,2,3,3,Cumul. Point Winner,2,0
2022,2022-wimbledon-1144,M,2,3,1,Cumul. Game Winner,2,2
2022,2022-wimbledon-1144,M,2,3,2,Cumul. Game Winner,2,1
2022,2022-wimbledon-1144,M,2,3,3,Cumul. Game Winner,2,0
2022,2022-wimbledon-1144,M,2,3,1,Set Winner,2,2
2022,2022-wimbledon-1144,M,2,3,2,Set Winner,2,1
2022,2022-wimbledon-1144,M,2,3,3,Set Winner,2,0
2022,2022-wimbledon-1144,M,2,3,1,Cumul. Set Winner,2,2
2022,2022-wimbledon-1144,M,2,3,2,Cumul. Set Winner,2,1
2022,2022-wimbledon-1144,M,2,3,3,Cumul. Set Winner,2,0
2022,2022-wimbledon-1144,M,2,3,1,Cumul. Unf. Error,2,2
2022,2022-wimbledon-1144,M,2,3,2,Cumul. Unf. Error,2,1
2022,2022-wimbledon-1144,M,2,3,3,Cumul. Unf. Error,2,0
2022,2022-wimbledon-1144,M,2,3,1,Dynamic Model,2,2
2022,2022-wimbledon-1144,M,2,3,2,Dynamic Model,2,1
2022,2022-wimbledon-1144,M,2,3,3,Dynamic Model,2,0
2022,2022-wimbledon-1145,M,1,5,1,Cumul. Point Winner,2,4
2022,2022-wimbledon-1145,M,1,5,2,Cumul. Point Winner,2,3
2022,2022-wimbledon-1145,M,1,5,3,Cumul. Point Winner,2,2
2022,2022-wimbledon-1145,M,1,5,4,Cumul. Point Winner,2,1
2022,2022-wimbledon-1145,M,1,5,5,Cumul. Point Winner,2,0
2022,2022-wimbledon-1145,M,1,5,1,Cumul. Game Winner,2,4
2022,2022-wimbledon-1145,M,1,5,2,Cumul. Game Winner,2,3
2022,2022-wimbledon-1145,M,1,5,3,Cumul. Game Winner,2,2
2022,2022-wimbledon-1145,M,1,5,4,Cumul. Game Winner,2,1
2022,2022-wimbledon-1145,M,1,5,5,Cumul. Game Winner,1,0
2022,2022-wimbledon-1145,M,1,5,1,Set Winner,2,4
2022,2022-wimbledon-1145,M,1,5,2,Set Winner,1,3
2022,2022-wimbledon-1145,M,1,5,3,Set Winner,2,2
2022,2022-wimbledon-1145,M,1,5,4,Set Winner,1,1
2022,2022-wimbledon-1145,M,1,5,5,Set Winner,1,0
2022,2022-wimbledon-1145,M,1,5,1,Cumul. Set Winner,2,4
2022,2022-wimbledon-1145,M,1,5,2,Cumul. Set Winner,2,3
2022,2022-wimbledon-1145,M,1,5,3,Cumul. Set Winner,2,2
2022,2022-wimbledon-1145,M,1,5,4,Cumul. Set Winner,2,1
2022,2022-wimbledon-1145,M,1,5,5,Cumul. Set Winner,1,0
2022,2022-wimbledon-1145,M,1,5,1,Cumul. Unf. Error,2,4
2022,2022-wimbledon-1145,M,1,5,2,Cumul. Unf. Error,2,3
2022,2022-wimbledon-1145,M,1,5,3,Cumul. Unf. Error,2,2
2022,2022-wimbledon-1145,M,1,5,4,Cumul. Unf. Error,2,1
2022,2022-wimbledon-1145,M,1,5,5,Cumul. Unf. Error,2,0
2022,2022-wimbledon-1145,M,1,5,1,Dynamic Model,2,4
2022,2022-wimbledon-1145,M,1,5,2,Dynamic Model,2,3
2022,2022-wimbledon-1145,M,1,5,3,Dynamic Model,2,2
2022,2022-wimbledon-1145,M,1,5,4,Dynamic Model,2,1
2022,2022-wimbledon-1145,M,1,5,5,Dynamic Model,2,0
2022,2022-wimbledon-1146,M,2,5,1,Cumul. Point Winner,1,4
2022,2022-wimbledon-1146,M,2,5,2,Cumul. Point Winner,2,3
2022,2022-wimbledon-1146,M,2,5,3,Cumul. Point Winner,2,2
2022,2022-wimbledon-1146,M,2,5,4,Cumul. Point Winner,2,1
2022,2022-wimbledon-1146,M,2,5,5,Cumul. Point Winner,2,0
2022,2022-wimbledon-1146,M,2,5,1,Cumul. Game Winner,1,4
2022,2022-wimbledon-1146,M,2,5,2,Cumul. Game Winner,2,3
2022,2022-wimbledon-1146,M,2,5,3,Cumul. Game Winner,2,2
2022,2022-wimbledon-1146,M,2,5,4,Cumul. Game Winner,2,1
2022,2022-wimbledon-1146,M,2,5,5,Cumul. Game Winner,2,0
2022,2022-wimbledon-1146,M,2,5,1,Set Winner,1,4
2022,2022-wimbledon-1146,M,2,5,2,Set Winner,2,3
2022,2022-wimbledon-1146,M,2,5,3,Set Winner,2,2
2022,2022-wimbledon-1146,M,2,5,4,Set Winner,1,1
2022,2022-wimbledon-1146,M,2,5,5,Set Winner,2,0
2022,2022-wimbledon-1146,M,2,5,1,Cumul. Set Winner,1,4
2022,2022-wimbledon-1146,M,2,5,2,Cumul. Set Winner,1,3
2022,2022-wimbledon-1146,M,2,5,3,Cumul. Set Winner,2,2
2022,2022-wimbledon-1146,M,2,5,4,Cumul. Set Winner,2,1
2022,2022-wimbledon-1146,M,2,5,5,Cumul. Set Winner,2,0
2022,2022-wimbledon-1146,M,2,5,1,Cumul. Unf. Error,1,4
2022,2022-wimbledon-1146,M,2,5,2,Cumul. Unf. Error,1,3
2022,2022-wimbledon-1146,M,2,5,3,Cumul. Unf. Error,1,2
2022,2022-wimbledon-1146,M,2,5,4,Cumul. Unf. Error,1,1
2022,2022-wimbledon-1146,M,2,5,5,Cumul. Unf. Error,1,0
2022,2022-wimbledon-1146,M,2,5,1,Dynamic Model,1,4
2022,2022-wimbledon-1146,M,2,5,2,Dynamic Model,2,3
2022,2022-wimbledon-1146,M,2,5,3,Dynamic Model,2,2
2022,2022-wimbledon-1146,M,2,5,4,Dynamic Model,2,1
2022,2022-wimbledon-1146,M,2,5,5,Dynamic Model,2,0
2022,2022-wimbledon-1147,M,2,3,1,Cumul. Point Winner,2,2
2022,2022-wimbledon-1147,M,2,3,2,Cumul. Point Winner,2,1
2022,2022-wimbledon-1147,M,2,3,3,Cumul. Point Winner,2,0
2022,2022-wimbledon-1147,M,2,3,1,Cumul. Game Winner,2,2
2022,2022-wimbledon-1147,M,2,3,2,Cumul. Game Winner,2,1
2022,2022-wimbledon-1147,M,2,3,3,Cumul. Game Winner,2,0
2022,2022-wimbledon-1147,M,2,3,1,Set Winner,2,2
2022,2022-wimbledon-1147,M,2,3,2,Set Winner,2,1
2022,2022-wimbledon-1147,M,2,3,3,Set Winner,2,0
2022,2022-wimbledon-1147,M,2,3,1,Cumul. Set Winner,2,2
2022,2022-wimbledon-1147,M,2,3,2,Cumul. Set Winner,2,1
2022,2022-wimbledon-1147,M,2,3,3,Cumul. Set Winner,2,0
2022,2022-wimbledon-1147,M,2,3,1,Cumul. Unf. Error,2,2
2022,2022-wimbledon-1147,M,2,3,2,Cumul. Unf. Error,2,1
2022,2022-wimbledon-1147,M,2,3,3,Cumul. Unf. Error,2,0
2022,2022-wimbledon-1147,M,2,3,1,Dynamic Model,2,2
2022,2022-wimbledon-1147,M,2,3,2,Dynamic Model,2,1
2022,2022-wimbledon-1147,M,2,3,3,Dynamic Model,2,0
2022,2022-wimbledon-1148,M,2,4,1,Cumul. Point Winner,2,3
2022,2022-wimbledon-1148,M,2,4,2,Cumul. Point Winner,2,2
2022,2022-wimbledon-1148,M,2,4,3,Cumul. Point Winner,2,1
2022,2022-wimbledon-1148,M,2,4,4,Cumul. Point Winner,2,0
2022,2022-wimbledon-1148,M,2,4,1,Cumul. Game Winner,2,3
2022,2022-wimbledon-1148,M,2,4,2,Cumul. Game Winner,2,2
2022,2022-wimbledon-1148,M,2,4,3,Cumul. Game Winner,2,1
2022,2022-wimbledon-1148,M,2,4,4,Cumul. Game Winner,2,0
2022,2022-wimbledon-1148,M,2,4,1,Set Winner,2,3
2022,2022-wimbledon-1148,M,2,4,2,Set Winner,2,2
2022,2022-wimbledon-1148,M,2,4,3,Set Winner,1,1
2022,2022-wimbledon-1148,M,2,4,4,Set Winner,2,0
2022,2022-wimbledon-1148,M,2,4,1,Cumul. Set Winner,2,3
2022,2022-wimbledon-1148,M,2,4,2,Cumul. Set Winner,2,2
2022,2022-wimbledon-1148,M,2,4,3,Cumul. Set Winner,2,1
2022,2022-wimbledon-1148,M,2,4,4,Cumul. Set Winner,2,0
2022,2022-wimbledon-1148,M,2,4,1,Cumul. Unf. Error,2,3
2022,2022-wimbledon-1148,M,2,4,2,Cumul. Unf. Error,2,2
2022,2022-wimbledon-1148,M,2,4,3,Cumul. Unf. Error,2,1
2022,2022-wimbledon-1148,M,2,4,4,Cumul. Unf. Error,2,0
2022,2022-wimbledon-1148,M,2,4,1,Dynamic Model,2,3
2022,2022-wimbledon-1148,M,2,4,2,Dynamic Model,2,2
2022,2022-wimbledon-1148,M,2,4,3,Dynamic Model,2,1
2022,2022-wimbledon-1148,M,2,4,4,Dynamic Model,2,0
2022,2022-wimbledon-1149,M,2,4,1,Cumul. Point Winner,1,3
2022,2022-wimbledon-1149,M,2,4,2,Cumul. Point Winner,2,2
2022,2022-wimbledon-1149,M,2,4,3,Cumul. Point Winner,2,1
2022,2022-wimbledon-1149,M,2,4,4,Cumul. Point Winner,2,0
2022,2022-wimbledon-1149,M,2,4,1,Cumul. Game Winner,1,3
2022,2022-wimbledon-1149,M,2,4,2,Cumul. Game Winner,2,2
2022,2022-wimbledon-1149,M,2,4,3,Cumul. Game Winner,2,1
2022,2022-wimbledon-1149,M,2,4,4,Cumul. Game Winner,2,0
2022,2022-wimbledon-1149,M,2,4,1,Set Winner,1,3
2022,2022-wimbledon-1149,M,2,4,2,Set Winner,2,2
2022,2022-wimbledon-1149,M,2,4,3,Set Winner,2,1
2022,2022-wimbledon-1149,M,2,4,4,Set Winner,2,0
2022,2022-wimbledon-1149,M,2,4,1,Cumul. Set Winner,1,3
2022,2022-wimbledon-1149,M,2,4,2,Cumul. Set Winner,1,2
2022,2022-wimbledon-1149,M,2,4,3,Cumul. Set Winner,2,1
2022,2022-wimbledon-1149,M,2,4,4,Cumul. Set Winner,2,0
2022,2022-wimbledon-1149,M,2,4,1,Cumul. Unf. Error,1,3
2022,2022-wimbledon-1149,M,2,4,2,Cumul. Unf. Error,2,2
2022,2022-wimbledon-1149,M,2,4,3,Cumul. Unf. Error,1,1
2022,2022-wimbledon-1149,M,2,4,4,Cumul. Unf. Error,1,0
2022,2022-wimbledon-1149,M,2,4,1,Dynamic Model,1,3
2022,2022-wimbledon-1149,M,2,4,2,Dynamic Model,2,2
2022,2022-wimbledon-1149,M,2,4,3,Dynamic Model,2,1
2022,2022-wimbledon-1149,M,2,4,4,Dynamic Model,2,0
2022,2022-wimbledon-1150,M,2,3,1,Cumul. Point Winner,2,2
2022,2022-wimbledon-1150,M,2,3,2,Cumul. Point Winner,2,1
2022,2022-wimbledon-1150,M,2,3,3,Cumul. Point Winner,2,0
2022,2022-wimbledon-1150,M,2,3,1,Cumul. Game Winner,2,2
2022,2022-wimbledon-1150,M,2,3,2,Cumul. Game Winner,2,1
2022,2022-wimbledon-1150,M,2,3,3,Cumul. Game Winner,2,0
2022,2022-wimbledon-1150,M,2,3,1,Set Winner,2,2
2022,2022-wimbledon-1150,M,2,3,2,Set Winner,2,1
2022,2022-wimbledon-1150,M,2,3,3,Set Winner,2,0
2022,2022-wimbledon-1150,M,2,3,1,Cumul. Set Winner,2,2
2022,2022-wimbledon-1150,M,2,3,2,Cumul. Set Winner,2,1
2022,2022-wimbledon-1150,M,2,3,3,Cumul. Set Winner,2,0
2022,2022-wimbledon-1150,M,2,3,1,Cumul. Unf. Error,2,2
2022,2022-wimbledon-1150,M,2,3,2,Cumul. Unf. Error,2,1
2022,2022-wimbledon-1150,M,2,3,3,Cumul. Unf. Error,2,0
2022,2022-wimbledon-1150,M,2,3,1,Dynamic Model,2,2
2022,2022-wimbledon-1150,M,2,3,2,Dynamic Model,2,1
2022,2022-wimbledon-1150,M,2,3,3,Dynamic Model,2,0
2022,2022-wimbledon-1151,M,1,4,1,Cumul. Point Winner,1,3
2022,2022-wimbledon-1151,M,1,4,2,Cumul. Point Winner,2,2
2022,2022-wimbledon-1151,M,1,4,3,Cumul. Point Winner,1,1
2022,2022-wimbledon-1151,M,1,4,4,Cumul. Point Winner,1,0
2022,2022-wimbledon-1151,M,1,4,1,Cumul. Game Winner,1,3
2022,2022-wimbledon-1151,M,1,4,2,Cumul. Game Winner,2,2
2022,2022-wimbledon-1151,M,1,4,3,Cumul. Game Winner,2,1
2022,2022-wimbledon-1151,M,1,4,4,Cumul. Game Winner,1,0
2022,2022-wimbledon-1151,M,1,4,1,Set Winner,1,3
2022,2022-wimbledon-1151,M,1,4,2,Set Winner,2,2
2022,2022-wimbledon-1151,M,1,4,3,Set Winner,1,1
2022,2022-wimbledon-1151,M,1,4,4,Set Winner,1,0
2022,2022-wimbledon-1151,M,1,4,1,Cumul. Set Winner,1,3
2022,2022-wimbledon-1151,M,1,4,2,Cumul. Set Winner,1,2
2022,2022-wimbledon-1151,M,1,4,3,Cumul. Set Winner,1,1
2022,2022-wimbledon-1151,M,1,4,4,Cumul. Set Winner,1,0
2022,2022-wimbledon-1151,M,1,4,1,Cumul. Unf. Error,1,3
2022,2022-wimbledon-1151,M,1,4,2,Cumul. Unf. Error,2,2
2022,2022-wimbledon-1151,M,1,4,3,Cumul. Unf. Error,2,1
2022,2022-wimbledon-1151,M,1,4,4,Cumul. Unf. Error,1,0
2022,2022-wimbledon-1151,M,1,4,1,Dynamic Model,1,3
2022,2022-wimbledon-1151,M,1,4,2,Dynamic Model,2,2
2022,2022-wimbledon-1151,M,1,4,3,Dynamic Model,1,1
2022,2022-wimbledon-1151,M,1,4,4,Dynamic Model,1,0
2022,2022-wimbledon-1152,M,1,3,1,Cumul. Point Winner,1,2
2022,2022-wimbledon-1152,M,1,3,2,Cumul. Point Winner,1,1
2022,2022-wimbledon-1152,M,1,3,3,Cumul. Point Winner,1,0
2022,2022-wimbledon-1152,M,1,3,1,Cumul. Game Winner,1,2
2022,2022-wimbledon-1152,M,1,3,2,Cumul. Game Winner,1,1
2022,2022-wimbledon-1152,M,1,3,3,Cumul. Game Winner,1,0
2022,2022-wimbledon-1152,M,1,3,1,Set Winner,1,2
2022,2022-wimbledon-1152,M,1,3,2,Set Winner,1,1
2022,2022-wimbledon-1152,M,1,3,3,Set Winner,1,0
2022,2022-wimbledon-1152,M,1,3,1,Cumul. Set Winner,1,2
2022,2022-wimbledon-1152,M,1,3,2,Cumul. Set Winner,1,1
2022,2022-wimbledon-1152,M,1,3,3,Cumul. Set Winner,1,0
2022,2022-wimbledon-1152,M,1,3,1,Cumul. Unf. Error,1,2
2022,2022-wimbledon-1152,M,1,3,2,Cumul. Unf. Error,2,1
2022,2022-wimbledon-1152,M,1,3,3,Cumul. Unf. Error,1,0
2022,2022-wimbledon-1152,M,1,3,1,Dynamic Model,1,2
2022,2022-wimbledon-1152,M,1,3,2,Dynamic Model,1,1
2022,2022-wimbledon-1152,M,1,3,3,Dynamic Model,1,0
2022,2022-wimbledon-1153,M,2,3,1,Cumul. Point Winner,2,2
2022,2022-wimbledon-1153,M,2,3,2,Cumul. Point Winner,2,1
2022,2022-wimbledon-1153,M,2,3,3,Cumul. Point Winner,2,0
2022,2022-wimbledon-1153,M,2,3,1,Cumul. Game Winner,2,2
2022,2022-wimbledon-1153,M,2,3,2,Cumul. Game Winner,2,1
2022,2022-wimbledon-1153,M,2,3,3,Cumul. Game Winner,2,0
2022,2022-wimbledon-1153,M,2,3,1,Set Winner,2,2
2022,2022-wimbledon-1153,M,2,3,2,Set Winner,2,1
2022,2022-wimbledon-1153,M,2,3,3,Set Winner,2,0
2022,2022-wimbledon-1153,M,2,3,1,Cumul. Set Winner,2,2
2022,2022-wimbledon-1153,M,2,3,2,Cumul. Set Winner,2,1
2022,2022-wimbledon-1153,M,2,3,3,Cumul. Set Winner,2,0
2022,2022-wimbledon-1153,M,2,3,1,Cumul. Unf. Error,2,2
2022,2022-wimbledon-1153,M,2,3,2,Cumul. Unf. Error,2,1
2022,2022-wimbledon-1153,M,2,3,3,Cumul. Unf. Error,2,0
2022,2022-wimbledon-1153,M,2,3,1,Dynamic Model,2,2
2022,2022-wimbledon-1153,M,2,3,2,Dynamic Model,2,1
2022,2022-wimbledon-1153,M,2,3,3,Dynamic Model,2,0
2022,2022-wimbledon-1154,M,2,4,1,Cumul. Point Winner,1,3
2022,2022-wimbledon-1154,M,2,4,2,Cumul. Point Winner,1,2
2022,2022-wimbledon-1154,M,2,4,3,Cumul. Point Winner,2,1
2022,2022-wimbledon-1154,M,2,4,4,Cumul. Point Winner,2,0
2022,2022-wimbledon-1154,M,2,4,1,Cumul. Game Winner,1,3
2022,2022-wimbledon-1154,M,2,4,2,Cumul. Game Winner,1,2
2022,2022-wimbledon-1154,M,2,4,3,Cumul. Game Winner,2,1
2022,2022-wimbledon-1154,M,2,4,4,Cumul. Game Winner,2,0
2022,2022-wimbledon-1154,M,2,4,1,Set Winner,1,3
2022,2022-wimbledon-1154,M,2,4,2,Set Winner,2,2
2022,2022-wimbledon-1154,M,2,4,3,Set Winner,2,1
2022,2022-wimbledon-1154,M,2,4,4,Set Winner,2,0
2022,2022-wimbledon-1154,M,2,4,1,Cumul. Set Winner,1,3
2022,2022-wimbledon-1154,M,2,4,2,Cumul. Set Winner,1,2
2022,2022-wimbledon-1154,M,2,4,3,Cumul. Set Winner,2,1
2022,2022-wimbledon-1154,M,2,4,4,Cumul. Set Winner,2,0
2022,2022-wimbledon-1154,M,2,4,1,Cumul. Unf. Error,1,3
2022,2022-wimbledon-1154,M,2,4,2,Cumul. Unf. Error,1,2
2022,2022-wimbledon-1154,M,2,4,3,Cumul. Unf. Error,1,1
2022,2022-wimbledon-1154,M,2,4,4,Cumul. Unf. Error,2,0
2022,2022-wimbledon-1154,M,2,4,1,Dynamic Model,1,3
2022,2022-wimbledon-1154,M,2,4,2,Dynamic Model,1,2
2022,2022-wimbledon-1154,M,2,4,3,Dynamic Model,2,1
2022,2022-wimbledon-1154,M,2,4,4,Dynamic Model,2,0
2022,2022-wimbledon-1155,M,1,3,1,Cumul. Point Winner,1,2
2022,2022-wimbledon-1155,M,1,3,2,Cumul. Point Winner,1,1
2022,2022-wimbledon-1155,M,1,3,3,Cumul. Point Winner,1,0
2022,2022-wimbledon-1155,M,1,3,1,Cumul. Game Winner,1,2
2022,2022-wimbledon-1155,M,1,3,2,Cumul. Game Winner,1,1
2022,2022-wimbledon-1155,M,1,3,3,Cumul. Game Winner,1,0
2022,2022-wimbledon-1155,M,1,3,1,Set Winner,1,2
2022,2022-wimbledon-1155,M,1,3,2,Set Winner,1,1
2022,2022-wimbledon-1155,M,1,3,3,Set Winner,1,0
2022,2022-wimbledon-1155,M,1,3,1,Cumul. Set Winner,1,2
2022,2022-wimbledon-1155,M,1,3,2,Cumul. Set Winner,1,1
2022,2022-wimbledon-1155,M,1,3,3,Cumul. Set Winner,1,0
2022,2022-wimbledon-1155,M,1,3,1,Cumul. Unf. Error,2,2
2022,2022-wimbledon-1155,M,1,3,2,Cumul. Unf. Error,2,1
2022,2022-wimbledon-1155,M,1,3,3,Cumul. Unf. Error,2,0
2022,2022-wimbledon-1155,M,1,3,1,Dynamic Model,1,2
2022,2022-wimbledon-1155,M,1,3,2,Dynamic Model,1,1
2022,2022-wimbledon-1155,M,1,3,3,Dynamic Model,1,0
2022,2022-wimbledon-1156,M,2,3,1,Cumul. Point Winner,2,2
2022,2022-wimbledon-1156,M,2,3,2,Cumul. Point Winner,2,1
2022,2022-wimbledon-1156,M,2,3,3,Cumul. Point Winner,2,0
2022,2022-wimbledon-1156,M,2,3,1,Cumul. Game Winner,2,2
2022,2022-wimbledon-1156,M,2,3,2,Cumul. Game Winner,2,1
2022,2022-wimbledon-1156,M,2,3,3,Cumul. Game Winner,2,0
2022,2022-wimbledon-1156,M,2,3,1,Set Winner,2,2
2022,2022-wimbledon-1156,M,2,3,2,Set Winner,2,1
2022,2022-wimbledon-1156,M,2,3,3,Set Winner,2,0
2022,2022-wimbledon-1156,M,2,3,1,Cumul. Set Winner,2,2
2022,2022-wimbledon-1156,M,2,3,2,Cumul. Set Winner,2,1
2022,2022-wimbledon-1156,M,2,3,3,Cumul. Set Winner,2,0
2022,2022-wimbledon-1156,M,2,3,1,Cumul. Unf. Error,1,2
2022,2022-wimbledon-1156,M,2,3,2,Cumul. Unf. Error,2,1
2022,2022-wimbledon-1156,M,2,3,3,Cumul. Unf. Error,2,0
2022,2022-wimbledon-1156,M,2,3,1,Dynamic Model,2,2
2022,2022-wimbledon-1156,M,2,3,2,Dynamic Model,2,1
2022,2022-wimbledon-1156,M,2,3,3,Dynamic Model,2,0
2022,2022-wimbledon-1157,M,2,3,1,Cumul. Point Winner,2,2
2022,2022-wimbledon-1157,M,2,3,2,Cumul. Point Winner,2,1
2022,2022-wimbledon-1157,M,2,3,3,Cumul. Point Winner,2,0
2022,2022-wimbledon-1157,M,2,3,1,Cumul. Game Winner,2,2
2022,2022-wimbledon-1157,M,2,3,2,Cumul. Game Winner,2,1
2022,2022-wimbledon-1157,M,2,3,3,Cumul. Game Winner,2,0
2022,2022-wimbledon-1157,M,2,3,1,Set Winner,2,2
2022,2022-wimbledon-1157,M,2,3,2,Set Winner,2,1
2022,2022-wimbledon-1157,M,2,3,3,Set Winner,2,0
2022,2022-wimbledon-1157,M,2,3,1,Cumul. Set Winner,2,2
2022,2022-wimbledon-1157,M,2,3,2,Cumul. Set Winner,2,1
2022,2022-wimbledon-1157,M,2,3,3,Cumul. Set Winner,2,0
2022,2022-wimbledon-1157,M,2,3,1,Cumul. Unf. Error,2,2
2022,2022-wimbledon-1157,M,2,3,2,Cumul. Unf. Error,2,1
2022,2022-wimbledon-1157,M,2,3,3,Cumul. Unf. Error,2,0
2022,2022-wimbledon-1157,M,2,3,1,Dynamic Model,2,2
2022,2022-wimbledon-1157,M,2,3,2,Dynamic Model,2,1
2022,2022-wimbledon-1157,M,2,3,3,Dynamic Model,2,0
2022,2022-wimbledon-1158,M,2,5,1,Cumul. Point Winner,1,4
2022,2022-wimbledon-1158,M,2,5,2,Cumul. Point Winner,2,3
2022,2022-wimbledon-1158,M,2,5,3,Cumul. Point Winner,2,2
2022,2022-wimbledon-1158,M,2,5,4,Cumul. Point Winner,1,1
2022,2022-wimbledon-1158,M,2,5,5,Cumul. Point Winner,2,0
2022,2022-wimbledon-1158,M,2,5,1,Cumul. Game Winner,2,4
2022,2022-wimbledon-1158,M,2,5,2,Cumul. Game Winner,2,3
2022,2022-wimbledon-1158,M,2,5,3,Cumul. Game Winner,2,2
2022,2022-wimbledon-1158,M,2,5,4,Cumul. Game Winner,2,1
2022,2022-wimbledon-1158,M,2,5,5,Cumul. Game Winner,2,0
2022,2022-wimbledon-1158,M,2,5,1,Set Winner,2,4
2022,2022-wimbledon-1158,M,2,5,2,Set Winner,2,3
2022,2022-wimbledon-1158,M,2,5,3,Set Winner,1,2
2022,2022-wimbledon-1158,M,2,5,4,Set Winner,1,1
2022,2022-wimbledon-1158,M,2,5,5,Set Winner,2,0
2022,2022-wimbledon-1158,M,2,5,1,Cumul. Set Winner,2,4
2022,2022-wimbledon-1158,M,2,5,2,Cumul. Set Winner,2,3
2022,2022-wimbledon-1158,M,2,5,3,Cumul. Set Winner,2,2
2022,2022-wimbledon-1158,M,2,5,4,Cumul. Set Winner,2,1
2022,2022-wimbledon-1158,M,2,5,5,Cumul. Set Winner,2,0
2022,2022-wimbledon-1158,M,2,5,1,Cumul. Unf. Error,2,4
2022,2022-wimbledon-1158,M,2,5,2,Cumul. Unf. Error,2,3
2022,2022-wimbledon-1158,M,2,5,3,Cumul. Unf. Error,2,2
2022,2022-wimbledon-1158,M,2,5,4,Cumul. Unf. Error,2,1
2022,2022-wimbledon-1158,M,2,5,5,Cumul. Unf. Error,2,0
2022,2022-wimbledon-1158,M,2,5,1,Dynamic Model,2,4
2022,2022-wimbledon-1158,M,2,5,2,Dynamic Model,2,3
2022,2022-wimbledon-1158,M,2,5,3,Dynamic Model,2,2
2022,2022-wimbledon-1158,M,2,5,4,Dynamic Model,1,1
2022,2022-wimbledon-1158,M,2,5,5,Dynamic Model,2,0
2022,2022-wimbledon-1159,M,1,4,1,Cumul. Point Winner,1,3
2022,2022-wimbledon-1159,M,1,4,2,Cumul. Point Winner,1,2
2022,2022-wimbledon-1159,M,1,4,3,Cumul. Point Winner,1,1
2022,2022-wimbledon-1159,M,1,4,4,Cumul. Point Winner,1,0
2022,2022-wimbledon-1159,M,1,4,1,Cumul. Game Winner,1,3
2022,2022-wimbledon-1159,M,1,4,2,Cumul. Game Winner,1,2
2022,2022-wimbledon-1159,M,1,4,3,Cumul. Game Winner,1,1
2022,2022-wimbledon-1159,M,1,4,4,Cumul. Game Winner,1,0
2022,2022-wimbledon-1159,M,1,4,1,Set Winner,1,3
2022,2022-wimbledon-1159,M,1,4,2,Set Winner,1,2
2022,2022-wimbledon-1159,M,1,4,3,Set Winner,2,1
2022,2022-wimbledon-1159,M,1,4,4,Set Winner,1,0
2022,2022-wimbledon-1159,M,1,4,1,Cumul. Set Winner,1,3
2022,2022-wimbledon-1159,M,1,4,2,Cumul. Set Winner,1,2
2022,2022-wimbledon-1159,M,1,4,3,Cumul. Set Winner,1,1
2022,2022-wimbledon-1159,M,1,4,4,Cumul. Set Winner,1,0
2022,2022-wimbledon-1159,M,1,4,1,Cumul. Unf. Error,2,3
2022,2022-wimbledon-1159,M,1,4,2,Cumul. Unf. Error,1,2
2022,2022-wimbledon-1159,M,1,4,3,Cumul. Unf. Error,1,1
2022,2022-wimbledon-1159,M,1,4,4,Cumul. Unf. Error,2,0
2022,2022-wimbledon-1159,M,1,4,1,Dynamic Model,1,3
2022,2022-wimbledon-1159,M,1,4,2,Dynamic Model,1,2
2022,2022-wimbledon-1159,M,1,4,3,Dynamic Model,1,1
2022,2022-wimbledon-1159,M,1,4,4,Dynamic Model,1,0
2022,2022-wimbledon-1160,M,2,3,1,Cumul. Point Winner,2,2
2022,2022-wimbledon-1160,M,2,3,2,Cumul. Point Winner,2,1
2022,2022-wimbledon-1160,M,2,3,3,Cumul. Point Winner,2,0
2022,2022-wimbledon-1160,M,2,3,1,Cumul. Game Winner,2,2
2022,2022-wimbledon-1160,M,2,3,2,Cumul. Game Winner,2,1
2022,2022-wimbledon-1160,M,2,3,3,Cumul. Game Winner,2,0
2022,2022-wimbledon-1160,M,2,3,1,Set Winner,2,2
2022,2022-wimbledon-1160,M,2,3,2,Set Winner,2,1
2022,2022-wimbledon-1160,M,2,3,3,Set Winner,2,0
2022,2022-wimbledon-1160,M,2,3,1,Cumul. Set Winner,2,2
2022,2022-wimbledon-1160,M,2,3,2,Cumul. Set Winner,2,1
2022,2022-wimbledon-1160,M,2,3,3,Cumul. Set Winner,2,0
2022,2022-wimbledon-1160,M,2,3,1,Cumul. Unf. Error,2,2
2022,2022-wimbledon-1160,M,2,3,2,Cumul. Unf. Error,2,1
2022,2022-wimbledon-1160,M,2,3,3,Cumul. Unf. Error,2,0
2022,2022-wimbledon-1160,M,2,3,1,Dynamic Model,2,2
2022,2022-wimbledon-1160,M,2,3,2,Dynamic Model,2,1
2022,2022-wimbledon-1160,M,2,3,3,Dynamic Model,2,0
2022,2022-wimbledon-1161,M,1,5,1,Cumul. Point Winner,2,4
2022,2022-wimbledon-1161,M,1,5,2,Cumul. Point Winner,1,3
2022,2022-wimbledon-1161,M,1,5,3,Cumul. Point Winner,1,2
2022,2022-wimbledon-1161,M,1,5,4,Cumul. Point Winner,1,1
2022,2022-wimbledon-1161,M,1,5,5,Cumul. Point Winner,1,0
2022,2022-wimbledon-1161,M,1,5,1,Cumul. Game Winner,2,4
2022,2022-wimbledon-1161,M,1,5,2,Cumul. Game Winner,1,3
2022,2022-wimbledon-1161,M,1,5,3,Cumul. Game Winner,1,2
2022,2022-wimbledon-1161,M,1,5,4,Cumul. Game Winner,1,1
2022,2022-wimbledon-1161,M,1,5,5,Cumul. Game Winner,1,0
2022,2022-wimbledon-1161,M,1,5,1,Set Winner,2,4
2022,2022-wimbledon-1161,M,1,5,2,Set Winner,1,3
2022,2022-wimbledon-1161,M,1,5,3,Set Winner,1,2
2022,2022-wimbledon-1161,M,1,5,4,Set Winner,2,1
2022,2022-wimbledon-1161,M,1,5,5,Set Winner,1,0
2022,2022-wimbledon-1161,M,1,5,1,Cumul. Set Winner,2,4
2022,2022-wimbledon-1161,M,1,5,2,Cumul. Set Winner,2,3
2022,2022-wimbledon-1161,M,1,5,3,Cumul. Set Winner,1,2
2022,2022-wimbledon-1161,M,1,5,4,Cumul. Set Winner,1,1
2022,2022-wimbledon-1161,M,1,5,5,Cumul. Set Winner,1,0
2022,2022-wimbledon-1161,M,1,5,1,Cumul. Unf. Error,2,4
2022,2022-wimbledon-1161,M,1,5,2,Cumul. Unf. Error,2,3
2022,2022-wimbledon-1161,M,1,5,3,Cumul. Unf. Error,2,2
2022,2022-wimbledon-1161,M,1,5,4,Cumul. Unf. Error,2,1
2022,2022-wimbledon-1161,M,1,5,5,Cumul. Unf. Error,1,0
2022,2022-wimbledon-1161,M,1,5,1,Dynamic Model,2,4
2022,2022-wimbledon-1161,M,1,5,2,Dynamic Model,1,3
2022,2022-wimbledon-1161,M,1,5,3,Dynamic Model,1,2
2022,2022-wimbledon-1161,M,1,5,4,Dynamic Model,1,1
2022,2022-wimbledon-1161,M,1,5,5,Dynamic Model,1,0
2022,2022-wimbledon-1162,M,2,5,1,Cumul. Point Winner,2,4
2022,2022-wimbledon-1162,M,2,5,2,Cumul. Point Winner,2,3
2022,2022-wimbledon-1162,M,2,5,3,Cumul. Point Winner,1,2
2022,2022-wimbledon-1162,M,2,5,4,Cumul. Point Winner,1,1
2022,2022-wimbledon-1162,M,2,5,5,Cumul. Point Winner,2,0
2022,2022-wimbledon-1162,M,2,5,1,Cumul. Game Winner,2,4
2022,2022-wimbledon-1162,M,2,5,2,Cumul. Game Winner,2,3
2022,2022-wimbledon-1162,M,2,5,3,Cumul. Game Winner,1,2
2022,2022-wimbledon-1162,M,2,5,4,Cumul. Game Winner,1,1
2022,2022-wimbledon-1162,M,2,5,5,Cumul. Game Winner,1,0
2022,2022-wimbledon-1162,M,2,5,1,Set Winner,2,4
2022,2022-wimbledon-1162,M,2,5,2,Set Winner,1,3
2022,2022-wimbledon-1162,M,2,5,3,Set Winner,1,2
2022,2022-wimbledon-1162,M,2,5,4,Set Winner,2,1
2022,2022-wimbledon-1162,M,2,5,5,Set Winner,2,0
2022,2022-wimbledon-1162,M,2,5,1,Cumul. Set Winner,2,4
2022,2022-wimbledon-1162,M,2,5,2,Cumul. Set Winner,2,3
2022,2022-wimbledon-1162,M,2,5,3,Cumul. Set Winner,1,2
2022,2022-wimbledon-1162,M,2,5,4,Cumul. Set Winner,1,1
2022,2022-wimbledon-1162,M,2,5,5,Cumul. Set Winner,2,0
2022,2022-wimbledon-1162,M,2,5,1,Cumul. Unf. Error,2,4
2022,2022-wimbledon-1162,M,2,5,2,Cumul. Unf. Error,2,3
2022,2022-wimbledon-1162,M,2,5,3,Cumul. Unf. Error,2,2
2022,2022-wimbledon-1162,M,2,5,4,Cumul. Unf. Error,2,1
2022,2022-wimbledon-1162,M,2,5,5,Cumul. Unf. Error,2,0
2022,2022-wimbledon-1162,M,2,5,1,Dynamic Model,2,4
2022,2022-wimbledon-1162,M,2,5,2,Dynamic Model,2,3
2022,2022-wimbledon-1162,M,2,5,3,Dynamic Model,1,2
2022,2022-wimbledon-1162,M,2,5,4,Dynamic Model,2,1
2022,2022-wimbledon-1162,M,2,5,5,Dynamic Model,2,0
2022,2022-wimbledon-1163,M,2,3,1,Cumul. Point Winner,2,2
2022,2022-wimbledon-1163,M,2,3,2,Cumul. Point Winner,2,1
2022,2022-wimbledon-1163,M,2,3,3,Cumul. Point Winner,2,0
2022,2022-wimbledon-1163,M,2,3,1,Cumul. Game Winner,2,2
2022,2022-wimbledon-1163,M,2,3,2,Cumul. Game Winner,2,1
2022,2022-wimbledon-1163,M,2,3,3,Cumul. Game Winner,2,0
2022,2022-wimbledon-1163,M,2,3,1,Set Winner,2,2
2022,2022-wimbledon-1163,M,2,3,2,Set Winner,2,1
2022,2022-wimbledon-1163,M,2,3,3,Set Winner,2,0
2022,2022-wimbledon-1163,M,2,3,1,Cumul. Set Winner,2,2
2022,2022-wimbledon-1163,M,2,3,2,Cumul. Set Winner,2,1
2022,2022-wimbledon-1163,M,2,3,3,Cumul. Set Winner,2,0
2022,2022-wimbledon-1163,M,2,3,1,Cumul. Unf. Error,2,2
2022,2022-wimbledon-1163,M,2,3,2,Cumul. Unf. Error,2,1
2022,2022-wimbledon-1163,M,2,3,3,Cumul. Unf. Error,2,0
2022,2022-wimbledon-1163,M,2,3,1,Dynamic Model,2,2
2022,2022-wimbledon-1163,M,2,3,2,Dynamic Model,2,1
2022,2022-wimbledon-1163,M,2,3,3,Dynamic Model,2,0
2022,2022-wimbledon-1164,M,2,4,1,Cumul. Point Winner,2,3
2022,2022-wimbledon-1164,M,2,4,2,Cumul. Point Winner,2,2
2022,2022-wimbledon-1164,M,2,4,3,Cumul. Point Winner,2,1
2022,2022-wimbledon-1164,M,2,4,4,Cumul. Point Winner,2,0
2022,2022-wimbledon-1164,M,2,4,1,Cumul. Game Winner,2,3
2022,2022-wimbledon-1164,M,2,4,2,Cumul. Game Winner,2,2
2022,2022-wimbledon-1164,M,2,4,3,Cumul. Game Winner,2,1
2022,2022-wimbledon-1164,M,2,4,4,Cumul. Game Winner,2,0
2022,2022-wimbledon-1164,M,2,4,1,Set Winner,2,3
2022,2022-wimbledon-1164,M,2,4,2,Set Winner,2,2
2022,2022-wimbledon-1164,M,2,4,3,Set Winner,1,1
2022,2022-wimbledon-1164,M,2,4,4,Set Winner,2,0
2022,2022-wimbledon-1164,M,2,4,1,Cumul. Set Winner,2,3
2022,2022-wimbledon-1164,M,2,4,2,Cumul. Set Winner,2,2
2022,2022-wimbledon-1164,M,2,4,3,Cumul. Set Winner,2,1
2022,2022-wimbledon-1164,M,2,4,4,Cumul. Set Winner,2,0
2022,2022-wimbledon-1164,M,2,4,1,Cumul. Unf. Error,1,3
2022,2022-wimbledon-1164,M,2,4,2,Cumul. Unf. Error,1,2
2022,2022-wimbledon-1164,M,2,4,3,Cumul. Unf. Error,1,1
2022,2022-wimbledon-1164,M,2,4,4,Cumul. Unf. Error,2,0
2022,2022-wimbledon-1164,M,2,4,1,Dynamic Model,2,3
2022,2022-wimbledon-1164,M,2,4,2,Dynamic Model,2,2
2022,2022-wimbledon-1164,M,2,4,3,Dynamic Model,2,1
2022,2022-wimbledon-1164,M,2,4,4,Dynamic Model,2,0
2022,2022-wimbledon-1201,M,1,3,1,Cumul. Point Winner,1,2
2022,2022-wimbledon-1201,M,1,3,2,Cumul. Point Winner,1,1
2022,2022-wimbledon-1201,M,1,3,3,Cumul. Point Winner,1,0
2022,2022-wimbledon-1201,M,1,3,1,Cumul. Game Winner,1,2
2022,2022-wimbledon-1201,M,1,3,2,Cumul. Game Winner,1,1
2022,2022-wimbledon-1201,M,1,3,3,Cumul. Game Winner,1,0
2022,2022-wimbledon-1201,M,1,3,1,Set Winner,1,2
2022,2022-wimbledon-1201,M,1,3,2,Set Winner,1,1
2022,2022-wimbledon-1201,M,1,3,3,Set Winner,1,0
2022,2022-wimbledon-1201,M,1,3,1,Cumul. Set Winner,1,2
2022,2022-wimbledon-1201,M,1,3,2,Cumul. Set Winner,1,1
2022,2022-wimbledon-1201,M,1,3,3,Cumul. Set Winner,1,0
2022,2022-wimbledon-1201,M,1,3,1,Cumul. Unf. Error,1,2
2022,2022-wimbledon-1201,M,1,3,2,Cumul. Unf. Error,1,1
2022,2022-wimbledon-1201,M,1,3,3,Cumul. Unf. Error,1,0
2022,2022-wimbledon-1201,M,1,3,1,Dynamic Model,1,2
2022,2022-wimbledon-1201,M,1,3,2,Dynamic Model,1,1
2022,2022-wimbledon-1201,M,1,3,3,Dynamic Model,1,0
2022,2022-wimbledon-1202,M,2,4,1,Cumul. Point Winner,2,3
2022,2022-wimbledon-1202,M,2,4,2,Cumul. Point Winner,2,2
2022,2022-wimbledon-1202,M,2,4,3,Cumul. Point Winner,1,1
2022,2022-wimbledon-1202,M,2,4,4,Cumul. Point Winner,2,0
2022,2022-wimbledon-1202,M,2,4,1,Cumul. Game Winner,2,3
2022,2022-wimbledon-1202,M,2,4,2,Cumul. Game Winner,2,2
2022,2022-wimbledon-1202,M,2,4,3,Cumul. Game Winner,1,1
2022,2022-wimbledon-1202,M,2,4,4,Cumul. Game Winner,2,0
2022,2022-wimbledon-1202,M,2,4,1,Set Winner,2,3
2022,2022-wimbledon-1202,M,2,4,2,Set Winner,2,2
2022,2022-wimbledon-1202,M,2,4,3,Set Winner,1,1
2022,2022-wimbledon-1202,M,2,4,4,Set Winner,2,0
2022,2022-wimbledon-1202,M,2,4,1,Cumul. Set Winner,2,3
2022,2022-wimbledon-1202,M,2,4,2,Cumul. Set Winner,2,2
2022,2022-wimbledon-1202,M,2,4,3,Cumul. Set Winner,2,1
2022,2022-wimbledon-1202,M,2,4,4,Cumul. Set Winner,2,0
2022,2022-wimbledon-1202,M,2,4,1,Cumul. Unf. Error,2,3
2022,2022-wimbledon-1202,M,2,4,2,Cumul. Unf. Error,2,2
2022,2022-wimbledon-1202,M,2,4,3,Cumul. Unf. Error,2,1
2022,2022-wimbledon-1202,M,2,4,4,Cumul. Unf. Error,2,0
2022,2022-wimbledon-1202,M,2,4,1,Dynamic Model,2,3
2022,2022-wimbledon-1202,M,2,4,2,Dynamic Model,2,2
2022,2022-wimbledon-1202,M,2,4,3,Dynamic Model,2,1
2022,2022-wimbledon-1202,M,2,4,4,Dynamic Model,2,0
2022,2022-wimbledon-1203,M,1,4,1,Cumul. Point Winner,2,3
2022,2022-wimbledon-1203,M,1,4,2,Cumul. Point Winner,2,2
2022,2022-wimbledon-1203,M,1,4,3,Cumul. Point Winner,2,1
2022,2022-wimbledon-1203,M,1,4,4,Cumul. Point Winner,2,0
2022,2022-wimbledon-1203,M,1,4,1,Cumul. Game Winner,1,3
2022,2022-wimbledon-1203,M,1,4,2,Cumul. Game Winner,2,2
2022,2022-wimbledon-1203,M,1,4,3,Cumul. Game Winner,2,1
2022,2022-wimbledon-1203,M,1,4,4,Cumul. Game Winner,2,0
2022,2022-wimbledon-1203,M,1,4,1,Set Winner,1,3
2022,2022-wimbledon-1203,M,1,4,2,Set Winner,2,2
2022,2022-wimbledon-1203,M,1,4,3,Set Winner,1,1
2022,2022-wimbledon-1203,M,1,4,4,Set Winner,1,0
2022,2022-wimbledon-1203,M,1,4,1,Cumul. Set Winner,1,3
2022,2022-wimbledon-1203,M,1,4,2,Cumul. Set Winner,1,2
2022,2022-wimbledon-1203,M,1,4,3,Cumul. Set Winner,1,1
2022,2022-wimbledon-1203,M,1,4,4,Cumul. Set Winner,1,0
2022,2022-wimbledon-1203,M,1,4,1,Cumul. Unf. Error,1,3
2022,2022-wimbledon-1203,M,1,4,2,Cumul. Unf. Error,2,2
2022,2022-wimbledon-1203,M,1,4,3,Cumul. Unf. Error,2,1
2022,2022-wimbledon-1203,M,1,4,4,Cumul. Unf. Error,2,0
2022,2022-wimbledon-1203,M,1,4,1,Dynamic Model,1,3
2022,2022-wimbledon-1203,M,1,4,2,Dynamic Model,2,2
2022,2022-wimbledon-1203,M,1,4,3,Dynamic Model,2,1
2022,2022-wimbledon-1203,M,1,4,4,Dynamic Model,2,0
2022,2022-wimbledon-1204,M,1,4,1,Cumul. Point Winner,1,3
2022,2022-wimbledon-1204,M,1,4,2,Cumul. Point Winner,1,2
2022,2022-wimbledon-1204,M,1,4,3,Cumul. Point Winner,1,1
2022,2022-wimbledon-1204,M,1,4,4,Cumul. Point Winner,1,0
2022,2022-wimbledon-1204,M,1,4,1,Cumul. Game Winner,1,3
2022,2022-wimbledon-1204,M,1,4,2,Cumul. Game Winner,1,2
2022,2022-wimbledon-1204,M,1,4,3,Cumul. Game Winner,1,1
2022,2022-wimbledon-1204,M,1,4,4,Cumul. Game Winner,1,0
2022,2022-wimbledon-1204,M,1,4,1,Set Winner,1,3
2022,2022-wimbledon-1204,M,1,4,2,Set Winner,2,2
2022,2022-wimbledon-1204,M,1,4,3,Set Winner,1,1
2022,2022-wimbledon-1204,M,1,4,4,Set Winner,1,0
2022,2022-wimbledon-1204,M,1,4,1,Cumul. Set Winner,1,3
2022,2022-wimbledon-1204,M,1,4,2,Cumul. Set Winner,1,2
2022,2022-wimbledon-1204,M,1,4,3,Cumul. Set Winner,1,1
2022,2022-wimbledon-1204,M,1,4,4,Cumul. Set Winner,1,0
2022,2022-wimbledon-1204,M,1,4,1,Cumul. Unf. Error,1,3
2022,2022-wimbledon-1204,M,1,4,2,Cumul. Unf. Error,1,2
2022,2022-wimbledon-1204,M,1,4,3,Cumul. Unf. Error,1,1
2022,2022-wimbledon-1204,M,1,4,4,Cumul. Unf. Error,1,0
2022,2022-wimbledon-1204,M,1,4,1,Dynamic Model,1,3
2022,2022-wimbledon-1204,M,1,4,2,Dynamic Model,1,2
2022,2022-wimbledon-1204,M,1,4,3,Dynamic Model,1,1
2022,2022-wimbledon-1204,M,1,4,4,Dynamic Model,1,0
2022,2022-wimbledon-1205,M,1,4,1,Cumul. Point Winner,1,3
2022,2022-wimbledon-1205,M,1,4,2,Cumul. Point Winner,1,2
2022,2022-wimbledon-1205,M,1,4,3,Cumul. Point Winner,1,1
2022,2022-wimbledon-1205,M,1,4,4,Cumul. Point Winner,1,0
2022,2022-wimbledon-1205,M,1,4,1,Cumul. Game Winner,1,3
2022,2022-wimbledon-1205,M,1,4,2,Cumul. Game Winner,1,2
2022,2022-wimbledon-1205,M,1,4,3,Cumul. Game Winner,1,1
2022,2022-wimbledon-1205,M,1,4,4,Cumul. Game Winner,1,0
2022,2022-wimbledon-1205,M,1,4,1,Set Winner,1,3
2022,2022-wimbledon-1205,M,1,4,2,Set Winner,1,2
2022,2022-wimbledon-1205,M,1,4,3,Set Winner,2,1
2022,2022-wimbledon-1205,M,1,4,4,Set Winner,1,0
2022,2022-wimbledon-1205,M,1,4,1,Cumul. Set Winner,1,3
2022,2022-wimbledon-1205,M,1,4,2,Cumul. Set Winner,1,2
2022,2022-wimbledon-1205,M,1,4,3,Cumul. Set Winner,1,1
2022,2022-wimbledon-1205,M,1,4,4,Cumul. Set Winner,1,0
2022,2022-wimbledon-1205,M,1,4,1,Cumul. Unf. Error,2,3
2022,2022-wimbledon-1205,M,1,4,2,Cumul. Unf. Error,2,2
2022,2022-wimbledon-1205,M,1,4,3,Cumul. Unf. Error,2,1
2022,2022-wimbledon-1205,M,1,4,4,Cumul. Unf. Error,2,0
2022,2022-wimbledon-1205,M,1,4,1,Dynamic Model,1,3
2022,2022-wimbledon-1205,M,1,4,2,Dynamic Model,1,2
2022,2022-wimbledon-1205,M,1,4,3,Dynamic Model,1,1
2022,2022-wimbledon-1205,M,1,4,4,Dynamic Model,1,0
2022,2022-wimbledon-1206,M,2,4,1,Cumul. Point Winner,2,3
2022,2022-wimbledon-1206,M,2,4,2,Cumul. Point Winner,2,2
2022,2022-wimbledon-1206,M,2,4,3,Cumul. Point Winner,2,1
2022,2022-wimbledon-1206,M,2,4,4,Cumul. Point Winner,2,0
2022,2022-wimbledon-1206,M,2,4,1,Cumul. Game Winner,2,3
2022,2022-wimbledon-1206,M,2,4,2,Cumul. Game Winner,2,2
2022,2022-wimbledon-1206,M,2,4,3,Cumul. Game Winner,2,1
2022,2022-wimbledon-1206,M,2,4,4,Cumul. Game Winner,2,0
2022,2022-wimbledon-1206,M,2,4,1,Set Winner,2,3
2022,2022-wimbledon-1206,M,2,4,2,Set Winner,2,2
2022,2022-wimbledon-1206,M,2,4,3,Set Winner,1,1
2022,2022-wimbledon-1206,M,2,4,4,Set Winner,2,0
2022,2022-wimbledon-1206,M,2,4,1,Cumul. Set Winner,2,3
2022,2022-wimbledon-1206,M,2,4,2,Cumul. Set Winner,2,2
2022,2022-wimbledon-1206,M,2,4,3,Cumul. Set Winner,2,1
2022,2022-wimbledon-1206,M,2,4,4,Cumul. Set Winner,2,0
2022,2022-wimbledon-1206,M,2,4,1,Cumul. Unf. Error,1,3
2022,2022-wimbledon-1206,M,2,4,2,Cumul. Unf. Error,1,2
2022,2022-wimbledon-1206,M,2,4,3,Cumul. Unf. Error,1,1
2022,2022-wimbledon-1206,M,2,4,4,Cumul. Unf. Error,1,0
2022,2022-wimbledon-1206,M,2,4,1,Dynamic Model,2,3
2022,2022-wimbledon-1206,M,2,4,2,Dynamic Model,2,2
2022,2022-wimbledon-1206,M,2,4,3,Dynamic Model,2,1
2022,2022-wimbledon-1206,M,2,4,4,Dynamic Model,2,0
2022,2022-wimbledon-1208,M,2,3,1,Cumul. Point Winner,2,2
2022,2022-wimbledon-1208,M,2,3,2,Cumul. Point Winner,2,1
2022,2022-wimbledon-1208,M,2,3,3,Cumul. Point Winner,2,0
2022,2022-wimbledon-1208,M,2,3,1,Cumul. Game Winner,2,2
2022,2022-wimbledon-1208,M,2,3,2,Cumul. Game Winner,2,1
2022,2022-wimbledon-1208,M,2,3,3,Cumul. Game Winner,2,0
2022,2022-wimbledon-1208,M,2,3,1,Set Winner,2,2
2022,2022-wimbledon-1208,M,2,3,2,Set Winner,2,1
2022,2022-wimbledon-1208,M,2,3,3,Set Winner,2,0
2022,2022-wimbledon-1208,M,2,3,1,Cumul. Set Winner,2,2
2022,2022-wimbledon-1208,M,2,3,2,Cumul. Set Winner,2,1
2022,2022-wimbledon-1208,M,2,3,3,Cumul. Set Winner,2,0
2022,2022-wimbledon-1208,M,2,3,1,Cumul. Unf. Error,1,2
2022,2022-wimbledon-1208,M,2,3,2,Cumul. Unf. Error,1,1
2022,2022-wimbledon-1208,M,2,3,3,Cumul. Unf. Error,1,0
2022,2022-wimbledon-1208,M,2,3,1,Dynamic Model,2,2
2022,2022-wimbledon-1208,M,2,3,2,Dynamic Model,2,1
2022,2022-wimbledon-1208,M,2,3,3,Dynamic Model,2,0
2022,2022-wimbledon-1209,M,2,4,1,Cumul. Point Winner,1,3
2022,2022-wimbledon-1209,M,2,4,2,Cumul. Point Winner,2,2
2022,2022-wimbledon-1209,M,2,4,3,Cumul. Point Winner,2,1
2022,2022-wimbledon-1209,M,2,4,4,Cumul. Point Winner,2,0
2022,2022-wimbledon-1209,M,2,4,1,Cumul. Game Winner,1,3
2022,2022-wimbledon-1209,M,2,4,2,Cumul. Game Winner,2,2
2022,2022-wimbledon-1209,M,2,4,3,Cumul. Game Winner,2,1
2022,2022-wimbledon-1209,M,2,4,4,Cumul. Game Winner,2,0
2022,2022-wimbledon-1209,M,2,4,1,Set Winner,1,3
2022,2022-wimbledon-1209,M,2,4,2,Set Winner,2,2
2022,2022-wimbledon-1209,M,2,4,3,Set Winner,2,1
2022,2022-wimbledon-1209,M,2,4,4,Set Winner,2,0
2022,2022-wimbledon-1209,M,2,4,1,Cumul. Set Winner,1,3
2022,2022-wimbledon-1209,M,2,4,2,Cumul. Set Winner,1,2
2022,2022-wimbledon-1209,M,2,4,3,Cumul. Set Winner,2,1
2022,2022-wimbledon-1209,M,2,4,4,Cumul. Set Winner,2,0
2022,2022-wimbledon-1209,M,2,4,1,Cumul. Unf. Error,1,3
2022,2022-wimbledon-1209,M,2,4,2,Cumul. Unf. Error,1,2
2022,2022-wimbledon-1209,M,2,4,3,Cumul. Unf. Error,1,1
2022,2022-wimbledon-1209,M,2,4,4,Cumul. Unf. Error,1,0
2022,2022-wimbledon-1209,M,2,4,1,Dynamic Model,1,3
2022,2022-wimbledon-1209,M,2,4,2,Dynamic Model,1,2
2022,2022-wimbledon-1209,M,2,4,3,Dynamic Model,2,1
2022,2022-wimbledon-1209,M,2,4,4,Dynamic Model,2,0
2022,2022-wimbledon-1210,M,1,3,1,Cumul. Point Winner,1,2
2022,2022-wimbledon-1210,M,1,3,2,Cumul. Point Winner,1,1
2022,2022-wimbledon-1210,M,1,3,3,Cumul. Point Winner,1,0
2022,2022-wimbledon-1210,M,1,3,1,Cumul. Game Winner,1,2
2022,2022-wimbledon-1210,M,1,3,2,Cumul. Game Winner,1,1
2022,2022-wimbledon-1210,M,1,3,3,Cumul. Game Winner,1,0
2022,2022-wimbledon-1210,M,1,3,1,Set Winner,1,2
2022,2022-wimbledon-1210,M,1,3,2,Set Winner,1,1
2022,2022-wimbledon-1210,M,1,3,3,Set Winner,1,0
2022,2022-wimbledon-1210,M,1,3,1,Cumul. Set Winner,1,2
2022,2022-wimbledon-1210,M,1,3,2,Cumul. Set Winner,1,1
2022,2022-wimbledon-1210,M,1,3,3,Cumul. Set Winner,1,0
2022,2022-wimbledon-1210,M,1,3,1,Cumul. Unf. Error,1,2
2022,2022-wimbledon-1210,M,1,3,2,Cumul. Unf. Error,1,1
2022,2022-wimbledon-1210,M,1,3,3,Cumul. Unf. Error,1,0
2022,2022-wimbledon-1210,M,1,3,1,Dynamic Model,1,2
2022,2022-wimbledon-1210,M,1,3,2,Dynamic Model,1,1
2022,2022-wimbledon-1210,M,1,3,3,Dynamic Model,1,0
2022,2022-wimbledon-1211,M,1,3,1,Cumul. Point Winner,1,2
2022,2022-wimbledon-1211,M,1,3,2,Cumul. Point Winner,1,1
2022,2022-wimbledon-1211,M,1,3,3,Cumul. Point Winner,1,0
2022,2022-wimbledon-1211,M,1,3,1,Cumul. Game Winner,1,2
2022,2022-wimbledon-1211,M,1,3,2,Cumul. Game Winner,1,1
2022,2022-wimbledon-1211,M,1,3,3,Cumul. Game Winner,1,0
2022,2022-wimbledon-1211,M,1,3,1,Set Winner,1,2
2022,2022-wimbledon-1211,M,1,3,2,Set Winner,1,1
2022,2022-wimbledon-1211,M,1,3,3,Set Winner,1,0
2022,2022-wimbledon-1211,M,1,3,1,Cumul. Set Winner,1,2
2022,2022-wimbledon-1211,M,1,3,2,Cumul. Set Winner,1,1
2022,2022-wimbledon-1211,M,1,3,3,Cumul. Set Winner,1,0
2022,2022-wimbledon-1211,M,1,3,1,Cumul. Unf. Error,1,2
2022,2022-wimbledon-1211,M,1,3,2,Cumul. Unf. Error,1,1
2022,2022-wimbledon-1211,M,1,3,3,Cumul. Unf. Error,1,0
2022,2022-wimbledon-1211,M,1,3,1,Dynamic Model,1,2
2022,2022-wimbledon-1211,M,1,3,2,Dynamic Model,1,1
2022,2022-wimbledon-1211,M,1,3,3,Dynamic Model,1,0
2022,2022-wimbledon-1212,M,1,3,1,Cumul. Point Winner,1,2
2022,2022-wimbledon-1212,M,1,3,2,Cumul. Point Winner,1,1
2022,2022-wimbledon-1212,M,1,3,3,Cumul. Point Winner,1,0
2022,2022-wimbledon-1212,M,1,3,1,Cumul. Game Winner,1,2
2022,2022-wimbledon-1212,M,1,3,2,Cumul. Game Winner,1,1
2022,2022-wimbledon-1212,M,1,3,3,Cumul. Game Winner,1,0
2022,2022-wimbledon-1212,M,1,3,1,Set Winner,1,2
2022,2022-wimbledon-1212,M,1,3,2,Set Winner,1,1
2022,2022-wimbledon-1212,M,1,3,3,Set Winner,1,0
2022,2022-wimbledon-1212,M,1,3,1,Cumul. Set Winner,1,2
2022,2022-wimbledon-1212,M,1,3,2,Cumul. Set Winner,1,1
2022,2022-wimbledon-1212,M,1,3,3,Cumul. Set Winner,1,0
2022,2022-wimbledon-1212,M,1,3,1,Cumul. Unf. Error,2,2
2022,2022-wimbledon-1212,M,1,3,2,Cumul. Unf. Error,1,1
2022,2022-wimbledon-1212,M,1,3,3,Cumul. Unf. Error,2,0
2022,2022-wimbledon-1212,M,1,3,1,Dynamic Model,1,2
2022,2022-wimbledon-1212,M,1,3,2,Dynamic Model,1,1
2022,2022-wimbledon-1212,M,1,3,3,Dynamic Model,1,0
2022,2022-wimbledon-1213,M,1,5,1,Cumul. Point Winner,1,4
2022,2022-wimbledon-1213,M,1,5,2,Cumul. Point Winner,2,3
2022,2022-wimbledon-1213,M,1,5,3,Cumul. Point Winner,2,2
2022,2022-wimbledon-1213,M,1,5,4,Cumul. Point Winner,1,1
2022,2022-wimbledon-1213,M,1,5,5,Cumul. Point Winner,1,0
2022,2022-wimbledon-1213,M,1,5,1,Cumul. Game Winner,1,4
2022,2022-wimbledon-1213,M,1,5,2,Cumul. Game Winner,2,3
2022,2022-wimbledon-1213,M,1,5,3,Cumul. Game Winner,2,2
2022,2022-wimbledon-1213,M,1,5,4,Cumul. Game Winner,1,1
2022,2022-wimbledon-1213,M,1,5,5,Cumul. Game Winner,1,0
2022,2022-wimbledon-1213,M,1,5,1,Set Winner,1,4
2022,2022-wimbledon-1213,M,1,5,2,Set Winner,2,3
2022,2022-wimbledon-1213,M,1,5,3,Set Winner,2,2
2022,2022-wimbledon-1213,M,1,5,4,Set Winner,1,1
2022,2022-wimbledon-1213,M,1,5,5,Set Winner,1,0
2022,2022-wimbledon-1213,M,1,5,1,Cumul. Set Winner,1,4
2022,2022-wimbledon-1213,M,1,5,2,Cumul. Set Winner,1,3
2022,2022-wimbledon-1213,M,1,5,3,Cumul. Set Winner,2,2
2022,2022-wimbledon-1213,M,1,5,4,Cumul. Set Winner,2,1
2022,2022-wimbledon-1213,M,1,5,5,Cumul. Set Winner,1,0
2022,2022-wimbledon-1213,M,1,5,1,Cumul. Unf. Error,1,4
2022,2022-wimbledon-1213,M,1,5,2,Cumul. Unf. Error,1,3
2022,2022-wimbledon-1213,M,1,5,3,Cumul. Unf. Error,2,2
2022,2022-wimbledon-1213,M,1,5,4,Cumul. Unf. Error,2,1
2022,2022-wimbledon-1213,M,1,5,5,Cumul. Unf. Error,2,0
2022,2022-wimbledon-1213,M,1,5,1,Dynamic Model,1,4
2022,2022-wimbledon-1213,M,1,5,2,Dynamic Model,2,3
2022,2022-wimbledon-1213,M,1,5,3,Dynamic Model,2,2
2022,2022-wimbledon-1213,M,1,5,4,Dynamic Model,1,1
2022,2022-wimbledon-1213,M,1,5,5,Dynamic Model,1,0
2022,2022-wimbledon-1214,M,2,3,1,Cumul. Point Winner,2,2
2022,2022-wimbledon-1214,M,2,3,2,Cumul. Point Winner,2,1
2022,2022-wimbledon-1214,M,2,3,3,Cumul. Point Winner,2,0
2022,2022-wimbledon-1214,M,2,3,1,Cumul. Game Winner,2,2
2022,2022-wimbledon-1214,M,2,3,2,Cumul. Game Winner,2,1
2022,2022-wimbledon-1214,M,2,3,3,Cumul. Game Winner,2,0
2022,2022-wimbledon-1214,M,2,3,1,Set Winner,2,2
2022,2022-wimbledon-1214,M,2,3,2,Set Winner,2,1
2022,2022-wimbledon-1214,M,2,3,3,Set Winner,2,0
2022,2022-wimbledon-1214,M,2,3,1,Cumul. Set Winner,2,2
2022,2022-wimbledon-1214,M,2,3,2,Cumul. Set Winner,2,1
2022,2022-wimbledon-1214,M,2,3,3,Cumul. Set Winner,2,0
2022,2022-wimbledon-1214,M,2,3,1,Cumul. Unf. Error,2,2
2022,2022-wimbledon-1214,M,2,3,2,Cumul. Unf. Error,2,1
2022,2022-wimbledon-1214,M,2,3,3,Cumul. Unf. Error,2,0
2022,2022-wimbledon-1214,M,2,3,1,Dynamic Model,2,2
2022,2022-wimbledon-1214,M,2,3,2,Dynamic Model,2,1
2022,2022-wimbledon-1214,M,2,3,3,Dynamic Model,2,0
2022,2022-wimbledon-1215,M,1,3,1,Cumul. Point Winner,1,2
2022,2022-wimbledon-1215,M,1,3,2,Cumul. Point Winner,1,1
2022,2022-wimbledon-1215,M,1,3,3,Cumul. Point Winner,1,0
2022,2022-wimbledon-1215,M,1,3,1,Cumul. Game Winner,1,2
2022,2022-wimbledon-1215,M,1,3,2,Cumul. Game Winner,1,1
2022,2022-wimbledon-1215,M,1,3,3,Cumul. Game Winner,1,0
2022,2022-wimbledon-1215,M,1,3,1,Set Winner,1,2
2022,2022-wimbledon-1215,M,1,3,2,Set Winner,1,1
2022,2022-wimbledon-1215,M,1,3,3,Set Winner,1,0
2022,2022-wimbledon-1215,M,1,3,1,Cumul. Set Winner,1,2
2022,2022-wimbledon-1215,M,1,3,2,Cumul. Set Winner,1,1
2022,2022-wimbledon-1215,M,1,3,3,Cumul. Set Winner,1,0
2022,2022-wimbledon-1215,M,1,3,1,Cumul. Unf. Error,1,2
2022,2022-wimbledon-1215,M,1,3,2,Cumul. Unf. Error,1,1
2022,2022-wimbledon-1215,M,1,3,3,Cumul. Unf. Error,1,0
2022,2022-wimbledon-1215,M,1,3,1,Dynamic Model,1,2
2022,2022-wimbledon-1215,M,1,3,2,Dynamic Model,1,1
2022,2022-wimbledon-1215,M,1,3,3,Dynamic Model,1,0
2022,2022-wimbledon-1216,M,1,5,1,Cumul. Point Winner,1,4
2022,2022-wimbledon-1216,M,1,5,2,Cumul. Point Winner,1,3
2022,2022-wimbledon-1216,M,1,5,3,Cumul. Point Winner,2,2
2022,2022-wimbledon-1216,M,1,5,4,Cumul. Point Winner,1,1
2022,2022-wimbledon-1216,M,1,5,5,Cumul. Point Winner,1,0
2022,2022-wimbledon-1216,M,1,5,1,Cumul. Game Winner,1,4
2022,2022-wimbledon-1216,M,1,5,2,Cumul. Game Winner,1,3
2022,2022-wimbledon-1216,M,1,5,3,Cumul. Game Winner,1,2
2022,2022-wimbledon-1216,M,1,5,4,Cumul. Game Winner,1,1
2022,2022-wimbledon-1216,M,1,5,5,Cumul. Game Winner,1,0
2022,2022-wimbledon-1216,M,1,5,1,Set Winner,1,4
2022,2022-wimbledon-1216,M,1,5,2,Set Winner,2,3
2022,2022-wimbledon-1216,M,1,5,3,Set Winner,2,2
2022,2022-wimbledon-1216,M,1,5,4,Set Winner,1,1
2022,2022-wimbledon-1216,M,1,5,5,Set Winner,1,0
2022,2022-wimbledon-1216,M,1,5,1,Cumul. Set Winner,1,4
2022,2022-wimbledon-1216,M,1,5,2,Cumul. Set Winner,1,3
2022,2022-wimbledon-1216,M,1,5,3,Cumul. Set Winner,2,2
2022,2022-wimbledon-1216,M,1,5,4,Cumul. Set Winner,2,1
2022,2022-wimbledon-1216,M,1,5,5,Cumul. Set Winner,1,0
2022,2022-wimbledon-1216,M,1,5,1,Cumul. Unf. Error,2,4
2022,2022-wimbledon-1216,M,1,5,2,Cumul. Unf. Error,2,3
2022,2022-wimbledon-1216,M,1,5,3,Cumul. Unf. Error,2,2
2022,2022-wimbledon-1216,M,1,5,4,Cumul. Unf. Error,2,1
2022,2022-wimbledon-1216,M,1,5,5,Cumul. Unf. Error,2,0
2022,2022-wimbledon-1216,M,1,5,1,Dynamic Model,1,4
2022,2022-wimbledon-1216,M,1,5,2,Dynamic Model,2,3
2022,2022-wimbledon-1216,M,1,5,3,Dynamic Model,2,2
2022,2022-wimbledon-1216,M,1,5,4,Dynamic Model,2,1
2022,2022-wimbledon-1216,M,1,5,5,Dynamic Model,1,0
2022,2022-wimbledon-1217,M,1,3,1,Cumul. Point Winner,1,2
2022,2022-wimbledon-1217,M,1,3,2,Cumul. Point Winner,1,1
2022,2022-wimbledon-1217,M,1,3,3,Cumul. Point Winner,1,0
2022,2022-wimbledon-1217,M,1,3,1,Cumul. Game Winner,1,2
2022,2022-wimbledon-1217,M,1,3,2,Cumul. Game Winner,1,1
2022,2022-wimbledon-1217,M,1,3,3,Cumul. Game Winner,1,0
2022,2022-wimbledon-1217,M,1,3,1,Set Winner,1,2
2022,2022-wimbledon-1217,M,1,3,2,Set Winner,1,1
2022,2022-wimbledon-1217,M,1,3,3,Set Winner,1,0
2022,2022-wimbledon-1217,M,1,3,1,Cumul. Set Winner,1,2
2022,2022-wimbledon-1217,M,1,3,2,Cumul. Set Winner,1,1
2022,2022-wimbledon-1217,M,1,3,3,Cumul. Set Winner,1,0
2022,2022-wimbledon-1217,M,1,3,1,Cumul. Unf. Error,2,2
2022,2022-wimbledon-1217,M,1,3,2,Cumul. Unf. Error,2,1
2022,2022-wimbledon-1217,M,1,3,3,Cumul. Unf. Error,2,0
2022,2022-wimbledon-1217,M,1,3,1,Dynamic Model,1,2
2022,2022-wimbledon-1217,M,1,3,2,Dynamic Model,1,1
2022,2022-wimbledon-1217,M,1,3,3,Dynamic Model,1,0
2022,2022-wimbledon-1218,M,2,3,1,Cumul. Point Winner,2,2
2022,2022-wimbledon-1218,M,2,3,2,Cumul. Point Winner,2,1
2022,2022-wimbledon-1218,M,2,3,3,Cumul. Point Winner,2,0
2022,2022-wimbledon-1218,M,2,3,1,Cumul. Game Winner,2,2
2022,2022-wimbledon-1218,M,2,3,2,Cumul. Game Winner,2,1
2022,2022-wimbledon-1218,M,2,3,3,Cumul. Game Winner,2,0
2022,2022-wimbledon-1218,M,2,3,1,Set Winner,2,2
2022,2022-wimbledon-1218,M,2,3,2,Set Winner,2,1
2022,2022-wimbledon-1218,M,2,3,3,Set Winner,2,0
2022,2022-wimbledon-1218,M,2,3,1,Cumul. Set Winner,2,2
2022,2022-wimbledon-1218,M,2,3,2,Cumul. Set Winner,2,1
2022,2022-wimbledon-1218,M,2,3,3,Cumul. Set Winner,2,0
2022,2022-wimbledon-1218,M,2,3,1,Cumul. Unf. Error,2,2
2022,2022-wimbledon-1218,M,2,3,2,Cumul. Unf. Error,2,1
2022,2022-wimbledon-1218,M,2,3,3,Cumul. Unf. Error,2,0
2022,2022-wimbledon-1218,M,2,3,1,Dynamic Model,2,2
2022,2022-wimbledon-1218,M,2,3,2,Dynamic Model,2,1
2022,2022-wimbledon-1218,M,2,3,3,Dynamic Model,2,0
2022,2022-wimbledon-1219,M,1,4,1,Cumul. Point Winner,2,3
2022,2022-wimbledon-1219,M,1,4,2,Cumul. Point Winner,1,2
2022,2022-wimbledon-1219,M,1,4,3,Cumul. Point Winner,1,1
2022,2022-wimbledon-1219,M,1,4,4,Cumul. Point Winner,1,0
2022,2022-wimbledon-1219,M,1,4,1,Cumul. Game Winner,2,3
2022,2022-wimbledon-1219,M,1,4,2,Cumul. Game Winner,2,2
2022,2022-wimbledon-1219,M,1,4,3,Cumul. Game Winner,1,1
2022,2022-wimbledon-1219,M,1,4,4,Cumul. Game Winner,1,0
2022,2022-wimbledon-1219,M,1,4,1,Set Winner,2,3
2022,2022-wimbledon-1219,M,1,4,2,Set Winner,1,2
2022,2022-wimbledon-1219,M,1,4,3,Set Winner,1,1
2022,2022-wimbledon-1219,M,1,4,4,Set Winner,1,0
2022,2022-wimbledon-1219,M,1,4,1,Cumul. Set Winner,2,3
2022,2022-wimbledon-1219,M,1,4,2,Cumul. Set Winner,2,2
2022,2022-wimbledon-1219,M,1,4,3,Cumul. Set Winner,1,1
2022,2022-wimbledon-1219,M,1,4,4,Cumul. Set Winner,1,0
2022,2022-wimbledon-1219,M,1,4,1,Cumul. Unf. Error,1,3
2022,2022-wimbledon-1219,M,1,4,2,Cumul. Unf. Error,1,2
2022,2022-wimbledon-1219,M,1,4,3,Cumul. Unf. Error,1,1
2022,2022-wimbledon-1219,M,1,4,4,Cumul. Unf. Error,1,0
2022,2022-wimbledon-1219,M,1,4,1,Dynamic Model,2,3
2022,2022-wimbledon-1219,M,1,4,2,Dynamic Model,1,2
2022,2022-wimbledon-1219,M,1,4,3,Dynamic Model,1,1
2022,2022-wimbledon-1219,M,1,4,4,Dynamic Model,1,0
2022,2022-wimbledon-1220,M,1,5,1,Cumul. Point Winner,1,4
2022,2022-wimbledon-1220,M,1,5,2,Cumul. Point Winner,1,3
2022,2022-wimbledon-1220,M,1,5,3,Cumul. Point Winner,2,2
2022,2022-wimbledon-1220,M,1,5,4,Cumul. Point Winner,2,1
2022,2022-wimbledon-1220,M,1,5,5,Cumul. Point Winner,2,0
2022,2022-wimbledon-1220,M,1,5,1,Cumul. Game Winner,1,4
2022,2022-wimbledon-1220,M,1,5,2,Cumul. Game Winner,1,3
2022,2022-wimbledon-1220,M,1,5,3,Cumul. Game Winner,2,2
2022,2022-wimbledon-1220,M,1,5,4,Cumul. Game Winner,2,1
2022,2022-wimbledon-1220,M,1,5,5,Cumul. Game Winner,1,0
2022,2022-wimbledon-1220,M,1,5,1,Set Winner,1,4
2022,2022-wimbledon-1220,M,1,5,2,Set Winner,2,3
2022,2022-wimbledon-1220,M,1,5,3,Set Winner,2,2
2022,2022-wimbledon-1220,M,1,5,4,Set Winner,1,1
2022,2022-wimbledon-1220,M,1,5,5,Set Winner,1,0
2022,2022-wimbledon-1220,M,1,5,1,Cumul. Set Winner,1,4
2022,2022-wimbledon-1220,M,1,5,2,Cumul. Set Winner,1,3
2022,2022-wimbledon-1220,M,1,5,3,Cumul. Set Winner,2,2
2022,2022-wimbledon-1220,M,1,5,4,Cumul. Set Winner,2,1
2022,2022-wimbledon-1220,M,1,5,5,Cumul. Set Winner,1,0
2022,2022-wimbledon-1220,M,1,5,1,Cumul. Unf. Error,2,4
2022,2022-wimbledon-1220,M,1,5,2,Cumul. Unf. Error,2,3
2022,2022-wimbledon-1220,M,1,5,3,Cumul. Unf. Error,2,2
2022,2022-wimbledon-1220,M,1,5,4,Cumul. Unf. Error,2,1
2022,2022-wimbledon-1220,M,1,5,5,Cumul. Unf. Error,1,0
2022,2022-wimbledon-1220,M,1,5,1,Dynamic Model,1,4
2022,2022-wimbledon-1220,M,1,5,2,Dynamic Model,2,3
2022,2022-wimbledon-1220,M,1,5,3,Dynamic Model,2,2
2022,2022-wimbledon-1220,M,1,5,4,Dynamic Model,2,1
2022,2022-wimbledon-1220,M,1,5,5,Dynamic Model,1,0
2022,2022-wimbledon-1221,M,2,4,1,Cumul. Point Winner,2,3
2022,2022-wimbledon-1221,M,2,4,2,Cumul. Point Winner,1,2
2022,2022-wimbledon-1221,M,2,4,3,Cumul. Point Winner,2,1
2022,2022-wimbledon-1221,M,2,4,4,Cumul. Point Winner,2,0
2022,2022-wimbledon-1221,M,2,4,1,Cumul. Game Winner,2,3
2022,2022-wimbledon-1221,M,2,4,2,Cumul. Game Winner,2,2
2022,2022-wimbledon-1221,M,2,4,3,Cumul. Game Winner,2,1
2022,2022-wimbledon-1221,M,2,4,4,Cumul. Game Winner,2,0
2022,2022-wimbledon-1221,M,2,4,1,Set Winner,2,3
2022,2022-wimbledon-1221,M,2,4,2,Set Winner,1,2
2022,2022-wimbledon-1221,M,2,4,3,Set Winner,2,1
2022,2022-wimbledon-1221,M,2,4,4,Set Winner,2,0
2022,2022-wimbledon-1221,M,2,4,1,Cumul. Set Winner,2,3
2022,2022-wimbledon-1221,M,2,4,2,Cumul. Set Winner,2,2
2022,2022-wimbledon-1221,M,2,4,3,Cumul. Set Winner,2,1
2022,2022-wimbledon-1221,M,2,4,4,Cumul. Set Winner,2,0
2022,2022-wimbledon-1221,M,2,4,1,Cumul. Unf. Error,2,3
2022,2022-wimbledon-1221,M,2,4,2,Cumul. Unf. Error,2,2
2022,2022-wimbledon-1221,M,2,4,3,Cumul. Unf. Error,2,1
2022,2022-wimbledon-1221,M,2,4,4,Cumul. Unf. Error,2,0
2022,2022-wimbledon-1221,M,2,4,1,Dynamic Model,2,3
2022,2022-wimbledon-1221,M,2,4,2,Dynamic Model,1,2
2022,2022-wimbledon-1221,M,2,4,3,Dynamic Model,2,1
2022,2022-wimbledon-1221,M,2,4,4,Dynamic Model,2,0
2022,2022-wimbledon-1223,M,2,3,1,Cumul. Point Winner,2,2
2022,2022-wimbledon-1223,M,2,3,2,Cumul. Point Winner,2,1
2022,2022-wimbledon-1223,M,2,3,3,Cumul. Point Winner,2,0
2022,2022-wimbledon-1223,M,2,3,1,Cumul. Game Winner,2,2
2022,2022-wimbledon-1223,M,2,3,2,Cumul. Game Winner,2,1
2022,2022-wimbledon-1223,M,2,3,3,Cumul. Game Winner,2,0
2022,2022-wimbledon-1223,M,2,3,1,Set Winner,2,2
2022,2022-wimbledon-1223,M,2,3,2,Set Winner,2,1
2022,2022-wimbledon-1223,M,2,3,3,Set Winner,2,0
2022,2022-wimbledon-1223,M,2,3,1,Cumul. Set Winner,2,2
2022,2022-wimbledon-1223,M,2,3,2,Cumul. Set Winner,2,1
2022,2022-wimbledon-1223,M,2,3,3,Cumul. Set Winner,2,0
2022,2022-wimbledon-1223,M,2,3,1,Cumul. Unf. Error,2,2
2022,2022-wimbledon-1223,M,2,3,2,Cumul. Unf. Error,2,1
2022,2022-wimbledon-1223,M,2,3,3,Cumul. Unf. Error,2,0
2022,2022-wimbledon-1223,M,2,3,1,Dynamic Model,2,2
2022,2022-wimbledon-1223,M,2,3,2,Dynamic Model,2,1
2022,2022-wimbledon-1223,M,2,3,3,Dynamic Model,2,0
2022,2022-wimbledon-1224,M,2,3,1,Cumul. Point Winner,2,2
2022,2022-wimbledon-1224,M,2,3,2,Cumul. Point Winner,2,1
2022,2022-wimbledon-1224,M,2,3,3,Cumul. Point Winner,2,0
2022,2022-wimbledon-1224,M,2,3,1,Cumul. Game Winner,2,2
2022,2022-wimbledon-1224,M,2,3,2,Cumul. Game Winner,2,1
2022,2022-wimbledon-1224,M,2,3,3,Cumul. Game Winner,2,0
2022,2022-wimbledon-1224,M,2,3,1,Set Winner,2,2
2022,2022-wimbledon-1224,M,2,3,2,Set Winner,2,1
2022,2022-wimbledon-1224,M,2,3,3,Set Winner,2,0
2022,2022-wimbledon-1224,M,2,3,1,Cumul. Set Winner,2,2
2022,2022-wimbledon-1224,M,2,3,2,Cumul. Set Winner,2,1
2022,2022-wimbledon-1224,M,2,3,3,Cumul. Set Winner,2,0
2022,2022-wimbledon-1224,M,2,3,1,Cumul. Unf. Error,1,2
2022,2022-wimbledon-1224,M,2,3,2,Cumul. Unf. Error,2,1
2022,2022-wimbledon-1224,M,2,3,3,Cumul. Unf. Error,2,0
2022,2022-wimbledon-1224,M,2,3,1,Dynamic Model,2,2
2022,2022-wimbledon-1224,M,2,3,2,Dynamic Model,2,1
2022,2022-wimbledon-1224,M,2,3,3,Dynamic Model,2,0
2022,2022-wimbledon-1225,M,2,4,1,Cumul. Point Winner,2,3
2022,2022-wimbledon-1225,M,2,4,2,Cumul. Point Winner,2,2
2022,2022-wimbledon-1225,M,2,4,3,Cumul. Point Winner,2,1
2022,2022-wimbledon-1225,M,2,4,4,Cumul. Point Winner,2,0
2022,2022-wimbledon-1225,M,2,4,1,Cumul. Game Winner,2,3
2022,2022-wimbledon-1225,M,2,4,2,Cumul. Game Winner,2,2
2022,2022-wimbledon-1225,M,2,4,3,Cumul. Game Winner,2,1
2022,2022-wimbledon-1225,M,2,4,4,Cumul. Game Winner,2,0
2022,2022-wimbledon-1225,M,2,4,1,Set Winner,2,3
2022,2022-wimbledon-1225,M,2,4,2,Set Winner,2,2
2022,2022-wimbledon-1225,M,2,4,3,Set Winner,1,1
2022,2022-wimbledon-1225,M,2,4,4,Set Winner,2,0
2022,2022-wimbledon-1225,M,2,4,1,Cumul. Set Winner,2,3
2022,2022-wimbledon-1225,M,2,4,2,Cumul. Set Winner,2,2
2022,2022-wimbledon-1225,M,2,4,3,Cumul. Set Winner,2,1
2022,2022-wimbledon-1225,M,2,4,4,Cumul. Set Winner,2,0
2022,2022-wimbledon-1225,M,2,4,1,Cumul. Unf. Error,2,3
2022,2022-wimbledon-1225,M,2,4,2,Cumul. Unf. Error,2,2
2022,2022-wimbledon-1225,M,2,4,3,Cumul. Unf. Error,2,1
2022,2022-wimbledon-1225,M,2,4,4,Cumul. Unf. Error,2,0
2022,2022-wimbledon-1225,M,2,4,1,Dynamic Model,2,3
2022,2022-wimbledon-1225,M,2,4,2,Dynamic Model,2,2
2022,2022-wimbledon-1225,M,2,4,3,Dynamic Model,2,1
2022,2022-wimbledon-1225,M,2,4,4,Dynamic Model,2,0
2022,2022-wimbledon-1226,M,2,3,1,Cumul. Point Winner,2,2
2022,2022-wimbledon-1226,M,2,3,2,Cumul. Point Winner,2,1
2022,2022-wimbledon-1226,M,2,3,3,Cumul. Point Winner,2,0
2022,2022-wimbledon-1226,M,2,3,1,Cumul. Game Winner,2,2
2022,2022-wimbledon-1226,M,2,3,2,Cumul. Game Winner,2,1
2022,2022-wimbledon-1226,M,2,3,3,Cumul. Game Winner,2,0
2022,2022-wimbledon-1226,M,2,3,1,Set Winner,2,2
2022,2022-wimbledon-1226,M,2,3,2,Set Winner,2,1
2022,2022-wimbledon-1226,M,2,3,3,Set Winner,2,0
2022,2022-wimbledon-1226,M,2,3,1,Cumul. Set Winner,2,2
2022,2022-wimbledon-1226,M,2,3,2,Cumul. Set Winner,2,1
2022,2022-wimbledon-1226,M,2,3,3,Cumul. Set Winner,2,0
2022,2022-wimbledon-1226,M,2,3,1,Cumul. Unf. Error,2,2
2022,2022-wimbledon-1226,M,2,3,2,Cumul. Unf. Error,2,1
2022,2022-wimbledon-1226,M,2,3,3,Cumul. Unf. Error,2,0
2022,2022-wimbledon-1226,M,2,3,1,Dynamic Model,2,2
2022,2022-wimbledon-1226,M,2,3,2,Dynamic Model,2,1
2022,2022-wimbledon-1226,M,2,3,3,Dynamic Model,2,0
2022,2022-wimbledon-1227,M,2,3,1,Cumul. Point Winner,2,2
2022,2022-wimbledon-1227,M,2,3,2,Cumul. Point Winner,2,1
2022,2022-wimbledon-1227,M,2,3,3,Cumul. Point Winner,2,0
2022,2022-wimbledon-1227,M,2,3,1,Cumul. Game Winner,2,2
2022,2022-wimbledon-1227,M,2,3,2,Cumul. Game Winner,2,1
2022,2022-wimbledon-1227,M,2,3,3,Cumul. Game Winner,2,0
2022,2022-wimbledon-1227,M,2,3,1,Set Winner,2,2
2022,2022-wimbledon-1227,M,2,3,2,Set Winner,2,1
2022,2022-wimbledon-1227,M,2,3,3,Set Winner,2,0
2022,2022-wimbledon-1227,M,2,3,1,Cumul. Set Winner,2,2
2022,2022-wimbledon-1227,M,2,3,2,Cumul. Set Winner,2,1
2022,2022-wimbledon-1227,M,2,3,3,Cumul. Set Winner,2,0
2022,2022-wimbledon-1227,M,2,3,1,Cumul. Unf. Error,1,2
2022,2022-wimbledon-1227,M,2,3,2,Cumul. Unf. Error,1,1
2022,2022-wimbledon-1227,M,2,3,3,Cumul. Unf. Error,1,0
2022,2022-wimbledon-1227,M,2,3,1,Dynamic Model,2,2
2022,2022-wimbledon-1227,M,2,3,2,Dynamic Model,2,1
2022,2022-wimbledon-1227,M,2,3,3,Dynamic Model,2,0
2022,2022-wimbledon-1228,M,2,3,1,Cumul. Point Winner,2,2
2022,2022-wimbledon-1228,M,2,3,2,Cumul. Point Winner,2,1
2022,2022-wimbledon-1228,M,2,3,3,Cumul. Point Winner,2,0
2022,2022-wimbledon-1228,M,2,3,1,Cumul. Game Winner,2,2
2022,2022-wimbledon-1228,M,2,3,2,Cumul. Game Winner,2,1
2022,2022-wimbledon-1228,M,2,3,3,Cumul. Game Winner,2,0
2022,2022-wimbledon-1228,M,2,3,1,Set Winner,2,2
2022,2022-wimbledon-1228,M,2,3,2,Set Winner,2,1
2022,2022-wimbledon-1228,M,2,3,3,Set Winner,2,0
2022,2022-wimbledon-1228,M,2,3,1,Cumul. Set Winner,2,2
2022,2022-wimbledon-1228,M,2,3,2,Cumul. Set Winner,2,1
2022,2022-wimbledon-1228,M,2,3,3,Cumul. Set Winner,2,0
2022,2022-wimbledon-1228,M,2,3,1,Cumul. Unf. Error,2,2
2022,2022-wimbledon-1228,M,2,3,2,Cumul. Unf. Error,2,1
2022,2022-wimbledon-1228,M,2,3,3,Cumul. Unf. Error,2,0
2022,2022-wimbledon-1228,M,2,3,1,Dynamic Model,2,2
2022,2022-wimbledon-1228,M,2,3,2,Dynamic Model,2,1
2022,2022-wimbledon-1228,M,2,3,3,Dynamic Model,2,0
2022,2022-wimbledon-1229,M,2,4,1,Cumul. Point Winner,2,3
2022,2022-wimbledon-1229,M,2,4,2,Cumul. Point Winner,1,2
2022,2022-wimbledon-1229,M,2,4,3,Cumul. Point Winner,2,1
2022,2022-wimbledon-1229,M,2,4,4,Cumul. Point Winner,2,0
2022,2022-wimbledon-1229,M,2,4,1,Cumul. Game Winner,2,3
2022,2022-wimbledon-1229,M,2,4,2,Cumul. Game Winner,2,2
2022,2022-wimbledon-1229,M,2,4,3,Cumul. Game Winner,2,1
2022,2022-wimbledon-1229,M,2,4,4,Cumul. Game Winner,2,0
2022,2022-wimbledon-1229,M,2,4,1,Set Winner,2,3
2022,2022-wimbledon-1229,M,2,4,2,Set Winner,1,2
2022,2022-wimbledon-1229,M,2,4,3,Set Winner,2,1
2022,2022-wimbledon-1229,M,2,4,4,Set Winner,2,0
2022,2022-wimbledon-1229,M,2,4,1,Cumul. Set Winner,2,3
2022,2022-wimbledon-1229,M,2,4,2,Cumul. Set Winner,2,2
2022,2022-wimbledon-1229,M,2,4,3,Cumul. Set Winner,2,1
2022,2022-wimbledon-1229,M,2,4,4,Cumul. Set Winner,2,0
2022,2022-wimbledon-1229,M,2,4,1,Cumul. Unf. Error,2,3
2022,2022-wimbledon-1229,M,2,4,2,Cumul. Unf. Error,2,2
2022,2022-wimbledon-1229,M,2,4,3,Cumul. Unf. Error,2,1
2022,2022-wimbledon-1229,M,2,4,4,Cumul. Unf. Error,2,0
2022,2022-wimbledon-1229,M,2,4,1,Dynamic Model,2,3
2022,2022-wimbledon-1229,M,2,4,2,Dynamic Model,2,2
2022,2022-wimbledon-1229,M,2,4,3,Dynamic Model,2,1
2022,2022-wimbledon-1229,M,2,4,4,Dynamic Model,2,0
2022,2022-wimbledon-1230,M,2,4,1,Cumul. Point Winner,1,3
2022,2022-wimbledon-1230,M,2,4,2,Cumul. Point Winner,2,2
2022,2022-wimbledon-1230,M,2,4,3,Cumul. Point Winner,2,1
2022,2022-wimbledon-1230,M,2,4,4,Cumul. Point Winner,2,0
2022,2022-wimbledon-1230,M,2,4,1,Cumul. Game Winner,1,3
2022,2022-wimbledon-1230,M,2,4,2,Cumul. Game Winner,2,2
2022,2022-wimbledon-1230,M,2,4,3,Cumul. Game Winner,2,1
2022,2022-wimbledon-1230,M,2,4,4,Cumul. Game Winner,2,0
2022,2022-wimbledon-1230,M,2,4,1,Set Winner,1,3
2022,2022-wimbledon-1230,M,2,4,2,Set Winner,2,2
2022,2022-wimbledon-1230,M,2,4,3,Set Winner,2,1
2022,2022-wimbledon-1230,M,2,4,4,Set Winner,2,0
2022,2022-wimbledon-1230,M,2,4,1,Cumul. Set Winner,1,3
2022,2022-wimbledon-1230,M,2,4,2,Cumul. Set Winner,1,2
2022,2022-wimbledon-1230,M,2,4,3,Cumul. Set Winner,2,1
2022,2022-wimbledon-1230,M,2,4,4,Cumul. Set Winner,2,0
2022,2022-wimbledon-1230,M,2,4,1,Cumul. Unf. Error,1,3
2022,2022-wimbledon-1230,M,2,4,2,Cumul. Unf. Error,1,2
2022,2022-wimbledon-1230,M,2,4,3,Cumul. Unf. Error,1,1
2022,2022-wimbledon-1230,M,2,4,4,Cumul. Unf. Error,1,0
2022,2022-wimbledon-1230,M,2,4,1,Dynamic Model,1,3
2022,2022-wimbledon-1230,M,2,4,2,Dynamic Model,2,2
2022,2022-wimbledon-1230,M,2,4,3,Dynamic Model,2,1
2022,2022-wimbledon-1230,M,2,4,4,Dynamic Model,2,0
2022,2022-wimbledon-1231,M,1,3,1,Cumul. Point Winner,1,2
2022,2022-wimbledon-1231,M,1,3,2,Cumul. Point Winner,1,1
2022,2022-wimbledon-1231,M,1,3,3,Cumul. Point Winner,1,0
2022,2022-wimbledon-1231,M,1,3,1,Cumul. Game Winner,1,2
2022,2022-wimbledon-1231,M,1,3,2,Cumul. Game Winner,1,1
2022,2022-wimbledon-1231,M,1,3,3,Cumul. Game Winner,1,0
2022,2022-wimbledon-1231,M,1,3,1,Set Winner,1,2
2022,2022-wimbledon-1231,M,1,3,2,Set Winner,1,1
2022,2022-wimbledon-1231,M,1,3,3,Set Winner,1,0
2022,2022-wimbledon-1231,M,1,3,1,Cumul. Set Winner,1,2
2022,2022-wimbledon-1231,M,1,3,2,Cumul. Set Winner,1,1
2022,2022-wimbledon-1231,M,1,3,3,Cumul. Set Winner,1,0
2022,2022-wimbledon-1231,M,1,3,1,Cumul. Unf. Error,2,2
2022,2022-wimbledon-1231,M,1,3,2,Cumul. Unf. Error,2,1
2022,2022-wimbledon-1231,M,1,3,3,Cumul. Unf. Error,1,0
2022,2022-wimbledon-1231,M,1,3,1,Dynamic Model,1,2
2022,2022-wimbledon-1231,M,1,3,2,Dynamic Model,1,1
2022,2022-wimbledon-1231,M,1,3,3,Dynamic Model,1,0
2022,2022-wimbledon-1232,M,2,4,1,Cumul. Point Winner,2,3
2022,2022-wimbledon-1232,M,2,4,2,Cumul. Point Winner,2,2
2022,2022-wimbledon-1232,M,2,4,3,Cumul. Point Winner,2,1
2022,2022-wimbledon-1232,M,2,4,4,Cumul. Point Winner,2,0
2022,2022-wimbledon-1232,M,2,4,1,Cumul. Game Winner,2,3
2022,2022-wimbledon-1232,M,2,4,2,Cumul. Game Winner,2,2
2022,2022-wimbledon-1232,M,2,4,3,Cumul. Game Winner,2,1
2022,2022-wimbledon-1232,M,2,4,4,Cumul. Game Winner,2,0
2022,2022-wimbledon-1232,M,2,4,1,Set Winner,2,3
2022,2022-wimbledon-1232,M,2,4,2,Set Winner,2,2
2022,2022-wimbledon-1232,M,2,4,3,Set Winner,1,1
2022,2022-wimbledon-1232,M,2,4,4,Set Winner,2,0
2022,2022-wimbledon-1232,M,2,4,1,Cumul. Set Winner,2,3
2022,2022-wimbledon-1232,M,2,4,2,Cumul. Set Winner,2,2
2022,2022-wimbledon-1232,M,2,4,3,Cumul. Set Winner,2,1
2022,2022-wimbledon-1232,M,2,4,4,Cumul. Set Winner,2,0
2022,2022-wimbledon-1232,M,2,4,1,Cumul. Unf. Error,2,3
2022,2022-wimbledon-1232,M,2,4,2,Cumul. Unf. Error,2,2
2022,2022-wimbledon-1232,M,2,4,3,Cumul. Unf. Error,1,1
2022,2022-wimbledon-1232,M,2,4,4,Cumul. Unf. Error,1,0
2022,2022-wimbledon-1232,M,2,4,1,Dynamic Model,2,3
2022,2022-wimbledon-1232,M,2,4,2,Dynamic Model,2,2
2022,2022-wimbledon-1232,M,2,4,3,Dynamic Model,2,1
2022,2022-wimbledon-1232,M,2,4,4,Dynamic Model,2,0
2022,2022-wimbledon-1301,M,1,3,1,Cumul. Point Winner,1,2
2022,2022-wimbledon-1301,M,1,3,2,Cumul. Point Winner,1,1
2022,2022-wimbledon-1301,M,1,3,3,Cumul. Point Winner,1,0
2022,2022-wimbledon-1301,M,1,3,1,Cumul. Game Winner,1,2
2022,2022-wimbledon-1301,M,1,3,2,Cumul. Game Winner,1,1
2022,2022-wimbledon-1301,M,1,3,3,Cumul. Game Winner,1,0
2022,2022-wimbledon-1301,M,1,3,1,Set Winner,1,2
2022,2022-wimbledon-1301,M,1,3,2,Set Winner,1,1
2022,2022-wimbledon-1301,M,1,3,3,Set Winner,1,0
2022,2022-wimbledon-1301,M,1,3,1,Cumul. Set Winner,1,2
2022,2022-wimbledon-1301,M,1,3,2,Cumul. Set Winner,1,1
2022,2022-wimbledon-1301,M,1,3,3,Cumul. Set Winner,1,0
2022,2022-wimbledon-1301,M,1,3,1,Cumul. Unf. Error,1,2
2022,2022-wimbledon-1301,M,1,3,2,Cumul. Unf. Error,1,1
2022,2022-wimbledon-1301,M,1,3,3,Cumul. Unf. Error,1,0
2022,2022-wimbledon-1301,M,1,3,1,Dynamic Model,1,2
2022,2022-wimbledon-1301,M,1,3,2,Dynamic Model,1,1
2022,2022-wimbledon-1301,M,1,3,3,Dynamic Model,1,0
2022,2022-wimbledon-1302,M,2,3,1,Cumul. Point Winner,2,2
2022,2022-wimbledon-1302,M,2,3,2,Cumul. Point Winner,2,1
2022,2022-wimbledon-1302,M,2,3,3,Cumul. Point Winner,2,0
2022,2022-wimbledon-1302,M,2,3,1,Cumul. Game Winner,2,2
2022,2022-wimbledon-1302,M,2,3,2,Cumul. Game Winner,2,1
2022,2022-wimbledon-1302,M,2,3,3,Cumul. Game Winner,2,0
2022,2022-wimbledon-1302,M,2,3,1,Set Winner,2,2
2022,2022-wimbledon-1302,M,2,3,2,Set Winner,2,1
2022,2022-wimbledon-1302,M,2,3,3,Set Winner,2,0
2022,2022-wimbledon-1302,M,2,3,1,Cumul. Set Winner,2,2
2022,2022-wimbledon-1302,M,2,3,2,Cumul. Set Winner,2,1
2022,2022-wimbledon-1302,M,2,3,3,Cumul. Set Winner,2,0
2022,2022-wimbledon-1302,M,2,3,1,Cumul. Unf. Error,2,2
2022,2022-wimbledon-1302,M,2,3,2,Cumul. Unf. Error,2,1
2022,2022-wimbledon-1302,M,2,3,3,Cumul. Unf. Error,2,0
2022,2022-wimbledon-1302,M,2,3,1,Dynamic Model,2,2
2022,2022-wimbledon-1302,M,2,3,2,Dynamic Model,2,1
2022,2022-wimbledon-1302,M,2,3,3,Dynamic Model,2,0
2022,2022-wimbledon-1303,M,1,3,1,Cumul. Point Winner,1,2
2022,2022-wimbledon-1303,M,1,3,2,Cumul. Point Winner,1,1
2022,2022-wimbledon-1303,M,1,3,3,Cumul. Point Winner,1,0
2022,2022-wimbledon-1303,M,1,3,1,Cumul. Game Winner,1,2
2022,2022-wimbledon-1303,M,1,3,2,Cumul. Game Winner,1,1
2022,2022-wimbledon-1303,M,1,3,3,Cumul. Game Winner,1,0
2022,2022-wimbledon-1303,M,1,3,1,Set Winner,1,2
2022,2022-wimbledon-1303,M,1,3,2,Set Winner,1,1
2022,2022-wimbledon-1303,M,1,3,3,Set Winner,1,0
2022,2022-wimbledon-1303,M,1,3,1,Cumul. Set Winner,1,2
2022,2022-wimbledon-1303,M,1,3,2,Cumul. Set Winner,1,1
2022,2022-wimbledon-1303,M,1,3,3,Cumul. Set Winner,1,0
2022,2022-wimbledon-1303,M,1,3,1,Cumul. Unf. Error,1,2
2022,2022-wimbledon-1303,M,1,3,2,Cumul. Unf. Error,1,1
2022,2022-wimbledon-1303,M,1,3,3,Cumul. Unf. Error,1,0
2022,2022-wimbledon-1303,M,1,3,1,Dynamic Model,1,2
2022,2022-wimbledon-1303,M,1,3,2,Dynamic Model,1,1
2022,2022-wimbledon-1303,M,1,3,3,Dynamic Model,1,0
2022,2022-wimbledon-1304,M,2,3,1,Cumul. Point Winner,2,2
2022,2022-wimbledon-1304,M,2,3,2,Cumul. Point Winner,2,1
2022,2022-wimbledon-1304,M,2,3,3,Cumul. Point Winner,2,0
2022,2022-wimbledon-1304,M,2,3,1,Cumul. Game Winner,2,2
2022,2022-wimbledon-1304,M,2,3,2,Cumul. Game Winner,2,1
2022,2022-wimbledon-1304,M,2,3,3,Cumul. Game Winner,2,0
2022,2022-wimbledon-1304,M,2,3,1,Set Winner,2,2
2022,2022-wimbledon-1304,M,2,3,2,Set Winner,2,1
2022,2022-wimbledon-1304,M,2,3,3,Set Winner,2,0
2022,2022-wimbledon-1304,M,2,3,1,Cumul. Set Winner,2,2
2022,2022-wimbledon-1304,M,2,3,2,Cumul. Set Winner,2,1
2022,2022-wimbledon-1304,M,2,3,3,Cumul. Set Winner,2,0
2022,2022-wimbledon-1304,M,2,3,1,Cumul. Unf. Error,2,2
2022,2022-wimbledon-1304,M,2,3,2,Cumul. Unf. Error,2,1
2022,2022-wimbledon-1304,M,2,3,3,Cumul. Unf. Error,2,0
2022,2022-wimbledon-1304,M,2,3,1,Dynamic Model,2,2
2022,2022-wimbledon-1304,M,2,3,2,Dynamic Model,2,1
2022,2022-wimbledon-1304,M,2,3,3,Dynamic Model,2,0
2022,2022-wimbledon-1305,M,2,4,1,Cumul. Point Winner,1,3
2022,2022-wimbledon-1305,M,2,4,2,Cumul. Point Winner,2,2
2022,2022-wimbledon-1305,M,2,4,3,Cumul. Point Winner,2,1
2022,2022-wimbledon-1305,M,2,4,4,Cumul. Point Winner,2,0
2022,2022-wimbledon-1305,M,2,4,1,Cumul. Game Winner,1,3
2022,2022-wimbledon-1305,M,2,4,2,Cumul. Game Winner,1,2
2022,2022-wimbledon-1305,M,2,4,3,Cumul. Game Winner,2,1
2022,2022-wimbledon-1305,M,2,4,4,Cumul. Game Winner,2,0
2022,2022-wimbledon-1305,M,2,4,1,Set Winner,1,3
2022,2022-wimbledon-1305,M,2,4,2,Set Winner,2,2
2022,2022-wimbledon-1305,M,2,4,3,Set Winner,2,1
2022,2022-wimbledon-1305,M,2,4,4,Set Winner,2,0
2022,2022-wimbledon-1305,M,2,4,1,Cumul. Set Winner,1,3
2022,2022-wimbledon-1305,M,2,4,2,Cumul. Set Winner,1,2
2022,2022-wimbledon-1305,M,2,4,3,Cumul. Set Winner,2,1
2022,2022-wimbledon-1305,M,2,4,4,Cumul. Set Winner,2,0
2022,2022-wimbledon-1305,M,2,4,1,Cumul. Unf. Error,2,3
2022,2022-wimbledon-1305,M,2,4,2,Cumul. Unf. Error,2,2
2022,2022-wimbledon-1305,M,2,4,3,Cumul. Unf. Error,2,1
2022,2022-wimbledon-1305,M,2,4,4,Cumul. Unf. Error,2,0
2022,2022-wimbledon-1305,M,2,4,1,Dynamic Model,1,3
2022,2022-wimbledon-1305,M,2,4,2,Dynamic Model,2,2
2022,2022-wimbledon-1305,M,2,4,3,Dynamic Model,2,1
2022,2022-wimbledon-1305,M,2,4,4,Dynamic Model,2,0
2022,2022-wimbledon-1306,M,1,4,1,Cumul. Point Winner,2,3
2022,2022-wimbledon-1306,M,1,4,2,Cumul. Point Winner,2,2
2022,2022-wimbledon-1306,M,1,4,3,Cumul. Point Winner,2,1
2022,2022-wimbledon-1306,M,1,4,4,Cumul. Point Winner,1,0
2022,2022-wimbledon-1306,M,1,4,1,Cumul. Game Winner,2,3
2022,2022-wimbledon-1306,M,1,4,2,Cumul. Game Winner,2,2
2022,2022-wimbledon-1306,M,1,4,3,Cumul. Game Winner,2,1
2022,2022-wimbledon-1306,M,1,4,4,Cumul. Game Winner,1,0
2022,2022-wimbledon-1306,M,1,4,1,Set Winner,2,3
2022,2022-wimbledon-1306,M,1,4,2,Set Winner,1,2
2022,2022-wimbledon-1306,M,1,4,3,Set Winner,1,1
2022,2022-wimbledon-1306,M,1,4,4,Set Winner,1,0
2022,2022-wimbledon-1306,M,1,4,1,Cumul. Set Winner,2,3
2022,2022-wimbledon-1306,M,1,4,2,Cumul. Set Winner,2,2
2022,2022-wimbledon-1306,M,1,4,3,Cumul. Set Winner,1,1
2022,2022-wimbledon-1306,M,1,4,4,Cumul. Set Winner,1,0
2022,2022-wimbledon-1306,M,1,4,1,Cumul. Unf. Error,1,3
2022,2022-wimbledon-1306,M,1,4,2,Cumul. Unf. Error,1,2
2022,2022-wimbledon-1306,M,1,4,3,Cumul. Unf. Error,1,1
2022,2022-wimbledon-1306,M,1,4,4,Cumul. Unf. Error,1,0
2022,2022-wimbledon-1306,M,1,4,1,Dynamic Model,2,3
2022,2022-wimbledon-1306,M,1,4,2,Dynamic Model,2,2
2022,2022-wimbledon-1306,M,1,4,3,Dynamic Model,1,1
2022,2022-wimbledon-1306,M,1,4,4,Dynamic Model,1,0
2022,2022-wimbledon-1307,M,1,3,1,Cumul. Point Winner,1,2
2022,2022-wimbledon-1307,M,1,3,2,Cumul. Point Winner,1,1
2022,2022-wimbledon-1307,M,1,3,3,Cumul. Point Winner,1,0
2022,2022-wimbledon-1307,M,1,3,1,Cumul. Game Winner,1,2
2022,2022-wimbledon-1307,M,1,3,2,Cumul. Game Winner,1,1
2022,2022-wimbledon-1307,M,1,3,3,Cumul. Game Winner,1,0
2022,2022-wimbledon-1307,M,1,3,1,Set Winner,1,2
2022,2022-wimbledon-1307,M,1,3,2,Set Winner,1,1
2022,2022-wimbledon-1307,M,1,3,3,Set Winner,1,0
2022,2022-wimbledon-1307,M,1,3,1,Cumul. Set Winner,1,2
2022,2022-wimbledon-1307,M,1,3,2,Cumul. Set Winner,1,1
2022,2022-wimbledon-1307,M,1,3,3,Cumul. Set Winner,1,0
2022,2022-wimbledon-1307,M,1,3,1,Cumul. Unf. Error,1,2
2022,2022-wimbledon-1307,M,1,3,2,Cumul. Unf. Error,1,1
2022,2022-wimbledon-1307,M,1,3,3,Cumul. Unf. Error,1,0
2022,2022-wimbledon-1307,M,1,3,1,Dynamic Model,1,2
2022,2022-wimbledon-1307,M,1,3,2,Dynamic Model,1,1
2022,2022-wimbledon-1307,M,1,3,3,Dynamic Model,1,0
2022,2022-wimbledon-1308,M,1,3,1,Cumul. Point Winner,1,2
2022,2022-wimbledon-1308,M,1,3,2,Cumul. Point Winner,1,1
2022,2022-wimbledon-1308,M,1,3,3,Cumul. Point Winner,1,0
2022,2022-wimbledon-1308,M,1,3,1,Cumul. Game Winner,1,2
2022,2022-wimbledon-1308,M,1,3,2,Cumul. Game Winner,1,1
2022,2022-wimbledon-1308,M,1,3,3,Cumul. Game Winner,1,0
2022,2022-wimbledon-1308,M,1,3,1,Set Winner,1,2
2022,2022-wimbledon-1308,M,1,3,2,Set Winner,1,1
2022,2022-wimbledon-1308,M,1,3,3,Set Winner,1,0
2022,2022-wimbledon-1308,M,1,3,1,Cumul. Set Winner,1,2
2022,2022-wimbledon-1308,M,1,3,2,Cumul. Set Winner,1,1
2022,2022-wimbledon-1308,M,1,3,3,Cumul. Set Winner,1,0
2022,2022-wimbledon-1308,M,1,3,1,Cumul. Unf. Error,1,2
2022,2022-wimbledon-1308,M,1,3,2,Cumul. Unf. Error,1,1
2022,2022-wimbledon-1308,M,1,3,3,Cumul. Unf. Error,1,0
2022,2022-wimbledon-1308,M,1,3,1,Dynamic Model,1,2
2022,2022-wimbledon-1308,M,1,3,2,Dynamic Model,1,1
2022,2022-wimbledon-1308,M,1,3,3,Dynamic Model,1,0
2022,2022-wimbledon-1309,M,1,4,1,Cumul. Point Winner,1,3
2022,2022-wimbledon-1309,M,1,4,2,Cumul. Point Winner,1,2
2022,2022-wimbledon-1309,M,1,4,3,Cumul. Point Winner,1,1
2022,2022-wimbledon-1309,M,1,4,4,Cumul. Point Winner,1,0
2022,2022-wimbledon-1309,M,1,4,1,Cumul. Game Winner,1,3
2022,2022-wimbledon-1309,M,1,4,2,Cumul. Game Winner,1,2
2022,2022-wimbledon-1309,M,1,4,3,Cumul. Game Winner,1,1
2022,2022-wimbledon-1309,M,1,4,4,Cumul. Game Winner,1,0
2022,2022-wimbledon-1309,M,1,4,1,Set Winner,1,3
2022,2022-wimbledon-1309,M,1,4,2,Set Winner,1,2
2022,2022-wimbledon-1309,M,1,4,3,Set Winner,2,1
2022,2022-wimbledon-1309,M,1,4,4,Set Winner,1,0
2022,2022-wimbledon-1309,M,1,4,1,Cumul. Set Winner,1,3
2022,2022-wimbledon-1309,M,1,4,2,Cumul. Set Winner,1,2
2022,2022-wimbledon-1309,M,1,4,3,Cumul. Set Winner,1,1
2022,2022-wimbledon-1309,M,1,4,4,Cumul. Set Winner,1,0
2022,2022-wimbledon-1309,M,1,4,1,Cumul. Unf. Error,2,3
2022,2022-wimbledon-1309,M,1,4,2,Cumul. Unf. Error,2,2
2022,2022-wimbledon-1309,M,1,4,3,Cumul. Unf. Error,2,1
2022,2022-wimbledon-1309,M,1,4,4,Cumul. Unf. Error,2,0
2022,2022-wimbledon-1309,M,1,4,1,Dynamic Model,1,3
2022,2022-wimbledon-1309,M,1,4,2,Dynamic Model,1,2
2022,2022-wimbledon-1309,M,1,4,3,Dynamic Model,1,1
2022,2022-wimbledon-1309,M,1,4,4,Dynamic Model,1,0
2022,2022-wimbledon-1310,M,1,3,1,Cumul. Point Winner,1,2
2022,2022-wimbledon-1310,M,1,3,2,Cumul. Point Winner,1,1
2022,2022-wimbledon-1310,M,1,3,3,Cumul. Point Winner,1,0
2022,2022-wimbledon-1310,M,1,3,1,Cumul. Game Winner,1,2
2022,2022-wimbledon-1310,M,1,3,2,Cumul. Game Winner,1,1
2022,2022-wimbledon-1310,M,1,3,3,Cumul. Game Winner,1,0
2022,2022-wimbledon-1310,M,1,3,1,Set Winner,1,2
2022,2022-wimbledon-1310,M,1,3,2,Set Winner,1,1
2022,2022-wimbledon-1310,M,1,3,3,Set Winner,1,0
2022,2022-wimbledon-1310,M,1,3,1,Cumul. Set Winner,1,2
2022,2022-wimbledon-1310,M,1,3,2,Cumul. Set Winner,1,1
2022,2022-wimbledon-1310,M,1,3,3,Cumul. Set Winner,1,0
2022,2022-wimbledon-1310,M,1,3,1,Cumul. Unf. Error,1,2
2022,2022-wimbledon-1310,M,1,3,2,Cumul. Unf. Error,1,1
2022,2022-wimbledon-1310,M,1,3,3,Cumul. Unf. Error,1,0
2022,2022-wimbledon-1310,M,1,3,1,Dynamic Model,1,2
2022,2022-wimbledon-1310,M,1,3,2,Dynamic Model,1,1
2022,2022-wimbledon-1310,M,1,3,3,Dynamic Model,1,0
2022,2022-wimbledon-1311,M,1,3,1,Cumul. Point Winner,1,2
2022,2022-wimbledon-1311,M,1,3,2,Cumul. Point Winner,1,1
2022,2022-wimbledon-1311,M,1,3,3,Cumul. Point Winner,1,0
2022,2022-wimbledon-1311,M,1,3,1,Cumul. Game Winner,1,2
2022,2022-wimbledon-1311,M,1,3,2,Cumul. Game Winner,1,1
2022,2022-wimbledon-1311,M,1,3,3,Cumul. Game Winner,1,0
2022,2022-wimbledon-1311,M,1,3,1,Set Winner,1,2
2022,2022-wimbledon-1311,M,1,3,2,Set Winner,1,1
2022,2022-wimbledon-1311,M,1,3,3,Set Winner,1,0
2022,2022-wimbledon-1311,M,1,3,1,Cumul. Set Winner,1,2
2022,2022-wimbledon-1311,M,1,3,2,Cumul. Set Winner,1,1
2022,2022-wimbledon-1311,M,1,3,3,Cumul. Set Winner,1,0
2022,2022-wimbledon-1311,M,1,3,1,Cumul. Unf. Error,1,2
2022,2022-wimbledon-1311,M,1,3,2,Cumul. Unf. Error,1,1
2022,2022-wimbledon-1311,M,1,3,3,Cumul. Unf. Error,1,0
2022,2022-wimbledon-1311,M,1,3,1,Dynamic Model,1,2
2022,2022-wimbledon-1311,M,1,3,2,Dynamic Model,1,1
2022,2022-wimbledon-1311,M,1,3,3,Dynamic Model,1,0
2022,2022-wimbledon-1312,M,1,4,1,Cumul. Point Winner,1,3
2022,2022-wimbledon-1312,M,1,4,2,Cumul. Point Winner,1,2
2022,2022-wimbledon-1312,M,1,4,3,Cumul. Point Winner,1,1
2022,2022-wimbledon-1312,M,1,4,4,Cumul. Point Winner,1,0
2022,2022-wimbledon-1312,M,1,4,1,Cumul. Game Winner,2,3
2022,2022-wimbledon-1312,M,1,4,2,Cumul. Game Winner,1,2
2022,2022-wimbledon-1312,M,1,4,3,Cumul. Game Winner,1,1
2022,2022-wimbledon-1312,M,1,4,4,Cumul. Game Winner,1,0
2022,2022-wimbledon-1312,M,1,4,1,Set Winner,2,3
2022,2022-wimbledon-1312,M,1,4,2,Set Winner,1,2
2022,2022-wimbledon-1312,M,1,4,3,Set Winner,1,1
2022,2022-wimbledon-1312,M,1,4,4,Set Winner,1,0
2022,2022-wimbledon-1312,M,1,4,1,Cumul. Set Winner,2,3
2022,2022-wimbledon-1312,M,1,4,2,Cumul. Set Winner,2,2
2022,2022-wimbledon-1312,M,1,4,3,Cumul. Set Winner,1,1
2022,2022-wimbledon-1312,M,1,4,4,Cumul. Set Winner,1,0
2022,2022-wimbledon-1312,M,1,4,1,Cumul. Unf. Error,1,3
2022,2022-wimbledon-1312,M,1,4,2,Cumul. Unf. Error,2,2
2022,2022-wimbledon-1312,M,1,4,3,Cumul. Unf. Error,1,1
2022,2022-wimbledon-1312,M,1,4,4,Cumul. Unf. Error,1,0
2022,2022-wimbledon-1312,M,1,4,1,Dynamic Model,1,3
2022,2022-wimbledon-1312,M,1,4,2,Dynamic Model,1,2
2022,2022-wimbledon-1312,M,1,4,3,Dynamic Model,1,1
2022,2022-wimbledon-1312,M,1,4,4,Dynamic Model,1,0
2022,2022-wimbledon-1313,M,2,5,1,Cumul. Point Winner,2,4
2022,2022-wimbledon-1313,M,2,5,2,Cumul. Point Winner,2,3
2022,2022-wimbledon-1313,M,2,5,3,Cumul. Point Winner,1,2
2022,2022-wimbledon-1313,M,2,5,4,Cumul. Point Winner,1,1
2022,2022-wimbledon-1313,M,2,5,5,Cumul. Point Winner,1,0
2022,2022-wimbledon-1313,M,2,5,1,Cumul. Game Winner,2,4
2022,2022-wimbledon-1313,M,2,5,2,Cumul. Game Winner,2,3
2022,2022-wimbledon-1313,M,2,5,3,Cumul. Game Winner,2,2
2022,2022-wimbledon-1313,M,2,5,4,Cumul. Game Winner,2,1
2022,2022-wimbledon-1313,M,2,5,5,Cumul. Game Winner,2,0
2022,2022-wimbledon-1313,M,2,5,1,Set Winner,2,4
2022,2022-wimbledon-1313,M,2,5,2,Set Winner,1,3
2022,2022-wimbledon-1313,M,2,5,3,Set Winner,1,2
2022,2022-wimbledon-1313,M,2,5,4,Set Winner,2,1
2022,2022-wimbledon-1313,M,2,5,5,Set Winner,2,0
2022,2022-wimbledon-1313,M,2,5,1,Cumul. Set Winner,2,4
2022,2022-wimbledon-1313,M,2,5,2,Cumul. Set Winner,2,3
2022,2022-wimbledon-1313,M,2,5,3,Cumul. Set Winner,1,2
2022,2022-wimbledon-1313,M,2,5,4,Cumul. Set Winner,1,1
2022,2022-wimbledon-1313,M,2,5,5,Cumul. Set Winner,2,0
2022,2022-wimbledon-1313,M,2,5,1,Cumul. Unf. Error,2,4
2022,2022-wimbledon-1313,M,2,5,2,Cumul. Unf. Error,2,3
2022,2022-wimbledon-1313,M,2,5,3,Cumul. Unf. Error,2,2
2022,2022-wimbledon-1313,M,2,5,4,Cumul. Unf. Error,2,1
2022,2022-wimbledon-1313,M,2,5,5,Cumul. Unf. Error,2,0
2022,2022-wimbledon-1313,M,2,5,1,Dynamic Model,2,4
2022,2022-wimbledon-1313,M,2,5,2,Dynamic Model,2,3
2022,2022-wimbledon-1313,M,2,5,3,Dynamic Model,1,2
2022,2022-wimbledon-1313,M,2,5,4,Dynamic Model,1,1
2022,2022-wimbledon-1313,M,2,5,5,Dynamic Model,2,0
2022,2022-wimbledon-1314,M,2,3,1,Cumul. Point Winner,2,2
2022,2022-wimbledon-1314,M,2,3,2,Cumul. Point Winner,2,1
2022,2022-wimbledon-1314,M,2,3,3,Cumul. Point Winner,2,0
2022,2022-wimbledon-1314,M,2,3,1,Cumul. Game Winner,2,2
2022,2022-wimbledon-1314,M,2,3,2,Cumul. Game Winner,2,1
2022,2022-wimbledon-1314,M,2,3,3,Cumul. Game Winner,2,0
2022,2022-wimbledon-1314,M,2,3,1,Set Winner,2,2
2022,2022-wimbledon-1314,M,2,3,2,Set Winner,2,1
2022,2022-wimbledon-1314,M,2,3,3,Set Winner,2,0
2022,2022-wimbledon-1314,M,2,3,1,Cumul. Set Winner,2,2
2022,2022-wimbledon-1314,M,2,3,2,Cumul. Set Winner,2,1
2022,2022-wimbledon-1314,M,2,3,3,Cumul. Set Winner,2,0
2022,2022-wimbledon-1314,M,2,3,1,Cumul. Unf. Error,1,2
2022,2022-wimbledon-1314,M,2,3,2,Cumul. Unf. Error,2,1
2022,2022-wimbledon-1314,M,2,3,3,Cumul. Unf. Error,2,0
2022,2022-wimbledon-1314,M,2,3,1,Dynamic Model,2,2
2022,2022-wimbledon-1314,M,2,3,2,Dynamic Model,2,1
2022,2022-wimbledon-1314,M,2,3,3,Dynamic Model,2,0
2022,2022-wimbledon-1315,M,2,4,1,Cumul. Point Winner,2,3
2022,2022-wimbledon-1315,M,2,4,2,Cumul. Point Winner,2,2
2022,2022-wimbledon-1315,M,2,4,3,Cumul. Point Winner,1,1
2022,2022-wimbledon-1315,M,2,4,4,Cumul. Point Winner,2,0
2022,2022-wimbledon-1315,M,2,4,1,Cumul. Game Winner,2,3
2022,2022-wimbledon-1315,M,2,4,2,Cumul. Game Winner,1,2
2022,2022-wimbledon-1315,M,2,4,3,Cumul. Game Winner,1,1
2022,2022-wimbledon-1315,M,2,4,4,Cumul. Game Winner,2,0
2022,2022-wimbledon-1315,M,2,4,1,Set Winner,2,3
2022,2022-wimbledon-1315,M,2,4,2,Set Winner,1,2
2022,2022-wimbledon-1315,M,2,4,3,Set Winner,2,1
2022,2022-wimbledon-1315,M,2,4,4,Set Winner,2,0
2022,2022-wimbledon-1315,M,2,4,1,Cumul. Set Winner,2,3
2022,2022-wimbledon-1315,M,2,4,2,Cumul. Set Winner,2,2
2022,2022-wimbledon-1315,M,2,4,3,Cumul. Set Winner,2,1
2022,2022-wimbledon-1315,M,2,4,4,Cumul. Set Winner,2,0
2022,2022-wimbledon-1315,M,2,4,1,Cumul. Unf. Error,1,3
2022,2022-wimbledon-1315,M,2,4,2,Cumul. Unf. Error,1,2
2022,2022-wimbledon-1315,M,2,4,3,Cumul. Unf. Error,1,1
2022,2022-wimbledon-1315,M,2,4,4,Cumul. Unf. Error,1,0
2022,2022-wimbledon-1315,M,2,4,1,Dynamic Model,2,3
2022,2022-wimbledon-1315,M,2,4,2,Dynamic Model,2,2
2022,2022-wimbledon-1315,M,2,4,3,Dynamic Model,2,1
2022,2022-wimbledon-1315,M,2,4,4,Dynamic Model,2,0
2022,2022-wimbledon-1316,M,2,3,1,Cumul. Point Winner,2,2
2022,2022-wimbledon-1316,M,2,3,2,Cumul. Point Winner,2,1
2022,2022-wimbledon-1316,M,2,3,3,Cumul. Point Winner,2,0
2022,2022-wimbledon-1316,M,2,3,1,Cumul. Game Winner,2,2
2022,2022-wimbledon-1316,M,2,3,2,Cumul. Game Winner,2,1
2022,2022-wimbledon-1316,M,2,3,3,Cumul. Game Winner,2,0
2022,2022-wimbledon-1316,M,2,3,1,Set Winner,2,2
2022,2022-wimbledon-1316,M,2,3,2,Set Winner,2,1
2022,2022-wimbledon-1316,M,2,3,3,Set Winner,2,0
2022,2022-wimbledon-1316,M,2,3,1,Cumul. Set Winner,2,2
2022,2022-wimbledon-1316,M,2,3,2,Cumul. Set Winner,2,1
2022,2022-wimbledon-1316,M,2,3,3,Cumul. Set Winner,2,0
2022,2022-wimbledon-1316,M,2,3,1,Cumul. Unf. Error,2,2
2022,2022-wimbledon-1316,M,2,3,2,Cumul. Unf. Error,2,1
2022,2022-wimbledon-1316,M,2,3,3,Cumul. Unf. Error,2,0
2022,2022-wimbledon-1316,M,2,3,1,Dynamic Model,2,2
2022,2022-wimbledon-1316,M,2,3,2,Dynamic Model,2,1
2022,2022-wimbledon-1316,M,2,3,3,Dynamic Model,2,0
2022,2022-wimbledon-1401,M,1,4,1,Cumul. Point Winner,1,3
2022,2022-wimbledon-1401,M,1,4,2,Cumul. Point Winner,1,2
2022,2022-wimbledon-1401,M,1,4,3,Cumul. Point Winner,1,1
2022,2022-wimbledon-1401,M,1,4,4,Cumul. Point Winner,1,0
2022,2022-wimbledon-1401,M,1,4,1,Cumul. Game Winner,1,3
2022,2022-wimbledon-1401,M,1,4,2,Cumul. Game Winner,1,2
2022,2022-wimbledon-1401,M,1,4,3,Cumul. Game Winner,1,1
2022,2022-wimbledon-1401,M,1,4,4,Cumul. Game Winner,1,0
2022,2022-wimbledon-1401,M,1,4,1,Set Winner,1,3
2022,2022-wimbledon-1401,M,1,4,2,Set Winner,2,2
2022,2022-wimbledon-1401,M,1,4,3,Set Winner,1,1
2022,2022-wimbledon-1401,M,1,4,4,Set Winner,1,0
2022,2022-wimbledon-1401,M,1,4,1,Cumul. Set Winner,1,3
2022,2022-wimbledon-1401,M,1,4,2,Cumul. Set Winner,1,2
2022,2022-wimbledon-1401,M,1,4,3,Cumul. Set Winner,1,1
2022,2022-wimbledon-1401,M,1,4,4,Cumul. Set Winner,1,0
2022,2022-wimbledon-1401,M,1,4,1,Cumul. Unf. Error,1,3
2022,2022-wimbledon-1401,M,1,4,2,Cumul. Unf. Error,1,2
2022,2022-wimbledon-1401,M,1,4,3,Cumul. Unf. Error,1,1
2022,2022-wimbledon-1401,M,1,4,4,Cumul. Unf. Error,1,0
2022,2022-wimbledon-1401,M,1,4,1,Dynamic Model,1,3
2022,2022-wimbledon-1401,M,1,4,2,Dynamic Model,1,2
2022,2022-wimbledon-1401,M,1,4,3,Dynamic Model,1,1
2022,2022-wimbledon-1401,M,1,4,4,Dynamic Model,1,0
2022,2022-wimbledon-1402,M,1,4,1,Cumul. Point Winner,1,3
2022,2022-wimbledon-1402,M,1,4,2,Cumul. Point Winner,1,2
2022,2022-wimbledon-1402,M,1,4,3,Cumul. Point Winner,1,1
2022,2022-wimbledon-1402,M,1,4,4,Cumul. Point Winner,1,0
2022,2022-wimbledon-1402,M,1,4,1,Cumul. Game Winner,1,3
2022,2022-wimbledon-1402,M,1,4,2,Cumul. Game Winner,1,2
2022,2022-wimbledon-1402,M,1,4,3,Cumul. Game Winner,1,1
2022,2022-wimbledon-1402,M,1,4,4,Cumul. Game Winner,1,0
2022,2022-wimbledon-1402,M,1,4,1,Set Winner,1,3
2022,2022-wimbledon-1402,M,1,4,2,Set Winner,1,2
2022,2022-wimbledon-1402,M,1,4,3,Set Winner,2,1
2022,2022-wimbledon-1402,M,1,4,4,Set Winner,1,0
2022,2022-wimbledon-1402,M,1,4,1,Cumul. Set Winner,1,3
2022,2022-wimbledon-1402,M,1,4,2,Cumul. Set Winner,1,2
2022,2022-wimbledon-1402,M,1,4,3,Cumul. Set Winner,1,1
2022,2022-wimbledon-1402,M,1,4,4,Cumul. Set Winner,1,0
2022,2022-wimbledon-1402,M,1,4,1,Cumul. Unf. Error,1,3
2022,2022-wimbledon-1402,M,1,4,2,Cumul. Unf. Error,1,2
2022,2022-wimbledon-1402,M,1,4,3,Cumul. Unf. Error,1,1
2022,2022-wimbledon-1402,M,1,4,4,Cumul. Unf. Error,2,0
2022,2022-wimbledon-1402,M,1,4,1,Dynamic Model,1,3
2022,2022-wimbledon-1402,M,1,4,2,Dynamic Model,1,2
2022,2022-wimbledon-1402,M,1,4,3,Dynamic Model,1,1
2022,2022-wimbledon-1402,M,1,4,4,Dynamic Model,1,0
2022,2022-wimbledon-1403,M,1,5,1,Cumul. Point Winner,1,4
2022,2022-wimbledon-1403,M,1,5,2,Cumul. Point Winner,2,3
2022,2022-wimbledon-1403,M,1,5,3,Cumul. Point Winner,2,2
2022,2022-wimbledon-1403,M,1,5,4,Cumul. Point Winner,1,1
2022,2022-wimbledon-1403,M,1,5,5,Cumul. Point Winner,1,0
2022,2022-wimbledon-1403,M,1,5,1,Cumul. Game Winner,1,4
2022,2022-wimbledon-1403,M,1,5,2,Cumul. Game Winner,2,3
2022,2022-wimbledon-1403,M,1,5,3,Cumul. Game Winner,2,2
2022,2022-wimbledon-1403,M,1,5,4,Cumul. Game Winner,2,1
2022,2022-wimbledon-1403,M,1,5,5,Cumul. Game Winner,1,0
2022,2022-wimbledon-1403,M,1,5,1,Set Winner,1,4
2022,2022-wimbledon-1403,M,1,5,2,Set Winner,2,3
2022,2022-wimbledon-1403,M,1,5,3,Set Winner,2,2
2022,2022-wimbledon-1403,M,1,5,4,Set Winner,1,1
2022,2022-wimbledon-1403,M,1,5,5,Set Winner,1,0
2022,2022-wimbledon-1403,M,1,5,1,Cumul. Set Winner,1,4
2022,2022-wimbledon-1403,M,1,5,2,Cumul. Set Winner,1,3
2022,2022-wimbledon-1403,M,1,5,3,Cumul. Set Winner,2,2
2022,2022-wimbledon-1403,M,1,5,4,Cumul. Set Winner,2,1
2022,2022-wimbledon-1403,M,1,5,5,Cumul. Set Winner,1,0
2022,2022-wimbledon-1403,M,1,5,1,Cumul. Unf. Error,1,4
2022,2022-wimbledon-1403,M,1,5,2,Cumul. Unf. Error,1,3
2022,2022-wimbledon-1403,M,1,5,3,Cumul. Unf. Error,1,2
2022,2022-wimbledon-1403,M,1,5,4,Cumul. Unf. Error,1,1
2022,2022-wimbledon-1403,M,1,5,5,Cumul. Unf. Error,1,0
2022,2022-wimbledon-1403,M,1,5,1,Dynamic Model,1,4
2022,2022-wimbledon-1403,M,1,5,2,Dynamic Model,2,3
2022,2022-wimbledon-1403,M,1,5,3,Dynamic Model,2,2
2022,2022-wimbledon-1403,M,1,5,4,Dynamic Model,1,1
2022,2022-wimbledon-1403,M,1,5,5,Dynamic Model,1,0
2022,2022-wimbledon-1404,M,1,3,1,Cumul. Point Winner,1,2
2022,2022-wimbledon-1404,M,1,3,2,Cumul. Point Winner,1,1
2022,2022-wimbledon-1404,M,1,3,3,Cumul. Point Winner,1,0
2022,2022-wimbledon-1404,M,1,3,1,Cumul. Game Winner,1,2
2022,2022-wimbledon-1404,M,1,3,2,Cumul. Game Winner,1,1
2022,2022-wimbledon-1404,M,1,3,3,Cumul. Game Winner,1,0
2022,2022-wimbledon-1404,M,1,3,1,Set Winner,1,2
2022,2022-wimbledon-1404,M,1,3,2,Set Winner,1,1
2022,2022-wimbledon-1404,M,1,3,3,Set Winner,1,0
2022,2022-wimbledon-1404,M,1,3,1,Cumul. Set Winner,1,2
2022,2022-wimbledon-1404,M,1,3,2,Cumul. Set Winner,1,1
2022,2022-wimbledon-1404,M,1,3,3,Cumul. Set Winner,1,0
2022,2022-wimbledon-1404,M,1,3,1,Cumul. Unf. Error,2,2
2022,2022-wimbledon-1404,M,1,3,2,Cumul. Unf. Error,2,1
2022,2022-wimbledon-1404,M,1,3,3,Cumul. Unf. Error,2,0
2022,2022-wimbledon-1404,M,1,3,1,Dynamic Model,1,2
2022,2022-wimbledon-1404,M,1,3,2,Dynamic Model,1,1
2022,2022-wimbledon-1404,M,1,3,3,Dynamic Model,1,0
2022,2022-wimbledon-1405,M,1,5,1,Cumul. Point Winner,2,4
2022,2022-wimbledon-1405,M,1,5,2,Cumul. Point Winner,2,3
2022,2022-wimbledon-1405,M,1,5,3,Cumul. Point Winner,2,2
2022,2022-wimbledon-1405,M,1,5,4,Cumul. Point Winner,2,1
2022,2022-wimbledon-1405,M,1,5,5,Cumul. Point Winner,2,0
2022,2022-wimbledon-1405,M,1,5,1,Cumul. Game Winner,2,4
2022,2022-wimbledon-1405,M,1,5,2,Cumul. Game Winner,2,3
2022,2022-wimbledon-1405,M,1,5,3,Cumul. Game Winner,2,2
2022,2022-wimbledon-1405,M,1,5,4,Cumul. Game Winner,2,1
2022,2022-wimbledon-1405,M,1,5,5,Cumul. Game Winner,2,0
2022,2022-wimbledon-1405,M,1,5,1,Set Winner,2,4
2022,2022-wimbledon-1405,M,1,5,2,Set Winner,2,3
2022,2022-wimbledon-1405,M,1,5,3,Set Winner,1,2
2022,2022-wimbledon-1405,M,1,5,4,Set Winner,1,1
2022,2022-wimbledon-1405,M,1,5,5,Set Winner,1,0
2022,2022-wimbledon-1405,M,1,5,1,Cumul. Set Winner,2,4
2022,2022-wimbledon-1405,M,1,5,2,Cumul. Set Winner,2,3
2022,2022-wimbledon-1405,M,1,5,3,Cumul. Set Winner,2,2
2022,2022-wimbledon-1405,M,1,5,4,Cumul. Set Winner,2,1
2022,2022-wimbledon-1405,M,1,5,5,Cumul. Set Winner,1,0
2022,2022-wimbledon-1405,M,1,5,1,Cumul. Unf. Error,2,4
2022,2022-wimbledon-1405,M,1,5,2,Cumul. Unf. Error,2,3
2022,2022-wimbledon-1405,M,1,5,3,Cumul. Unf. Error,2,2
2022,2022-wimbledon-1405,M,1,5,4,Cumul. Unf. Error,2,1
2022,2022-wimbledon-1405,M,1,5,5,Cumul. Unf. Error,2,0
2022,2022-wimbledon-1405,M,1,5,1,Dynamic Model,2,4
2022,2022-wimbledon-1405,M,1,5,2,Dynamic Model,2,3
2022,2022-wimbledon-1405,M,1,5,3,Dynamic Model,2,2
2022,2022-wimbledon-1405,M,1,5,4,Dynamic Model,2,1
2022,2022-wimbledon-1405,M,1,5,5,Dynamic Model,2,0
2022,2022-wimbledon-1406,M,2,5,1,Cumul. Point Winner,1,4
2022,2022-wimbledon-1406,M,2,5,2,Cumul. Point Winner,1,3
2022,2022-wimbledon-1406,M,2,5,3,Cumul. Point Winner,2,2
2022,2022-wimbledon-1406,M,2,5,4,Cumul. Point Winner,1,1
2022,2022-wimbledon-1406,M,2,5,5,Cumul. Point Winner,2,0
2022,2022-wimbledon-1406,M,2,5,1,Cumul. Game Winner,1,4
2022,2022-wimbledon-1406,M,2,5,2,Cumul. Game Winner,1,3
2022,2022-wimbledon-1406,M,2,5,3,Cumul. Game Winner,2,2
2022,2022-wimbledon-1406,M,2,5,4,Cumul. Game Winner,1,1
2022,2022-wimbledon-1406,M,2,5,5,Cumul. Game Winner,2,0
2022,2022-wimbledon-1406,M,2,5,1,Set Winner,1,4
2022,2022-wimbledon-1406,M,2,5,2,Set Winner,2,3
2022,2022-wimbledon-1406,M,2,5,3,Set Winner,2,2
2022,2022-wimbledon-1406,M,2,5,4,Set Winner,1,1
2022,2022-wimbledon-1406,M,2,5,5,Set Winner,2,0
2022,2022-wimbledon-1406,M,2,5,1,Cumul. Set Winner,1,4
2022,2022-wimbledon-1406,M,2,5,2,Cumul. Set Winner,1,3
2022,2022-wimbledon-1406,M,2,5,3,Cumul. Set Winner,2,2
2022,2022-wimbledon-1406,M,2,5,4,Cumul. Set Winner,2,1
2022,2022-wimbledon-1406,M,2,5,5,Cumul. Set Winner,2,0
2022,2022-wimbledon-1406,M,2,5,1,Cumul. Unf. Error,1,4
2022,2022-wimbledon-1406,M,2,5,2,Cumul. Unf. Error,1,3
2022,2022-wimbledon-1406,M,2,5,3,Cumul. Unf. Error,1,2
2022,2022-wimbledon-1406,M,2,5,4,Cumul. Unf. Error,1,1
2022,2022-wimbledon-1406,M,2,5,5,Cumul. Unf. Error,1,0
2022,2022-wimbledon-1406,M,2,5,1,Dynamic Model,1,4
2022,2022-wimbledon-1406,M,2,5,2,Dynamic Model,1,3
2022,2022-wimbledon-1406,M,2,5,3,Dynamic Model,2,2
2022,2022-wimbledon-1406,M,2,5,4,Dynamic Model,1,1
2022,2022-wimbledon-1406,M,2,5,5,Dynamic Model,2,0
2022,2022-wimbledon-1407,M,2,3,1,Cumul. Point Winner,2,2
2022,2022-wimbledon-1407,M,2,3,2,Cumul. Point Winner,2,1
2022,2022-wimbledon-1407,M,2,3,3,Cumul. Point Winner,2,0
2022,2022-wimbledon-1407,M,2,3,1,Cumul. Game Winner,2,2
2022,2022-wimbledon-1407,M,2,3,2,Cumul. Game Winner,2,1
2022,2022-wimbledon-1407,M,2,3,3,Cumul. Game Winner,2,0
2022,2022-wimbledon-1407,M,2,3,1,Set Winner,2,2
2022,2022-wimbledon-1407,M,2,3,2,Set Winner,2,1
2022,2022-wimbledon-1407,M,2,3,3,Set Winner,2,0
2022,2022-wimbledon-1407,M,2,3,1,Cumul. Set Winner,2,2
2022,2022-wimbledon-1407,M,2,3,2,Cumul. Set Winner,2,1
2022,2022-wimbledon-1407,M,2,3,3,Cumul. Set Winner,2,0
2022,2022-wimbledon-1407,M,2,3,1,Cumul. Unf. Error,1,2
2022,2022-wimbledon-1407,M,2,3,2,Cumul. Unf. Error,1,1
2022,2022-wimbledon-1407,M,2,3,3,Cumul. Unf. Error,1,0
2022,2022-wimbledon-1407,M,2,3,1,Dynamic Model,2,2
2022,2022-wimbledon-1407,M,2,3,2,Dynamic Model,2,1
2022,2022-wimbledon-1407,M,2,3,3,Dynamic Model,2,0
2022,2022-wimbledon-1408,M,2,3,1,Cumul. Point Winner,2,2
2022,2022-wimbledon-1408,M,2,3,2,Cumul. Point Winner,2,1
2022,2022-wimbledon-1408,M,2,3,3,Cumul. Point Winner,2,0
2022,2022-wimbledon-1408,M,2,3,1,Cumul. Game Winner,2,2
2022,2022-wimbledon-1408,M,2,3,2,Cumul. Game Winner,2,1
2022,2022-wimbledon-1408,M,2,3,3,Cumul. Game Winner,2,0
2022,2022-wimbledon-1408,M,2,3,1,Set Winner,2,2
2022,2022-wimbledon-1408,M,2,3,2,Set Winner,2,1
2022,2022-wimbledon-1408,M,2,3,3,Set Winner,2,0
2022,2022-wimbledon-1408,M,2,3,1,Cumul. Set Winner,2,2
2022,2022-wimbledon-1408,M,2,3,2,Cumul. Set Winner,2,1
2022,2022-wimbledon-1408,M,2,3,3,Cumul. Set Winner,2,0
2022,2022-wimbledon-1408,M,2,3,1,Cumul. Unf. Error,2,2
2022,2022-wimbledon-1408,M,2,3,2,Cumul. Unf. Error,2,1
2022,2022-wimbledon-1408,M,2,3,3,Cumul. Unf. Error,2,0
2022,2022-wimbledon-1408,M,2,3,1,Dynamic Model,2,2
2022,2022-wimbledon-1408,M,2,3,2,Dynamic Model,2,1
2022,2022-wimbledon-1408,M,2,3,3,Dynamic Model,2,0
2022,2022-wimbledon-1501,M,1,5,1,Cumul. Point Winner,2,4
2022,2022-wimbledon-1501,M,1,5,2,Cumul. Point Winner,2,3
2022,2022-wimbledon-1501,M,1,5,3,Cumul. Point Winner,2,2
2022,2022-wimbledon-1501,M,1,5,4,Cumul. Point Winner,1,1
2022,2022-wimbledon-1501,M,1,5,5,Cumul. Point Winner,1,0
2022,2022-wimbledon-1501,M,1,5,1,Cumul. Game Winner,2,4
2022,2022-wimbledon-1501,M,1,5,2,Cumul. Game Winner,2,3
2022,2022-wimbledon-1501,M,1,5,3,Cumul. Game Winner,2,2
2022,2022-wimbledon-1501,M,1,5,4,Cumul. Game Winner,1,1
2022,2022-wimbledon-1501,M,1,5,5,Cumul. Game Winner,1,0
2022,2022-wimbledon-1501,M,1,5,1,Set Winner,2,4
2022,2022-wimbledon-1501,M,1,5,2,Set Winner,2,3
2022,2022-wimbledon-1501,M,1,5,3,Set Winner,1,2
2022,2022-wimbledon-1501,M,1,5,4,Set Winner,1,1
2022,2022-wimbledon-1501,M,1,5,5,Set Winner,1,0
2022,2022-wimbledon-1501,M,1,5,1,Cumul. Set Winner,2,4
2022,2022-wimbledon-1501,M,1,5,2,Cumul. Set Winner,2,3
2022,2022-wimbledon-1501,M,1,5,3,Cumul. Set Winner,2,2
2022,2022-wimbledon-1501,M,1,5,4,Cumul. Set Winner,2,1
2022,2022-wimbledon-1501,M,1,5,5,Cumul. Set Winner,1,0
2022,2022-wimbledon-1501,M,1,5,1,Cumul. Unf. Error,2,4
2022,2022-wimbledon-1501,M,1,5,2,Cumul. Unf. Error,2,3
2022,2022-wimbledon-1501,M,1,5,3,Cumul. Unf. Error,1,2
2022,2022-wimbledon-1501,M,1,5,4,Cumul. Unf. Error,1,1
2022,2022-wimbledon-1501,M,1,5,5,Cumul. Unf. Error,1,0
2022,2022-wimbledon-1501,M,1,5,1,Dynamic Model,2,4
2022,2022-wimbledon-1501,M,1,5,2,Dynamic Model,2,3
2022,2022-wimbledon-1501,M,1,5,3,Dynamic Model,2,2
2022,2022-wimbledon-1501,M,1,5,4,Dynamic Model,1,1
2022,2022-wimbledon-1501,M,1,5,5,Dynamic Model,1,0
2022,2022-wimbledon-1502,M,2,5,1,Cumul. Point Winner,1,4
2022,2022-wimbledon-1502,M,2,5,2,Cumul. Point Winner,1,3
2022,2022-wimbledon-1502,M,2,5,3,Cumul. Point Winner,1,2
2022,2022-wimbledon-1502,M,2,5,4,Cumul. Point Winner,1,1
2022,2022-wimbledon-1502,M,2,5,5,Cumul. Point Winner,1,0
2022,2022-wimbledon-1502,M,2,5,1,Cumul. Game Winner,1,4
2022,2022-wimbledon-1502,M,2,5,2,Cumul. Game Winner,1,3
2022,2022-wimbledon-1502,M,2,5,3,Cumul. Game Winner,1,2
2022,2022-wimbledon-1502,M,2,5,4,Cumul. Game Winner,1,1
2022,2022-wimbledon-1502,M,2,5,5,Cumul. Game Winner,1,0
2022,2022-wimbledon-1502,M,2,5,1,Set Winner,1,4
2022,2022-wimbledon-1502,M,2,5,2,Set Winner,2,3
2022,2022-wimbledon-1502,M,2,5,3,Set Winner,1,2
2022,2022-wimbledon-1502,M,2,5,4,Set Winner,2,1
2022,2022-wimbledon-1502,M,2,5,5,Set Winner,2,0
2022,2022-wimbledon-1502,M,2,5,1,Cumul. Set Winner,1,4
2022,2022-wimbledon-1502,M,2,5,2,Cumul. Set Winner,1,3
2022,2022-wimbledon-1502,M,2,5,3,Cumul. Set Winner,1,2
2022,2022-wimbledon-1502,M,2,5,4,Cumul. Set Winner,1,1
2022,2022-wimbledon-1502,M,2,5,5,Cumul. Set Winner,2,0
2022,2022-wimbledon-1502,M,2,5,1,Cumul. Unf. Error,1,4
2022,2022-wimbledon-1502,M,2,5,2,Cumul. Unf. Error,1,3
2022,2022-wimbledon-1502,M,2,5,3,Cumul. Unf. Error,1,2
2022,2022-wimbledon-1502,M,2,5,4,Cumul. Unf. Error,1,1
2022,2022-wimbledon-1502,M,2,5,5,Cumul. Unf. Error,1,0
2022,2022-wimbledon-1502,M,2,5,1,Dynamic Model,1,4
2022,2022-wimbledon-1502,M,2,5,2,Dynamic Model,1,3
2022,2022-wimbledon-1502,M,2,5,3,Dynamic Model,1,2
2022,2022-wimbledon-1502,M,2,5,4,Dynamic Model,1,1
2022,2022-wimbledon-1502,M,2,5,5,Dynamic Model,2,0
2022,2022-wimbledon-1503,M,2,3,1,Cumul. Point Winner,2,2
2022,2022-wimbledon-1503,M,2,3,2,Cumul. Point Winner,2,1
2022,2022-wimbledon-1503,M,2,3,3,Cumul. Point Winner,2,0
2022,2022-wimbledon-1503,M,2,3,1,Cumul. Game Winner,2,2
2022,2022-wimbledon-1503,M,2,3,2,Cumul. Game Winner,2,1
2022,2022-wimbledon-1503,M,2,3,3,Cumul. Game Winner,2,0
2022,2022-wimbledon-1503,M,2,3,1,Set Winner,2,2
2022,2022-wimbledon-1503,M,2,3,2,Set Winner,2,1
2022,2022-wimbledon-1503,M,2,3,3,Set Winner,2,0
2022,2022-wimbledon-1503,M,2,3,1,Cumul. Set Winner,2,2
2022,2022-wimbledon-1503,M,2,3,2,Cumul. Set Winner,2,1
2022,2022-wimbledon-1503,M,2,3,3,Cumul. Set Winner,2,0
2022,2022-wimbledon-1503,M,2,3,1,Cumul. Unf. Error,1,2
2022,2022-wimbledon-1503,M,2,3,2,Cumul. Unf. Error,2,1
2022,2022-wimbledon-1503,M,2,3,3,Cumul. Unf. Error,1,0
2022,2022-wimbledon-1503,M,2,3,1,Dynamic Model,2,2
2022,2022-wimbledon-1503,M,2,3,2,Dynamic Model,2,1
2022,2022-wimbledon-1503,M,2,3,3,Dynamic Model,2,0
2022,2022-wimbledon-1504,M,2,5,1,Cumul. Point Winner,1,4
2022,2022-wimbledon-1504,M,2,5,2,Cumul. Point Winner,1,3
2022,2022-wimbledon-1504,M,2,5,3,Cumul. Point Winner,1,2
2022,2022-wimbledon-1504,M,2,5,4,Cumul. Point Winner,1,1
2022,2022-wimbledon-1504,M,2,5,5,Cumul. Point Winner,1,0
2022,2022-wimbledon-1504,M,2,5,1,Cumul. Game Winner,1,4
2022,2022-wimbledon-1504,M,2,5,2,Cumul. Game Winner,1,3
2022,2022-wimbledon-1504,M,2,5,3,Cumul. Game Winner,1,2
2022,2022-wimbledon-1504,M,2,5,4,Cumul. Game Winner,1,1
2022,2022-wimbledon-1504,M,2,5,5,Cumul. Game Winner,1,0
2022,2022-wimbledon-1504,M,2,5,1,Set Winner,1,4
2022,2022-wimbledon-1504,M,2,5,2,Set Winner,2,3
2022,2022-wimbledon-1504,M,2,5,3,Set Winner,1,2
2022,2022-wimbledon-1504,M,2,5,4,Set Winner,2,1
2022,2022-wimbledon-1504,M,2,5,5,Set Winner,2,0
2022,2022-wimbledon-1504,M,2,5,1,Cumul. Set Winner,1,4
2022,2022-wimbledon-1504,M,2,5,2,Cumul. Set Winner,1,3
2022,2022-wimbledon-1504,M,2,5,3,Cumul. Set Winner,1,2
2022,2022-wimbledon-1504,M,2,5,4,Cumul. Set Winner,1,1
2022,2022-wimbledon-1504,M,2,5,5,Cumul. Set Winner,2,0
2022,2022-wimbledon-1504,M,2,5,1,Cumul. Unf. Error,1,4
2022,2022-wimbledon-1504,M,2,5,2,Cumul. Unf. Error,1,3
2022,2022-wimbledon-1504,M,2,5,3,Cumul. Unf. Error,1,2
2022,2022-wimbledon-1504,M,2,5,4,Cumul. Unf. Error,1,1
2022,2022-wimbledon-1504,M,2,5,5,Cumul. Unf. Error,1,0
2022,2022-wimbledon-1504,M,2,5,1,Dynamic Model,1,4
2022,2022-wimbledon-1504,M,2,5,2,Dynamic Model,1,3
2022,2022-wimbledon-1504,M,2,5,3,Dynamic Model,1,2
2022,2022-wimbledon-1504,M,2,5,4,Dynamic Model,1,1
2022,2022-wimbledon-1504,M,2,5,5,Dynamic Model,2,0
2022,2022-wimbledon-1601,M,1,4,1,Cumul. Point Winner,2,3
2022,2022-wimbledon-1601,M,1,4,2,Cumul. Point Winner,1,2
2022,2022-wimbledon-1601,M,1,4,3,Cumul. Point Winner,1,1
2022,2022-wimbledon-1601,M,1,4,4,Cumul. Point Winner,1,0
2022,2022-wimbledon-1601,M,1,4,1,Cumul. Game Winner,2,3
2022,2022-wimbledon-1601,M,1,4,2,Cumul. Game Winner,2,2
2022,2022-wimbledon-1601,M,1,4,3,Cumul. Game Winner,1,1
2022,2022-wimbledon-1601,M,1,4,4,Cumul. Game Winner,1,0
2022,2022-wimbledon-1601,M,1,4,1,Set Winner,2,3
2022,2022-wimbledon-1601,M,1,4,2,Set Winner,1,2
2022,2022-wimbledon-1601,M,1,4,3,Set Winner,1,1
2022,2022-wimbledon-1601,M,1,4,4,Set Winner,1,0
2022,2022-wimbledon-1601,M,1,4,1,Cumul. Set Winner,2,3
2022,2022-wimbledon-1601,M,1,4,2,Cumul. Set Winner,2,2
2022,2022-wimbledon-1601,M,1,4,3,Cumul. Set Winner,1,1
2022,2022-wimbledon-1601,M,1,4,4,Cumul. Set Winner,1,0
2022,2022-wimbledon-1601,M,1,4,1,Cumul. Unf. Error,2,3
2022,2022-wimbledon-1601,M,1,4,2,Cumul. Unf. Error,1,2
2022,2022-wimbledon-1601,M,1,4,3,Cumul. Unf. Error,1,1
2022,2022-wimbledon-1601,M,1,4,4,Cumul. Unf. Error,1,0
2022,2022-wimbledon-1601,M,1,4,1,Dynamic Model,2,3
2022,2022-wimbledon-1601,M,1,4,2,Dynamic Model,1,2
2022,2022-wimbledon-1601,M,1,4,3,Dynamic Model,1,1
2022,2022-wimbledon-1601,M,1,4,4,Dynamic Model,1,0
2022,2022-wimbledon-1701,M,1,4,1,Cumul. Point Winner,2,3
2022,2022-wimbledon-1701,M,1,4,2,Cumul. Point Winner,1,2
2022,2022-wimbledon-1701,M,1,4,3,Cumul. Point Winner,1,1
2022,2022-wimbledon-1701,M,1,4,4,Cumul. Point Winner,1,0
2022,2022-wimbledon-1701,M,1,4,1,Cumul. Game Winner,2,3
2022,2022-wimbledon-1701,M,1,4,2,Cumul. Game Winner,1,2
2022,2022-wimbledon-1701,M,1,4,3,Cumul. Game Winner,1,1
2022,2022-wimbledon-1701,M,1,4,4,Cumul. Game Winner,1,0
2022,2022-wimbledon-1701,M,1,4,1,Set Winner,2,3
2022,2022-wimbledon-1701,M,1,4,2,Set Winner,1,2
2022,2022-wimbledon-1701,M,1,4,3,Set Winner,1,1
2022,2022-wimbledon-1701,M,1,4,4,Set Winner,1,0
2022,2022-wimbledon-1701,M,1,4,1,Cumul. Set Winner,2,3
2022,2022-wimbledon-1701,M,1,4,2,Cumul. Set Winner,2,2
2022,2022-wimbledon-1701,M,1,4,3,Cumul. Set Winner,1,1
2022,2022-wimbledon-1701,M,1,4,4,Cumul. Set Winner,1,0
2022,2022-wimbledon-1701,M,1,4,1,Cumul. Unf. Error,2,3
2022,2022-wimbledon-1701,M,1,4,2,Cumul. Unf. Error,1,2
2022,2022-wimbledon-1701,M,1,4,3,Cumul. Unf. Error,1,1
2022,2022-wimbledon-1701,M,1,4,4,Cumul. Unf. Error,1,0
2022,2022-wimbledon-1701,M,1,4,1,Dynamic Model,2,3
2022,2022-wimbledon-1701,M,1,4,2,Dynamic Model,1,2
2022,2022-wimbledon-1701,M,1,4,3,Dynamic Model,1,1
2022,2022-wimbledon-1701,M,1,4,4,Dynamic Model,1,0
2022,2022-wimbledon-2101,W,1,2,1,Cumul. Point Winner,1,1
2022,2022-wimbledon-2101,W,1,2,2,Cumul. Point Winner,1,0
2022,2022-wimbledon-2101,W,1,2,1,Cumul. Game Winner,1,1
2022,2022-wimbledon-2101,W,1,2,2,Cumul. Game Winner,1,0
2022,2022-wimbledon-2101,W,1,2,1,Set Winner,1,1
2022,2022-wimbledon-2101,W,1,2,2,Set Winner,1,0
2022,2022-wimbledon-2101,W,1,2,1,Cumul. Set Winner,1,1
2022,2022-wimbledon-2101,W,1,2,2,Cumul. Set Winner,1,0
2022,2022-wimbledon-2101,W,1,2,1,Cumul. Unf. Error,1,1
2022,2022-wimbledon-2101,W,1,2,2,Cumul. Unf. Error,1,0
2022,2022-wimbledon-2101,W,1,2,1,Dynamic Model,1,1
2022,2022-wimbledon-2101,W,1,2,2,Dynamic Model,1,0
2022,2022-wimbledon-2102,W,2,3,1,Cumul. Point Winner,2,2
2022,2022-wimbledon-2102,W,2,3,2,Cumul. Point Winner,1,1
2022,2022-wimbledon-2102,W,2,3,3,Cumul. Point Winner,2,0
2022,2022-wimbledon-2102,W,2,3,1,Cumul. Game Winner,2,2
2022,2022-wimbledon-2102,W,2,3,2,Cumul. Game Winner,1,1
2022,2022-wimbledon-2102,W,2,3,3,Cumul. Game Winner,2,0
2022,2022-wimbledon-2102,W,2,3,1,Set Winner,2,2
2022,2022-wimbledon-2102,W,2,3,2,Set Winner,1,1
2022,2022-wimbledon-2102,W,2,3,3,Set Winner,2,0
2022,2022-wimbledon-2102,W,2,3,1,Cumul. Set Winner,2,2
2022,2022-wimbledon-2102,W,2,3,2,Cumul. Set Winner,2,1
2022,2022-wimbledon-2102,W,2,3,3,Cumul. Set Winner,2,0
2022,2022-wimbledon-2102,W,2,3,1,Cumul. Unf. Error,1,2
2022,2022-wimbledon-2102,W,2,3,2,Cumul. Unf. Error,1,1
2022,2022-wimbledon-2102,W,2,3,3,Cumul. Unf. Error,1,0
2022,2022-wimbledon-2102,W,2,3,1,Dynamic Model,2,2
2022,2022-wimbledon-2102,W,2,3,2,Dynamic Model,1,1
2022,2022-wimbledon-2102,W,2,3,3,Dynamic Model,2,0
2022,2022-wimbledon-2103,W,1,2,1,Cumul. Point Winner,1,1
2022,2022-wimbledon-2103,W,1,2,2,Cumul. Point Winner,1,0
2022,2022-wimbledon-2103,W,1,2,1,Cumul. Game Winner,1,1
2022,2022-wimbledon-2103,W,1,2,2,Cumul. Game Winner,1,0
2022,2022-wimbledon-2103,W,1,2,1,Set Winner,1,1
2022,2022-wimbledon-2103,W,1,2,2,Set Winner,1,0
2022,2022-wimbledon-2103,W,1,2,1,Cumul. Set Winner,1,1
2022,2022-wimbledon-2103,W,1,2,2,Cumul. Set Winner,1,0
2022,2022-wimbledon-2103,W,1,2,1,Cumul. Unf. Error,2,1
2022,2022-wimbledon-2103,W,1,2,2,Cumul. Unf. Error,2,0
2022,2022-wimbledon-2103,W,1,2,1,Dynamic Model,1,1
2022,2022-wimbledon-2103,W,1,2,2,Dynamic Model,1,0
2022,2022-wimbledon-2104,W,1,2,1,Cumul. Point Winner,1,1
2022,2022-wimbledon-2104,W,1,2,2,Cumul. Point Winner,1,0
2022,2022-wimbledon-2104,W,1,2,1,Cumul. Game Winner,1,1
2022,2022-wimbledon-2104,W,1,2,2,Cumul. Game Winner,1,0
2022,2022-wimbledon-2104,W,1,2,1,Set Winner,1,1
2022,2022-wimbledon-2104,W,1,2,2,Set Winner,1,0
2022,2022-wimbledon-2104,W,1,2,1,Cumul. Set Winner,1,1
2022,2022-wimbledon-2104,W,1,2,2,Cumul. Set Winner,1,0
2022,2022-wimbledon-2104,W,1,2,1,Cumul. Unf. Error,1,1
2022,2022-wimbledon-2104,W,1,2,2,Cumul. Unf. Error,1,0
2022,2022-wimbledon-2104,W,1,2,1,Dynamic Model,1,1
2022,2022-wimbledon-2104,W,1,2,2,Dynamic Model,1,0
2022,2022-wimbledon-2105,W,2,2,1,Cumul. Point Winner,2,1
2022,2022-wimbledon-2105,W,2,2,2,Cumul. Point Winner,2,0
2022,2022-wimbledon-2105,W,2,2,1,Cumul. Game Winner,2,1
2022,2022-wimbledon-2105,W,2,2,2,Cumul. Game Winner,2,0
2022,2022-wimbledon-2105,W,2,2,1,Set Winner,2,1
2022,2022-wimbledon-2105,W,2,2,2,Set Winner,2,0
2022,2022-wimbledon-2105,W,2,2,1,Cumul. Set Winner,2,1
2022,2022-wimbledon-2105,W,2,2,2,Cumul. Set Winner,2,0
2022,2022-wimbledon-2105,W,2,2,1,Cumul. Unf. Error,2,1
2022,2022-wimbledon-2105,W,2,2,2,Cumul. Unf. Error,2,0
2022,2022-wimbledon-2105,W,2,2,1,Dynamic Model,2,1
2022,2022-wimbledon-2105,W,2,2,2,Dynamic Model,2,0
2022,2022-wimbledon-2106,W,1,2,1,Cumul. Point Winner,1,1
2022,2022-wimbledon-2106,W,1,2,2,Cumul. Point Winner,1,0
2022,2022-wimbledon-2106,W,1,2,1,Cumul. Game Winner,1,1
2022,2022-wimbledon-2106,W,1,2,2,Cumul. Game Winner,1,0
2022,2022-wimbledon-2106,W,1,2,1,Set Winner,1,1
2022,2022-wimbledon-2106,W,1,2,2,Set Winner,1,0
2022,2022-wimbledon-2106,W,1,2,1,Cumul. Set Winner,1,1
2022,2022-wimbledon-2106,W,1,2,2,Cumul. Set Winner,1,0
2022,2022-wimbledon-2106,W,1,2,1,Cumul. Unf. Error,1,1
2022,2022-wimbledon-2106,W,1,2,2,Cumul. Unf. Error,2,0
2022,2022-wimbledon-2106,W,1,2,1,Dynamic Model,1,1
2022,2022-wimbledon-2106,W,1,2,2,Dynamic Model,1,0
2022,2022-wimbledon-2107,W,1,2,1,Cumul. Point Winner,1,1
2022,2022-wimbledon-2107,W,1,2,2,Cumul. Point Winner,1,0
2022,2022-wimbledon-2107,W,1,2,1,Cumul. Game Winner,1,1
2022,2022-wimbledon-2107,W,1,2,2,Cumul. Game Winner,1,0
2022,2022-wimbledon-2107,W,1,2,1,Set Winner,1,1
2022,2022-wimbledon-2107,W,1,2,2,Set Winner,1,0
2022,2022-wimbledon-2107,W,1,2,1,Cumul. Set Winner,1,1
2022,2022-wimbledon-2107,W,1,2,2,Cumul. Set Winner,1,0
2022,2022-wimbledon-2107,W,1,2,1,Cumul. Unf. Error,1,1
2022,2022-wimbledon-2107,W,1,2,2,Cumul. Unf. Error,1,0
2022,2022-wimbledon-2107,W,1,2,1,Dynamic Model,1,1
2022,2022-wimbledon-2107,W,1,2,2,Dynamic Model,1,0
2022,2022-wimbledon-2108,W,2,2,1,Cumul. Point Winner,2,1
2022,2022-wimbledon-2108,W,2,2,2,Cumul. Point Winner,2,0
2022,2022-wimbledon-2108,W,2,2,1,Cumul. Game Winner,2,1
2022,2022-wimbledon-2108,W,2,2,2,Cumul. Game Winner,2,0
2022,2022-wimbledon-2108,W,2,2,1,Set Winner,2,1
2022,2022-wimbledon-2108,W,2,2,2,Set Winner,2,0
2022,2022-wimbledon-2108,W,2,2,1,Cumul. Set Winner,2,1
2022,2022-wimbledon-2108,W,2,2,2,Cumul. Set Winner,2,0
2022,2022-wimbledon-2108,W,2,2,1,Cumul. Unf. Error,2,1
2022,2022-wimbledon-2108,W,2,2,2,Cumul. Unf. Error,2,0
2022,2022-wimbledon-2108,W,2,2,1,Dynamic Model,2,1
2022,2022-wimbledon-2108,W,2,2,2,Dynamic Model,2,0
2022,2022-wimbledon-2109,W,2,2,1,Cumul. Point Winner,2,1
2022,2022-wimbledon-2109,W,2,2,2,Cumul. Point Winner,2,0
2022,2022-wimbledon-2109,W,2,2,1,Cumul. Game Winner,2,1
2022,2022-wimbledon-2109,W,2,2,2,Cumul. Game Winner,2,0
2022,2022-wimbledon-2109,W,2,2,1,Set Winner,2,1
2022,2022-wimbledon-2109,W,2,2,2,Set Winner,2,0
2022,2022-wimbledon-2109,W,2,2,1,Cumul. Set Winner,2,1
2022,2022-wimbledon-2109,W,2,2,2,Cumul. Set Winner,2,0
2022,2022-wimbledon-2109,W,2,2,1,Cumul. Unf. Error,2,1
2022,2022-wimbledon-2109,W,2,2,2,Cumul. Unf. Error,2,0
2022,2022-wimbledon-2109,W,2,2,1,Dynamic Model,2,1
2022,2022-wimbledon-2109,W,2,2,2,Dynamic Model,2,0
2022,2022-wimbledon-2110,W,1,2,1,Cumul. Point Winner,1,1
2022,2022-wimbledon-2110,W,1,2,2,Cumul. Point Winner,1,0
2022,2022-wimbledon-2110,W,1,2,1,Cumul. Game Winner,1,1
2022,2022-wimbledon-2110,W,1,2,2,Cumul. Game Winner,1,0
2022,2022-wimbledon-2110,W,1,2,1,Set Winner,1,1
2022,2022-wimbledon-2110,W,1,2,2,Set Winner,1,0
2022,2022-wimbledon-2110,W,1,2,1,Cumul. Set Winner,1,1
2022,2022-wimbledon-2110,W,1,2,2,Cumul. Set Winner,1,0
2022,2022-wimbledon-2110,W,1,2,1,Cumul. Unf. Error,1,1
2022,2022-wimbledon-2110,W,1,2,2,Cumul. Unf. Error,1,0
2022,2022-wimbledon-2110,W,1,2,1,Dynamic Model,1,1
2022,2022-wimbledon-2110,W,1,2,2,Dynamic Model,1,0
2022,2022-wimbledon-2111,W,2,2,1,Cumul. Point Winner,2,1
2022,2022-wimbledon-2111,W,2,2,2,Cumul. Point Winner,2,0
2022,2022-wimbledon-2111,W,2,2,1,Cumul. Game Winner,2,1
2022,2022-wimbledon-2111,W,2,2,2,Cumul. Game Winner,2,0
2022,2022-wimbledon-2111,W,2,2,1,Set Winner,2,1
2022,2022-wimbledon-2111,W,2,2,2,Set Winner,2,0
2022,2022-wimbledon-2111,W,2,2,1,Cumul. Set Winner,2,1
2022,2022-wimbledon-2111,W,2,2,2,Cumul. Set Winner,2,0
2022,2022-wimbledon-2111,W,2,2,1,Cumul. Unf. Error,2,1
2022,2022-wimbledon-2111,W,2,2,2,Cumul. Unf. Error,2,0
2022,2022-wimbledon-2111,W,2,2,1,Dynamic Model,2,1
2022,2022-wimbledon-2111,W,2,2,2,Dynamic Model,2,0
2022,2022-wimbledon-2112,W,2,2,1,Cumul. Point Winner,2,1
2022,2022-wimbledon-2112,W,2,2,2,Cumul. Point Winner,2,0
2022,2022-wimbledon-2112,W,2,2,1,Cumul. Game Winner,2,1
2022,2022-wimbledon-2112,W,2,2,2,Cumul. Game Winner,2,0
2022,2022-wimbledon-2112,W,2,2,1,Set Winner,2,1
2022,2022-wimbledon-2112,W,2,2,2,Set Winner,2,0
2022,2022-wimbledon-2112,W,2,2,1,Cumul. Set Winner,2,1
2022,2022-wimbledon-2112,W,2,2,2,Cumul. Set Winner,2,0
2022,2022-wimbledon-2112,W,2,2,1,Cumul. Unf. Error,2,1
2022,2022-wimbledon-2112,W,2,2,2,Cumul. Unf. Error,2,0
2022,2022-wimbledon-2112,W,2,2,1,Dynamic Model,2,1
2022,2022-wimbledon-2112,W,2,2,2,Dynamic Model,2,0
2022,2022-wimbledon-2113,W,2,2,1,Cumul. Point Winner,2,1
2022,2022-wimbledon-2113,W,2,2,2,Cumul. Point Winner,2,0
2022,2022-wimbledon-2113,W,2,2,1,Cumul. Game Winner,2,1
2022,2022-wimbledon-2113,W,2,2,2,Cumul. Game Winner,2,0
2022,2022-wimbledon-2113,W,2,2,1,Set Winner,2,1
2022,2022-wimbledon-2113,W,2,2,2,Set Winner,2,0
2022,2022-wimbledon-2113,W,2,2,1,Cumul. Set Winner,2,1
2022,2022-wimbledon-2113,W,2,2,2,Cumul. Set Winner,2,0
2022,2022-wimbledon-2113,W,2,2,1,Cumul. Unf. Error,2,1
2022,2022-wimbledon-2113,W,2,2,2,Cumul. Unf. Error,2,0
2022,2022-wimbledon-2113,W,2,2,1,Dynamic Model,2,1
2022,2022-wimbledon-2113,W,2,2,2,Dynamic Model,2,0
2022,2022-wimbledon-2114,W,1,2,1,Cumul. Point Winner,1,1
2022,2022-wimbledon-2114,W,1,2,2,Cumul. Point Winner,1,0
2022,2022-wimbledon-2114,W,1,2,1,Cumul. Game Winner,1,1
2022,2022-wimbledon-2114,W,1,2,2,Cumul. Game Winner,1,0
2022,2022-wimbledon-2114,W,1,2,1,Set Winner,1,1
2022,2022-wimbledon-2114,W,1,2,2,Set Winner,1,0
2022,2022-wimbledon-2114,W,1,2,1,Cumul. Set Winner,1,1
2022,2022-wimbledon-2114,W,1,2,2,Cumul. Set Winner,1,0
2022,2022-wimbledon-2114,W,1,2,1,Cumul. Unf. Error,2,1
2022,2022-wimbledon-2114,W,1,2,2,Cumul. Unf. Error,1,0
2022,2022-wimbledon-2114,W,1,2,1,Dynamic Model,1,1
2022,2022-wimbledon-2114,W,1,2,2,Dynamic Model,1,0
2022,2022-wimbledon-2115,W,2,2,1,Cumul. Point Winner,2,1
2022,2022-wimbledon-2115,W,2,2,2,Cumul. Point Winner,2,0
2022,2022-wimbledon-2115,W,2,2,1,Cumul. Game Winner,2,1
2022,2022-wimbledon-2115,W,2,2,2,Cumul. Game Winner,2,0
2022,2022-wimbledon-2115,W,2,2,1,Set Winner,2,1
2022,2022-wimbledon-2115,W,2,2,2,Set Winner,2,0
2022,2022-wimbledon-2115,W,2,2,1,Cumul. Set Winner,2,1
2022,2022-wimbledon-2115,W,2,2,2,Cumul. Set Winner,2,0
2022,2022-wimbledon-2115,W,2,2,1,Cumul. Unf. Error,2,1
2022,2022-wimbledon-2115,W,2,2,2,Cumul. Unf. Error,2,0
2022,2022-wimbledon-2115,W,2,2,1,Dynamic Model,2,1
2022,2022-wimbledon-2115,W,2,2,2,Dynamic Model,2,0
2022,2022-wimbledon-2116,W,2,2,1,Cumul. Point Winner,2,1
2022,2022-wimbledon-2116,W,2,2,2,Cumul. Point Winner,2,0
2022,2022-wimbledon-2116,W,2,2,1,Cumul. Game Winner,2,1
2022,2022-wimbledon-2116,W,2,2,2,Cumul. Game Winner,2,0
2022,2022-wimbledon-2116,W,2,2,1,Set Winner,2,1
2022,2022-wimbledon-2116,W,2,2,2,Set Winner,2,0
2022,2022-wimbledon-2116,W,2,2,1,Cumul. Set Winner,2,1
2022,2022-wimbledon-2116,W,2,2,2,Cumul. Set Winner,2,0
2022,2022-wimbledon-2116,W,2,2,1,Cumul. Unf. Error,1,1
2022,2022-wimbledon-2116,W,2,2,2,Cumul. Unf. Error,2,0
2022,2022-wimbledon-2116,W,2,2,1,Dynamic Model,2,1
2022,2022-wimbledon-2116,W,2,2,2,Dynamic Model,2,0
2022,2022-wimbledon-2117,W,1,2,1,Cumul. Point Winner,1,1
2022,2022-wimbledon-2117,W,1,2,2,Cumul. Point Winner,1,0
2022,2022-wimbledon-2117,W,1,2,1,Cumul. Game Winner,1,1
2022,2022-wimbledon-2117,W,1,2,2,Cumul. Game Winner,1,0
2022,2022-wimbledon-2117,W,1,2,1,Set Winner,1,1
2022,2022-wimbledon-2117,W,1,2,2,Set Winner,1,0
2022,2022-wimbledon-2117,W,1,2,1,Cumul. Set Winner,1,1
2022,2022-wimbledon-2117,W,1,2,2,Cumul. Set Winner,1,0
2022,2022-wimbledon-2117,W,1,2,1,Cumul. Unf. Error,1,1
2022,2022-wimbledon-2117,W,1,2,2,Cumul. Unf. Error,1,0
2022,2022-wimbledon-2117,W,1,2,1,Dynamic Model,1,1
2022,2022-wimbledon-2117,W,1,2,2,Dynamic Model,1,0
2022,2022-wimbledon-2118,W,1,2,1,Cumul. Point Winner,1,1
2022,2022-wimbledon-2118,W,1,2,2,Cumul. Point Winner,1,0
2022,2022-wimbledon-2118,W,1,2,1,Cumul. Game Winner,1,1
2022,2022-wimbledon-2118,W,1,2,2,Cumul. Game Winner,1,0
2022,2022-wimbledon-2118,W,1,2,1,Set Winner,1,1
2022,2022-wimbledon-2118,W,1,2,2,Set Winner,1,0
2022,2022-wimbledon-2118,W,1,2,1,Cumul. Set Winner,1,1
2022,2022-wimbledon-2118,W,1,2,2,Cumul. Set Winner,1,0
2022,2022-wimbledon-2118,W,1,2,1,Cumul. Unf. Error,1,1
2022,2022-wimbledon-2118,W,1,2,2,Cumul. Unf. Error,1,0
2022,2022-wimbledon-2118,W,1,2,1,Dynamic Model,1,1
2022,2022-wimbledon-2118,W,1,2,2,Dynamic Model,1,0
2022,2022-wimbledon-2119,W,1,2,1,Cumul. Point Winner,1,1
2022,2022-wimbledon-2119,W,1,2,2,Cumul. Point Winner,1,0
2022,2022-wimbledon-2119,W,1,2,1,Cumul. Game Winner,1,1
2022,2022-wimbledon-2119,W,1,2,2,Cumul. Game Winner,1,0
2022,2022-wimbledon-2119,W,1,2,1,Set Winner,1,1
2022,2022-wimbledon-2119,W,1,2,2,Set Winner,1,0
2022,2022-wimbledon-2119,W,1,2,1,Cumul. Set Winner,1,1
2022,2022-wimbledon-2119,W,1,2,2,Cumul. Set Winner,1,0
2022,2022-wimbledon-2119,W,1,2,1,Cumul. Unf. Error,1,1
2022,2022-wimbledon-2119,W,1,2,2,Cumul. Unf. Error,1,0
2022,2022-wimbledon-2119,W,1,2,1,Dynamic Model,1,1
2022,2022-wimbledon-2119,W,1,2,2,Dynamic Model,1,0
2022,2022-wimbledon-2120,W,2,3,1,Cumul. Point Winner,1,2
2022,2022-wimbledon-2120,W,2,3,2,Cumul. Point Winner,1,1
2022,2022-wimbledon-2120,W,2,3,3,Cumul. Point Winner,2,0
2022,2022-wimbledon-2120,W,2,3,1,Cumul. Game Winner,1,2
2022,2022-wimbledon-2120,W,2,3,2,Cumul. Game Winner,1,1
2022,2022-wimbledon-2120,W,2,3,3,Cumul. Game Winner,2,0
2022,2022-wimbledon-2120,W,2,3,1,Set Winner,1,2
2022,2022-wimbledon-2120,W,2,3,2,Set Winner,2,1
2022,2022-wimbledon-2120,W,2,3,3,Set Winner,2,0
2022,2022-wimbledon-2120,W,2,3,1,Cumul. Set Winner,1,2
2022,2022-wimbledon-2120,W,2,3,2,Cumul. Set Winner,1,1
2022,2022-wimbledon-2120,W,2,3,3,Cumul. Set Winner,2,0
2022,2022-wimbledon-2120,W,2,3,1,Cumul. Unf. Error,1,2
2022,2022-wimbledon-2120,W,2,3,2,Cumul. Unf. Error,1,1
2022,2022-wimbledon-2120,W,2,3,3,Cumul. Unf. Error,1,0
2022,2022-wimbledon-2120,W,2,3,1,Dynamic Model,1,2
2022,2022-wimbledon-2120,W,2,3,2,Dynamic Model,1,1
2022,2022-wimbledon-2120,W,2,3,3,Dynamic Model,2,0
2022,2022-wimbledon-2121,W,2,2,1,Cumul. Point Winner,2,1
2022,2022-wimbledon-2121,W,2,2,2,Cumul. Point Winner,2,0
2022,2022-wimbledon-2121,W,2,2,1,Cumul. Game Winner,2,1
2022,2022-wimbledon-2121,W,2,2,2,Cumul. Game Winner,2,0
2022,2022-wimbledon-2121,W,2,2,1,Set Winner,2,1
2022,2022-wimbledon-2121,W,2,2,2,Set Winner,2,0
2022,2022-wimbledon-2121,W,2,2,1,Cumul. Set Winner,2,1
2022,2022-wimbledon-2121,W,2,2,2,Cumul. Set Winner,2,0
2022,2022-wimbledon-2121,W,2,2,1,Cumul. Unf. Error,2,1
2022,2022-wimbledon-2121,W,2,2,2,Cumul. Unf. Error,2,0
2022,2022-wimbledon-2121,W,2,2,1,Dynamic Model,2,1
2022,2022-wimbledon-2121,W,2,2,2,Dynamic Model,2,0
2022,2022-wimbledon-2122,W,2,3,1,Cumul. Point Winner,2,2
2022,2022-wimbledon-2122,W,2,3,2,Cumul. Point Winner,1,1
2022,2022-wimbledon-2122,W,2,3,3,Cumul. Point Winner,1,0
2022,2022-wimbledon-2122,W,2,3,1,Cumul. Game Winner,2,2
2022,2022-wimbledon-2122,W,2,3,2,Cumul. Game Winner,1,1
2022,2022-wimbledon-2122,W,2,3,3,Cumul. Game Winner,1,0
2022,2022-wimbledon-2122,W,2,3,1,Set Winner,2,2
2022,2022-wimbledon-2122,W,2,3,2,Set Winner,1,1
2022,2022-wimbledon-2122,W,2,3,3,Set Winner,2,0
2022,2022-wimbledon-2122,W,2,3,1,Cumul. Set Winner,2,2
2022,2022-wimbledon-2122,W,2,3,2,Cumul. Set Winner,2,1
2022,2022-wimbledon-2122,W,2,3,3,Cumul. Set Winner,2,0
2022,2022-wimbledon-2122,W,2,3,1,Cumul. Unf. Error,1,2
2022,2022-wimbledon-2122,W,2,3,2,Cumul. Unf. Error,1,1
2022,2022-wimbledon-2122,W,2,3,3,Cumul. Unf. Error,1,0
2022,2022-wimbledon-2122,W,2,3,1,Dynamic Model,2,2
2022,2022-wimbledon-2122,W,2,3,2,Dynamic Model,1,1
2022,2022-wimbledon-2122,W,2,3,3,Dynamic Model,1,0
2022,2022-wimbledon-2123,W,1,2,1,Cumul. Point Winner,1,1
2022,2022-wimbledon-2123,W,1,2,2,Cumul. Point Winner,1,0
2022,2022-wimbledon-2123,W,1,2,1,Cumul. Game Winner,1,1
2022,2022-wimbledon-2123,W,1,2,2,Cumul. Game Winner,1,0
2022,2022-wimbledon-2123,W,1,2,1,Set Winner,1,1
2022,2022-wimbledon-2123,W,1,2,2,Set Winner,1,0
2022,2022-wimbledon-2123,W,1,2,1,Cumul. Set Winner,1,1
2022,2022-wimbledon-2123,W,1,2,2,Cumul. Set Winner,1,0
2022,2022-wimbledon-2123,W,1,2,1,Cumul. Unf. Error,2,1
2022,2022-wimbledon-2123,W,1,2,2,Cumul. Unf. Error,1,0
2022,2022-wimbledon-2123,W,1,2,1,Dynamic Model,1,1
2022,2022-wimbledon-2123,W,1,2,2,Dynamic Model,1,0
2022,2022-wimbledon-2124,W,2,2,1,Cumul. Point Winner,2,1
2022,2022-wimbledon-2124,W,2,2,2,Cumul. Point Winner,2,0
2022,2022-wimbledon-2124,W,2,2,1,Cumul. Game Winner,2,1
2022,2022-wimbledon-2124,W,2,2,2,Cumul. Game Winner,2,0
2022,2022-wimbledon-2124,W,2,2,1,Set Winner,2,1
2022,2022-wimbledon-2124,W,2,2,2,Set Winner,2,0
2022,2022-wimbledon-2124,W,2,2,1,Cumul. Set Winner,2,1
2022,2022-wimbledon-2124,W,2,2,2,Cumul. Set Winner,2,0
2022,2022-wimbledon-2124,W,2,2,1,Cumul. Unf. Error,2,1
2022,2022-wimbledon-2124,W,2,2,2,Cumul. Unf. Error,2,0
2022,2022-wimbledon-2124,W,2,2,1,Dynamic Model,2,1
2022,2022-wimbledon-2124,W,2,2,2,Dynamic Model,2,0
2022,2022-wimbledon-2125,W,1,3,1,Cumul. Point Winner,2,2
2022,2022-wimbledon-2125,W,1,3,2,Cumul. Point Winner,2,1
2022,2022-wimbledon-2125,W,1,3,3,Cumul. Point Winner,1,0
2022,2022-wimbledon-2125,W,1,3,1,Cumul. Game Winner,2,2
2022,2022-wimbledon-2125,W,1,3,2,Cumul. Game Winner,2,1
2022,2022-wimbledon-2125,W,1,3,3,Cumul. Game Winner,1,0
2022,2022-wimbledon-2125,W,1,3,1,Set Winner,2,2
2022,2022-wimbledon-2125,W,1,3,2,Set Winner,1,1
2022,2022-wimbledon-2125,W,1,3,3,Set Winner,1,0
2022,2022-wimbledon-2125,W,1,3,1,Cumul. Set Winner,2,2
2022,2022-wimbledon-2125,W,1,3,2,Cumul. Set Winner,2,1
2022,2022-wimbledon-2125,W,1,3,3,Cumul. Set Winner,1,0
2022,2022-wimbledon-2125,W,1,3,1,Cumul. Unf. Error,1,2
2022,2022-wimbledon-2125,W,1,3,2,Cumul. Unf. Error,1,1
2022,2022-wimbledon-2125,W,1,3,3,Cumul. Unf. Error,1,0
2022,2022-wimbledon-2125,W,1,3,1,Dynamic Model,2,2
2022,2022-wimbledon-2125,W,1,3,2,Dynamic Model,1,1
2022,2022-wimbledon-2125,W,1,3,3,Dynamic Model,1,0
2022,2022-wimbledon-2126,W,1,2,1,Cumul. Point Winner,1,1
2022,2022-wimbledon-2126,W,1,2,2,Cumul. Point Winner,1,0
2022,2022-wimbledon-2126,W,1,2,1,Cumul. Game Winner,1,1
2022,2022-wimbledon-2126,W,1,2,2,Cumul. Game Winner,1,0
2022,2022-wimbledon-2126,W,1,2,1,Set Winner,1,1
2022,2022-wimbledon-2126,W,1,2,2,Set Winner,1,0
2022,2022-wimbledon-2126,W,1,2,1,Cumul. Set Winner,1,1
2022,2022-wimbledon-2126,W,1,2,2,Cumul. Set Winner,1,0
2022,2022-wimbledon-2126,W,1,2,1,Cumul. Unf. Error,1,1
2022,2022-wimbledon-2126,W,1,2,2,Cumul. Unf. Error,1,0
2022,2022-wimbledon-2126,W,1,2,1,Dynamic Model,1,1
2022,2022-wimbledon-2126,W,1,2,2,Dynamic Model,1,0
2022,2022-wimbledon-2127,W,2,2,1,Cumul. Point Winner,2,1
2022,2022-wimbledon-2127,W,2,2,2,Cumul. Point Winner,2,0
2022,2022-wimbledon-2127,W,2,2,1,Cumul. Game Winner,2,1
2022,2022-wimbledon-2127,W,2,2,2,Cumul. Game Winner,2,0
2022,2022-wimbledon-2127,W,2,2,1,Set Winner,2,1
2022,2022-wimbledon-2127,W,2,2,2,Set Winner,2,0
2022,2022-wimbledon-2127,W,2,2,1,Cumul. Set Winner,2,1
2022,2022-wimbledon-2127,W,2,2,2,Cumul. Set Winner,2,0
2022,2022-wimbledon-2127,W,2,2,1,Cumul. Unf. Error,1,1
2022,2022-wimbledon-2127,W,2,2,2,Cumul. Unf. Error,1,0
2022,2022-wimbledon-2127,W,2,2,1,Dynamic Model,2,1
2022,2022-wimbledon-2127,W,2,2,2,Dynamic Model,2,0
2022,2022-wimbledon-2128,W,2,2,1,Cumul. Point Winner,2,1
2022,2022-wimbledon-2128,W,2,2,2,Cumul. Point Winner,2,0
2022,2022-wimbledon-2128,W,2,2,1,Cumul. Game Winner,2,1
2022,2022-wimbledon-2128,W,2,2,2,Cumul. Game Winner,2,0
2022,2022-wimbledon-2128,W,2,2,1,Set Winner,2,1
2022,2022-wimbledon-2128,W,2,2,2,Set Winner,2,0
2022,2022-wimbledon-2128,W,2,2,1,Cumul. Set Winner,2,1
2022,2022-wimbledon-2128,W,2,2,2,Cumul. Set Winner,2,0
2022,2022-wimbledon-2128,W,2,2,1,Cumul. Unf. Error,1,1
2022,2022-wimbledon-2128,W,2,2,2,Cumul. Unf. Error,1,0
2022,2022-wimbledon-2128,W,2,2,1,Dynamic Model,2,1
2022,2022-wimbledon-2128,W,2,2,2,Dynamic Model,2,0
2022,2022-wimbledon-2129,W,1,2,1,Cumul. Point Winner,1,1
2022,2022-wimbledon-2129,W,1,2,2,Cumul. Point Winner,1,0
2022,2022-wimbledon-2129,W,1,2,1,Cumul. Game Winner,1,1
2022,2022-wimbledon-2129,W,1,2,2,Cumul. Game Winner,1,0
2022,2022-wimbledon-2129,W,1,2,1,Set Winner,1,1
2022,2022-wimbledon-2129,W,1,2,2,Set Winner,1,0
2022,2022-wimbledon-2129,W,1,2,1,Cumul. Set Winner,1,1
2022,2022-wimbledon-2129,W,1,2,2,Cumul. Set Winner,1,0
2022,2022-wimbledon-2129,W,1,2,1,Cumul. Unf. Error,1,1
2022,2022-wimbledon-2129,W,1,2,2,Cumul. Unf. Error,1,0
2022,2022-wimbledon-2129,W,1,2,1,Dynamic Model,1,1
2022,2022-wimbledon-2129,W,1,2,2,Dynamic Model,1,0
2022,2022-wimbledon-2130,W,2,3,1,Cumul. Point Winner,2,2
2022,2022-wimbledon-2130,W,2,3,2,Cumul. Point Winner,1,1
2022,2022-wimbledon-2130,W,2,3,3,Cumul. Point Winner,1,0
2022,2022-wimbledon-2130,W,2,3,1,Cumul. Game Winner,2,2
2022,2022-wimbledon-2130,W,2,3,2,Cumul. Game Winner,1,1
2022,2022-wimbledon-2130,W,2,3,3,Cumul. Game Winner,1,0
2022,2022-wimbledon-2130,W,2,3,1,Set Winner,2,2
2022,2022-wimbledon-2130,W,2,3,2,Set Winner,1,1
2022,2022-wimbledon-2130,W,2,3,3,Set Winner,2,0
2022,2022-wimbledon-2130,W,2,3,1,Cumul. Set Winner,2,2
2022,2022-wimbledon-2130,W,2,3,2,Cumul. Set Winner,2,1
2022,2022-wimbledon-2130,W,2,3,3,Cumul. Set Winner,2,0
2022,2022-wimbledon-2130,W,2,3,1,Cumul. Unf. Error,2,2
2022,2022-wimbledon-2130,W,2,3,2,Cumul. Unf. Error,2,1
2022,2022-wimbledon-2130,W,2,3,3,Cumul. Unf. Error,2,0
2022,2022-wimbledon-2130,W,2,3,1,Dynamic Model,2,2
2022,2022-wimbledon-2130,W,2,3,2,Dynamic Model,1,1
2022,2022-wimbledon-2130,W,2,3,3,Dynamic Model,2,0
2022,2022-wimbledon-2131,W,2,2,1,Cumul. Point Winner,2,1
2022,2022-wimbledon-2131,W,2,2,2,Cumul. Point Winner,2,0
2022,2022-wimbledon-2131,W,2,2,1,Cumul. Game Winner,2,1
2022,2022-wimbledon-2131,W,2,2,2,Cumul. Game Winner,2,0
2022,2022-wimbledon-2131,W,2,2,1,Set Winner,2,1
2022,2022-wimbledon-2131,W,2,2,2,Set Winner,2,0
2022,2022-wimbledon-2131,W,2,2,1,Cumul. Set Winner,2,1
2022,2022-wimbledon-2131,W,2,2,2,Cumul. Set Winner,2,0
2022,2022-wimbledon-2131,W,2,2,1,Cumul. Unf. Error,1,1
2022,2022-wimbledon-2131,W,2,2,2,Cumul. Unf. Error,2,0
2022,2022-wimbledon-2131,W,2,2,1,Dynamic Model,2,1
2022,2022-wimbledon-2131,W,2,2,2,Dynamic Model,2,0
2022,2022-wimbledon-2132,W,2,2,1,Cumul. Point Winner,2,1
2022,2022-wimbledon-2132,W,2,2,2,Cumul. Point Winner,2,0
2022,2022-wimbledon-2132,W,2,2,1,Cumul. Game Winner,2,1
2022,2022-wimbledon-2132,W,2,2,2,Cumul. Game Winner,2,0
2022,2022-wimbledon-2132,W,2,2,1,Set Winner,2,1
2022,2022-wimbledon-2132,W,2,2,2,Set Winner,2,0
2022,2022-wimbledon-2132,W,2,2,1,Cumul. Set Winner,2,1
2022,2022-wimbledon-2132,W,2,2,2,Cumul. Set Winner,2,0
2022,2022-wimbledon-2132,W,2,2,1,Cumul. Unf. Error,2,1
2022,2022-wimbledon-2132,W,2,2,2,Cumul. Unf. Error,2,0
2022,2022-wimbledon-2132,W,2,2,1,Dynamic Model,2,1
2022,2022-wimbledon-2132,W,2,2,2,Dynamic Model,2,0
2022,2022-wimbledon-2133,W,2,3,1,Cumul. Point Winner,1,2
2022,2022-wimbledon-2133,W,2,3,2,Cumul. Point Winner,1,1
2022,2022-wimbledon-2133,W,2,3,3,Cumul. Point Winner,2,0
2022,2022-wimbledon-2133,W,2,3,1,Cumul. Game Winner,1,2
2022,2022-wimbledon-2133,W,2,3,2,Cumul. Game Winner,1,1
2022,2022-wimbledon-2133,W,2,3,3,Cumul. Game Winner,2,0
2022,2022-wimbledon-2133,W,2,3,1,Set Winner,1,2
2022,2022-wimbledon-2133,W,2,3,2,Set Winner,2,1
2022,2022-wimbledon-2133,W,2,3,3,Set Winner,2,0
2022,2022-wimbledon-2133,W,2,3,1,Cumul. Set Winner,1,2
2022,2022-wimbledon-2133,W,2,3,2,Cumul. Set Winner,1,1
2022,2022-wimbledon-2133,W,2,3,3,Cumul. Set Winner,2,0
2022,2022-wimbledon-2133,W,2,3,1,Cumul. Unf. Error,2,2
2022,2022-wimbledon-2133,W,2,3,2,Cumul. Unf. Error,2,1
2022,2022-wimbledon-2133,W,2,3,3,Cumul. Unf. Error,2,0
2022,2022-wimbledon-2133,W,2,3,1,Dynamic Model,1,2
2022,2022-wimbledon-2133,W,2,3,2,Dynamic Model,2,1
2022,2022-wimbledon-2133,W,2,3,3,Dynamic Model,2,0
2022,2022-wimbledon-2134,W,2,2,1,Cumul. Point Winner,2,1
2022,2022-wimbledon-2134,W,2,2,2,Cumul. Point Winner,2,0
2022,2022-wimbledon-2134,W,2,2,1,Cumul. Game Winner,2,1
2022,2022-wimbledon-2134,W,2,2,2,Cumul. Game Winner,2,0
2022,2022-wimbledon-2134,W,2,2,1,Set Winner,2,1
2022,2022-wimbledon-2134,W,2,2,2,Set Winner,2,0
2022,2022-wimbledon-2134,W,2,2,1,Cumul. Set Winner,2,1
2022,2022-wimbledon-2134,W,2,2,2,Cumul. Set Winner,2,0
2022,2022-wimbledon-2134,W,2,2,1,Cumul. Unf. Error,1,1
2022,2022-wimbledon-2134,W,2,2,2,Cumul. Unf. Error,1,0
2022,2022-wimbledon-2134,W,2,2,1,Dynamic Model,2,1
2022,2022-wimbledon-2134,W,2,2,2,Dynamic Model,2,0
2022,2022-wimbledon-2135,W,2,2,1,Cumul. Point Winner,2,1
2022,2022-wimbledon-2135,W,2,2,2,Cumul. Point Winner,2,0
2022,2022-wimbledon-2135,W,2,2,1,Cumul. Game Winner,2,1
2022,2022-wimbledon-2135,W,2,2,2,Cumul. Game Winner,2,0
2022,2022-wimbledon-2135,W,2,2,1,Set Winner,2,1
2022,2022-wimbledon-2135,W,2,2,2,Set Winner,2,0
2022,2022-wimbledon-2135,W,2,2,1,Cumul. Set Winner,2,1
2022,2022-wimbledon-2135,W,2,2,2,Cumul. Set Winner,2,0
2022,2022-wimbledon-2135,W,2,2,1,Cumul. Unf. Error,2,1
2022,2022-wimbledon-2135,W,2,2,2,Cumul. Unf. Error,2,0
2022,2022-wimbledon-2135,W,2,2,1,Dynamic Model,2,1
2022,2022-wimbledon-2135,W,2,2,2,Dynamic Model,2,0
2022,2022-wimbledon-2136,W,2,2,1,Cumul. Point Winner,2,1
2022,2022-wimbledon-2136,W,2,2,2,Cumul. Point Winner,2,0
2022,2022-wimbledon-2136,W,2,2,1,Cumul. Game Winner,2,1
2022,2022-wimbledon-2136,W,2,2,2,Cumul. Game Winner,2,0
2022,2022-wimbledon-2136,W,2,2,1,Set Winner,2,1
2022,2022-wimbledon-2136,W,2,2,2,Set Winner,2,0
2022,2022-wimbledon-2136,W,2,2,1,Cumul. Set Winner,2,1
2022,2022-wimbledon-2136,W,2,2,2,Cumul. Set Winner,2,0
2022,2022-wimbledon-2136,W,2,2,1,Cumul. Unf. Error,2,1
2022,2022-wimbledon-2136,W,2,2,2,Cumul. Unf. Error,2,0
2022,2022-wimbledon-2136,W,2,2,1,Dynamic Model,2,1
2022,2022-wimbledon-2136,W,2,2,2,Dynamic Model,2,0
2022,2022-wimbledon-2137,W,1,2,1,Cumul. Point Winner,1,1
2022,2022-wimbledon-2137,W,1,2,2,Cumul. Point Winner,1,0
2022,2022-wimbledon-2137,W,1,2,1,Cumul. Game Winner,1,1
2022,2022-wimbledon-2137,W,1,2,2,Cumul. Game Winner,1,0
2022,2022-wimbledon-2137,W,1,2,1,Set Winner,1,1
2022,2022-wimbledon-2137,W,1,2,2,Set Winner,1,0
2022,2022-wimbledon-2137,W,1,2,1,Cumul. Set Winner,1,1
2022,2022-wimbledon-2137,W,1,2,2,Cumul. Set Winner,1,0
2022,2022-wimbledon-2137,W,1,2,1,Cumul. Unf. Error,1,1
2022,2022-wimbledon-2137,W,1,2,2,Cumul. Unf. Error,1,0
2022,2022-wimbledon-2137,W,1,2,1,Dynamic Model,1,1
2022,2022-wimbledon-2137,W,1,2,2,Dynamic Model,1,0
2022,2022-wimbledon-2138,W,1,3,1,Cumul. Point Winner,2,2
2022,2022-wimbledon-2138,W,1,3,2,Cumul. Point Winner,1,1
2022,2022-wimbledon-2138,W,1,3,3,Cumul. Point Winner,1,0
2022,2022-wimbledon-2138,W,1,3,1,Cumul. Game Winner,2,2
2022,2022-wimbledon-2138,W,1,3,2,Cumul. Game Winner,2,1
2022,2022-wimbledon-2138,W,1,3,3,Cumul. Game Winner,1,0
2022,2022-wimbledon-2138,W,1,3,1,Set Winner,2,2
2022,2022-wimbledon-2138,W,1,3,2,Set Winner,1,1
2022,2022-wimbledon-2138,W,1,3,3,Set Winner,1,0
2022,2022-wimbledon-2138,W,1,3,1,Cumul. Set Winner,2,2
2022,2022-wimbledon-2138,W,1,3,2,Cumul. Set Winner,2,1
2022,2022-wimbledon-2138,W,1,3,3,Cumul. Set Winner,1,0
2022,2022-wimbledon-2138,W,1,3,1,Cumul. Unf. Error,2,2
2022,2022-wimbledon-2138,W,1,3,2,Cumul. Unf. Error,1,1
2022,2022-wimbledon-2138,W,1,3,3,Cumul. Unf. Error,1,0
2022,2022-wimbledon-2138,W,1,3,1,Dynamic Model,2,2
2022,2022-wimbledon-2138,W,1,3,2,Dynamic Model,1,1
2022,2022-wimbledon-2138,W,1,3,3,Dynamic Model,1,0
2022,2022-wimbledon-2139,W,1,3,1,Cumul. Point Winner,2,2
2022,2022-wimbledon-2139,W,1,3,2,Cumul. Point Winner,1,1
2022,2022-wimbledon-2139,W,1,3,3,Cumul. Point Winner,1,0
2022,2022-wimbledon-2139,W,1,3,1,Cumul. Game Winner,2,2
2022,2022-wimbledon-2139,W,1,3,2,Cumul. Game Winner,1,1
2022,2022-wimbledon-2139,W,1,3,3,Cumul. Game Winner,1,0
2022,2022-wimbledon-2139,W,1,3,1,Set Winner,2,2
2022,2022-wimbledon-2139,W,1,3,2,Set Winner,1,1
2022,2022-wimbledon-2139,W,1,3,3,Set Winner,1,0
2022,2022-wimbledon-2139,W,1,3,1,Cumul. Set Winner,2,2
2022,2022-wimbledon-2139,W,1,3,2,Cumul. Set Winner,2,1
2022,2022-wimbledon-2139,W,1,3,3,Cumul. Set Winner,1,0
2022,2022-wimbledon-2139,W,1,3,1,Cumul. Unf. Error,2,2
2022,2022-wimbledon-2139,W,1,3,2,Cumul. Unf. Error,1,1
2022,2022-wimbledon-2139,W,1,3,3,Cumul. Unf. Error,1,0
2022,2022-wimbledon-2139,W,1,3,1,Dynamic Model,2,2
2022,2022-wimbledon-2139,W,1,3,2,Dynamic Model,1,1
2022,2022-wimbledon-2139,W,1,3,3,Dynamic Model,1,0
2022,2022-wimbledon-2140,W,2,2,1,Cumul. Point Winner,2,1
2022,2022-wimbledon-2140,W,2,2,2,Cumul. Point Winner,2,0
2022,2022-wimbledon-2140,W,2,2,1,Cumul. Game Winner,2,1
2022,2022-wimbledon-2140,W,2,2,2,Cumul. Game Winner,2,0
2022,2022-wimbledon-2140,W,2,2,1,Set Winner,2,1
2022,2022-wimbledon-2140,W,2,2,2,Set Winner,2,0
2022,2022-wimbledon-2140,W,2,2,1,Cumul. Set Winner,2,1
2022,2022-wimbledon-2140,W,2,2,2,Cumul. Set Winner,2,0
2022,2022-wimbledon-2140,W,2,2,1,Cumul. Unf. Error,2,1
2022,2022-wimbledon-2140,W,2,2,2,Cumul. Unf. Error,2,0
2022,2022-wimbledon-2140,W,2,2,1,Dynamic Model,2,1
2022,2022-wimbledon-2140,W,2,2,2,Dynamic Model,2,0
2022,2022-wimbledon-2141,W,1,2,1,Cumul. Point Winner,1,1
2022,2022-wimbledon-2141,W,1,2,2,Cumul. Point Winner,1,0
2022,2022-wimbledon-2141,W,1,2,1,Cumul. Game Winner,1,1
2022,2022-wimbledon-2141,W,1,2,2,Cumul. Game Winner,1,0
2022,2022-wimbledon-2141,W,1,2,1,Set Winner,1,1
2022,2022-wimbledon-2141,W,1,2,2,Set Winner,1,0
2022,2022-wimbledon-2141,W,1,2,1,Cumul. Set Winner,1,1
2022,2022-wimbledon-2141,W,1,2,2,Cumul. Set Winner,1,0
2022,2022-wimbledon-2141,W,1,2,1,Cumul. Unf. Error,1,1
2022,2022-wimbledon-2141,W,1,2,2,Cumul. Unf. Error,1,0
2022,2022-wimbledon-2141,W,1,2,1,Dynamic Model,1,1
2022,2022-wimbledon-2141,W,1,2,2,Dynamic Model,1,0
2022,2022-wimbledon-2142,W,1,2,1,Cumul. Point Winner,1,1
2022,2022-wimbledon-2142,W,1,2,2,Cumul. Point Winner,1,0
2022,2022-wimbledon-2142,W,1,2,1,Cumul. Game Winner,1,1
2022,2022-wimbledon-2142,W,1,2,2,Cumul. Game Winner,1,0
2022,2022-wimbledon-2142,W,1,2,1,Set Winner,1,1
2022,2022-wimbledon-2142,W,1,2,2,Set Winner,1,0
2022,2022-wimbledon-2142,W,1,2,1,Cumul. Set Winner,1,1
2022,2022-wimbledon-2142,W,1,2,2,Cumul. Set Winner,1,0
2022,2022-wimbledon-2142,W,1,2,1,Cumul. Unf. Error,1,1
2022,2022-wimbledon-2142,W,1,2,2,Cumul. Unf. Error,1,0
2022,2022-wimbledon-2142,W,1,2,1,Dynamic Model,1,1
2022,2022-wimbledon-2142,W,1,2,2,Dynamic Model,1,0
2022,2022-wimbledon-2143,W,2,2,1,Cumul. Point Winner,2,1
2022,2022-wimbledon-2143,W,2,2,2,Cumul. Point Winner,2,0
2022,2022-wimbledon-2143,W,2,2,1,Cumul. Game Winner,2,1
2022,2022-wimbledon-2143,W,2,2,2,Cumul. Game Winner,2,0
2022,2022-wimbledon-2143,W,2,2,1,Set Winner,2,1
2022,2022-wimbledon-2143,W,2,2,2,Set Winner,2,0
2022,2022-wimbledon-2143,W,2,2,1,Cumul. Set Winner,2,1
2022,2022-wimbledon-2143,W,2,2,2,Cumul. Set Winner,2,0
2022,2022-wimbledon-2143,W,2,2,1,Cumul. Unf. Error,2,1
2022,2022-wimbledon-2143,W,2,2,2,Cumul. Unf. Error,2,0
2022,2022-wimbledon-2143,W,2,2,1,Dynamic Model,2,1
2022,2022-wimbledon-2143,W,2,2,2,Dynamic Model,2,0
2022,2022-wimbledon-2144,W,2,3,1,Cumul. Point Winner,1,2
2022,2022-wimbledon-2144,W,2,3,2,Cumul. Point Winner,1,1
2022,2022-wimbledon-2144,W,2,3,3,Cumul. Point Winner,2,0
2022,2022-wimbledon-2144,W,2,3,1,Cumul. Game Winner,1,2
2022,2022-wimbledon-2144,W,2,3,2,Cumul. Game Winner,1,1
2022,2022-wimbledon-2144,W,2,3,3,Cumul. Game Winner,2,0
2022,2022-wimbledon-2144,W,2,3,1,Set Winner,1,2
2022,2022-wimbledon-2144,W,2,3,2,Set Winner,2,1
2022,2022-wimbledon-2144,W,2,3,3,Set Winner,2,0
2022,2022-wimbledon-2144,W,2,3,1,Cumul. Set Winner,1,2
2022,2022-wimbledon-2144,W,2,3,2,Cumul. Set Winner,1,1
2022,2022-wimbledon-2144,W,2,3,3,Cumul. Set Winner,2,0
2022,2022-wimbledon-2144,W,2,3,1,Cumul. Unf. Error,1,2
2022,2022-wimbledon-2144,W,2,3,2,Cumul. Unf. Error,1,1
2022,2022-wimbledon-2144,W,2,3,3,Cumul. Unf. Error,1,0
2022,2022-wimbledon-2144,W,2,3,1,Dynamic Model,1,2
2022,2022-wimbledon-2144,W,2,3,2,Dynamic Model,1,1
2022,2022-wimbledon-2144,W,2,3,3,Dynamic Model,2,0
2022,2022-wimbledon-2145,W,2,2,1,Cumul. Point Winner,2,1
2022,2022-wimbledon-2145,W,2,2,2,Cumul. Point Winner,2,0
2022,2022-wimbledon-2145,W,2,2,1,Cumul. Game Winner,2,1
2022,2022-wimbledon-2145,W,2,2,2,Cumul. Game Winner,2,0
2022,2022-wimbledon-2145,W,2,2,1,Set Winner,2,1
2022,2022-wimbledon-2145,W,2,2,2,Set Winner,2,0
2022,2022-wimbledon-2145,W,2,2,1,Cumul. Set Winner,2,1
2022,2022-wimbledon-2145,W,2,2,2,Cumul. Set Winner,2,0
2022,2022-wimbledon-2145,W,2,2,1,Cumul. Unf. Error,2,1
2022,2022-wimbledon-2145,W,2,2,2,Cumul. Unf. Error,2,0
2022,2022-wimbledon-2145,W,2,2,1,Dynamic Model,2,1
2022,2022-wimbledon-2145,W,2,2,2,Dynamic Model,2,0
2022,2022-wimbledon-2147,W,2,3,1,Cumul. Point Winner,2,2
2022,2022-wimbledon-2147,W,2,3,2,Cumul. Point Winner,1,1
2022,2022-wimbledon-2147,W,2,3,3,Cumul. Point Winner,1,0
2022,2022-wimbledon-2147,W,2,3,1,Cumul. Game Winner,2,2
2022,2022-wimbledon-2147,W,2,3,2,Cumul. Game Winner,1,1
2022,2022-wimbledon-2147,W,2,3,3,Cumul. Game Winner,2,0
2022,2022-wimbledon-2147,W,2,3,1,Set Winner,2,2
2022,2022-wimbledon-2147,W,2,3,2,Set Winner,1,1
2022,2022-wimbledon-2147,W,2,3,3,Set Winner,2,0
2022,2022-wimbledon-2147,W,2,3,1,Cumul. Set Winner,2,2
2022,2022-wimbledon-2147,W,2,3,2,Cumul. Set Winner,2,1
2022,2022-wimbledon-2147,W,2,3,3,Cumul. Set Winner,2,0
2022,2022-wimbledon-2147,W,2,3,1,Cumul. Unf. Error,2,2
2022,2022-wimbledon-2147,W,2,3,2,Cumul. Unf. Error,2,1
2022,2022-wimbledon-2147,W,2,3,3,Cumul. Unf. Error,2,0
2022,2022-wimbledon-2147,W,2,3,1,Dynamic Model,2,2
2022,2022-wimbledon-2147,W,2,3,2,Dynamic Model,1,1
2022,2022-wimbledon-2147,W,2,3,3,Dynamic Model,2,0
2022,2022-wimbledon-2148,W,2,2,1,Cumul. Point Winner,2,1
2022,2022-wimbledon-2148,W,2,2,2,Cumul. Point Winner,2,0
2022,2022-wimbledon-2148,W,2,2,1,Cumul. Game Winner,2,1
2022,2022-wimbledon-2148,W,2,2,2,Cumul. Game Winner,2,0
2022,2022-wimbledon-2148,W,2,2,1,Set Winner,2,1
2022,2022-wimbledon-2148,W,2,2,2,Set Winner,2,0
2022,2022-wimbledon-2148,W,2,2,1,Cumul. Set Winner,2,1
2022,2022-wimbledon-2148,W,2,2,2,Cumul. Set Winner,2,0
2022,2022-wimbledon-2148,W,2,2,1,Cumul. Unf. Error,2,1
2022,2022-wimbledon-2148,W,2,2,2,Cumul. Unf. Error,2,0
2022,2022-wimbledon-2148,W,2,2,1,Dynamic Model,2,1
2022,2022-wimbledon-2148,W,2,2,2,Dynamic Model,2,0
2022,2022-wimbledon-2149,W,1,2,1,Cumul. Point Winner,1,1
2022,2022-wimbledon-2149,W,1,2,2,Cumul. Point Winner,1,0
2022,2022-wimbledon-2149,W,1,2,1,Cumul. Game Winner,1,1
2022,2022-wimbledon-2149,W,1,2,2,Cumul. Game Winner,1,0
2022,2022-wimbledon-2149,W,1,2,1,Set Winner,1,1
2022,2022-wimbledon-2149,W,1,2,2,Set Winner,1,0
2022,2022-wimbledon-2149,W,1,2,1,Cumul. Set Winner,1,1
2022,2022-wimbledon-2149,W,1,2,2,Cumul. Set Winner,1,0
2022,2022-wimbledon-2149,W,1,2,1,Cumul. Unf. Error,1,1
2022,2022-wimbledon-2149,W,1,2,2,Cumul. Unf. Error,2,0
2022,2022-wimbledon-2149,W,1,2,1,Dynamic Model,1,1
2022,2022-wimbledon-2149,W,1,2,2,Dynamic Model,1,0
2022,2022-wimbledon-2150,W,2,3,1,Cumul. Point Winner,2,2
2022,2022-wimbledon-2150,W,2,3,2,Cumul. Point Winner,1,1
2022,2022-wimbledon-2150,W,2,3,3,Cumul. Point Winner,2,0
2022,2022-wimbledon-2150,W,2,3,1,Cumul. Game Winner,2,2
2022,2022-wimbledon-2150,W,2,3,2,Cumul. Game Winner,1,1
2022,2022-wimbledon-2150,W,2,3,3,Cumul. Game Winner,2,0
2022,2022-wimbledon-2150,W,2,3,1,Set Winner,2,2
2022,2022-wimbledon-2150,W,2,3,2,Set Winner,1,1
2022,2022-wimbledon-2150,W,2,3,3,Set Winner,2,0
2022,2022-wimbledon-2150,W,2,3,1,Cumul. Set Winner,2,2
2022,2022-wimbledon-2150,W,2,3,2,Cumul. Set Winner,2,1
2022,2022-wimbledon-2150,W,2,3,3,Cumul. Set Winner,2,0
2022,2022-wimbledon-2150,W,2,3,1,Cumul. Unf. Error,2,2
2022,2022-wimbledon-2150,W,2,3,2,Cumul. Unf. Error,2,1
2022,2022-wimbledon-2150,W,2,3,3,Cumul. Unf. Error,2,0
2022,2022-wimbledon-2150,W,2,3,1,Dynamic Model,2,2
2022,2022-wimbledon-2150,W,2,3,2,Dynamic Model,1,1
2022,2022-wimbledon-2150,W,2,3,3,Dynamic Model,2,0
2022,2022-wimbledon-2151,W,2,3,1,Cumul. Point Winner,1,2
2022,2022-wimbledon-2151,W,2,3,2,Cumul. Point Winner,2,1
2022,2022-wimbledon-2151,W,2,3,3,Cumul. Point Winner,2,0
2022,2022-wimbledon-2151,W,2,3,1,Cumul. Game Winner,1,2
2022,2022-wimbledon-2151,W,2,3,2,Cumul. Game Winner,2,1
2022,2022-wimbledon-2151,W,2,3,3,Cumul. Game Winner,2,0
2022,2022-wimbledon-2151,W,2,3,1,Set Winner,1,2
2022,2022-wimbledon-2151,W,2,3,2,Set Winner,2,1
2022,2022-wimbledon-2151,W,2,3,3,Set Winner,2,0
2022,2022-wimbledon-2151,W,2,3,1,Cumul. Set Winner,1,2
2022,2022-wimbledon-2151,W,2,3,2,Cumul. Set Winner,1,1
2022,2022-wimbledon-2151,W,2,3,3,Cumul. Set Winner,2,0
2022,2022-wimbledon-2151,W,2,3,1,Cumul. Unf. Error,2,2
2022,2022-wimbledon-2151,W,2,3,2,Cumul. Unf. Error,2,1
2022,2022-wimbledon-2151,W,2,3,3,Cumul. Unf. Error,2,0
2022,2022-wimbledon-2151,W,2,3,1,Dynamic Model,1,2
2022,2022-wimbledon-2151,W,2,3,2,Dynamic Model,2,1
2022,2022-wimbledon-2151,W,2,3,3,Dynamic Model,2,0
2022,2022-wimbledon-2152,W,2,2,1,Cumul. Point Winner,2,1
2022,2022-wimbledon-2152,W,2,2,2,Cumul. Point Winner,2,0
2022,2022-wimbledon-2152,W,2,2,1,Cumul. Game Winner,2,1
2022,2022-wimbledon-2152,W,2,2,2,Cumul. Game Winner,2,0
2022,2022-wimbledon-2152,W,2,2,1,Set Winner,2,1
2022,2022-wimbledon-2152,W,2,2,2,Set Winner,2,0
2022,2022-wimbledon-2152,W,2,2,1,Cumul. Set Winner,2,1
2022,2022-wimbledon-2152,W,2,2,2,Cumul. Set Winner,2,0
2022,2022-wimbledon-2152,W,2,2,1,Cumul. Unf. Error,1,1
2022,2022-wimbledon-2152,W,2,2,2,Cumul. Unf. Error,1,0
2022,2022-wimbledon-2152,W,2,2,1,Dynamic Model,2,1
2022,2022-wimbledon-2152,W,2,2,2,Dynamic Model,2,0
2022,2022-wimbledon-2153,W,2,2,1,Cumul. Point Winner,2,1
2022,2022-wimbledon-2153,W,2,2,2,Cumul. Point Winner,2,0
2022,2022-wimbledon-2153,W,2,2,1,Cumul. Game Winner,2,1
2022,2022-wimbledon-2153,W,2,2,2,Cumul. Game Winner,2,0
2022,2022-wimbledon-2153,W,2,2,1,Set Winner,2,1
2022,2022-wimbledon-2153,W,2,2,2,Set Winner,2,0
2022,2022-wimbledon-2153,W,2,2,1,Cumul. Set Winner,2,1
2022,2022-wimbledon-2153,W,2,2,2,Cumul. Set Winner,2,0
2022,2022-wimbledon-2153,W,2,2,1,Cumul. Unf. Error,2,1
2022,2022-wimbledon-2153,W,2,2,2,Cumul. Unf. Error,2,0
2022,2022-wimbledon-2153,W,2,2,1,Dynamic Model,2,1
2022,2022-wimbledon-2153,W,2,2,2,Dynamic Model,2,0
2022,2022-wimbledon-2154,W,2,2,1,Cumul. Point Winner,2,1
2022,2022-wimbledon-2154,W,2,2,2,Cumul. Point Winner,2,0
2022,2022-wimbledon-2154,W,2,2,1,Cumul. Game Winner,2,1
2022,2022-wimbledon-2154,W,2,2,2,Cumul. Game Winner,2,0
2022,2022-wimbledon-2154,W,2,2,1,Set Winner,2,1
2022,2022-wimbledon-2154,W,2,2,2,Set Winner,2,0
2022,2022-wimbledon-2154,W,2,2,1,Cumul. Set Winner,2,1
2022,2022-wimbledon-2154,W,2,2,2,Cumul. Set Winner,2,0
2022,2022-wimbledon-2154,W,2,2,1,Cumul. Unf. Error,1,1
2022,2022-wimbledon-2154,W,2,2,2,Cumul. Unf. Error,1,0
2022,2022-wimbledon-2154,W,2,2,1,Dynamic Model,2,1
2022,2022-wimbledon-2154,W,2,2,2,Dynamic Model,2,0
2022,2022-wimbledon-2155,W,1,2,1,Cumul. Point Winner,1,1
2022,2022-wimbledon-2155,W,1,2,2,Cumul. Point Winner,1,0
2022,2022-wimbledon-2155,W,1,2,1,Cumul. Game Winner,1,1
2022,2022-wimbledon-2155,W,1,2,2,Cumul. Game Winner,1,0
2022,2022-wimbledon-2155,W,1,2,1,Set Winner,1,1
2022,2022-wimbledon-2155,W,1,2,2,Set Winner,1,0
2022,2022-wimbledon-2155,W,1,2,1,Cumul. Set Winner,1,1
2022,2022-wimbledon-2155,W,1,2,2,Cumul. Set Winner,1,0
2022,2022-wimbledon-2155,W,1,2,1,Cumul. Unf. Error,2,1
2022,2022-wimbledon-2155,W,1,2,2,Cumul. Unf. Error,1,0
2022,2022-wimbledon-2155,W,1,2,1,Dynamic Model,1,1
2022,2022-wimbledon-2155,W,1,2,2,Dynamic Model,1,0
2022,2022-wimbledon-2156,W,2,2,1,Cumul. Point Winner,2,1
2022,2022-wimbledon-2156,W,2,2,2,Cumul. Point Winner,2,0
2022,2022-wimbledon-2156,W,2,2,1,Cumul. Game Winner,2,1
2022,2022-wimbledon-2156,W,2,2,2,Cumul. Game Winner,2,0
2022,2022-wimbledon-2156,W,2,2,1,Set Winner,2,1
2022,2022-wimbledon-2156,W,2,2,2,Set Winner,2,0
2022,2022-wimbledon-2156,W,2,2,1,Cumul. Set Winner,2,1
2022,2022-wimbledon-2156,W,2,2,2,Cumul. Set Winner,2,0
2022,2022-wimbledon-2156,W,2,2,1,Cumul. Unf. Error,1,1
2022,2022-wimbledon-2156,W,2,2,2,Cumul. Unf. Error,1,0
2022,2022-wimbledon-2156,W,2,2,1,Dynamic Model,2,1
2022,2022-wimbledon-2156,W,2,2,2,Dynamic Model,2,0
2022,2022-wimbledon-2157,W,2,3,1,Cumul. Point Winner,2,2
2022,2022-wimbledon-2157,W,2,3,2,Cumul. Point Winner,1,1
2022,2022-wimbledon-2157,W,2,3,3,Cumul. Point Winner,2,0
2022,2022-wimbledon-2157,W,2,3,1,Cumul. Game Winner,2,2
2022,2022-wimbledon-2157,W,2,3,2,Cumul. Game Winner,2,1
2022,2022-wimbledon-2157,W,2,3,3,Cumul. Game Winner,2,0
2022,2022-wimbledon-2157,W,2,3,1,Set Winner,2,2
2022,2022-wimbledon-2157,W,2,3,2,Set Winner,1,1
2022,2022-wimbledon-2157,W,2,3,3,Set Winner,2,0
2022,2022-wimbledon-2157,W,2,3,1,Cumul. Set Winner,2,2
2022,2022-wimbledon-2157,W,2,3,2,Cumul. Set Winner,2,1
2022,2022-wimbledon-2157,W,2,3,3,Cumul. Set Winner,2,0
2022,2022-wimbledon-2157,W,2,3,1,Cumul. Unf. Error,2,2
2022,2022-wimbledon-2157,W,2,3,2,Cumul. Unf. Error,2,1
2022,2022-wimbledon-2157,W,2,3,3,Cumul. Unf. Error,2,0
2022,2022-wimbledon-2157,W,2,3,1,Dynamic Model,2,2
2022,2022-wimbledon-2157,W,2,3,2,Dynamic Model,2,1
2022,2022-wimbledon-2157,W,2,3,3,Dynamic Model,2,0
2022,2022-wimbledon-2158,W,2,3,1,Cumul. Point Winner,1,2
2022,2022-wimbledon-2158,W,2,3,2,Cumul. Point Winner,2,1
2022,2022-wimbledon-2158,W,2,3,3,Cumul. Point Winner,2,0
2022,2022-wimbledon-2158,W,2,3,1,Cumul. Game Winner,1,2
2022,2022-wimbledon-2158,W,2,3,2,Cumul. Game Winner,2,1
2022,2022-wimbledon-2158,W,2,3,3,Cumul. Game Winner,2,0
2022,2022-wimbledon-2158,W,2,3,1,Set Winner,1,2
2022,2022-wimbledon-2158,W,2,3,2,Set Winner,2,1
2022,2022-wimbledon-2158,W,2,3,3,Set Winner,2,0
2022,2022-wimbledon-2158,W,2,3,1,Cumul. Set Winner,1,2
2022,2022-wimbledon-2158,W,2,3,2,Cumul. Set Winner,1,1
2022,2022-wimbledon-2158,W,2,3,3,Cumul. Set Winner,2,0
2022,2022-wimbledon-2158,W,2,3,1,Cumul. Unf. Error,1,2
2022,2022-wimbledon-2158,W,2,3,2,Cumul. Unf. Error,1,1
2022,2022-wimbledon-2158,W,2,3,3,Cumul. Unf. Error,1,0
2022,2022-wimbledon-2158,W,2,3,1,Dynamic Model,1,2
2022,2022-wimbledon-2158,W,2,3,2,Dynamic Model,2,1
2022,2022-wimbledon-2158,W,2,3,3,Dynamic Model,2,0
2022,2022-wimbledon-2159,W,2,3,1,Cumul. Point Winner,1,2
2022,2022-wimbledon-2159,W,2,3,2,Cumul. Point Winner,1,1
2022,2022-wimbledon-2159,W,2,3,3,Cumul. Point Winner,2,0
2022,2022-wimbledon-2159,W,2,3,1,Cumul. Game Winner,1,2
2022,2022-wimbledon-2159,W,2,3,2,Cumul. Game Winner,2,1
2022,2022-wimbledon-2159,W,2,3,3,Cumul. Game Winner,2,0
2022,2022-wimbledon-2159,W,2,3,1,Set Winner,1,2
2022,2022-wimbledon-2159,W,2,3,2,Set Winner,2,1
2022,2022-wimbledon-2159,W,2,3,3,Set Winner,2,0
2022,2022-wimbledon-2159,W,2,3,1,Cumul. Set Winner,1,2
2022,2022-wimbledon-2159,W,2,3,2,Cumul. Set Winner,1,1
2022,2022-wimbledon-2159,W,2,3,3,Cumul. Set Winner,2,0
2022,2022-wimbledon-2159,W,2,3,1,Cumul. Unf. Error,1,2
2022,2022-wimbledon-2159,W,2,3,2,Cumul. Unf. Error,1,1
2022,2022-wimbledon-2159,W,2,3,3,Cumul. Unf. Error,2,0
2022,2022-wimbledon-2159,W,2,3,1,Dynamic Model,1,2
2022,2022-wimbledon-2159,W,2,3,2,Dynamic Model,1,1
2022,2022-wimbledon-2159,W,2,3,3,Dynamic Model,2,0
2022,2022-wimbledon-2160,W,1,3,1,Cumul. Point Winner,1,2
2022,2022-wimbledon-2160,W,1,3,2,Cumul. Point Winner,2,1
2022,2022-wimbledon-2160,W,1,3,3,Cumul. Point Winner,1,0
2022,2022-wimbledon-2160,W,1,3,1,Cumul. Game Winner,1,2
2022,2022-wimbledon-2160,W,1,3,2,Cumul. Game Winner,1,1
2022,2022-wimbledon-2160,W,1,3,3,Cumul. Game Winner,1,0
2022,2022-wimbledon-2160,W,1,3,1,Set Winner,1,2
2022,2022-wimbledon-2160,W,1,3,2,Set Winner,2,1
2022,2022-wimbledon-2160,W,1,3,3,Set Winner,1,0
2022,2022-wimbledon-2160,W,1,3,1,Cumul. Set Winner,1,2
2022,2022-wimbledon-2160,W,1,3,2,Cumul. Set Winner,1,1
2022,2022-wimbledon-2160,W,1,3,3,Cumul. Set Winner,1,0
2022,2022-wimbledon-2160,W,1,3,1,Cumul. Unf. Error,1,2
2022,2022-wimbledon-2160,W,1,3,2,Cumul. Unf. Error,1,1
2022,2022-wimbledon-2160,W,1,3,3,Cumul. Unf. Error,1,0
2022,2022-wimbledon-2160,W,1,3,1,Dynamic Model,1,2
2022,2022-wimbledon-2160,W,1,3,2,Dynamic Model,1,1
2022,2022-wimbledon-2160,W,1,3,3,Dynamic Model,1,0
2022,2022-wimbledon-2161,W,1,3,1,Cumul. Point Winner,2,2
2022,2022-wimbledon-2161,W,1,3,2,Cumul. Point Winner,1,1
2022,2022-wimbledon-2161,W,1,3,3,Cumul. Point Winner,1,0
2022,2022-wimbledon-2161,W,1,3,1,Cumul. Game Winner,2,2
2022,2022-wimbledon-2161,W,1,3,2,Cumul. Game Winner,1,1
2022,2022-wimbledon-2161,W,1,3,3,Cumul. Game Winner,1,0
2022,2022-wimbledon-2161,W,1,3,1,Set Winner,2,2
2022,2022-wimbledon-2161,W,1,3,2,Set Winner,1,1
2022,2022-wimbledon-2161,W,1,3,3,Set Winner,1,0
2022,2022-wimbledon-2161,W,1,3,1,Cumul. Set Winner,2,2
2022,2022-wimbledon-2161,W,1,3,2,Cumul. Set Winner,2,1
2022,2022-wimbledon-2161,W,1,3,3,Cumul. Set Winner,1,0
2022,2022-wimbledon-2161,W,1,3,1,Cumul. Unf. Error,2,2
2022,2022-wimbledon-2161,W,1,3,2,Cumul. Unf. Error,2,1
2022,2022-wimbledon-2161,W,1,3,3,Cumul. Unf. Error,1,0
2022,2022-wimbledon-2161,W,1,3,1,Dynamic Model,2,2
2022,2022-wimbledon-2161,W,1,3,2,Dynamic Model,1,1
2022,2022-wimbledon-2161,W,1,3,3,Dynamic Model,1,0
2022,2022-wimbledon-2162,W,2,2,1,Cumul. Point Winner,2,1
2022,2022-wimbledon-2162,W,2,2,2,Cumul. Point Winner,2,0
2022,2022-wimbledon-2162,W,2,2,1,Cumul. Game Winner,2,1
2022,2022-wimbledon-2162,W,2,2,2,Cumul. Game Winner,2,0
2022,2022-wimbledon-2162,W,2,2,1,Set Winner,2,1
2022,2022-wimbledon-2162,W,2,2,2,Set Winner,2,0
2022,2022-wimbledon-2162,W,2,2,1,Cumul. Set Winner,2,1
2022,2022-wimbledon-2162,W,2,2,2,Cumul. Set Winner,2,0
2022,2022-wimbledon-2162,W,2,2,1,Cumul. Unf. Error,2,1
2022,2022-wimbledon-2162,W,2,2,2,Cumul. Unf. Error,2,0
2022,2022-wimbledon-2162,W,2,2,1,Dynamic Model,2,1
2022,2022-wimbledon-2162,W,2,2,2,Dynamic Model,2,0
2022,2022-wimbledon-2163,W,1,2,1,Cumul. Point Winner,1,1
2022,2022-wimbledon-2163,W,1,2,2,Cumul. Point Winner,1,0
2022,2022-wimbledon-2163,W,1,2,1,Cumul. Game Winner,1,1
2022,2022-wimbledon-2163,W,1,2,2,Cumul. Game Winner,1,0
2022,2022-wimbledon-2163,W,1,2,1,Set Winner,1,1
2022,2022-wimbledon-2163,W,1,2,2,Set Winner,1,0
2022,2022-wimbledon-2163,W,1,2,1,Cumul. Set Winner,1,1
2022,2022-wimbledon-2163,W,1,2,2,Cumul. Set Winner,1,0
2022,2022-wimbledon-2163,W,1,2,1,Cumul. Unf. Error,1,1
2022,2022-wimbledon-2163,W,1,2,2,Cumul. Unf. Error,2,0
2022,2022-wimbledon-2163,W,1,2,1,Dynamic Model,1,1
2022,2022-wimbledon-2163,W,1,2,2,Dynamic Model,1,0
2022,2022-wimbledon-2164,W,2,2,1,Cumul. Point Winner,2,1
2022,2022-wimbledon-2164,W,2,2,2,Cumul. Point Winner,2,0
2022,2022-wimbledon-2164,W,2,2,1,Cumul. Game Winner,2,1
2022,2022-wimbledon-2164,W,2,2,2,Cumul. Game Winner,2,0
2022,2022-wimbledon-2164,W,2,2,1,Set Winner,2,1
2022,2022-wimbledon-2164,W,2,2,2,Set Winner,2,0
2022,2022-wimbledon-2164,W,2,2,1,Cumul. Set Winner,2,1
2022,2022-wimbledon-2164,W,2,2,2,Cumul. Set Winner,2,0
2022,2022-wimbledon-2164,W,2,2,1,Cumul. Unf. Error,2,1
2022,2022-wimbledon-2164,W,2,2,2,Cumul. Unf. Error,2,0
2022,2022-wimbledon-2164,W,2,2,1,Dynamic Model,2,1
2022,2022-wimbledon-2164,W,2,2,2,Dynamic Model,2,0
2022,2022-wimbledon-2201,W,1,3,1,Cumul. Point Winner,1,2
2022,2022-wimbledon-2201,W,1,3,2,Cumul. Point Winner,1,1
2022,2022-wimbledon-2201,W,1,3,3,Cumul. Point Winner,1,0
2022,2022-wimbledon-2201,W,1,3,1,Cumul. Game Winner,1,2
2022,2022-wimbledon-2201,W,1,3,2,Cumul. Game Winner,1,1
2022,2022-wimbledon-2201,W,1,3,3,Cumul. Game Winner,1,0
2022,2022-wimbledon-2201,W,1,3,1,Set Winner,1,2
2022,2022-wimbledon-2201,W,1,3,2,Set Winner,2,1
2022,2022-wimbledon-2201,W,1,3,3,Set Winner,1,0
2022,2022-wimbledon-2201,W,1,3,1,Cumul. Set Winner,1,2
2022,2022-wimbledon-2201,W,1,3,2,Cumul. Set Winner,1,1
2022,2022-wimbledon-2201,W,1,3,3,Cumul. Set Winner,1,0
2022,2022-wimbledon-2201,W,1,3,1,Cumul. Unf. Error,2,2
2022,2022-wimbledon-2201,W,1,3,2,Cumul. Unf. Error,2,1
2022,2022-wimbledon-2201,W,1,3,3,Cumul. Unf. Error,2,0
2022,2022-wimbledon-2201,W,1,3,1,Dynamic Model,1,2
2022,2022-wimbledon-2201,W,1,3,2,Dynamic Model,1,1
2022,2022-wimbledon-2201,W,1,3,3,Dynamic Model,1,0
2022,2022-wimbledon-2202,W,2,2,1,Cumul. Point Winner,2,1
2022,2022-wimbledon-2202,W,2,2,2,Cumul. Point Winner,2,0
2022,2022-wimbledon-2202,W,2,2,1,Cumul. Game Winner,2,1
2022,2022-wimbledon-2202,W,2,2,2,Cumul. Game Winner,2,0
2022,2022-wimbledon-2202,W,2,2,1,Set Winner,2,1
2022,2022-wimbledon-2202,W,2,2,2,Set Winner,2,0
2022,2022-wimbledon-2202,W,2,2,1,Cumul. Set Winner,2,1
2022,2022-wimbledon-2202,W,2,2,2,Cumul. Set Winner,2,0
2022,2022-wimbledon-2202,W,2,2,1,Cumul. Unf. Error,2,1
2022,2022-wimbledon-2202,W,2,2,2,Cumul. Unf. Error,2,0
2022,2022-wimbledon-2202,W,2,2,1,Dynamic Model,2,1
2022,2022-wimbledon-2202,W,2,2,2,Dynamic Model,2,0
2022,2022-wimbledon-2203,W,1,2,1,Cumul. Point Winner,1,1
2022,2022-wimbledon-2203,W,1,2,2,Cumul. Point Winner,1,0
2022,2022-wimbledon-2203,W,1,2,1,Cumul. Game Winner,1,1
2022,2022-wimbledon-2203,W,1,2,2,Cumul. Game Winner,1,0
2022,2022-wimbledon-2203,W,1,2,1,Set Winner,1,1
2022,2022-wimbledon-2203,W,1,2,2,Set Winner,1,0
2022,2022-wimbledon-2203,W,1,2,1,Cumul. Set Winner,1,1
2022,2022-wimbledon-2203,W,1,2,2,Cumul. Set Winner,1,0
2022,2022-wimbledon-2203,W,1,2,1,Cumul. Unf. Error,1,1
2022,2022-wimbledon-2203,W,1,2,2,Cumul. Unf. Error,1,0
2022,2022-wimbledon-2203,W,1,2,1,Dynamic Model,1,1
2022,2022-wimbledon-2203,W,1,2,2,Dynamic Model,1,0
2022,2022-wimbledon-2204,W,2,2,1,Cumul. Point Winner,2,1
2022,2022-wimbledon-2204,W,2,2,2,Cumul. Point Winner,2,0
2022,2022-wimbledon-2204,W,2,2,1,Cumul. Game Winner,2,1
2022,2022-wimbledon-2204,W,2,2,2,Cumul. Game Winner,2,0
2022,2022-wimbledon-2204,W,2,2,1,Set Winner,2,1
2022,2022-wimbledon-2204,W,2,2,2,Set Winner,2,0
2022,2022-wimbledon-2204,W,2,2,1,Cumul. Set Winner,2,1
2022,2022-wimbledon-2204,W,2,2,2,Cumul. Set Winner,2,0
2022,2022-wimbledon-2204,W,2,2,1,Cumul. Unf. Error,1,1
2022,2022-wimbledon-2204,W,2,2,2,Cumul. Unf. Error,2,0
2022,2022-wimbledon-2204,W,2,2,1,Dynamic Model,2,1
2022,2022-wimbledon-2204,W,2,2,2,Dynamic Model,2,0
2022,2022-wimbledon-2205,W,2,2,1,Cumul. Point Winner,2,1
2022,2022-wimbledon-2205,W,2,2,2,Cumul. Point Winner,2,0
2022,2022-wimbledon-2205,W,2,2,1,Cumul. Game Winner,2,1
2022,2022-wimbledon-2205,W,2,2,2,Cumul. Game Winner,2,0
2022,2022-wimbledon-2205,W,2,2,1,Set Winner,2,1
2022,2022-wimbledon-2205,W,2,2,2,Set Winner,2,0
2022,2022-wimbledon-2205,W,2,2,1,Cumul. Set Winner,2,1
2022,2022-wimbledon-2205,W,2,2,2,Cumul. Set Winner,2,0
2022,2022-wimbledon-2205,W,2,2,1,Cumul. Unf. Error,2,1
2022,2022-wimbledon-2205,W,2,2,2,Cumul. Unf. Error,2,0
2022,2022-wimbledon-2205,W,2,2,1,Dynamic Model,2,1
2022,2022-wimbledon-2205,W,2,2,2,Dynamic Model,2,0
2022,2022-wimbledon-2206,W,2,2,1,Cumul. Point Winner,2,1
2022,2022-wimbledon-2206,W,2,2,2,Cumul. Point Winner,2,0
2022,2022-wimbledon-2206,W,2,2,1,Cumul. Game Winner,2,1
2022,2022-wimbledon-2206,W,2,2,2,Cumul. Game Winner,2,0
2022,2022-wimbledon-2206,W,2,2,1,Set Winner,2,1
2022,2022-wimbledon-2206,W,2,2,2,Set Winner,2,0
2022,2022-wimbledon-2206,W,2,2,1,Cumul. Set Winner,2,1
2022,2022-wimbledon-2206,W,2,2,2,Cumul. Set Winner,2,0
2022,2022-wimbledon-2206,W,2,2,1,Cumul. Unf. Error,1,1
2022,2022-wimbledon-2206,W,2,2,2,Cumul. Unf. Error,1,0
2022,2022-wimbledon-2206,W,2,2,1,Dynamic Model,2,1
2022,2022-wimbledon-2206,W,2,2,2,Dynamic Model,2,0
2022,2022-wimbledon-2207,W,1,2,1,Cumul. Point Winner,1,1
2022,2022-wimbledon-2207,W,1,2,2,Cumul. Point Winner,1,0
2022,2022-wimbledon-2207,W,1,2,1,Cumul. Game Winner,1,1
2022,2022-wimbledon-2207,W,1,2,2,Cumul. Game Winner,1,0
2022,2022-wimbledon-2207,W,1,2,1,Set Winner,1,1
2022,2022-wimbledon-2207,W,1,2,2,Set Winner,1,0
2022,2022-wimbledon-2207,W,1,2,1,Cumul. Set Winner,1,1
2022,2022-wimbledon-2207,W,1,2,2,Cumul. Set Winner,1,0
2022,2022-wimbledon-2207,W,1,2,1,Cumul. Unf. Error,2,1
2022,2022-wimbledon-2207,W,1,2,2,Cumul. Unf. Error,1,0
2022,2022-wimbledon-2207,W,1,2,1,Dynamic Model,1,1
2022,2022-wimbledon-2207,W,1,2,2,Dynamic Model,1,0
2022,2022-wimbledon-2208,W,2,3,1,Cumul. Point Winner,1,2
2022,2022-wimbledon-2208,W,2,3,2,Cumul. Point Winner,2,1
2022,2022-wimbledon-2208,W,2,3,3,Cumul. Point Winner,2,0
2022,2022-wimbledon-2208,W,2,3,1,Cumul. Game Winner,1,2
2022,2022-wimbledon-2208,W,2,3,2,Cumul. Game Winner,2,1
2022,2022-wimbledon-2208,W,2,3,3,Cumul. Game Winner,2,0
2022,2022-wimbledon-2208,W,2,3,1,Set Winner,1,2
2022,2022-wimbledon-2208,W,2,3,2,Set Winner,2,1
2022,2022-wimbledon-2208,W,2,3,3,Set Winner,2,0
2022,2022-wimbledon-2208,W,2,3,1,Cumul. Set Winner,1,2
2022,2022-wimbledon-2208,W,2,3,2,Cumul. Set Winner,1,1
2022,2022-wimbledon-2208,W,2,3,3,Cumul. Set Winner,2,0
2022,2022-wimbledon-2208,W,2,3,1,Cumul. Unf. Error,1,2
2022,2022-wimbledon-2208,W,2,3,2,Cumul. Unf. Error,2,1
2022,2022-wimbledon-2208,W,2,3,3,Cumul. Unf. Error,2,0
2022,2022-wimbledon-2208,W,2,3,1,Dynamic Model,1,2
2022,2022-wimbledon-2208,W,2,3,2,Dynamic Model,2,1
2022,2022-wimbledon-2208,W,2,3,3,Dynamic Model,2,0
2022,2022-wimbledon-2209,W,1,2,1,Cumul. Point Winner,1,1
2022,2022-wimbledon-2209,W,1,2,2,Cumul. Point Winner,1,0
2022,2022-wimbledon-2209,W,1,2,1,Cumul. Game Winner,1,1
2022,2022-wimbledon-2209,W,1,2,2,Cumul. Game Winner,1,0
2022,2022-wimbledon-2209,W,1,2,1,Set Winner,1,1
2022,2022-wimbledon-2209,W,1,2,2,Set Winner,1,0
2022,2022-wimbledon-2209,W,1,2,1,Cumul. Set Winner,1,1
2022,2022-wimbledon-2209,W,1,2,2,Cumul. Set Winner,1,0
2022,2022-wimbledon-2209,W,1,2,1,Cumul. Unf. Error,1,1
2022,2022-wimbledon-2209,W,1,2,2,Cumul. Unf. Error,1,0
2022,2022-wimbledon-2209,W,1,2,1,Dynamic Model,1,1
2022,2022-wimbledon-2209,W,1,2,2,Dynamic Model,1,0
2022,2022-wimbledon-2210,W,2,2,1,Cumul. Point Winner,2,1
2022,2022-wimbledon-2210,W,2,2,2,Cumul. Point Winner,2,0
2022,2022-wimbledon-2210,W,2,2,1,Cumul. Game Winner,2,1
2022,2022-wimbledon-2210,W,2,2,2,Cumul. Game Winner,2,0
2022,2022-wimbledon-2210,W,2,2,1,Set Winner,2,1
2022,2022-wimbledon-2210,W,2,2,2,Set Winner,2,0
2022,2022-wimbledon-2210,W,2,2,1,Cumul. Set Winner,2,1
2022,2022-wimbledon-2210,W,2,2,2,Cumul. Set Winner,2,0
2022,2022-wimbledon-2210,W,2,2,1,Cumul. Unf. Error,1,1
2022,2022-wimbledon-2210,W,2,2,2,Cumul. Unf. Error,1,0
2022,2022-wimbledon-2210,W,2,2,1,Dynamic Model,2,1
2022,2022-wimbledon-2210,W,2,2,2,Dynamic Model,2,0
2022,2022-wimbledon-2211,W,1,2,1,Cumul. Point Winner,1,1
2022,2022-wimbledon-2211,W,1,2,2,Cumul. Point Winner,1,0
2022,2022-wimbledon-2211,W,1,2,1,Cumul. Game Winner,1,1
2022,2022-wimbledon-2211,W,1,2,2,Cumul. Game Winner,1,0
2022,2022-wimbledon-2211,W,1,2,1,Set Winner,1,1
2022,2022-wimbledon-2211,W,1,2,2,Set Winner,1,0
2022,2022-wimbledon-2211,W,1,2,1,Cumul. Set Winner,1,1
2022,2022-wimbledon-2211,W,1,2,2,Cumul. Set Winner,1,0
2022,2022-wimbledon-2211,W,1,2,1,Cumul. Unf. Error,1,1
2022,2022-wimbledon-2211,W,1,2,2,Cumul. Unf. Error,1,0
2022,2022-wimbledon-2211,W,1,2,1,Dynamic Model,1,1
2022,2022-wimbledon-2211,W,1,2,2,Dynamic Model,1,0
2022,2022-wimbledon-2212,W,2,2,1,Cumul. Point Winner,2,1
2022,2022-wimbledon-2212,W,2,2,2,Cumul. Point Winner,2,0
2022,2022-wimbledon-2212,W,2,2,1,Cumul. Game Winner,2,1
2022,2022-wimbledon-2212,W,2,2,2,Cumul. Game Winner,2,0
2022,2022-wimbledon-2212,W,2,2,1,Set Winner,2,1
2022,2022-wimbledon-2212,W,2,2,2,Set Winner,2,0
2022,2022-wimbledon-2212,W,2,2,1,Cumul. Set Winner,2,1
2022,2022-wimbledon-2212,W,2,2,2,Cumul. Set Winner,2,0
2022,2022-wimbledon-2212,W,2,2,1,Cumul. Unf. Error,1,1
2022,2022-wimbledon-2212,W,2,2,2,Cumul. Unf. Error,2,0
2022,2022-wimbledon-2212,W,2,2,1,Dynamic Model,2,1
2022,2022-wimbledon-2212,W,2,2,2,Dynamic Model,2,0
2022,2022-wimbledon-2213,W,1,2,1,Cumul. Point Winner,1,1
2022,2022-wimbledon-2213,W,1,2,2,Cumul. Point Winner,1,0
2022,2022-wimbledon-2213,W,1,2,1,Cumul. Game Winner,1,1
2022,2022-wimbledon-2213,W,1,2,2,Cumul. Game Winner,1,0
2022,2022-wimbledon-2213,W,1,2,1,Set Winner,1,1
2022,2022-wimbledon-2213,W,1,2,2,Set Winner,1,0
2022,2022-wimbledon-2213,W,1,2,1,Cumul. Set Winner,1,1
2022,2022-wimbledon-2213,W,1,2,2,Cumul. Set Winner,1,0
2022,2022-wimbledon-2213,W,1,2,1,Cumul. Unf. Error,1,1
2022,2022-wimbledon-2213,W,1,2,2,Cumul. Unf. Error,1,0
2022,2022-wimbledon-2213,W,1,2,1,Dynamic Model,1,1
2022,2022-wimbledon-2213,W,1,2,2,Dynamic Model,1,0
2022,2022-wimbledon-2214,W,2,3,1,Cumul. Point Winner,1,2
2022,2022-wimbledon-2214,W,2,3,2,Cumul. Point Winner,1,1
2022,2022-wimbledon-2214,W,2,3,3,Cumul. Point Winner,2,0
2022,2022-wimbledon-2214,W,2,3,1,Cumul. Game Winner,1,2
2022,2022-wimbledon-2214,W,2,3,2,Cumul. Game Winner,1,1
2022,2022-wimbledon-2214,W,2,3,3,Cumul. Game Winner,2,0
2022,2022-wimbledon-2214,W,2,3,1,Set Winner,1,2
2022,2022-wimbledon-2214,W,2,3,2,Set Winner,2,1
2022,2022-wimbledon-2214,W,2,3,3,Set Winner,2,0
2022,2022-wimbledon-2214,W,2,3,1,Cumul. Set Winner,1,2
2022,2022-wimbledon-2214,W,2,3,2,Cumul. Set Winner,1,1
2022,2022-wimbledon-2214,W,2,3,3,Cumul. Set Winner,2,0
2022,2022-wimbledon-2214,W,2,3,1,Cumul. Unf. Error,1,2
2022,2022-wimbledon-2214,W,2,3,2,Cumul. Unf. Error,1,1
2022,2022-wimbledon-2214,W,2,3,3,Cumul. Unf. Error,1,0
2022,2022-wimbledon-2214,W,2,3,1,Dynamic Model,1,2
2022,2022-wimbledon-2214,W,2,3,2,Dynamic Model,1,1
2022,2022-wimbledon-2214,W,2,3,3,Dynamic Model,2,0
2022,2022-wimbledon-2215,W,2,2,1,Cumul. Point Winner,2,1
2022,2022-wimbledon-2215,W,2,2,2,Cumul. Point Winner,2,0
2022,2022-wimbledon-2215,W,2,2,1,Cumul. Game Winner,2,1
2022,2022-wimbledon-2215,W,2,2,2,Cumul. Game Winner,2,0
2022,2022-wimbledon-2215,W,2,2,1,Set Winner,2,1
2022,2022-wimbledon-2215,W,2,2,2,Set Winner,2,0
2022,2022-wimbledon-2215,W,2,2,1,Cumul. Set Winner,2,1
2022,2022-wimbledon-2215,W,2,2,2,Cumul. Set Winner,2,0
2022,2022-wimbledon-2215,W,2,2,1,Cumul. Unf. Error,1,1
2022,2022-wimbledon-2215,W,2,2,2,Cumul. Unf. Error,2,0
2022,2022-wimbledon-2215,W,2,2,1,Dynamic Model,2,1
2022,2022-wimbledon-2215,W,2,2,2,Dynamic Model,2,0
2022,2022-wimbledon-2216,W,1,3,1,Cumul. Point Winner,2,2
2022,2022-wimbledon-2216,W,1,3,2,Cumul. Point Winner,2,1
2022,2022-wimbledon-2216,W,1,3,3,Cumul. Point Winner,2,0
2022,2022-wimbledon-2216,W,1,3,1,Cumul. Game Winner,2,2
2022,2022-wimbledon-2216,W,1,3,2,Cumul. Game Winner,2,1
2022,2022-wimbledon-2216,W,1,3,3,Cumul. Game Winner,2,0
2022,2022-wimbledon-2216,W,1,3,1,Set Winner,2,2
2022,2022-wimbledon-2216,W,1,3,2,Set Winner,1,1
2022,2022-wimbledon-2216,W,1,3,3,Set Winner,1,0
2022,2022-wimbledon-2216,W,1,3,1,Cumul. Set Winner,2,2
2022,2022-wimbledon-2216,W,1,3,2,Cumul. Set Winner,2,1
2022,2022-wimbledon-2216,W,1,3,3,Cumul. Set Winner,1,0
2022,2022-wimbledon-2216,W,1,3,1,Cumul. Unf. Error,2,2
2022,2022-wimbledon-2216,W,1,3,2,Cumul. Unf. Error,2,1
2022,2022-wimbledon-2216,W,1,3,3,Cumul. Unf. Error,2,0
2022,2022-wimbledon-2216,W,1,3,1,Dynamic Model,2,2
2022,2022-wimbledon-2216,W,1,3,2,Dynamic Model,2,1
2022,2022-wimbledon-2216,W,1,3,3,Dynamic Model,2,0
2022,2022-wimbledon-2217,W,1,2,1,Cumul. Point Winner,1,1
2022,2022-wimbledon-2217,W,1,2,2,Cumul. Point Winner,1,0
2022,2022-wimbledon-2217,W,1,2,1,Cumul. Game Winner,1,1
2022,2022-wimbledon-2217,W,1,2,2,Cumul. Game Winner,1,0
2022,2022-wimbledon-2217,W,1,2,1,Set Winner,1,1
2022,2022-wimbledon-2217,W,1,2,2,Set Winner,1,0
2022,2022-wimbledon-2217,W,1,2,1,Cumul. Set Winner,1,1
2022,2022-wimbledon-2217,W,1,2,2,Cumul. Set Winner,1,0
2022,2022-wimbledon-2217,W,1,2,1,Cumul. Unf. Error,1,1
2022,2022-wimbledon-2217,W,1,2,2,Cumul. Unf. Error,1,0
2022,2022-wimbledon-2217,W,1,2,1,Dynamic Model,1,1
2022,2022-wimbledon-2217,W,1,2,2,Dynamic Model,1,0
2022,2022-wimbledon-2218,W,2,3,1,Cumul. Point Winner,1,2
2022,2022-wimbledon-2218,W,2,3,2,Cumul. Point Winner,2,1
2022,2022-wimbledon-2218,W,2,3,3,Cumul. Point Winner,2,0
2022,2022-wimbledon-2218,W,2,3,1,Cumul. Game Winner,1,2
2022,2022-wimbledon-2218,W,2,3,2,Cumul. Game Winner,2,1
2022,2022-wimbledon-2218,W,2,3,3,Cumul. Game Winner,2,0
2022,2022-wimbledon-2218,W,2,3,1,Set Winner,1,2
2022,2022-wimbledon-2218,W,2,3,2,Set Winner,2,1
2022,2022-wimbledon-2218,W,2,3,3,Set Winner,2,0
2022,2022-wimbledon-2218,W,2,3,1,Cumul. Set Winner,1,2
2022,2022-wimbledon-2218,W,2,3,2,Cumul. Set Winner,1,1
2022,2022-wimbledon-2218,W,2,3,3,Cumul. Set Winner,2,0
2022,2022-wimbledon-2218,W,2,3,1,Cumul. Unf. Error,1,2
2022,2022-wimbledon-2218,W,2,3,2,Cumul. Unf. Error,1,1
2022,2022-wimbledon-2218,W,2,3,3,Cumul. Unf. Error,1,0
2022,2022-wimbledon-2218,W,2,3,1,Dynamic Model,1,2
2022,2022-wimbledon-2218,W,2,3,2,Dynamic Model,2,1
2022,2022-wimbledon-2218,W,2,3,3,Dynamic Model,2,0
2022,2022-wimbledon-2219,W,1,2,1,Cumul. Point Winner,1,1
2022,2022-wimbledon-2219,W,1,2,2,Cumul. Point Winner,1,0
2022,2022-wimbledon-2219,W,1,2,1,Cumul. Game Winner,1,1
2022,2022-wimbledon-2219,W,1,2,2,Cumul. Game Winner,1,0
2022,2022-wimbledon-2219,W,1,2,1,Set Winner,1,1
2022,2022-wimbledon-2219,W,1,2,2,Set Winner,1,0
2022,2022-wimbledon-2219,W,1,2,1,Cumul. Set Winner,1,1
2022,2022-wimbledon-2219,W,1,2,2,Cumul. Set Winner,1,0
2022,2022-wimbledon-2219,W,1,2,1,Cumul. Unf. Error,2,1
2022,2022-wimbledon-2219,W,1,2,2,Cumul. Unf. Error,2,0
2022,2022-wimbledon-2219,W,1,2,1,Dynamic Model,1,1
2022,2022-wimbledon-2219,W,1,2,2,Dynamic Model,1,0
2022,2022-wimbledon-2220,W,1,2,1,Cumul. Point Winner,1,1
2022,2022-wimbledon-2220,W,1,2,2,Cumul. Point Winner,1,0
2022,2022-wimbledon-2220,W,1,2,1,Cumul. Game Winner,1,1
2022,2022-wimbledon-2220,W,1,2,2,Cumul. Game Winner,1,0
2022,2022-wimbledon-2220,W,1,2,1,Set Winner,1,1
2022,2022-wimbledon-2220,W,1,2,2,Set Winner,1,0
2022,2022-wimbledon-2220,W,1,2,1,Cumul. Set Winner,1,1
2022,2022-wimbledon-2220,W,1,2,2,Cumul. Set Winner,1,0
2022,2022-wimbledon-2220,W,1,2,1,Cumul. Unf. Error,2,1
2022,2022-wimbledon-2220,W,1,2,2,Cumul. Unf. Error,2,0
2022,2022-wimbledon-2220,W,1,2,1,Dynamic Model,1,1
2022,2022-wimbledon-2220,W,1,2,2,Dynamic Model,1,0
2022,2022-wimbledon-2221,W,1,2,1,Cumul. Point Winner,1,1
2022,2022-wimbledon-2221,W,1,2,2,Cumul. Point Winner,1,0
2022,2022-wimbledon-2221,W,1,2,1,Cumul. Game Winner,1,1
2022,2022-wimbledon-2221,W,1,2,2,Cumul. Game Winner,1,0
2022,2022-wimbledon-2221,W,1,2,1,Set Winner,1,1
2022,2022-wimbledon-2221,W,1,2,2,Set Winner,1,0
2022,2022-wimbledon-2221,W,1,2,1,Cumul. Set Winner,1,1
2022,2022-wimbledon-2221,W,1,2,2,Cumul. Set Winner,1,0
2022,2022-wimbledon-2221,W,1,2,1,Cumul. Unf. Error,1,1
2022,2022-wimbledon-2221,W,1,2,2,Cumul. Unf. Error,1,0
2022,2022-wimbledon-2221,W,1,2,1,Dynamic Model,1,1
2022,2022-wimbledon-2221,W,1,2,2,Dynamic Model,1,0
2022,2022-wimbledon-2222,W,2,3,1,Cumul. Point Winner,1,2
2022,2022-wimbledon-2222,W,2,3,2,Cumul. Point Winner,1,1
2022,2022-wimbledon-2222,W,2,3,3,Cumul. Point Winner,2,0
2022,2022-wimbledon-2222,W,2,3,1,Cumul. Game Winner,1,2
2022,2022-wimbledon-2222,W,2,3,2,Cumul. Game Winner,1,1
2022,2022-wimbledon-2222,W,2,3,3,Cumul. Game Winner,1,0
2022,2022-wimbledon-2222,W,2,3,1,Set Winner,1,2
2022,2022-wimbledon-2222,W,2,3,2,Set Winner,2,1
2022,2022-wimbledon-2222,W,2,3,3,Set Winner,2,0
2022,2022-wimbledon-2222,W,2,3,1,Cumul. Set Winner,1,2
2022,2022-wimbledon-2222,W,2,3,2,Cumul. Set Winner,1,1
2022,2022-wimbledon-2222,W,2,3,3,Cumul. Set Winner,2,0
2022,2022-wimbledon-2222,W,2,3,1,Cumul. Unf. Error,1,2
2022,2022-wimbledon-2222,W,2,3,2,Cumul. Unf. Error,1,1
2022,2022-wimbledon-2222,W,2,3,3,Cumul. Unf. Error,2,0
2022,2022-wimbledon-2222,W,2,3,1,Dynamic Model,1,2
2022,2022-wimbledon-2222,W,2,3,2,Dynamic Model,1,1
2022,2022-wimbledon-2222,W,2,3,3,Dynamic Model,2,0
2022,2022-wimbledon-2223,W,1,2,1,Cumul. Point Winner,1,1
2022,2022-wimbledon-2223,W,1,2,2,Cumul. Point Winner,1,0
2022,2022-wimbledon-2223,W,1,2,1,Cumul. Game Winner,1,1
2022,2022-wimbledon-2223,W,1,2,2,Cumul. Game Winner,1,0
2022,2022-wimbledon-2223,W,1,2,1,Set Winner,1,1
2022,2022-wimbledon-2223,W,1,2,2,Set Winner,1,0
2022,2022-wimbledon-2223,W,1,2,1,Cumul. Set Winner,1,1
2022,2022-wimbledon-2223,W,1,2,2,Cumul. Set Winner,1,0
2022,2022-wimbledon-2223,W,1,2,1,Cumul. Unf. Error,1,1
2022,2022-wimbledon-2223,W,1,2,2,Cumul. Unf. Error,1,0
2022,2022-wimbledon-2223,W,1,2,1,Dynamic Model,1,1
2022,2022-wimbledon-2223,W,1,2,2,Dynamic Model,1,0
2022,2022-wimbledon-2224,W,2,2,1,Cumul. Point Winner,2,1
2022,2022-wimbledon-2224,W,2,2,2,Cumul. Point Winner,2,0
2022,2022-wimbledon-2224,W,2,2,1,Cumul. Game Winner,2,1
2022,2022-wimbledon-2224,W,2,2,2,Cumul. Game Winner,2,0
2022,2022-wimbledon-2224,W,2,2,1,Set Winner,2,1
2022,2022-wimbledon-2224,W,2,2,2,Set Winner,2,0
2022,2022-wimbledon-2224,W,2,2,1,Cumul. Set Winner,2,1
2022,2022-wimbledon-2224,W,2,2,2,Cumul. Set Winner,2,0
2022,2022-wimbledon-2224,W,2,2,1,Cumul. Unf. Error,1,1
2022,2022-wimbledon-2224,W,2,2,2,Cumul. Unf. Error,2,0
2022,2022-wimbledon-2224,W,2,2,1,Dynamic Model,2,1
2022,2022-wimbledon-2224,W,2,2,2,Dynamic Model,2,0
2022,2022-wimbledon-2225,W,1,2,1,Cumul. Point Winner,1,1
2022,2022-wimbledon-2225,W,1,2,2,Cumul. Point Winner,1,0
2022,2022-wimbledon-2225,W,1,2,1,Cumul. Game Winner,1,1
2022,2022-wimbledon-2225,W,1,2,2,Cumul. Game Winner,1,0
2022,2022-wimbledon-2225,W,1,2,1,Set Winner,1,1
2022,2022-wimbledon-2225,W,1,2,2,Set Winner,1,0
2022,2022-wimbledon-2225,W,1,2,1,Cumul. Set Winner,1,1
2022,2022-wimbledon-2225,W,1,2,2,Cumul. Set Winner,1,0
2022,2022-wimbledon-2225,W,1,2,1,Cumul. Unf. Error,2,1
2022,2022-wimbledon-2225,W,1,2,2,Cumul. Unf. Error,2,0
2022,2022-wimbledon-2225,W,1,2,1,Dynamic Model,1,1
2022,2022-wimbledon-2225,W,1,2,2,Dynamic Model,1,0
2022,2022-wimbledon-2226,W,1,3,1,Cumul. Point Winner,1,2
2022,2022-wimbledon-2226,W,1,3,2,Cumul. Point Winner,2,1
2022,2022-wimbledon-2226,W,1,3,3,Cumul. Point Winner,1,0
2022,2022-wimbledon-2226,W,1,3,1,Cumul. Game Winner,1,2
2022,2022-wimbledon-2226,W,1,3,2,Cumul. Game Winner,2,1
2022,2022-wimbledon-2226,W,1,3,3,Cumul. Game Winner,2,0
2022,2022-wimbledon-2226,W,1,3,1,Set Winner,1,2
2022,2022-wimbledon-2226,W,1,3,2,Set Winner,2,1
2022,2022-wimbledon-2226,W,1,3,3,Set Winner,1,0
2022,2022-wimbledon-2226,W,1,3,1,Cumul. Set Winner,1,2
2022,2022-wimbledon-2226,W,1,3,2,Cumul. Set Winner,1,1
2022,2022-wimbledon-2226,W,1,3,3,Cumul. Set Winner,1,0
2022,2022-wimbledon-2226,W,1,3,1,Cumul. Unf. Error,1,2
2022,2022-wimbledon-2226,W,1,3,2,Cumul. Unf. Error,1,1
2022,2022-wimbledon-2226,W,1,3,3,Cumul. Unf. Error,1,0
2022,2022-wimbledon-2226,W,1,3,1,Dynamic Model,1,2
2022,2022-wimbledon-2226,W,1,3,2,Dynamic Model,2,1
2022,2022-wimbledon-2226,W,1,3,3,Dynamic Model,1,0
2022,2022-wimbledon-2227,W,2,2,1,Cumul. Point Winner,2,1
2022,2022-wimbledon-2227,W,2,2,2,Cumul. Point Winner,2,0
2022,2022-wimbledon-2227,W,2,2,1,Cumul. Game Winner,2,1
2022,2022-wimbledon-2227,W,2,2,2,Cumul. Game Winner,2,0
2022,2022-wimbledon-2227,W,2,2,1,Set Winner,2,1
2022,2022-wimbledon-2227,W,2,2,2,Set Winner,2,0
2022,2022-wimbledon-2227,W,2,2,1,Cumul. Set Winner,2,1
2022,2022-wimbledon-2227,W,2,2,2,Cumul. Set Winner,2,0
2022,2022-wimbledon-2227,W,2,2,1,Cumul. Unf. Error,2,1
2022,2022-wimbledon-2227,W,2,2,2,Cumul. Unf. Error,2,0
2022,2022-wimbledon-2227,W,2,2,1,Dynamic Model,2,1
2022,2022-wimbledon-2227,W,2,2,2,Dynamic Model,2,0
2022,2022-wimbledon-2228,W,2,2,1,Cumul. Point Winner,2,1
2022,2022-wimbledon-2228,W,2,2,2,Cumul. Point Winner,2,0
2022,2022-wimbledon-2228,W,2,2,1,Cumul. Game Winner,2,1
2022,2022-wimbledon-2228,W,2,2,2,Cumul. Game Winner,2,0
2022,2022-wimbledon-2228,W,2,2,1,Set Winner,2,1
2022,2022-wimbledon-2228,W,2,2,2,Set Winner,2,0
2022,2022-wimbledon-2228,W,2,2,1,Cumul. Set Winner,2,1
2022,2022-wimbledon-2228,W,2,2,2,Cumul. Set Winner,2,0
2022,2022-wimbledon-2228,W,2,2,1,Cumul. Unf. Error,1,1
2022,2022-wimbledon-2228,W,2,2,2,Cumul. Unf. Error,1,0
2022,2022-wimbledon-2228,W,2,2,1,Dynamic Model,2,1
2022,2022-wimbledon-2228,W,2,2,2,Dynamic Model,2,0
2022,2022-wimbledon-2229,W,2,2,1,Cumul. Point Winner,2,1
2022,2022-wimbledon-2229,W,2,2,2,Cumul. Point Winner,2,0
2022,2022-wimbledon-2229,W,2,2,1,Cumul. Game Winner,2,1
2022,2022-wimbledon-2229,W,2,2,2,Cumul. Game Winner,2,0
2022,2022-wimbledon-2229,W,2,2,1,Set Winner,2,1
2022,2022-wimbledon-2229,W,2,2,2,Set Winner,2,0
2022,2022-wimbledon-2229,W,2,2,1,Cumul. Set Winner,2,1
2022,2022-wimbledon-2229,W,2,2,2,Cumul. Set Winner,2,0
2022,2022-wimbledon-2229,W,2,2,1,Cumul. Unf. Error,2,1
2022,2022-wimbledon-2229,W,2,2,2,Cumul. Unf. Error,2,0
2022,2022-wimbledon-2229,W,2,2,1,Dynamic Model,2,1
2022,2022-wimbledon-2229,W,2,2,2,Dynamic Model,2,0
2022,2022-wimbledon-2230,W,2,2,1,Cumul. Point Winner,2,1
2022,2022-wimbledon-2230,W,2,2,2,Cumul. Point Winner,2,0
2022,2022-wimbledon-2230,W,2,2,1,Cumul. Game Winner,2,1
2022,2022-wimbledon-2230,W,2,2,2,Cumul. Game Winner,2,0
2022,2022-wimbledon-2230,W,2,2,1,Set Winner,2,1
2022,2022-wimbledon-2230,W,2,2,2,Set Winner,2,0
2022,2022-wimbledon-2230,W,2,2,1,Cumul. Set Winner,2,1
2022,2022-wimbledon-2230,W,2,2,2,Cumul. Set Winner,2,0
2022,2022-wimbledon-2230,W,2,2,1,Cumul. Unf. Error,2,1
2022,2022-wimbledon-2230,W,2,2,2,Cumul. Unf. Error,2,0
2022,2022-wimbledon-2230,W,2,2,1,Dynamic Model,2,1
2022,2022-wimbledon-2230,W,2,2,2,Dynamic Model,2,0
2022,2022-wimbledon-2231,W,2,3,1,Cumul. Point Winner,1,2
2022,2022-wimbledon-2231,W,2,3,2,Cumul. Point Winner,1,1
2022,2022-wimbledon-2231,W,2,3,3,Cumul. Point Winner,2,0
2022,2022-wimbledon-2231,W,2,3,1,Cumul. Game Winner,1,2
2022,2022-wimbledon-2231,W,2,3,2,Cumul. Game Winner,1,1
2022,2022-wimbledon-2231,W,2,3,3,Cumul. Game Winner,2,0
2022,2022-wimbledon-2231,W,2,3,1,Set Winner,1,2
2022,2022-wimbledon-2231,W,2,3,2,Set Winner,2,1
2022,2022-wimbledon-2231,W,2,3,3,Set Winner,2,0
2022,2022-wimbledon-2231,W,2,3,1,Cumul. Set Winner,1,2
2022,2022-wimbledon-2231,W,2,3,2,Cumul. Set Winner,1,1
2022,2022-wimbledon-2231,W,2,3,3,Cumul. Set Winner,2,0
2022,2022-wimbledon-2231,W,2,3,1,Cumul. Unf. Error,2,2
2022,2022-wimbledon-2231,W,2,3,2,Cumul. Unf. Error,2,1
2022,2022-wimbledon-2231,W,2,3,3,Cumul. Unf. Error,2,0
2022,2022-wimbledon-2231,W,2,3,1,Dynamic Model,1,2
2022,2022-wimbledon-2231,W,2,3,2,Dynamic Model,1,1
2022,2022-wimbledon-2231,W,2,3,3,Dynamic Model,2,0
2022,2022-wimbledon-2232,W,1,2,1,Cumul. Point Winner,1,1
2022,2022-wimbledon-2232,W,1,2,2,Cumul. Point Winner,1,0
2022,2022-wimbledon-2232,W,1,2,1,Cumul. Game Winner,1,1
2022,2022-wimbledon-2232,W,1,2,2,Cumul. Game Winner,1,0
2022,2022-wimbledon-2232,W,1,2,1,Set Winner,1,1
2022,2022-wimbledon-2232,W,1,2,2,Set Winner,1,0
2022,2022-wimbledon-2232,W,1,2,1,Cumul. Set Winner,1,1
2022,2022-wimbledon-2232,W,1,2,2,Cumul. Set Winner,1,0
2022,2022-wimbledon-2232,W,1,2,1,Cumul. Unf. Error,2,1
2022,2022-wimbledon-2232,W,1,2,2,Cumul. Unf. Error,1,0
2022,2022-wimbledon-2232,W,1,2,1,Dynamic Model,1,1
2022,2022-wimbledon-2232,W,1,2,2,Dynamic Model,1,0
2022,2022-wimbledon-2301,W,2,2,1,Cumul. Point Winner,2,1
2022,2022-wimbledon-2301,W,2,2,2,Cumul. Point Winner,2,0
2022,2022-wimbledon-2301,W,2,2,1,Cumul. Game Winner,2,1
2022,2022-wimbledon-2301,W,2,2,2,Cumul. Game Winner,2,0
2022,2022-wimbledon-2301,W,2,2,1,Set Winner,2,1
2022,2022-wimbledon-2301,W,2,2,2,Set Winner,2,0
2022,2022-wimbledon-2301,W,2,2,1,Cumul. Set Winner,2,1
2022,2022-wimbledon-2301,W,2,2,2,Cumul. Set Winner,2,0
2022,2022-wimbledon-2301,W,2,2,1,Cumul. Unf. Error,2,1
2022,2022-wimbledon-2301,W,2,2,2,Cumul. Unf. Error,2,0
2022,2022-wimbledon-2301,W,2,2,1,Dynamic Model,2,1
2022,2022-wimbledon-2301,W,2,2,2,Dynamic Model,2,0
2022,2022-wimbledon-2302,W,1,3,1,Cumul. Point Winner,2,2
2022,2022-wimbledon-2302,W,1,3,2,Cumul. Point Winner,2,1
2022,2022-wimbledon-2302,W,1,3,3,Cumul. Point Winner,2,0
2022,2022-wimbledon-2302,W,1,3,1,Cumul. Game Winner,2,2
2022,2022-wimbledon-2302,W,1,3,2,Cumul. Game Winner,2,1
2022,2022-wimbledon-2302,W,1,3,3,Cumul. Game Winner,1,0
2022,2022-wimbledon-2302,W,1,3,1,Set Winner,2,2
2022,2022-wimbledon-2302,W,1,3,2,Set Winner,1,1
2022,2022-wimbledon-2302,W,1,3,3,Set Winner,1,0
2022,2022-wimbledon-2302,W,1,3,1,Cumul. Set Winner,2,2
2022,2022-wimbledon-2302,W,1,3,2,Cumul. Set Winner,2,1
2022,2022-wimbledon-2302,W,1,3,3,Cumul. Set Winner,1,0
2022,2022-wimbledon-2302,W,1,3,1,Cumul. Unf. Error,2,2
2022,2022-wimbledon-2302,W,1,3,2,Cumul. Unf. Error,1,1
2022,2022-wimbledon-2302,W,1,3,3,Cumul. Unf. Error,1,0
2022,2022-wimbledon-2302,W,1,3,1,Dynamic Model,2,2
2022,2022-wimbledon-2302,W,1,3,2,Dynamic Model,2,1
2022,2022-wimbledon-2302,W,1,3,3,Dynamic Model,1,0
2022,2022-wimbledon-2303,W,2,2,1,Cumul. Point Winner,2,1
2022,2022-wimbledon-2303,W,2,2,2,Cumul. Point Winner,2,0
2022,2022-wimbledon-2303,W,2,2,1,Cumul. Game Winner,2,1
2022,2022-wimbledon-2303,W,2,2,2,Cumul. Game Winner,2,0
2022,2022-wimbledon-2303,W,2,2,1,Set Winner,2,1
2022,2022-wimbledon-2303,W,2,2,2,Set Winner,2,0
2022,2022-wimbledon-2303,W,2,2,1,Cumul. Set Winner,2,1
2022,2022-wimbledon-2303,W,2,2,2,Cumul. Set Winner,2,0
2022,2022-wimbledon-2303,W,2,2,1,Cumul. Unf. Error,2,1
2022,2022-wimbledon-2303,W,2,2,2,Cumul. Unf. Error,2,0
2022,2022-wimbledon-2303,W,2,2,1,Dynamic Model,2,1
2022,2022-wimbledon-2303,W,2,2,2,Dynamic Model,2,0
2022,2022-wimbledon-2304,W,1,2,1,Cumul. Point Winner,1,1
2022,2022-wimbledon-2304,W,1,2,2,Cumul. Point Winner,1,0
2022,2022-wimbledon-2304,W,1,2,1,Cumul. Game Winner,1,1
2022,2022-wimbledon-2304,W,1,2,2,Cumul. Game Winner,1,0
2022,2022-wimbledon-2304,W,1,2,1,Set Winner,1,1
2022,2022-wimbledon-2304,W,1,2,2,Set Winner,1,0
2022,2022-wimbledon-2304,W,1,2,1,Cumul. Set Winner,1,1
2022,2022-wimbledon-2304,W,1,2,2,Cumul. Set Winner,1,0
2022,2022-wimbledon-2304,W,1,2,1,Cumul. Unf. Error,1,1
2022,2022-wimbledon-2304,W,1,2,2,Cumul. Unf. Error,1,0
2022,2022-wimbledon-2304,W,1,2,1,Dynamic Model,1,1
2022,2022-wimbledon-2304,W,1,2,2,Dynamic Model,1,0
2022,2022-wimbledon-2305,W,1,2,1,Cumul. Point Winner,1,1
2022,2022-wimbledon-2305,W,1,2,2,Cumul. Point Winner,1,0
2022,2022-wimbledon-2305,W,1,2,1,Cumul. Game Winner,1,1
2022,2022-wimbledon-2305,W,1,2,2,Cumul. Game Winner,1,0
2022,2022-wimbledon-2305,W,1,2,1,Set Winner,1,1
2022,2022-wimbledon-2305,W,1,2,2,Set Winner,1,0
2022,2022-wimbledon-2305,W,1,2,1,Cumul. Set Winner,1,1
2022,2022-wimbledon-2305,W,1,2,2,Cumul. Set Winner,1,0
2022,2022-wimbledon-2305,W,1,2,1,Cumul. Unf. Error,1,1
2022,2022-wimbledon-2305,W,1,2,2,Cumul. Unf. Error,1,0
2022,2022-wimbledon-2305,W,1,2,1,Dynamic Model,1,1
2022,2022-wimbledon-2305,W,1,2,2,Dynamic Model,1,0
2022,2022-wimbledon-2306,W,2,2,1,Cumul. Point Winner,2,1
2022,2022-wimbledon-2306,W,2,2,2,Cumul. Point Winner,2,0
2022,2022-wimbledon-2306,W,2,2,1,Cumul. Game Winner,2,1
2022,2022-wimbledon-2306,W,2,2,2,Cumul. Game Winner,2,0
2022,2022-wimbledon-2306,W,2,2,1,Set Winner,2,1
2022,2022-wimbledon-2306,W,2,2,2,Set Winner,2,0
2022,2022-wimbledon-2306,W,2,2,1,Cumul. Set Winner,2,1
2022,2022-wimbledon-2306,W,2,2,2,Cumul. Set Winner,2,0
2022,2022-wimbledon-2306,W,2,2,1,Cumul. Unf. Error,1,1
2022,2022-wimbledon-2306,W,2,2,2,Cumul. Unf. Error,1,0
2022,2022-wimbledon-2306,W,2,2,1,Dynamic Model,2,1
2022,2022-wimbledon-2306,W,2,2,2,Dynamic Model,2,0
2022,2022-wimbledon-2307,W,2,3,1,Cumul. Point Winner,1,2
2022,2022-wimbledon-2307,W,2,3,2,Cumul. Point Winner,2,1
2022,2022-wimbledon-2307,W,2,3,3,Cumul. Point Winner,2,0
2022,2022-wimbledon-2307,W,2,3,1,Cumul. Game Winner,1,2
2022,2022-wimbledon-2307,W,2,3,2,Cumul. Game Winner,2,1
2022,2022-wimbledon-2307,W,2,3,3,Cumul. Game Winner,2,0
2022,2022-wimbledon-2307,W,2,3,1,Set Winner,1,2
2022,2022-wimbledon-2307,W,2,3,2,Set Winner,2,1
2022,2022-wimbledon-2307,W,2,3,3,Set Winner,2,0
2022,2022-wimbledon-2307,W,2,3,1,Cumul. Set Winner,1,2
2022,2022-wimbledon-2307,W,2,3,2,Cumul. Set Winner,1,1
2022,2022-wimbledon-2307,W,2,3,3,Cumul. Set Winner,2,0
2022,2022-wimbledon-2307,W,2,3,1,Cumul. Unf. Error,1,2
2022,2022-wimbledon-2307,W,2,3,2,Cumul. Unf. Error,1,1
2022,2022-wimbledon-2307,W,2,3,3,Cumul. Unf. Error,1,0
2022,2022-wimbledon-2307,W,2,3,1,Dynamic Model,1,2
2022,2022-wimbledon-2307,W,2,3,2,Dynamic Model,2,1
2022,2022-wimbledon-2307,W,2,3,3,Dynamic Model,2,0
2022,2022-wimbledon-2308,W,1,2,1,Cumul. Point Winner,1,1
2022,2022-wimbledon-2308,W,1,2,2,Cumul. Point Winner,1,0
2022,2022-wimbledon-2308,W,1,2,1,Cumul. Game Winner,1,1
2022,2022-wimbledon-2308,W,1,2,2,Cumul. Game Winner,1,0
2022,2022-wimbledon-2308,W,1,2,1,Set Winner,1,1
2022,2022-wimbledon-2308,W,1,2,2,Set Winner,1,0
2022,2022-wimbledon-2308,W,1,2,1,Cumul. Set Winner,1,1
2022,2022-wimbledon-2308,W,1,2,2,Cumul. Set Winner,1,0
2022,2022-wimbledon-2308,W,1,2,1,Cumul. Unf. Error,1,1
2022,2022-wimbledon-2308,W,1,2,2,Cumul. Unf. Error,1,0
2022,2022-wimbledon-2308,W,1,2,1,Dynamic Model,1,1
2022,2022-wimbledon-2308,W,1,2,2,Dynamic Model,1,0
2022,2022-wimbledon-2309,W,1,2,1,Cumul. Point Winner,1,1
2022,2022-wimbledon-2309,W,1,2,2,Cumul. Point Winner,1,0
2022,2022-wimbledon-2309,W,1,2,1,Cumul. Game Winner,1,1
2022,2022-wimbledon-2309,W,1,2,2,Cumul. Game Winner,1,0
2022,2022-wimbledon-2309,W,1,2,1,Set Winner,1,1
2022,2022-wimbledon-2309,W,1,2,2,Set Winner,1,0
2022,2022-wimbledon-2309,W,1,2,1,Cumul. Set Winner,1,1
2022,2022-wimbledon-2309,W,1,2,2,Cumul. Set Winner,1,0
2022,2022-wimbledon-2309,W,1,2,1,Cumul. Unf. Error,1,1
2022,2022-wimbledon-2309,W,1,2,2,Cumul. Unf. Error,1,0
2022,2022-wimbledon-2309,W,1,2,1,Dynamic Model,1,1
2022,2022-wimbledon-2309,W,1,2,2,Dynamic Model,1,0
2022,2022-wimbledon-2310,W,2,2,1,Cumul. Point Winner,2,1
2022,2022-wimbledon-2310,W,2,2,2,Cumul. Point Winner,2,0
2022,2022-wimbledon-2310,W,2,2,1,Cumul. Game Winner,2,1
2022,2022-wimbledon-2310,W,2,2,2,Cumul. Game Winner,2,0
2022,2022-wimbledon-2310,W,2,2,1,Set Winner,2,1
2022,2022-wimbledon-2310,W,2,2,2,Set Winner,2,0
2022,2022-wimbledon-2310,W,2,2,1,Cumul. Set Winner,2,1
2022,2022-wimbledon-2310,W,2,2,2,Cumul. Set Winner,2,0
2022,2022-wimbledon-2310,W,2,2,1,Cumul. Unf. Error,1,1
2022,2022-wimbledon-2310,W,2,2,2,Cumul. Unf. Error,1,0
2022,2022-wimbledon-2310,W,2,2,1,Dynamic Model,2,1
2022,2022-wimbledon-2310,W,2,2,2,Dynamic Model,2,0
2022,2022-wimbledon-2311,W,2,2,1,Cumul. Point Winner,2,1
2022,2022-wimbledon-2311,W,2,2,2,Cumul. Point Winner,2,0
2022,2022-wimbledon-2311,W,2,2,1,Cumul. Game Winner,2,1
2022,2022-wimbledon-2311,W,2,2,2,Cumul. Game Winner,2,0
2022,2022-wimbledon-2311,W,2,2,1,Set Winner,2,1
2022,2022-wimbledon-2311,W,2,2,2,Set Winner,2,0
2022,2022-wimbledon-2311,W,2,2,1,Cumul. Set Winner,2,1
2022,2022-wimbledon-2311,W,2,2,2,Cumul. Set Winner,2,0
2022,2022-wimbledon-2311,W,2,2,1,Cumul. Unf. Error,2,1
2022,2022-wimbledon-2311,W,2,2,2,Cumul. Unf. Error,2,0
2022,2022-wimbledon-2311,W,2,2,1,Dynamic Model,2,1
2022,2022-wimbledon-2311,W,2,2,2,Dynamic Model,2,0
2022,2022-wimbledon-2312,W,2,2,1,Cumul. Point Winner,2,1
2022,2022-wimbledon-2312,W,2,2,2,Cumul. Point Winner,2,0
2022,2022-wimbledon-2312,W,2,2,1,Cumul. Game Winner,2,1
2022,2022-wimbledon-2312,W,2,2,2,Cumul. Game Winner,2,0
2022,2022-wimbledon-2312,W,2,2,1,Set Winner,2,1
2022,2022-wimbledon-2312,W,2,2,2,Set Winner,2,0
2022,2022-wimbledon-2312,W,2,2,1,Cumul. Set Winner,2,1
2022,2022-wimbledon-2312,W,2,2,2,Cumul. Set Winner,2,0
2022,2022-wimbledon-2312,W,2,2,1,Cumul. Unf. Error,2,1
2022,2022-wimbledon-2312,W,2,2,2,Cumul. Unf. Error,2,0
2022,2022-wimbledon-2312,W,2,2,1,Dynamic Model,2,1
2022,2022-wimbledon-2312,W,2,2,2,Dynamic Model,2,0
2022,2022-wimbledon-2313,W,2,2,1,Cumul. Point Winner,2,1
2022,2022-wimbledon-2313,W,2,2,2,Cumul. Point Winner,2,0
2022,2022-wimbledon-2313,W,2,2,1,Cumul. Game Winner,2,1
2022,2022-wimbledon-2313,W,2,2,2,Cumul. Game Winner,2,0
2022,2022-wimbledon-2313,W,2,2,1,Set Winner,2,1
2022,2022-wimbledon-2313,W,2,2,2,Set Winner,2,0
2022,2022-wimbledon-2313,W,2,2,1,Cumul. Set Winner,2,1
2022,2022-wimbledon-2313,W,2,2,2,Cumul. Set Winner,2,0
2022,2022-wimbledon-2313,W,2,2,1,Cumul. Unf. Error,2,1
2022,2022-wimbledon-2313,W,2,2,2,Cumul. Unf. Error,2,0
2022,2022-wimbledon-2313,W,2,2,1,Dynamic Model,2,1
2022,2022-wimbledon-2313,W,2,2,2,Dynamic Model,2,0
2022,2022-wimbledon-2314,W,2,3,1,Cumul. Point Winner,1,2
2022,2022-wimbledon-2314,W,2,3,2,Cumul. Point Winner,2,1
2022,2022-wimbledon-2314,W,2,3,3,Cumul. Point Winner,2,0
2022,2022-wimbledon-2314,W,2,3,1,Cumul. Game Winner,1,2
2022,2022-wimbledon-2314,W,2,3,2,Cumul. Game Winner,2,1
2022,2022-wimbledon-2314,W,2,3,3,Cumul. Game Winner,2,0
2022,2022-wimbledon-2314,W,2,3,1,Set Winner,1,2
2022,2022-wimbledon-2314,W,2,3,2,Set Winner,2,1
2022,2022-wimbledon-2314,W,2,3,3,Set Winner,2,0
2022,2022-wimbledon-2314,W,2,3,1,Cumul. Set Winner,1,2
2022,2022-wimbledon-2314,W,2,3,2,Cumul. Set Winner,1,1
2022,2022-wimbledon-2314,W,2,3,3,Cumul. Set Winner,2,0
2022,2022-wimbledon-2314,W,2,3,1,Cumul. Unf. Error,1,2
2022,2022-wimbledon-2314,W,2,3,2,Cumul. Unf. Error,1,1
2022,2022-wimbledon-2314,W,2,3,3,Cumul. Unf. Error,1,0
2022,2022-wimbledon-2314,W,2,3,1,Dynamic Model,1,2
2022,2022-wimbledon-2314,W,2,3,2,Dynamic Model,2,1
2022,2022-wimbledon-2314,W,2,3,3,Dynamic Model,2,0
2022,2022-wimbledon-2315,W,1,2,1,Cumul. Point Winner,1,1
2022,2022-wimbledon-2315,W,1,2,2,Cumul. Point Winner,1,0
2022,2022-wimbledon-2315,W,1,2,1,Cumul. Game Winner,1,1
2022,2022-wimbledon-2315,W,1,2,2,Cumul. Game Winner,1,0
2022,2022-wimbledon-2315,W,1,2,1,Set Winner,1,1
2022,2022-wimbledon-2315,W,1,2,2,Set Winner,1,0
2022,2022-wimbledon-2315,W,1,2,1,Cumul. Set Winner,1,1
2022,2022-wimbledon-2315,W,1,2,2,Cumul. Set Winner,1,0
2022,2022-wimbledon-2315,W,1,2,1,Cumul. Unf. Error,1,1
2022,2022-wimbledon-2315,W,1,2,2,Cumul. Unf. Error,1,0
2022,2022-wimbledon-2315,W,1,2,1,Dynamic Model,1,1
2022,2022-wimbledon-2315,W,1,2,2,Dynamic Model,1,0
2022,2022-wimbledon-2316,W,2,3,1,Cumul. Point Winner,2,2
2022,2022-wimbledon-2316,W,2,3,2,Cumul. Point Winner,1,1
2022,2022-wimbledon-2316,W,2,3,3,Cumul. Point Winner,2,0
2022,2022-wimbledon-2316,W,2,3,1,Cumul. Game Winner,2,2
2022,2022-wimbledon-2316,W,2,3,2,Cumul. Game Winner,1,1
2022,2022-wimbledon-2316,W,2,3,3,Cumul. Game Winner,2,0
2022,2022-wimbledon-2316,W,2,3,1,Set Winner,2,2
2022,2022-wimbledon-2316,W,2,3,2,Set Winner,1,1
2022,2022-wimbledon-2316,W,2,3,3,Set Winner,2,0
2022,2022-wimbledon-2316,W,2,3,1,Cumul. Set Winner,2,2
2022,2022-wimbledon-2316,W,2,3,2,Cumul. Set Winner,2,1
2022,2022-wimbledon-2316,W,2,3,3,Cumul. Set Winner,2,0
2022,2022-wimbledon-2316,W,2,3,1,Cumul. Unf. Error,1,2
2022,2022-wimbledon-2316,W,2,3,2,Cumul. Unf. Error,1,1
2022,2022-wimbledon-2316,W,2,3,3,Cumul. Unf. Error,1,0
2022,2022-wimbledon-2316,W,2,3,1,Dynamic Model,2,2
2022,2022-wimbledon-2316,W,2,3,2,Dynamic Model,1,1
2022,2022-wimbledon-2316,W,2,3,3,Dynamic Model,2,0
2022,2022-wimbledon-2401,W,2,3,1,Cumul. Point Winner,1,2
2022,2022-wimbledon-2401,W,2,3,2,Cumul. Point Winner,1,1
2022,2022-wimbledon-2401,W,2,3,3,Cumul. Point Winner,2,0
2022,2022-wimbledon-2401,W,2,3,1,Cumul. Game Winner,1,2
2022,2022-wimbledon-2401,W,2,3,2,Cumul. Game Winner,1,1
2022,2022-wimbledon-2401,W,2,3,3,Cumul. Game Winner,2,0
2022,2022-wimbledon-2401,W,2,3,1,Set Winner,1,2
2022,2022-wimbledon-2401,W,2,3,2,Set Winner,2,1
2022,2022-wimbledon-2401,W,2,3,3,Set Winner,2,0
2022,2022-wimbledon-2401,W,2,3,1,Cumul. Set Winner,1,2
2022,2022-wimbledon-2401,W,2,3,2,Cumul. Set Winner,1,1
2022,2022-wimbledon-2401,W,2,3,3,Cumul. Set Winner,2,0
2022,2022-wimbledon-2401,W,2,3,1,Cumul. Unf. Error,1,2
2022,2022-wimbledon-2401,W,2,3,2,Cumul. Unf. Error,1,1
2022,2022-wimbledon-2401,W,2,3,3,Cumul. Unf. Error,1,0
2022,2022-wimbledon-2401,W,2,3,1,Dynamic Model,1,2
2022,2022-wimbledon-2401,W,2,3,2,Dynamic Model,1,1
2022,2022-wimbledon-2401,W,2,3,3,Dynamic Model,2,0
2022,2022-wimbledon-2402,W,1,2,1,Cumul. Point Winner,1,1
2022,2022-wimbledon-2402,W,1,2,2,Cumul. Point Winner,1,0
2022,2022-wimbledon-2402,W,1,2,1,Cumul. Game Winner,1,1
2022,2022-wimbledon-2402,W,1,2,2,Cumul. Game Winner,1,0
2022,2022-wimbledon-2402,W,1,2,1,Set Winner,1,1
2022,2022-wimbledon-2402,W,1,2,2,Set Winner,1,0
2022,2022-wimbledon-2402,W,1,2,1,Cumul. Set Winner,1,1
2022,2022-wimbledon-2402,W,1,2,2,Cumul. Set Winner,1,0
2022,2022-wimbledon-2402,W,1,2,1,Cumul. Unf. Error,2,1
2022,2022-wimbledon-2402,W,1,2,2,Cumul. Unf. Error,1,0
2022,2022-wimbledon-2402,W,1,2,1,Dynamic Model,1,1
2022,2022-wimbledon-2402,W,1,2,2,Dynamic Model,1,0
2022,2022-wimbledon-2403,W,2,2,1,Cumul. Point Winner,2,1
2022,2022-wimbledon-2403,W,2,2,2,Cumul. Point Winner,2,0
2022,2022-wimbledon-2403,W,2,2,1,Cumul. Game Winner,2,1
2022,2022-wimbledon-2403,W,2,2,2,Cumul. Game Winner,2,0
2022,2022-wimbledon-2403,W,2,2,1,Set Winner,2,1
2022,2022-wimbledon-2403,W,2,2,2,Set Winner,2,0
2022,2022-wimbledon-2403,W,2,2,1,Cumul. Set Winner,2,1
2022,2022-wimbledon-2403,W,2,2,2,Cumul. Set Winner,2,0
2022,2022-wimbledon-2403,W,2,2,1,Cumul. Unf. Error,2,1
2022,2022-wimbledon-2403,W,2,2,2,Cumul. Unf. Error,2,0
2022,2022-wimbledon-2403,W,2,2,1,Dynamic Model,2,1
2022,2022-wimbledon-2403,W,2,2,2,Dynamic Model,2,0
2022,2022-wimbledon-2404,W,1,2,1,Cumul. Point Winner,1,1
2022,2022-wimbledon-2404,W,1,2,2,Cumul. Point Winner,1,0
2022,2022-wimbledon-2404,W,1,2,1,Cumul. Game Winner,1,1
2022,2022-wimbledon-2404,W,1,2,2,Cumul. Game Winner,1,0
2022,2022-wimbledon-2404,W,1,2,1,Set Winner,1,1
2022,2022-wimbledon-2404,W,1,2,2,Set Winner,1,0
2022,2022-wimbledon-2404,W,1,2,1,Cumul. Set Winner,1,1
2022,2022-wimbledon-2404,W,1,2,2,Cumul. Set Winner,1,0
2022,2022-wimbledon-2404,W,1,2,1,Cumul. Unf. Error,1,1
2022,2022-wimbledon-2404,W,1,2,2,Cumul. Unf. Error,2,0
2022,2022-wimbledon-2404,W,1,2,1,Dynamic Model,1,1
2022,2022-wimbledon-2404,W,1,2,2,Dynamic Model,1,0
2022,2022-wimbledon-2405,W,1,2,1,Cumul. Point Winner,1,1
2022,2022-wimbledon-2405,W,1,2,2,Cumul. Point Winner,1,0
2022,2022-wimbledon-2405,W,1,2,1,Cumul. Game Winner,1,1
2022,2022-wimbledon-2405,W,1,2,2,Cumul. Game Winner,1,0
2022,2022-wimbledon-2405,W,1,2,1,Set Winner,1,1
2022,2022-wimbledon-2405,W,1,2,2,Set Winner,1,0
2022,2022-wimbledon-2405,W,1,2,1,Cumul. Set Winner,1,1
2022,2022-wimbledon-2405,W,1,2,2,Cumul. Set Winner,1,0
2022,2022-wimbledon-2405,W,1,2,1,Cumul. Unf. Error,1,1
2022,2022-wimbledon-2405,W,1,2,2,Cumul. Unf. Error,1,0
2022,2022-wimbledon-2405,W,1,2,1,Dynamic Model,1,1
2022,2022-wimbledon-2405,W,1,2,2,Dynamic Model,1,0
2022,2022-wimbledon-2406,W,2,2,1,Cumul. Point Winner,2,1
2022,2022-wimbledon-2406,W,2,2,2,Cumul. Point Winner,2,0
2022,2022-wimbledon-2406,W,2,2,1,Cumul. Game Winner,2,1
2022,2022-wimbledon-2406,W,2,2,2,Cumul. Game Winner,2,0
2022,2022-wimbledon-2406,W,2,2,1,Set Winner,2,1
2022,2022-wimbledon-2406,W,2,2,2,Set Winner,2,0
2022,2022-wimbledon-2406,W,2,2,1,Cumul. Set Winner,2,1
2022,2022-wimbledon-2406,W,2,2,2,Cumul. Set Winner,2,0
2022,2022-wimbledon-2406,W,2,2,1,Cumul. Unf. Error,1,1
2022,2022-wimbledon-2406,W,2,2,2,Cumul. Unf. Error,1,0
2022,2022-wimbledon-2406,W,2,2,1,Dynamic Model,2,1
2022,2022-wimbledon-2406,W,2,2,2,Dynamic Model,2,0
2022,2022-wimbledon-2407,W,1,3,1,Cumul. Point Winner,2,2
2022,2022-wimbledon-2407,W,1,3,2,Cumul. Point Winner,1,1
2022,2022-wimbledon-2407,W,1,3,3,Cumul. Point Winner,1,0
2022,2022-wimbledon-2407,W,1,3,1,Cumul. Game Winner,2,2
2022,2022-wimbledon-2407,W,1,3,2,Cumul. Game Winner,2,1
2022,2022-wimbledon-2407,W,1,3,3,Cumul. Game Winner,1,0
2022,2022-wimbledon-2407,W,1,3,1,Set Winner,2,2
2022,2022-wimbledon-2407,W,1,3,2,Set Winner,1,1
2022,2022-wimbledon-2407,W,1,3,3,Set Winner,1,0
2022,2022-wimbledon-2407,W,1,3,1,Cumul. Set Winner,2,2
2022,2022-wimbledon-2407,W,1,3,2,Cumul. Set Winner,2,1
2022,2022-wimbledon-2407,W,1,3,3,Cumul. Set Winner,1,0
2022,2022-wimbledon-2407,W,1,3,1,Cumul. Unf. Error,1,2
2022,2022-wimbledon-2407,W,1,3,2,Cumul. Unf. Error,1,1
2022,2022-wimbledon-2407,W,1,3,3,Cumul. Unf. Error,1,0
2022,2022-wimbledon-2407,W,1,3,1,Dynamic Model,2,2
2022,2022-wimbledon-2407,W,1,3,2,Dynamic Model,1,1
2022,2022-wimbledon-2407,W,1,3,3,Dynamic Model,1,0
2022,2022-wimbledon-2408,W,2,2,1,Cumul. Point Winner,2,1
2022,2022-wimbledon-2408,W,2,2,2,Cumul. Point Winner,2,0
2022,2022-wimbledon-2408,W,2,2,1,Cumul. Game Winner,2,1
2022,2022-wimbledon-2408,W,2,2,2,Cumul. Game Winner,2,0
2022,2022-wimbledon-2408,W,2,2,1,Set Winner,2,1
2022,2022-wimbledon-2408,W,2,2,2,Set Winner,2,0
2022,2022-wimbledon-2408,W,2,2,1,Cumul. Set Winner,2,1
2022,2022-wimbledon-2408,W,2,2,2,Cumul. Set Winner,2,0
2022,2022-wimbledon-2408,W,2,2,1,Cumul. Unf. Error,2,1
2022,2022-wimbledon-2408,W,2,2,2,Cumul. Unf. Error,2,0
2022,2022-wimbledon-2408,W,2,2,1,Dynamic Model,2,1
2022,2022-wimbledon-2408,W,2,2,2,Dynamic Model,2,0
2022,2022-wimbledon-2501,W,2,3,1,Cumul. Point Winner,1,2
2022,2022-wimbledon-2501,W,2,3,2,Cumul. Point Winner,2,1
2022,2022-wimbledon-2501,W,2,3,3,Cumul. Point Winner,2,0
2022,2022-wimbledon-2501,W,2,3,1,Cumul. Game Winner,1,2
2022,2022-wimbledon-2501,W,2,3,2,Cumul. Game Winner,2,1
2022,2022-wimbledon-2501,W,2,3,3,Cumul. Game Winner,2,0
2022,2022-wimbledon-2501,W,2,3,1,Set Winner,1,2
2022,2022-wimbledon-2501,W,2,3,2,Set Winner,2,1
2022,2022-wimbledon-2501,W,2,3,3,Set Winner,2,0
2022,2022-wimbledon-2501,W,2,3,1,Cumul. Set Winner,1,2
2022,2022-wimbledon-2501,W,2,3,2,Cumul. Set Winner,1,1
2022,2022-wimbledon-2501,W,2,3,3,Cumul. Set Winner,2,0
2022,2022-wimbledon-2501,W,2,3,1,Cumul. Unf. Error,1,2
2022,2022-wimbledon-2501,W,2,3,2,Cumul. Unf. Error,1,1
2022,2022-wimbledon-2501,W,2,3,3,Cumul. Unf. Error,1,0
2022,2022-wimbledon-2501,W,2,3,1,Dynamic Model,1,2
2022,2022-wimbledon-2501,W,2,3,2,Dynamic Model,2,1
2022,2022-wimbledon-2501,W,2,3,3,Dynamic Model,2,0
2022,2022-wimbledon-2502,W,1,2,1,Cumul. Point Winner,1,1
2022,2022-wimbledon-2502,W,1,2,2,Cumul. Point Winner,1,0
2022,2022-wimbledon-2502,W,1,2,1,Cumul. Game Winner,1,1
2022,2022-wimbledon-2502,W,1,2,2,Cumul. Game Winner,1,0
2022,2022-wimbledon-2502,W,1,2,1,Set Winner,1,1
2022,2022-wimbledon-2502,W,1,2,2,Set Winner,1,0
2022,2022-wimbledon-2502,W,1,2,1,Cumul. Set Winner,1,1
2022,2022-wimbledon-2502,W,1,2,2,Cumul. Set Winner,1,0
2022,2022-wimbledon-2502,W,1,2,1,Cumul. Unf. Error,1,1
2022,2022-wimbledon-2502,W,1,2,2,Cumul. Unf. Error,1,0
2022,2022-wimbledon-2502,W,1,2,1,Dynamic Model,1,1
2022,2022-wimbledon-2502,W,1,2,2,Dynamic Model,1,0
2022,2022-wimbledon-2503,W,2,3,1,Cumul. Point Winner,1,2
2022,2022-wimbledon-2503,W,2,3,2,Cumul. Point Winner,2,1
2022,2022-wimbledon-2503,W,2,3,3,Cumul. Point Winner,2,0
2022,2022-wimbledon-2503,W,2,3,1,Cumul. Game Winner,1,2
2022,2022-wimbledon-2503,W,2,3,2,Cumul. Game Winner,2,1
2022,2022-wimbledon-2503,W,2,3,3,Cumul. Game Winner,2,0
2022,2022-wimbledon-2503,W,2,3,1,Set Winner,1,2
2022,2022-wimbledon-2503,W,2,3,2,Set Winner,2,1
2022,2022-wimbledon-2503,W,2,3,3,Set Winner,2,0
2022,2022-wimbledon-2503,W,2,3,1,Cumul. Set Winner,1,2
2022,2022-wimbledon-2503,W,2,3,2,Cumul. Set Winner,1,1
2022,2022-wimbledon-2503,W,2,3,3,Cumul. Set Winner,2,0
2022,2022-wimbledon-2503,W,2,3,1,Cumul. Unf. Error,1,2
2022,2022-wimbledon-2503,W,2,3,2,Cumul. Unf. Error,1,1
2022,2022-wimbledon-2503,W,2,3,3,Cumul. Unf. Error,1,0
2022,2022-wimbledon-2503,W,2,3,1,Dynamic Model,1,2
2022,2022-wimbledon-2503,W,2,3,2,Dynamic Model,2,1
2022,2022-wimbledon-2503,W,2,3,3,Dynamic Model,2,0
2022,2022-wimbledon-2504,W,1,3,1,Cumul. Point Winner,2,2
2022,2022-wimbledon-2504,W,1,3,2,Cumul. Point Winner,1,1
2022,2022-wimbledon-2504,W,1,3,3,Cumul. Point Winner,1,0
2022,2022-wimbledon-2504,W,1,3,1,Cumul. Game Winner,2,2
2022,2022-wimbledon-2504,W,1,3,2,Cumul. Game Winner,1,1
2022,2022-wimbledon-2504,W,1,3,3,Cumul. Game Winner,1,0
2022,2022-wimbledon-2504,W,1,3,1,Set Winner,2,2
2022,2022-wimbledon-2504,W,1,3,2,Set Winner,1,1
2022,2022-wimbledon-2504,W,1,3,3,Set Winner,1,0
2022,2022-wimbledon-2504,W,1,3,1,Cumul. Set Winner,2,2
2022,2022-wimbledon-2504,W,1,3,2,Cumul. Set Winner,2,1
2022,2022-wimbledon-2504,W,1,3,3,Cumul. Set Winner,1,0
2022,2022-wimbledon-2504,W,1,3,1,Cumul. Unf. Error,1,2
2022,2022-wimbledon-2504,W,1,3,2,Cumul. Unf. Error,1,1
2022,2022-wimbledon-2504,W,1,3,3,Cumul. Unf. Error,1,0
2022,2022-wimbledon-2504,W,1,3,1,Dynamic Model,2,2
2022,2022-wimbledon-2504,W,1,3,2,Dynamic Model,1,1
2022,2022-wimbledon-2504,W,1,3,3,Dynamic Model,1,0
2022,2022-wimbledon-2601,W,1,2,1,Cumul. Point Winner,1,1
2022,2022-wimbledon-2601,W,1,2,2,Cumul. Point Winner,1,0
2022,2022-wimbledon-2601,W,1,2,1,Cumul. Game Winner,1,1
2022,2022-wimbledon-2601,W,1,2,2,Cumul. Game Winner,1,0
2022,2022-wimbledon-2601,W,1,2,1,Set Winner,1,1
2022,2022-wimbledon-2601,W,1,2,2,Set Winner,1,0
2022,2022-wimbledon-2601,W,1,2,1,Cumul. Set Winner,1,1
2022,2022-wimbledon-2601,W,1,2,2,Cumul. Set Winner,1,0
2022,2022-wimbledon-2601,W,1,2,1,Cumul. Unf. Error,1,1
2022,2022-wimbledon-2601,W,1,2,2,Cumul. Unf. Error,2,0
2022,2022-wimbledon-2601,W,1,2,1,Dynamic Model,1,1
2022,2022-wimbledon-2601,W,1,2,2,Dynamic Model,1,0
2022,2022-wimbledon-2602,W,1,3,1,Cumul. Point Winner,1,2
2022,2022-wimbledon-2602,W,1,3,2,Cumul. Point Winner,1,1
2022,2022-wimbledon-2602,W,1,3,3,Cumul. Point Winner,1,0
2022,2022-wimbledon-2602,W,1,3,1,Cumul. Game Winner,1,2
2022,2022-wimbledon-2602,W,1,3,2,Cumul. Game Winner,1,1
2022,2022-wimbledon-2602,W,1,3,3,Cumul. Game Winner,1,0
2022,2022-wimbledon-2602,W,1,3,1,Set Winner,1,2
2022,2022-wimbledon-2602,W,1,3,2,Set Winner,2,1
2022,2022-wimbledon-2602,W,1,3,3,Set Winner,1,0
2022,2022-wimbledon-2602,W,1,3,1,Cumul. Set Winner,1,2
2022,2022-wimbledon-2602,W,1,3,2,Cumul. Set Winner,1,1
2022,2022-wimbledon-2602,W,1,3,3,Cumul. Set Winner,1,0
2022,2022-wimbledon-2602,W,1,3,1,Cumul. Unf. Error,1,2
2022,2022-wimbledon-2602,W,1,3,2,Cumul. Unf. Error,2,1
2022,2022-wimbledon-2602,W,1,3,3,Cumul. Unf. Error,2,0
2022,2022-wimbledon-2602,W,1,3,1,Dynamic Model,1,2
2022,2022-wimbledon-2602,W,1,3,2,Dynamic Model,1,1
2022,2022-wimbledon-2602,W,1,3,3,Dynamic Model,1,0
2022,2022-wimbledon-2701,W,1,3,1,Cumul. Point Winner,2,2
2022,2022-wimbledon-2701,W,1,3,2,Cumul. Point Winner,2,1
2022,2022-wimbledon-2701,W,1,3,3,Cumul. Point Winner,1,0
2022,2022-wimbledon-2701,W,1,3,1,Cumul. Game Winner,2,2
2022,2022-wimbledon-2701,W,1,3,2,Cumul. Game Winner,1,1
2022,2022-wimbledon-2701,W,1,3,3,Cumul. Game Winner,1,0
2022,2022-wimbledon-2701,W,1,3,1,Set Winner,2,2
2022,2022-wimbledon-2701,W,1,3,2,Set Winner,1,1
2022,2022-wimbledon-2701,W,1,3,3,Set Winner,1,0
2022,2022-wimbledon-2701,W,1,3,1,Cumul. Set Winner,2,2
2022,2022-wimbledon-2701,W,1,3,2,Cumul. Set Winner,2,1
2022,2022-wimbledon-2701,W,1,3,3,Cumul. Set Winner,1,0
2022,2022-wimbledon-2701,W,1,3,1,Cumul. Unf. Error,2,2
2022,2022-wimbledon-2701,W,1,3,2,Cumul. Unf. Error,2,1
2022,2022-wimbledon-2701,W,1,3,3,Cumul. Unf. Error,2,0
2022,2022-wimbledon-2701,W,1,3,1,Dynamic Model,2,2
2022,2022-wimbledon-2701,W,1,3,2,Dynamic Model,2,1
2022,2022-wimbledon-2701,W,1,3,3,Dynamic Model,1,0
2023,2023-wimbledon-1101,M,1,3,1,Cumul. Point Winner,1,2
2023,2023-wimbledon-1101,M,1,3,2,Cumul. Point Winner,1,1
2023,2023-wimbledon-1101,M,1,3,3,Cumul. Point Winner,1,0
2023,2023-wimbledon-1101,M,1,3,1,Cumul. Game Winner,1,2
2023,2023-wimbledon-1101,M,1,3,2,Cumul. Game Winner,1,1
2023,2023-wimbledon-1101,M,1,3,3,Cumul. Game Winner,1,0
2023,2023-wimbledon-1101,M,1,3,1,Set Winner,1,2
2023,2023-wimbledon-1101,M,1,3,2,Set Winner,1,1
2023,2023-wimbledon-1101,M,1,3,3,Set Winner,1,0
2023,2023-wimbledon-1101,M,1,3,1,Cumul. Set Winner,1,2
2023,2023-wimbledon-1101,M,1,3,2,Cumul. Set Winner,1,1
2023,2023-wimbledon-1101,M,1,3,3,Cumul. Set Winner,1,0
2023,2023-wimbledon-1101,M,1,3,1,Cumul. Unf. Error,1,2
2023,2023-wimbledon-1101,M,1,3,2,Cumul. Unf. Error,1,1
2023,2023-wimbledon-1101,M,1,3,3,Cumul. Unf. Error,1,0
2023,2023-wimbledon-1101,M,1,3,1,Dynamic Model,1,2
2023,2023-wimbledon-1101,M,1,3,2,Dynamic Model,1,1
2023,2023-wimbledon-1101,M,1,3,3,Dynamic Model,1,0
2023,2023-wimbledon-1102,M,1,4,1,Cumul. Point Winner,2,3
2023,2023-wimbledon-1102,M,1,4,2,Cumul. Point Winner,2,2
2023,2023-wimbledon-1102,M,1,4,3,Cumul. Point Winner,2,1
2023,2023-wimbledon-1102,M,1,4,4,Cumul. Point Winner,2,0
2023,2023-wimbledon-1102,M,1,4,1,Cumul. Game Winner,1,3
2023,2023-wimbledon-1102,M,1,4,2,Cumul. Game Winner,2,2
2023,2023-wimbledon-1102,M,1,4,3,Cumul. Game Winner,2,1
2023,2023-wimbledon-1102,M,1,4,4,Cumul. Game Winner,1,0
2023,2023-wimbledon-1102,M,1,4,1,Set Winner,1,3
2023,2023-wimbledon-1102,M,1,4,2,Set Winner,2,2
2023,2023-wimbledon-1102,M,1,4,3,Set Winner,1,1
2023,2023-wimbledon-1102,M,1,4,4,Set Winner,1,0
2023,2023-wimbledon-1102,M,1,4,1,Cumul. Set Winner,1,3
2023,2023-wimbledon-1102,M,1,4,2,Cumul. Set Winner,1,2
2023,2023-wimbledon-1102,M,1,4,3,Cumul. Set Winner,1,1
2023,2023-wimbledon-1102,M,1,4,4,Cumul. Set Winner,1,0
2023,2023-wimbledon-1102,M,1,4,1,Cumul. Unf. Error,1,3
2023,2023-wimbledon-1102,M,1,4,2,Cumul. Unf. Error,2,2
2023,2023-wimbledon-1102,M,1,4,3,Cumul. Unf. Error,2,1
2023,2023-wimbledon-1102,M,1,4,4,Cumul. Unf. Error,2,0
2023,2023-wimbledon-1102,M,1,4,1,Dynamic Model,1,3
2023,2023-wimbledon-1102,M,1,4,2,Dynamic Model,2,2
2023,2023-wimbledon-1102,M,1,4,3,Dynamic Model,2,1
2023,2023-wimbledon-1102,M,1,4,4,Dynamic Model,2,0
2023,2023-wimbledon-1104,M,2,4,1,Cumul. Point Winner,1,3
2023,2023-wimbledon-1104,M,2,4,2,Cumul. Point Winner,2,2
2023,2023-wimbledon-1104,M,2,4,3,Cumul. Point Winner,2,1
2023,2023-wimbledon-1104,M,2,4,4,Cumul. Point Winner,2,0
2023,2023-wimbledon-1104,M,2,4,1,Cumul. Game Winner,1,3
2023,2023-wimbledon-1104,M,2,4,2,Cumul. Game Winner,2,2
2023,2023-wimbledon-1104,M,2,4,3,Cumul. Game Winner,2,1
2023,2023-wimbledon-1104,M,2,4,4,Cumul. Game Winner,2,0
2023,2023-wimbledon-1104,M,2,4,1,Set Winner,1,3
2023,2023-wimbledon-1104,M,2,4,2,Set Winner,2,2
2023,2023-wimbledon-1104,M,2,4,3,Set Winner,2,1
2023,2023-wimbledon-1104,M,2,4,4,Set Winner,2,0
2023,2023-wimbledon-1104,M,2,4,1,Cumul. Set Winner,1,3
2023,2023-wimbledon-1104,M,2,4,2,Cumul. Set Winner,1,2
2023,2023-wimbledon-1104,M,2,4,3,Cumul. Set Winner,2,1
2023,2023-wimbledon-1104,M,2,4,4,Cumul. Set Winner,2,0
2023,2023-wimbledon-1104,M,2,4,1,Cumul. Unf. Error,1,3
2023,2023-wimbledon-1104,M,2,4,2,Cumul. Unf. Error,1,2
2023,2023-wimbledon-1104,M,2,4,3,Cumul. Unf. Error,2,1
2023,2023-wimbledon-1104,M,2,4,4,Cumul. Unf. Error,2,0
2023,2023-wimbledon-1104,M,2,4,1,Dynamic Model,1,3
2023,2023-wimbledon-1104,M,2,4,2,Dynamic Model,2,2
2023,2023-wimbledon-1104,M,2,4,3,Dynamic Model,2,1
2023,2023-wimbledon-1104,M,2,4,4,Dynamic Model,2,0
2023,2023-wimbledon-1105,M,1,3,1,Cumul. Point Winner,1,2
2023,2023-wimbledon-1105,M,1,3,2,Cumul. Point Winner,1,1
2023,2023-wimbledon-1105,M,1,3,3,Cumul. Point Winner,1,0
2023,2023-wimbledon-1105,M,1,3,1,Cumul. Game Winner,1,2
2023,2023-wimbledon-1105,M,1,3,2,Cumul. Game Winner,1,1
2023,2023-wimbledon-1105,M,1,3,3,Cumul. Game Winner,1,0
2023,2023-wimbledon-1105,M,1,3,1,Set Winner,1,2
2023,2023-wimbledon-1105,M,1,3,2,Set Winner,1,1
2023,2023-wimbledon-1105,M,1,3,3,Set Winner,1,0
2023,2023-wimbledon-1105,M,1,3,1,Cumul. Set Winner,1,2
2023,2023-wimbledon-1105,M,1,3,2,Cumul. Set Winner,1,1
2023,2023-wimbledon-1105,M,1,3,3,Cumul. Set Winner,1,0
2023,2023-wimbledon-1105,M,1,3,1,Cumul. Unf. Error,1,2
2023,2023-wimbledon-1105,M,1,3,2,Cumul. Unf. Error,1,1
2023,2023-wimbledon-1105,M,1,3,3,Cumul. Unf. Error,1,0
2023,2023-wimbledon-1105,M,1,3,1,Dynamic Model,1,2
2023,2023-wimbledon-1105,M,1,3,2,Dynamic Model,1,1
2023,2023-wimbledon-1105,M,1,3,3,Dynamic Model,1,0
2023,2023-wimbledon-1106,M,2,5,1,Cumul. Point Winner,1,4
2023,2023-wimbledon-1106,M,2,5,2,Cumul. Point Winner,1,3
2023,2023-wimbledon-1106,M,2,5,3,Cumul. Point Winner,1,2
2023,2023-wimbledon-1106,M,2,5,4,Cumul. Point Winner,1,1
2023,2023-wimbledon-1106,M,2,5,5,Cumul. Point Winner,2,0
2023,2023-wimbledon-1106,M,2,5,1,Cumul. Game Winner,1,4
2023,2023-wimbledon-1106,M,2,5,2,Cumul. Game Winner,1,3
2023,2023-wimbledon-1106,M,2,5,3,Cumul. Game Winner,1,2
2023,2023-wimbledon-1106,M,2,5,4,Cumul. Game Winner,1,1
2023,2023-wimbledon-1106,M,2,5,5,Cumul. Game Winner,2,0
2023,2023-wimbledon-1106,M,2,5,1,Set Winner,1,4
2023,2023-wimbledon-1106,M,2,5,2,Set Winner,1,3
2023,2023-wimbledon-1106,M,2,5,3,Set Winner,2,2
2023,2023-wimbledon-1106,M,2,5,4,Set Winner,2,1
2023,2023-wimbledon-1106,M,2,5,5,Set Winner,2,0
2023,2023-wimbledon-1106,M,2,5,1,Cumul. Set Winner,1,4
2023,2023-wimbledon-1106,M,2,5,2,Cumul. Set Winner,1,3
2023,2023-wimbledon-1106,M,2,5,3,Cumul. Set Winner,1,2
2023,2023-wimbledon-1106,M,2,5,4,Cumul. Set Winner,1,1
2023,2023-wimbledon-1106,M,2,5,5,Cumul. Set Winner,2,0
2023,2023-wimbledon-1106,M,2,5,1,Cumul. Unf. Error,1,4
2023,2023-wimbledon-1106,M,2,5,2,Cumul. Unf. Error,1,3
2023,2023-wimbledon-1106,M,2,5,3,Cumul. Unf. Error,1,2
2023,2023-wimbledon-1106,M,2,5,4,Cumul. Unf. Error,1,1
2023,2023-wimbledon-1106,M,2,5,5,Cumul. Unf. Error,1,0
2023,2023-wimbledon-1106,M,2,5,1,Dynamic Model,1,4
2023,2023-wimbledon-1106,M,2,5,2,Dynamic Model,1,3
2023,2023-wimbledon-1106,M,2,5,3,Dynamic Model,1,2
2023,2023-wimbledon-1106,M,2,5,4,Dynamic Model,1,1
2023,2023-wimbledon-1106,M,2,5,5,Dynamic Model,1,0
2023,2023-wimbledon-1107,M,1,4,1,Cumul. Point Winner,2,3
2023,2023-wimbledon-1107,M,1,4,2,Cumul. Point Winner,1,2
2023,2023-wimbledon-1107,M,1,4,3,Cumul. Point Winner,1,1
2023,2023-wimbledon-1107,M,1,4,4,Cumul. Point Winner,1,0
2023,2023-wimbledon-1107,M,1,4,1,Cumul. Game Winner,2,3
2023,2023-wimbledon-1107,M,1,4,2,Cumul. Game Winner,1,2
2023,2023-wimbledon-1107,M,1,4,3,Cumul. Game Winner,1,1
2023,2023-wimbledon-1107,M,1,4,4,Cumul. Game Winner,1,0
2023,2023-wimbledon-1107,M,1,4,1,Set Winner,2,3
2023,2023-wimbledon-1107,M,1,4,2,Set Winner,1,2
2023,2023-wimbledon-1107,M,1,4,3,Set Winner,1,1
2023,2023-wimbledon-1107,M,1,4,4,Set Winner,1,0
2023,2023-wimbledon-1107,M,1,4,1,Cumul. Set Winner,2,3
2023,2023-wimbledon-1107,M,1,4,2,Cumul. Set Winner,2,2
2023,2023-wimbledon-1107,M,1,4,3,Cumul. Set Winner,1,1
2023,2023-wimbledon-1107,M,1,4,4,Cumul. Set Winner,1,0
2023,2023-wimbledon-1107,M,1,4,1,Cumul. Unf. Error,2,3
2023,2023-wimbledon-1107,M,1,4,2,Cumul. Unf. Error,2,2
2023,2023-wimbledon-1107,M,1,4,3,Cumul. Unf. Error,2,1
2023,2023-wimbledon-1107,M,1,4,4,Cumul. Unf. Error,2,0
2023,2023-wimbledon-1107,M,1,4,1,Dynamic Model,2,3
2023,2023-wimbledon-1107,M,1,4,2,Dynamic Model,1,2
2023,2023-wimbledon-1107,M,1,4,3,Dynamic Model,1,1
2023,2023-wimbledon-1107,M,1,4,4,Dynamic Model,1,0
2023,2023-wimbledon-1108,M,2,4,1,Cumul. Point Winner,2,3
2023,2023-wimbledon-1108,M,2,4,2,Cumul. Point Winner,2,2
2023,2023-wimbledon-1108,M,2,4,3,Cumul. Point Winner,2,1
2023,2023-wimbledon-1108,M,2,4,4,Cumul. Point Winner,2,0
2023,2023-wimbledon-1108,M,2,4,1,Cumul. Game Winner,1,3
2023,2023-wimbledon-1108,M,2,4,2,Cumul. Game Winner,2,2
2023,2023-wimbledon-1108,M,2,4,3,Cumul. Game Winner,2,1
2023,2023-wimbledon-1108,M,2,4,4,Cumul. Game Winner,2,0
2023,2023-wimbledon-1108,M,2,4,1,Set Winner,1,3
2023,2023-wimbledon-1108,M,2,4,2,Set Winner,2,2
2023,2023-wimbledon-1108,M,2,4,3,Set Winner,2,1
2023,2023-wimbledon-1108,M,2,4,4,Set Winner,2,0
2023,2023-wimbledon-1108,M,2,4,1,Cumul. Set Winner,1,3
2023,2023-wimbledon-1108,M,2,4,2,Cumul. Set Winner,1,2
2023,2023-wimbledon-1108,M,2,4,3,Cumul. Set Winner,2,1
2023,2023-wimbledon-1108,M,2,4,4,Cumul. Set Winner,2,0
2023,2023-wimbledon-1108,M,2,4,1,Cumul. Unf. Error,2,3
2023,2023-wimbledon-1108,M,2,4,2,Cumul. Unf. Error,2,2
2023,2023-wimbledon-1108,M,2,4,3,Cumul. Unf. Error,2,1
2023,2023-wimbledon-1108,M,2,4,4,Cumul. Unf. Error,2,0
2023,2023-wimbledon-1108,M,2,4,1,Dynamic Model,2,3
2023,2023-wimbledon-1108,M,2,4,2,Dynamic Model,2,2
2023,2023-wimbledon-1108,M,2,4,3,Dynamic Model,2,1
2023,2023-wimbledon-1108,M,2,4,4,Dynamic Model,2,0
2023,2023-wimbledon-1109,M,1,3,1,Cumul. Point Winner,1,2
2023,2023-wimbledon-1109,M,1,3,2,Cumul. Point Winner,1,1
2023,2023-wimbledon-1109,M,1,3,3,Cumul. Point Winner,1,0
2023,2023-wimbledon-1109,M,1,3,1,Cumul. Game Winner,1,2
2023,2023-wimbledon-1109,M,1,3,2,Cumul. Game Winner,1,1
2023,2023-wimbledon-1109,M,1,3,3,Cumul. Game Winner,1,0
2023,2023-wimbledon-1109,M,1,3,1,Set Winner,1,2
2023,2023-wimbledon-1109,M,1,3,2,Set Winner,1,1
2023,2023-wimbledon-1109,M,1,3,3,Set Winner,1,0
2023,2023-wimbledon-1109,M,1,3,1,Cumul. Set Winner,1,2
2023,2023-wimbledon-1109,M,1,3,2,Cumul. Set Winner,1,1
2023,2023-wimbledon-1109,M,1,3,3,Cumul. Set Winner,1,0
2023,2023-wimbledon-1109,M,1,3,1,Cumul. Unf. Error,2,2
2023,2023-wimbledon-1109,M,1,3,2,Cumul. Unf. Error,2,1
2023,2023-wimbledon-1109,M,1,3,3,Cumul. Unf. Error,2,0
2023,2023-wimbledon-1109,M,1,3,1,Dynamic Model,1,2
2023,2023-wimbledon-1109,M,1,3,2,Dynamic Model,1,1
2023,2023-wimbledon-1109,M,1,3,3,Dynamic Model,1,0
2023,2023-wimbledon-1110,M,1,5,1,Cumul. Point Winner,2,4
2023,2023-wimbledon-1110,M,1,5,2,Cumul. Point Winner,1,3
2023,2023-wimbledon-1110,M,1,5,3,Cumul. Point Winner,1,2
2023,2023-wimbledon-1110,M,1,5,4,Cumul. Point Winner,1,1
2023,2023-wimbledon-1110,M,1,5,5,Cumul. Point Winner,1,0
2023,2023-wimbledon-1110,M,1,5,1,Cumul. Game Winner,2,4
2023,2023-wimbledon-1110,M,1,5,2,Cumul. Game Winner,2,3
2023,2023-wimbledon-1110,M,1,5,3,Cumul. Game Winner,1,2
2023,2023-wimbledon-1110,M,1,5,4,Cumul. Game Winner,1,1
2023,2023-wimbledon-1110,M,1,5,5,Cumul. Game Winner,1,0
2023,2023-wimbledon-1110,M,1,5,1,Set Winner,2,4
2023,2023-wimbledon-1110,M,1,5,2,Set Winner,1,3
2023,2023-wimbledon-1110,M,1,5,3,Set Winner,1,2
2023,2023-wimbledon-1110,M,1,5,4,Set Winner,2,1
2023,2023-wimbledon-1110,M,1,5,5,Set Winner,1,0
2023,2023-wimbledon-1110,M,1,5,1,Cumul. Set Winner,2,4
2023,2023-wimbledon-1110,M,1,5,2,Cumul. Set Winner,2,3
2023,2023-wimbledon-1110,M,1,5,3,Cumul. Set Winner,1,2
2023,2023-wimbledon-1110,M,1,5,4,Cumul. Set Winner,1,1
2023,2023-wimbledon-1110,M,1,5,5,Cumul. Set Winner,1,0
2023,2023-wimbledon-1110,M,1,5,1,Cumul. Unf. Error,2,4
2023,2023-wimbledon-1110,M,1,5,2,Cumul. Unf. Error,1,3
2023,2023-wimbledon-1110,M,1,5,3,Cumul. Unf. Error,1,2
2023,2023-wimbledon-1110,M,1,5,4,Cumul. Unf. Error,1,1
2023,2023-wimbledon-1110,M,1,5,5,Cumul. Unf. Error,1,0
2023,2023-wimbledon-1110,M,1,5,1,Dynamic Model,2,4
2023,2023-wimbledon-1110,M,1,5,2,Dynamic Model,1,3
2023,2023-wimbledon-1110,M,1,5,3,Dynamic Model,1,2
2023,2023-wimbledon-1110,M,1,5,4,Dynamic Model,1,1
2023,2023-wimbledon-1110,M,1,5,5,Dynamic Model,1,0
2023,2023-wimbledon-1111,M,1,4,1,Cumul. Point Winner,2,3
2023,2023-wimbledon-1111,M,1,4,2,Cumul. Point Winner,1,2
2023,2023-wimbledon-1111,M,1,4,3,Cumul. Point Winner,1,1
2023,2023-wimbledon-1111,M,1,4,4,Cumul. Point Winner,1,0
2023,2023-wimbledon-1111,M,1,4,1,Cumul. Game Winner,2,3
2023,2023-wimbledon-1111,M,1,4,2,Cumul. Game Winner,2,2
2023,2023-wimbledon-1111,M,1,4,3,Cumul. Game Winner,1,1
2023,2023-wimbledon-1111,M,1,4,4,Cumul. Game Winner,1,0
2023,2023-wimbledon-1111,M,1,4,1,Set Winner,2,3
2023,2023-wimbledon-1111,M,1,4,2,Set Winner,1,2
2023,2023-wimbledon-1111,M,1,4,3,Set Winner,1,1
2023,2023-wimbledon-1111,M,1,4,4,Set Winner,1,0
2023,2023-wimbledon-1111,M,1,4,1,Cumul. Set Winner,2,3
2023,2023-wimbledon-1111,M,1,4,2,Cumul. Set Winner,2,2
2023,2023-wimbledon-1111,M,1,4,3,Cumul. Set Winner,1,1
2023,2023-wimbledon-1111,M,1,4,4,Cumul. Set Winner,1,0
2023,2023-wimbledon-1111,M,1,4,1,Cumul. Unf. Error,2,3
2023,2023-wimbledon-1111,M,1,4,2,Cumul. Unf. Error,2,2
2023,2023-wimbledon-1111,M,1,4,3,Cumul. Unf. Error,2,1
2023,2023-wimbledon-1111,M,1,4,4,Cumul. Unf. Error,2,0
2023,2023-wimbledon-1111,M,1,4,1,Dynamic Model,2,3
2023,2023-wimbledon-1111,M,1,4,2,Dynamic Model,2,2
2023,2023-wimbledon-1111,M,1,4,3,Dynamic Model,1,1
2023,2023-wimbledon-1111,M,1,4,4,Dynamic Model,1,0
2023,2023-wimbledon-1112,M,2,3,1,Cumul. Point Winner,2,2
2023,2023-wimbledon-1112,M,2,3,2,Cumul. Point Winner,2,1
2023,2023-wimbledon-1112,M,2,3,3,Cumul. Point Winner,2,0
2023,2023-wimbledon-1112,M,2,3,1,Cumul. Game Winner,2,2
2023,2023-wimbledon-1112,M,2,3,2,Cumul. Game Winner,2,1
2023,2023-wimbledon-1112,M,2,3,3,Cumul. Game Winner,2,0
2023,2023-wimbledon-1112,M,2,3,1,Set Winner,2,2
2023,2023-wimbledon-1112,M,2,3,2,Set Winner,2,1
2023,2023-wimbledon-1112,M,2,3,3,Set Winner,2,0
2023,2023-wimbledon-1112,M,2,3,1,Cumul. Set Winner,2,2
2023,2023-wimbledon-1112,M,2,3,2,Cumul. Set Winner,2,1
2023,2023-wimbledon-1112,M,2,3,3,Cumul. Set Winner,2,0
2023,2023-wimbledon-1112,M,2,3,1,Cumul. Unf. Error,1,2
2023,2023-wimbledon-1112,M,2,3,2,Cumul. Unf. Error,2,1
2023,2023-wimbledon-1112,M,2,3,3,Cumul. Unf. Error,2,0
2023,2023-wimbledon-1112,M,2,3,1,Dynamic Model,2,2
2023,2023-wimbledon-1112,M,2,3,2,Dynamic Model,2,1
2023,2023-wimbledon-1112,M,2,3,3,Dynamic Model,2,0
2023,2023-wimbledon-1113,M,1,3,1,Cumul. Point Winner,1,2
2023,2023-wimbledon-1113,M,1,3,2,Cumul. Point Winner,1,1
2023,2023-wimbledon-1113,M,1,3,3,Cumul. Point Winner,1,0
2023,2023-wimbledon-1113,M,1,3,1,Cumul. Game Winner,1,2
2023,2023-wimbledon-1113,M,1,3,2,Cumul. Game Winner,1,1
2023,2023-wimbledon-1113,M,1,3,3,Cumul. Game Winner,1,0
2023,2023-wimbledon-1113,M,1,3,1,Set Winner,1,2
2023,2023-wimbledon-1113,M,1,3,2,Set Winner,1,1
2023,2023-wimbledon-1113,M,1,3,3,Set Winner,1,0
2023,2023-wimbledon-1113,M,1,3,1,Cumul. Set Winner,1,2
2023,2023-wimbledon-1113,M,1,3,2,Cumul. Set Winner,1,1
2023,2023-wimbledon-1113,M,1,3,3,Cumul. Set Winner,1,0
2023,2023-wimbledon-1113,M,1,3,1,Cumul. Unf. Error,1,2
2023,2023-wimbledon-1113,M,1,3,2,Cumul. Unf. Error,1,1
2023,2023-wimbledon-1113,M,1,3,3,Cumul. Unf. Error,1,0
2023,2023-wimbledon-1113,M,1,3,1,Dynamic Model,1,2
2023,2023-wimbledon-1113,M,1,3,2,Dynamic Model,1,1
2023,2023-wimbledon-1113,M,1,3,3,Dynamic Model,1,0
2023,2023-wimbledon-1114,M,2,5,1,Cumul. Point Winner,1,4
2023,2023-wimbledon-1114,M,2,5,2,Cumul. Point Winner,1,3
2023,2023-wimbledon-1114,M,2,5,3,Cumul. Point Winner,2,2
2023,2023-wimbledon-1114,M,2,5,4,Cumul. Point Winner,1,1
2023,2023-wimbledon-1114,M,2,5,5,Cumul. Point Winner,2,0
2023,2023-wimbledon-1114,M,2,5,1,Cumul. Game Winner,1,4
2023,2023-wimbledon-1114,M,2,5,2,Cumul. Game Winner,1,3
2023,2023-wimbledon-1114,M,2,5,3,Cumul. Game Winner,1,2
2023,2023-wimbledon-1114,M,2,5,4,Cumul. Game Winner,1,1
2023,2023-wimbledon-1114,M,2,5,5,Cumul. Game Winner,1,0
2023,2023-wimbledon-1114,M,2,5,1,Set Winner,1,4
2023,2023-wimbledon-1114,M,2,5,2,Set Winner,2,3
2023,2023-wimbledon-1114,M,2,5,3,Set Winner,2,2
2023,2023-wimbledon-1114,M,2,5,4,Set Winner,1,1
2023,2023-wimbledon-1114,M,2,5,5,Set Winner,2,0
2023,2023-wimbledon-1114,M,2,5,1,Cumul. Set Winner,1,4
2023,2023-wimbledon-1114,M,2,5,2,Cumul. Set Winner,1,3
2023,2023-wimbledon-1114,M,2,5,3,Cumul. Set Winner,2,2
2023,2023-wimbledon-1114,M,2,5,4,Cumul. Set Winner,2,1
2023,2023-wimbledon-1114,M,2,5,5,Cumul. Set Winner,2,0
2023,2023-wimbledon-1114,M,2,5,1,Cumul. Unf. Error,1,4
2023,2023-wimbledon-1114,M,2,5,2,Cumul. Unf. Error,1,3
2023,2023-wimbledon-1114,M,2,5,3,Cumul. Unf. Error,2,2
2023,2023-wimbledon-1114,M,2,5,4,Cumul. Unf. Error,2,1
2023,2023-wimbledon-1114,M,2,5,5,Cumul. Unf. Error,2,0
2023,2023-wimbledon-1114,M,2,5,1,Dynamic Model,1,4
2023,2023-wimbledon-1114,M,2,5,2,Dynamic Model,1,3
2023,2023-wimbledon-1114,M,2,5,3,Dynamic Model,2,2
2023,2023-wimbledon-1114,M,2,5,4,Dynamic Model,2,1
2023,2023-wimbledon-1114,M,2,5,5,Dynamic Model,2,0
2023,2023-wimbledon-1115,M,2,4,1,Cumul. Point Winner,1,3
2023,2023-wimbledon-1115,M,2,4,2,Cumul. Point Winner,2,2
2023,2023-wimbledon-1115,M,2,4,3,Cumul. Point Winner,2,1
2023,2023-wimbledon-1115,M,2,4,4,Cumul. Point Winner,2,0
2023,2023-wimbledon-1115,M,2,4,1,Cumul. Game Winner,1,3
2023,2023-wimbledon-1115,M,2,4,2,Cumul. Game Winner,2,2
2023,2023-wimbledon-1115,M,2,4,3,Cumul. Game Winner,2,1
2023,2023-wimbledon-1115,M,2,4,4,Cumul. Game Winner,2,0
2023,2023-wimbledon-1115,M,2,4,1,Set Winner,1,3
2023,2023-wimbledon-1115,M,2,4,2,Set Winner,2,2
2023,2023-wimbledon-1115,M,2,4,3,Set Winner,2,1
2023,2023-wimbledon-1115,M,2,4,4,Set Winner,2,0
2023,2023-wimbledon-1115,M,2,4,1,Cumul. Set Winner,1,3
2023,2023-wimbledon-1115,M,2,4,2,Cumul. Set Winner,1,2
2023,2023-wimbledon-1115,M,2,4,3,Cumul. Set Winner,2,1
2023,2023-wimbledon-1115,M,2,4,4,Cumul. Set Winner,2,0
2023,2023-wimbledon-1115,M,2,4,1,Cumul. Unf. Error,2,3
2023,2023-wimbledon-1115,M,2,4,2,Cumul. Unf. Error,2,2
2023,2023-wimbledon-1115,M,2,4,3,Cumul. Unf. Error,2,1
2023,2023-wimbledon-1115,M,2,4,4,Cumul. Unf. Error,2,0
2023,2023-wimbledon-1115,M,2,4,1,Dynamic Model,1,3
2023,2023-wimbledon-1115,M,2,4,2,Dynamic Model,2,2
2023,2023-wimbledon-1115,M,2,4,3,Dynamic Model,2,1
2023,2023-wimbledon-1115,M,2,4,4,Dynamic Model,2,0
2023,2023-wimbledon-1116,M,2,3,1,Cumul. Point Winner,2,2
2023,2023-wimbledon-1116,M,2,3,2,Cumul. Point Winner,2,1
2023,2023-wimbledon-1116,M,2,3,3,Cumul. Point Winner,2,0
2023,2023-wimbledon-1116,M,2,3,1,Cumul. Game Winner,2,2
2023,2023-wimbledon-1116,M,2,3,2,Cumul. Game Winner,2,1
2023,2023-wimbledon-1116,M,2,3,3,Cumul. Game Winner,2,0
2023,2023-wimbledon-1116,M,2,3,1,Set Winner,2,2
2023,2023-wimbledon-1116,M,2,3,2,Set Winner,2,1
2023,2023-wimbledon-1116,M,2,3,3,Set Winner,2,0
2023,2023-wimbledon-1116,M,2,3,1,Cumul. Set Winner,2,2
2023,2023-wimbledon-1116,M,2,3,2,Cumul. Set Winner,2,1
2023,2023-wimbledon-1116,M,2,3,3,Cumul. Set Winner,2,0
2023,2023-wimbledon-1116,M,2,3,1,Cumul. Unf. Error,2,2
2023,2023-wimbledon-1116,M,2,3,2,Cumul. Unf. Error,2,1
2023,2023-wimbledon-1116,M,2,3,3,Cumul. Unf. Error,2,0
2023,2023-wimbledon-1116,M,2,3,1,Dynamic Model,2,2
2023,2023-wimbledon-1116,M,2,3,2,Dynamic Model,2,1
2023,2023-wimbledon-1116,M,2,3,3,Dynamic Model,2,0
2023,2023-wimbledon-1117,M,1,3,1,Cumul. Point Winner,1,2
2023,2023-wimbledon-1117,M,1,3,2,Cumul. Point Winner,1,1
2023,2023-wimbledon-1117,M,1,3,3,Cumul. Point Winner,1,0
2023,2023-wimbledon-1117,M,1,3,1,Cumul. Game Winner,1,2
2023,2023-wimbledon-1117,M,1,3,2,Cumul. Game Winner,1,1
2023,2023-wimbledon-1117,M,1,3,3,Cumul. Game Winner,1,0
2023,2023-wimbledon-1117,M,1,3,1,Set Winner,1,2
2023,2023-wimbledon-1117,M,1,3,2,Set Winner,1,1
2023,2023-wimbledon-1117,M,1,3,3,Set Winner,1,0
2023,2023-wimbledon-1117,M,1,3,1,Cumul. Set Winner,1,2
2023,2023-wimbledon-1117,M,1,3,2,Cumul. Set Winner,1,1
2023,2023-wimbledon-1117,M,1,3,3,Cumul. Set Winner,1,0
2023,2023-wimbledon-1117,M,1,3,1,Cumul. Unf. Error,1,2
2023,2023-wimbledon-1117,M,1,3,2,Cumul. Unf. Error,1,1
2023,2023-wimbledon-1117,M,1,3,3,Cumul. Unf. Error,2,0
2023,2023-wimbledon-1117,M,1,3,1,Dynamic Model,1,2
2023,2023-wimbledon-1117,M,1,3,2,Dynamic Model,1,1
2023,2023-wimbledon-1117,M,1,3,3,Dynamic Model,1,0
2023,2023-wimbledon-1118,M,1,3,1,Cumul. Point Winner,1,2
2023,2023-wimbledon-1118,M,1,3,2,Cumul. Point Winner,1,1
2023,2023-wimbledon-1118,M,1,3,3,Cumul. Point Winner,1,0
2023,2023-wimbledon-1118,M,1,3,1,Cumul. Game Winner,1,2
2023,2023-wimbledon-1118,M,1,3,2,Cumul. Game Winner,1,1
2023,2023-wimbledon-1118,M,1,3,3,Cumul. Game Winner,1,0
2023,2023-wimbledon-1118,M,1,3,1,Set Winner,1,2
2023,2023-wimbledon-1118,M,1,3,2,Set Winner,1,1
2023,2023-wimbledon-1118,M,1,3,3,Set Winner,1,0
2023,2023-wimbledon-1118,M,1,3,1,Cumul. Set Winner,1,2
2023,2023-wimbledon-1118,M,1,3,2,Cumul. Set Winner,1,1
2023,2023-wimbledon-1118,M,1,3,3,Cumul. Set Winner,1,0
2023,2023-wimbledon-1118,M,1,3,1,Cumul. Unf. Error,1,2
2023,2023-wimbledon-1118,M,1,3,2,Cumul. Unf. Error,1,1
2023,2023-wimbledon-1118,M,1,3,3,Cumul. Unf. Error,1,0
2023,2023-wimbledon-1118,M,1,3,1,Dynamic Model,1,2
2023,2023-wimbledon-1118,M,1,3,2,Dynamic Model,1,1
2023,2023-wimbledon-1118,M,1,3,3,Dynamic Model,1,0
2023,2023-wimbledon-1119,M,1,3,1,Cumul. Point Winner,1,2
2023,2023-wimbledon-1119,M,1,3,2,Cumul. Point Winner,1,1
2023,2023-wimbledon-1119,M,1,3,3,Cumul. Point Winner,1,0
2023,2023-wimbledon-1119,M,1,3,1,Cumul. Game Winner,1,2
2023,2023-wimbledon-1119,M,1,3,2,Cumul. Game Winner,1,1
2023,2023-wimbledon-1119,M,1,3,3,Cumul. Game Winner,1,0
2023,2023-wimbledon-1119,M,1,3,1,Set Winner,1,2
2023,2023-wimbledon-1119,M,1,3,2,Set Winner,1,1
2023,2023-wimbledon-1119,M,1,3,3,Set Winner,1,0
2023,2023-wimbledon-1119,M,1,3,1,Cumul. Set Winner,1,2
2023,2023-wimbledon-1119,M,1,3,2,Cumul. Set Winner,1,1
2023,2023-wimbledon-1119,M,1,3,3,Cumul. Set Winner,1,0
2023,2023-wimbledon-1119,M,1,3,1,Cumul. Unf. Error,1,2
2023,2023-wimbledon-1119,M,1,3,2,Cumul. Unf. Error,1,1
2023,2023-wimbledon-1119,M,1,3,3,Cumul. Unf. Error,1,0
2023,2023-wimbledon-1119,M,1,3,1,Dynamic Model,1,2
2023,2023-wimbledon-1119,M,1,3,2,Dynamic Model,1,1
2023,2023-wimbledon-1119,M,1,3,3,Dynamic Model,1,0
2023,2023-wimbledon-1120,M,1,3,1,Cumul. Point Winner,1,2
2023,2023-wimbledon-1120,M,1,3,2,Cumul. Point Winner,1,1
2023,2023-wimbledon-1120,M,1,3,3,Cumul. Point Winner,1,0
2023,2023-wimbledon-1120,M,1,3,1,Cumul. Game Winner,1,2
2023,2023-wimbledon-1120,M,1,3,2,Cumul. Game Winner,1,1
2023,2023-wimbledon-1120,M,1,3,3,Cumul. Game Winner,1,0
2023,2023-wimbledon-1120,M,1,3,1,Set Winner,1,2
2023,2023-wimbledon-1120,M,1,3,2,Set Winner,1,1
2023,2023-wimbledon-1120,M,1,3,3,Set Winner,1,0
2023,2023-wimbledon-1120,M,1,3,1,Cumul. Set Winner,1,2
2023,2023-wimbledon-1120,M,1,3,2,Cumul. Set Winner,1,1
2023,2023-wimbledon-1120,M,1,3,3,Cumul. Set Winner,1,0
2023,2023-wimbledon-1120,M,1,3,1,Cumul. Unf. Error,1,2
2023,2023-wimbledon-1120,M,1,3,2,Cumul. Unf. Error,1,1
2023,2023-wimbledon-1120,M,1,3,3,Cumul. Unf. Error,1,0
2023,2023-wimbledon-1120,M,1,3,1,Dynamic Model,1,2
2023,2023-wimbledon-1120,M,1,3,2,Dynamic Model,1,1
2023,2023-wimbledon-1120,M,1,3,3,Dynamic Model,1,0
2023,2023-wimbledon-1121,M,1,4,1,Cumul. Point Winner,2,3
2023,2023-wimbledon-1121,M,1,4,2,Cumul. Point Winner,2,2
2023,2023-wimbledon-1121,M,1,4,3,Cumul. Point Winner,1,1
2023,2023-wimbledon-1121,M,1,4,4,Cumul. Point Winner,1,0
2023,2023-wimbledon-1121,M,1,4,1,Cumul. Game Winner,2,3
2023,2023-wimbledon-1121,M,1,4,2,Cumul. Game Winner,1,2
2023,2023-wimbledon-1121,M,1,4,3,Cumul. Game Winner,1,1
2023,2023-wimbledon-1121,M,1,4,4,Cumul. Game Winner,1,0
2023,2023-wimbledon-1121,M,1,4,1,Set Winner,2,3
2023,2023-wimbledon-1121,M,1,4,2,Set Winner,1,2
2023,2023-wimbledon-1121,M,1,4,3,Set Winner,1,1
2023,2023-wimbledon-1121,M,1,4,4,Set Winner,1,0
2023,2023-wimbledon-1121,M,1,4,1,Cumul. Set Winner,2,3
2023,2023-wimbledon-1121,M,1,4,2,Cumul. Set Winner,2,2
2023,2023-wimbledon-1121,M,1,4,3,Cumul. Set Winner,1,1
2023,2023-wimbledon-1121,M,1,4,4,Cumul. Set Winner,1,0
2023,2023-wimbledon-1121,M,1,4,1,Cumul. Unf. Error,2,3
2023,2023-wimbledon-1121,M,1,4,2,Cumul. Unf. Error,1,2
2023,2023-wimbledon-1121,M,1,4,3,Cumul. Unf. Error,1,1
2023,2023-wimbledon-1121,M,1,4,4,Cumul. Unf. Error,1,0
2023,2023-wimbledon-1121,M,1,4,1,Dynamic Model,2,3
2023,2023-wimbledon-1121,M,1,4,2,Dynamic Model,1,2
2023,2023-wimbledon-1121,M,1,4,3,Dynamic Model,1,1
2023,2023-wimbledon-1121,M,1,4,4,Dynamic Model,1,0
2023,2023-wimbledon-1122,M,1,3,1,Cumul. Point Winner,1,2
2023,2023-wimbledon-1122,M,1,3,2,Cumul. Point Winner,1,1
2023,2023-wimbledon-1122,M,1,3,3,Cumul. Point Winner,1,0
2023,2023-wimbledon-1122,M,1,3,1,Cumul. Game Winner,1,2
2023,2023-wimbledon-1122,M,1,3,2,Cumul. Game Winner,1,1
2023,2023-wimbledon-1122,M,1,3,3,Cumul. Game Winner,1,0
2023,2023-wimbledon-1122,M,1,3,1,Set Winner,1,2
2023,2023-wimbledon-1122,M,1,3,2,Set Winner,1,1
2023,2023-wimbledon-1122,M,1,3,3,Set Winner,1,0
2023,2023-wimbledon-1122,M,1,3,1,Cumul. Set Winner,1,2
2023,2023-wimbledon-1122,M,1,3,2,Cumul. Set Winner,1,1
2023,2023-wimbledon-1122,M,1,3,3,Cumul. Set Winner,1,0
2023,2023-wimbledon-1122,M,1,3,1,Cumul. Unf. Error,1,2
2023,2023-wimbledon-1122,M,1,3,2,Cumul. Unf. Error,1,1
2023,2023-wimbledon-1122,M,1,3,3,Cumul. Unf. Error,1,0
2023,2023-wimbledon-1122,M,1,3,1,Dynamic Model,1,2
2023,2023-wimbledon-1122,M,1,3,2,Dynamic Model,1,1
2023,2023-wimbledon-1122,M,1,3,3,Dynamic Model,1,0
2023,2023-wimbledon-1123,M,1,4,1,Cumul. Point Winner,1,3
2023,2023-wimbledon-1123,M,1,4,2,Cumul. Point Winner,1,2
2023,2023-wimbledon-1123,M,1,4,3,Cumul. Point Winner,1,1
2023,2023-wimbledon-1123,M,1,4,4,Cumul. Point Winner,1,0
2023,2023-wimbledon-1123,M,1,4,1,Cumul. Game Winner,2,3
2023,2023-wimbledon-1123,M,1,4,2,Cumul. Game Winner,1,2
2023,2023-wimbledon-1123,M,1,4,3,Cumul. Game Winner,1,1
2023,2023-wimbledon-1123,M,1,4,4,Cumul. Game Winner,1,0
2023,2023-wimbledon-1123,M,1,4,1,Set Winner,2,3
2023,2023-wimbledon-1123,M,1,4,2,Set Winner,1,2
2023,2023-wimbledon-1123,M,1,4,3,Set Winner,1,1
2023,2023-wimbledon-1123,M,1,4,4,Set Winner,1,0
2023,2023-wimbledon-1123,M,1,4,1,Cumul. Set Winner,2,3
2023,2023-wimbledon-1123,M,1,4,2,Cumul. Set Winner,2,2
2023,2023-wimbledon-1123,M,1,4,3,Cumul. Set Winner,1,1
2023,2023-wimbledon-1123,M,1,4,4,Cumul. Set Winner,1,0
2023,2023-wimbledon-1123,M,1,4,1,Cumul. Unf. Error,2,3
2023,2023-wimbledon-1123,M,1,4,2,Cumul. Unf. Error,1,2
2023,2023-wimbledon-1123,M,1,4,3,Cumul. Unf. Error,2,1
2023,2023-wimbledon-1123,M,1,4,4,Cumul. Unf. Error,2,0
2023,2023-wimbledon-1123,M,1,4,1,Dynamic Model,2,3
2023,2023-wimbledon-1123,M,1,4,2,Dynamic Model,1,2
2023,2023-wimbledon-1123,M,1,4,3,Dynamic Model,1,1
2023,2023-wimbledon-1123,M,1,4,4,Dynamic Model,1,0
2023,2023-wimbledon-1124,M,2,3,1,Cumul. Point Winner,2,2
2023,2023-wimbledon-1124,M,2,3,2,Cumul. Point Winner,2,1
2023,2023-wimbledon-1124,M,2,3,3,Cumul. Point Winner,2,0
2023,2023-wimbledon-1124,M,2,3,1,Cumul. Game Winner,2,2
2023,2023-wimbledon-1124,M,2,3,2,Cumul. Game Winner,2,1
2023,2023-wimbledon-1124,M,2,3,3,Cumul. Game Winner,2,0
2023,2023-wimbledon-1124,M,2,3,1,Set Winner,2,2
2023,2023-wimbledon-1124,M,2,3,2,Set Winner,2,1
2023,2023-wimbledon-1124,M,2,3,3,Set Winner,2,0
2023,2023-wimbledon-1124,M,2,3,1,Cumul. Set Winner,2,2
2023,2023-wimbledon-1124,M,2,3,2,Cumul. Set Winner,2,1
2023,2023-wimbledon-1124,M,2,3,3,Cumul. Set Winner,2,0
2023,2023-wimbledon-1124,M,2,3,1,Cumul. Unf. Error,2,2
2023,2023-wimbledon-1124,M,2,3,2,Cumul. Unf. Error,1,1
2023,2023-wimbledon-1124,M,2,3,3,Cumul. Unf. Error,2,0
2023,2023-wimbledon-1124,M,2,3,1,Dynamic Model,2,2
2023,2023-wimbledon-1124,M,2,3,2,Dynamic Model,2,1
2023,2023-wimbledon-1124,M,2,3,3,Dynamic Model,2,0
2023,2023-wimbledon-1125,M,1,4,1,Cumul. Point Winner,1,3
2023,2023-wimbledon-1125,M,1,4,2,Cumul. Point Winner,1,2
2023,2023-wimbledon-1125,M,1,4,3,Cumul. Point Winner,1,1
2023,2023-wimbledon-1125,M,1,4,4,Cumul. Point Winner,1,0
2023,2023-wimbledon-1125,M,1,4,1,Cumul. Game Winner,1,3
2023,2023-wimbledon-1125,M,1,4,2,Cumul. Game Winner,1,2
2023,2023-wimbledon-1125,M,1,4,3,Cumul. Game Winner,1,1
2023,2023-wimbledon-1125,M,1,4,4,Cumul. Game Winner,1,0
2023,2023-wimbledon-1125,M,1,4,1,Set Winner,1,3
2023,2023-wimbledon-1125,M,1,4,2,Set Winner,2,2
2023,2023-wimbledon-1125,M,1,4,3,Set Winner,1,1
2023,2023-wimbledon-1125,M,1,4,4,Set Winner,1,0
2023,2023-wimbledon-1125,M,1,4,1,Cumul. Set Winner,1,3
2023,2023-wimbledon-1125,M,1,4,2,Cumul. Set Winner,1,2
2023,2023-wimbledon-1125,M,1,4,3,Cumul. Set Winner,1,1
2023,2023-wimbledon-1125,M,1,4,4,Cumul. Set Winner,1,0
2023,2023-wimbledon-1125,M,1,4,1,Cumul. Unf. Error,1,3
2023,2023-wimbledon-1125,M,1,4,2,Cumul. Unf. Error,1,2
2023,2023-wimbledon-1125,M,1,4,3,Cumul. Unf. Error,1,1
2023,2023-wimbledon-1125,M,1,4,4,Cumul. Unf. Error,1,0
2023,2023-wimbledon-1125,M,1,4,1,Dynamic Model,1,3
2023,2023-wimbledon-1125,M,1,4,2,Dynamic Model,1,2
2023,2023-wimbledon-1125,M,1,4,3,Dynamic Model,1,1
2023,2023-wimbledon-1125,M,1,4,4,Dynamic Model,1,0
2023,2023-wimbledon-1126,M,1,4,1,Cumul. Point Winner,2,3
2023,2023-wimbledon-1126,M,1,4,2,Cumul. Point Winner,2,2
2023,2023-wimbledon-1126,M,1,4,3,Cumul. Point Winner,2,1
2023,2023-wimbledon-1126,M,1,4,4,Cumul. Point Winner,1,0
2023,2023-wimbledon-1126,M,1,4,1,Cumul. Game Winner,2,3
2023,2023-wimbledon-1126,M,1,4,2,Cumul. Game Winner,2,2
2023,2023-wimbledon-1126,M,1,4,3,Cumul. Game Winner,1,1
2023,2023-wimbledon-1126,M,1,4,4,Cumul. Game Winner,1,0
2023,2023-wimbledon-1126,M,1,4,1,Set Winner,2,3
2023,2023-wimbledon-1126,M,1,4,2,Set Winner,1,2
2023,2023-wimbledon-1126,M,1,4,3,Set Winner,1,1
2023,2023-wimbledon-1126,M,1,4,4,Set Winner,1,0
2023,2023-wimbledon-1126,M,1,4,1,Cumul. Set Winner,2,3
2023,2023-wimbledon-1126,M,1,4,2,Cumul. Set Winner,2,2
2023,2023-wimbledon-1126,M,1,4,3,Cumul. Set Winner,1,1
2023,2023-wimbledon-1126,M,1,4,4,Cumul. Set Winner,1,0
2023,2023-wimbledon-1126,M,1,4,1,Cumul. Unf. Error,2,3
2023,2023-wimbledon-1126,M,1,4,2,Cumul. Unf. Error,2,2
2023,2023-wimbledon-1126,M,1,4,3,Cumul. Unf. Error,2,1
2023,2023-wimbledon-1126,M,1,4,4,Cumul. Unf. Error,2,0
2023,2023-wimbledon-1126,M,1,4,1,Dynamic Model,2,3
2023,2023-wimbledon-1126,M,1,4,2,Dynamic Model,2,2
2023,2023-wimbledon-1126,M,1,4,3,Dynamic Model,2,1
2023,2023-wimbledon-1126,M,1,4,4,Dynamic Model,1,0
2023,2023-wimbledon-1127,M,1,4,1,Cumul. Point Winner,1,3
2023,2023-wimbledon-1127,M,1,4,2,Cumul. Point Winner,1,2
2023,2023-wimbledon-1127,M,1,4,3,Cumul. Point Winner,1,1
2023,2023-wimbledon-1127,M,1,4,4,Cumul. Point Winner,1,0
2023,2023-wimbledon-1127,M,1,4,1,Cumul. Game Winner,1,3
2023,2023-wimbledon-1127,M,1,4,2,Cumul. Game Winner,1,2
2023,2023-wimbledon-1127,M,1,4,3,Cumul. Game Winner,1,1
2023,2023-wimbledon-1127,M,1,4,4,Cumul. Game Winner,1,0
2023,2023-wimbledon-1127,M,1,4,1,Set Winner,1,3
2023,2023-wimbledon-1127,M,1,4,2,Set Winner,1,2
2023,2023-wimbledon-1127,M,1,4,3,Set Winner,2,1
2023,2023-wimbledon-1127,M,1,4,4,Set Winner,1,0
2023,2023-wimbledon-1127,M,1,4,1,Cumul. Set Winner,1,3
2023,2023-wimbledon-1127,M,1,4,2,Cumul. Set Winner,1,2
2023,2023-wimbledon-1127,M,1,4,3,Cumul. Set Winner,1,1
2023,2023-wimbledon-1127,M,1,4,4,Cumul. Set Winner,1,0
2023,2023-wimbledon-1127,M,1,4,1,Cumul. Unf. Error,1,3
2023,2023-wimbledon-1127,M,1,4,2,Cumul. Unf. Error,1,2
2023,2023-wimbledon-1127,M,1,4,3,Cumul. Unf. Error,1,1
2023,2023-wimbledon-1127,M,1,4,4,Cumul. Unf. Error,1,0
2023,2023-wimbledon-1127,M,1,4,1,Dynamic Model,1,3
2023,2023-wimbledon-1127,M,1,4,2,Dynamic Model,1,2
2023,2023-wimbledon-1127,M,1,4,3,Dynamic Model,1,1
2023,2023-wimbledon-1127,M,1,4,4,Dynamic Model,1,0
2023,2023-wimbledon-1128,M,1,4,1,Cumul. Point Winner,1,3
2023,2023-wimbledon-1128,M,1,4,2,Cumul. Point Winner,2,2
2023,2023-wimbledon-1128,M,1,4,3,Cumul. Point Winner,1,1
2023,2023-wimbledon-1128,M,1,4,4,Cumul. Point Winner,1,0
2023,2023-wimbledon-1128,M,1,4,1,Cumul. Game Winner,1,3
2023,2023-wimbledon-1128,M,1,4,2,Cumul. Game Winner,2,2
2023,2023-wimbledon-1128,M,1,4,3,Cumul. Game Winner,1,1
2023,2023-wimbledon-1128,M,1,4,4,Cumul. Game Winner,1,0
2023,2023-wimbledon-1128,M,1,4,1,Set Winner,1,3
2023,2023-wimbledon-1128,M,1,4,2,Set Winner,2,2
2023,2023-wimbledon-1128,M,1,4,3,Set Winner,1,1
2023,2023-wimbledon-1128,M,1,4,4,Set Winner,1,0
2023,2023-wimbledon-1128,M,1,4,1,Cumul. Set Winner,1,3
2023,2023-wimbledon-1128,M,1,4,2,Cumul. Set Winner,1,2
2023,2023-wimbledon-1128,M,1,4,3,Cumul. Set Winner,1,1
2023,2023-wimbledon-1128,M,1,4,4,Cumul. Set Winner,1,0
2023,2023-wimbledon-1128,M,1,4,1,Cumul. Unf. Error,1,3
2023,2023-wimbledon-1128,M,1,4,2,Cumul. Unf. Error,2,2
2023,2023-wimbledon-1128,M,1,4,3,Cumul. Unf. Error,1,1
2023,2023-wimbledon-1128,M,1,4,4,Cumul. Unf. Error,1,0
2023,2023-wimbledon-1128,M,1,4,1,Dynamic Model,1,3
2023,2023-wimbledon-1128,M,1,4,2,Dynamic Model,2,2
2023,2023-wimbledon-1128,M,1,4,3,Dynamic Model,1,1
2023,2023-wimbledon-1128,M,1,4,4,Dynamic Model,1,0
2023,2023-wimbledon-1129,M,1,5,1,Cumul. Point Winner,1,4
2023,2023-wimbledon-1129,M,1,5,2,Cumul. Point Winner,1,3
2023,2023-wimbledon-1129,M,1,5,3,Cumul. Point Winner,1,2
2023,2023-wimbledon-1129,M,1,5,4,Cumul. Point Winner,1,1
2023,2023-wimbledon-1129,M,1,5,5,Cumul. Point Winner,1,0
2023,2023-wimbledon-1129,M,1,5,1,Cumul. Game Winner,1,4
2023,2023-wimbledon-1129,M,1,5,2,Cumul. Game Winner,1,3
2023,2023-wimbledon-1129,M,1,5,3,Cumul. Game Winner,1,2
2023,2023-wimbledon-1129,M,1,5,4,Cumul. Game Winner,1,1
2023,2023-wimbledon-1129,M,1,5,5,Cumul. Game Winner,1,0
2023,2023-wimbledon-1129,M,1,5,1,Set Winner,1,4
2023,2023-wimbledon-1129,M,1,5,2,Set Winner,1,3
2023,2023-wimbledon-1129,M,1,5,3,Set Winner,2,2
2023,2023-wimbledon-1129,M,1,5,4,Set Winner,2,1
2023,2023-wimbledon-1129,M,1,5,5,Set Winner,1,0
2023,2023-wimbledon-1129,M,1,5,1,Cumul. Set Winner,1,4
2023,2023-wimbledon-1129,M,1,5,2,Cumul. Set Winner,1,3
2023,2023-wimbledon-1129,M,1,5,3,Cumul. Set Winner,1,2
2023,2023-wimbledon-1129,M,1,5,4,Cumul. Set Winner,1,1
2023,2023-wimbledon-1129,M,1,5,5,Cumul. Set Winner,1,0
2023,2023-wimbledon-1129,M,1,5,1,Cumul. Unf. Error,2,4
2023,2023-wimbledon-1129,M,1,5,2,Cumul. Unf. Error,2,3
2023,2023-wimbledon-1129,M,1,5,3,Cumul. Unf. Error,2,2
2023,2023-wimbledon-1129,M,1,5,4,Cumul. Unf. Error,2,1
2023,2023-wimbledon-1129,M,1,5,5,Cumul. Unf. Error,2,0
2023,2023-wimbledon-1129,M,1,5,1,Dynamic Model,1,4
2023,2023-wimbledon-1129,M,1,5,2,Dynamic Model,1,3
2023,2023-wimbledon-1129,M,1,5,3,Dynamic Model,1,2
2023,2023-wimbledon-1129,M,1,5,4,Dynamic Model,1,1
2023,2023-wimbledon-1129,M,1,5,5,Dynamic Model,1,0
2023,2023-wimbledon-1130,M,2,4,1,Cumul. Point Winner,1,3
2023,2023-wimbledon-1130,M,2,4,2,Cumul. Point Winner,2,2
2023,2023-wimbledon-1130,M,2,4,3,Cumul. Point Winner,2,1
2023,2023-wimbledon-1130,M,2,4,4,Cumul. Point Winner,2,0
2023,2023-wimbledon-1130,M,2,4,1,Cumul. Game Winner,1,3
2023,2023-wimbledon-1130,M,2,4,2,Cumul. Game Winner,1,2
2023,2023-wimbledon-1130,M,2,4,3,Cumul. Game Winner,2,1
2023,2023-wimbledon-1130,M,2,4,4,Cumul. Game Winner,2,0
2023,2023-wimbledon-1130,M,2,4,1,Set Winner,1,3
2023,2023-wimbledon-1130,M,2,4,2,Set Winner,2,2
2023,2023-wimbledon-1130,M,2,4,3,Set Winner,2,1
2023,2023-wimbledon-1130,M,2,4,4,Set Winner,2,0
2023,2023-wimbledon-1130,M,2,4,1,Cumul. Set Winner,1,3
2023,2023-wimbledon-1130,M,2,4,2,Cumul. Set Winner,1,2
2023,2023-wimbledon-1130,M,2,4,3,Cumul. Set Winner,2,1
2023,2023-wimbledon-1130,M,2,4,4,Cumul. Set Winner,2,0
2023,2023-wimbledon-1130,M,2,4,1,Cumul. Unf. Error,2,3
2023,2023-wimbledon-1130,M,2,4,2,Cumul. Unf. Error,2,2
2023,2023-wimbledon-1130,M,2,4,3,Cumul. Unf. Error,2,1
2023,2023-wimbledon-1130,M,2,4,4,Cumul. Unf. Error,2,0
2023,2023-wimbledon-1130,M,2,4,1,Dynamic Model,1,3
2023,2023-wimbledon-1130,M,2,4,2,Dynamic Model,2,2
2023,2023-wimbledon-1130,M,2,4,3,Dynamic Model,2,1
2023,2023-wimbledon-1130,M,2,4,4,Dynamic Model,2,0
2023,2023-wimbledon-1131,M,2,3,1,Cumul. Point Winner,2,2
2023,2023-wimbledon-1131,M,2,3,2,Cumul. Point Winner,2,1
2023,2023-wimbledon-1131,M,2,3,3,Cumul. Point Winner,2,0
2023,2023-wimbledon-1131,M,2,3,1,Cumul. Game Winner,2,2
2023,2023-wimbledon-1131,M,2,3,2,Cumul. Game Winner,2,1
2023,2023-wimbledon-1131,M,2,3,3,Cumul. Game Winner,2,0
2023,2023-wimbledon-1131,M,2,3,1,Set Winner,2,2
2023,2023-wimbledon-1131,M,2,3,2,Set Winner,2,1
2023,2023-wimbledon-1131,M,2,3,3,Set Winner,2,0
2023,2023-wimbledon-1131,M,2,3,1,Cumul. Set Winner,2,2
2023,2023-wimbledon-1131,M,2,3,2,Cumul. Set Winner,2,1
2023,2023-wimbledon-1131,M,2,3,3,Cumul. Set Winner,2,0
2023,2023-wimbledon-1131,M,2,3,1,Cumul. Unf. Error,1,2
2023,2023-wimbledon-1131,M,2,3,2,Cumul. Unf. Error,2,1
2023,2023-wimbledon-1131,M,2,3,3,Cumul. Unf. Error,2,0
2023,2023-wimbledon-1131,M,2,3,1,Dynamic Model,2,2
2023,2023-wimbledon-1131,M,2,3,2,Dynamic Model,2,1
2023,2023-wimbledon-1131,M,2,3,3,Dynamic Model,2,0
2023,2023-wimbledon-1132,M,2,5,1,Cumul. Point Winner,1,4
2023,2023-wimbledon-1132,M,2,5,2,Cumul. Point Winner,1,3
2023,2023-wimbledon-1132,M,2,5,3,Cumul. Point Winner,2,2
2023,2023-wimbledon-1132,M,2,5,4,Cumul. Point Winner,2,1
2023,2023-wimbledon-1132,M,2,5,5,Cumul. Point Winner,2,0
2023,2023-wimbledon-1132,M,2,5,1,Cumul. Game Winner,1,4
2023,2023-wimbledon-1132,M,2,5,2,Cumul. Game Winner,1,3
2023,2023-wimbledon-1132,M,2,5,3,Cumul. Game Winner,2,2
2023,2023-wimbledon-1132,M,2,5,4,Cumul. Game Winner,2,1
2023,2023-wimbledon-1132,M,2,5,5,Cumul. Game Winner,2,0
2023,2023-wimbledon-1132,M,2,5,1,Set Winner,1,4
2023,2023-wimbledon-1132,M,2,5,2,Set Winner,2,3
2023,2023-wimbledon-1132,M,2,5,3,Set Winner,2,2
2023,2023-wimbledon-1132,M,2,5,4,Set Winner,1,1
2023,2023-wimbledon-1132,M,2,5,5,Set Winner,2,0
2023,2023-wimbledon-1132,M,2,5,1,Cumul. Set Winner,1,4
2023,2023-wimbledon-1132,M,2,5,2,Cumul. Set Winner,1,3
2023,2023-wimbledon-1132,M,2,5,3,Cumul. Set Winner,2,2
2023,2023-wimbledon-1132,M,2,5,4,Cumul. Set Winner,2,1
2023,2023-wimbledon-1132,M,2,5,5,Cumul. Set Winner,2,0
2023,2023-wimbledon-1132,M,2,5,1,Cumul. Unf. Error,1,4
2023,2023-wimbledon-1132,M,2,5,2,Cumul. Unf. Error,1,3
2023,2023-wimbledon-1132,M,2,5,3,Cumul. Unf. Error,2,2
2023,2023-wimbledon-1132,M,2,5,4,Cumul. Unf. Error,2,1
2023,2023-wimbledon-1132,M,2,5,5,Cumul. Unf. Error,2,0
2023,2023-wimbledon-1132,M,2,5,1,Dynamic Model,1,4
2023,2023-wimbledon-1132,M,2,5,2,Dynamic Model,1,3
2023,2023-wimbledon-1132,M,2,5,3,Dynamic Model,2,2
2023,2023-wimbledon-1132,M,2,5,4,Dynamic Model,2,1
2023,2023-wimbledon-1132,M,2,5,5,Dynamic Model,2,0
2023,2023-wimbledon-1133,M,1,3,1,Cumul. Point Winner,1,2
2023,2023-wimbledon-1133,M,1,3,2,Cumul. Point Winner,1,1
2023,2023-wimbledon-1133,M,1,3,3,Cumul. Point Winner,1,0
2023,2023-wimbledon-1133,M,1,3,1,Cumul. Game Winner,1,2
2023,2023-wimbledon-1133,M,1,3,2,Cumul. Game Winner,1,1
2023,2023-wimbledon-1133,M,1,3,3,Cumul. Game Winner,1,0
2023,2023-wimbledon-1133,M,1,3,1,Set Winner,1,2
2023,2023-wimbledon-1133,M,1,3,2,Set Winner,1,1
2023,2023-wimbledon-1133,M,1,3,3,Set Winner,1,0
2023,2023-wimbledon-1133,M,1,3,1,Cumul. Set Winner,1,2
2023,2023-wimbledon-1133,M,1,3,2,Cumul. Set Winner,1,1
2023,2023-wimbledon-1133,M,1,3,3,Cumul. Set Winner,1,0
2023,2023-wimbledon-1133,M,1,3,1,Cumul. Unf. Error,1,2
2023,2023-wimbledon-1133,M,1,3,2,Cumul. Unf. Error,1,1
2023,2023-wimbledon-1133,M,1,3,3,Cumul. Unf. Error,1,0
2023,2023-wimbledon-1133,M,1,3,1,Dynamic Model,1,2
2023,2023-wimbledon-1133,M,1,3,2,Dynamic Model,1,1
2023,2023-wimbledon-1133,M,1,3,3,Dynamic Model,1,0
2023,2023-wimbledon-1134,M,2,3,1,Cumul. Point Winner,2,2
2023,2023-wimbledon-1134,M,2,3,2,Cumul. Point Winner,2,1
2023,2023-wimbledon-1134,M,2,3,3,Cumul. Point Winner,2,0
2023,2023-wimbledon-1134,M,2,3,1,Cumul. Game Winner,2,2
2023,2023-wimbledon-1134,M,2,3,2,Cumul. Game Winner,2,1
2023,2023-wimbledon-1134,M,2,3,3,Cumul. Game Winner,2,0
2023,2023-wimbledon-1134,M,2,3,1,Set Winner,2,2
2023,2023-wimbledon-1134,M,2,3,2,Set Winner,2,1
2023,2023-wimbledon-1134,M,2,3,3,Set Winner,2,0
2023,2023-wimbledon-1134,M,2,3,1,Cumul. Set Winner,2,2
2023,2023-wimbledon-1134,M,2,3,2,Cumul. Set Winner,2,1
2023,2023-wimbledon-1134,M,2,3,3,Cumul. Set Winner,2,0
2023,2023-wimbledon-1134,M,2,3,1,Cumul. Unf. Error,2,2
2023,2023-wimbledon-1134,M,2,3,2,Cumul. Unf. Error,2,1
2023,2023-wimbledon-1134,M,2,3,3,Cumul. Unf. Error,2,0
2023,2023-wimbledon-1134,M,2,3,1,Dynamic Model,2,2
2023,2023-wimbledon-1134,M,2,3,2,Dynamic Model,2,1
2023,2023-wimbledon-1134,M,2,3,3,Dynamic Model,2,0
2023,2023-wimbledon-1135,M,1,4,1,Cumul. Point Winner,1,3
2023,2023-wimbledon-1135,M,1,4,2,Cumul. Point Winner,1,2
2023,2023-wimbledon-1135,M,1,4,3,Cumul. Point Winner,1,1
2023,2023-wimbledon-1135,M,1,4,4,Cumul. Point Winner,1,0
2023,2023-wimbledon-1135,M,1,4,1,Cumul. Game Winner,1,3
2023,2023-wimbledon-1135,M,1,4,2,Cumul. Game Winner,1,2
2023,2023-wimbledon-1135,M,1,4,3,Cumul. Game Winner,1,1
2023,2023-wimbledon-1135,M,1,4,4,Cumul. Game Winner,1,0
2023,2023-wimbledon-1135,M,1,4,1,Set Winner,1,3
2023,2023-wimbledon-1135,M,1,4,2,Set Winner,1,2
2023,2023-wimbledon-1135,M,1,4,3,Set Winner,2,1
2023,2023-wimbledon-1135,M,1,4,4,Set Winner,1,0
2023,2023-wimbledon-1135,M,1,4,1,Cumul. Set Winner,1,3
2023,2023-wimbledon-1135,M,1,4,2,Cumul. Set Winner,1,2
2023,2023-wimbledon-1135,M,1,4,3,Cumul. Set Winner,1,1
2023,2023-wimbledon-1135,M,1,4,4,Cumul. Set Winner,1,0
2023,2023-wimbledon-1135,M,1,4,1,Cumul. Unf. Error,1,3
2023,2023-wimbledon-1135,M,1,4,2,Cumul. Unf. Error,1,2
2023,2023-wimbledon-1135,M,1,4,3,Cumul. Unf. Error,1,1
2023,2023-wimbledon-1135,M,1,4,4,Cumul. Unf. Error,1,0
2023,2023-wimbledon-1135,M,1,4,1,Dynamic Model,1,3
2023,2023-wimbledon-1135,M,1,4,2,Dynamic Model,1,2
2023,2023-wimbledon-1135,M,1,4,3,Dynamic Model,1,1
2023,2023-wimbledon-1135,M,1,4,4,Dynamic Model,1,0
2023,2023-wimbledon-1136,M,1,4,1,Cumul. Point Winner,1,3
2023,2023-wimbledon-1136,M,1,4,2,Cumul. Point Winner,1,2
2023,2023-wimbledon-1136,M,1,4,3,Cumul. Point Winner,1,1
2023,2023-wimbledon-1136,M,1,4,4,Cumul. Point Winner,1,0
2023,2023-wimbledon-1136,M,1,4,1,Cumul. Game Winner,1,3
2023,2023-wimbledon-1136,M,1,4,2,Cumul. Game Winner,1,2
2023,2023-wimbledon-1136,M,1,4,3,Cumul. Game Winner,1,1
2023,2023-wimbledon-1136,M,1,4,4,Cumul. Game Winner,1,0
2023,2023-wimbledon-1136,M,1,4,1,Set Winner,1,3
2023,2023-wimbledon-1136,M,1,4,2,Set Winner,1,2
2023,2023-wimbledon-1136,M,1,4,3,Set Winner,2,1
2023,2023-wimbledon-1136,M,1,4,4,Set Winner,1,0
2023,2023-wimbledon-1136,M,1,4,1,Cumul. Set Winner,1,3
2023,2023-wimbledon-1136,M,1,4,2,Cumul. Set Winner,1,2
2023,2023-wimbledon-1136,M,1,4,3,Cumul. Set Winner,1,1
2023,2023-wimbledon-1136,M,1,4,4,Cumul. Set Winner,1,0
2023,2023-wimbledon-1136,M,1,4,1,Cumul. Unf. Error,1,3
2023,2023-wimbledon-1136,M,1,4,2,Cumul. Unf. Error,1,2
2023,2023-wimbledon-1136,M,1,4,3,Cumul. Unf. Error,2,1
2023,2023-wimbledon-1136,M,1,4,4,Cumul. Unf. Error,2,0
2023,2023-wimbledon-1136,M,1,4,1,Dynamic Model,1,3
2023,2023-wimbledon-1136,M,1,4,2,Dynamic Model,1,2
2023,2023-wimbledon-1136,M,1,4,3,Dynamic Model,1,1
2023,2023-wimbledon-1136,M,1,4,4,Dynamic Model,1,0
2023,2023-wimbledon-1137,M,2,3,1,Cumul. Point Winner,2,2
2023,2023-wimbledon-1137,M,2,3,2,Cumul. Point Winner,2,1
2023,2023-wimbledon-1137,M,2,3,3,Cumul. Point Winner,2,0
2023,2023-wimbledon-1137,M,2,3,1,Cumul. Game Winner,2,2
2023,2023-wimbledon-1137,M,2,3,2,Cumul. Game Winner,2,1
2023,2023-wimbledon-1137,M,2,3,3,Cumul. Game Winner,2,0
2023,2023-wimbledon-1137,M,2,3,1,Set Winner,2,2
2023,2023-wimbledon-1137,M,2,3,2,Set Winner,2,1
2023,2023-wimbledon-1137,M,2,3,3,Set Winner,2,0
2023,2023-wimbledon-1137,M,2,3,1,Cumul. Set Winner,2,2
2023,2023-wimbledon-1137,M,2,3,2,Cumul. Set Winner,2,1
2023,2023-wimbledon-1137,M,2,3,3,Cumul. Set Winner,2,0
2023,2023-wimbledon-1137,M,2,3,1,Cumul. Unf. Error,2,2
2023,2023-wimbledon-1137,M,2,3,2,Cumul. Unf. Error,2,1
2023,2023-wimbledon-1137,M,2,3,3,Cumul. Unf. Error,2,0
2023,2023-wimbledon-1137,M,2,3,1,Dynamic Model,2,2
2023,2023-wimbledon-1137,M,2,3,2,Dynamic Model,2,1
2023,2023-wimbledon-1137,M,2,3,3,Dynamic Model,2,0
2023,2023-wimbledon-1138,M,2,3,1,Cumul. Point Winner,2,2
2023,2023-wimbledon-1138,M,2,3,2,Cumul. Point Winner,2,1
2023,2023-wimbledon-1138,M,2,3,3,Cumul. Point Winner,2,0
2023,2023-wimbledon-1138,M,2,3,1,Cumul. Game Winner,2,2
2023,2023-wimbledon-1138,M,2,3,2,Cumul. Game Winner,2,1
2023,2023-wimbledon-1138,M,2,3,3,Cumul. Game Winner,2,0
2023,2023-wimbledon-1138,M,2,3,1,Set Winner,2,2
2023,2023-wimbledon-1138,M,2,3,2,Set Winner,2,1
2023,2023-wimbledon-1138,M,2,3,3,Set Winner,2,0
2023,2023-wimbledon-1138,M,2,3,1,Cumul. Set Winner,2,2
2023,2023-wimbledon-1138,M,2,3,2,Cumul. Set Winner,2,1
2023,2023-wimbledon-1138,M,2,3,3,Cumul. Set Winner,2,0
2023,2023-wimbledon-1138,M,2,3,1,Cumul. Unf. Error,2,2
2023,2023-wimbledon-1138,M,2,3,2,Cumul. Unf. Error,2,1
2023,2023-wimbledon-1138,M,2,3,3,Cumul. Unf. Error,2,0
2023,2023-wimbledon-1138,M,2,3,1,Dynamic Model,2,2
2023,2023-wimbledon-1138,M,2,3,2,Dynamic Model,2,1
2023,2023-wimbledon-1138,M,2,3,3,Dynamic Model,2,0
2023,2023-wimbledon-1139,M,1,3,1,Cumul. Point Winner,1,2
2023,2023-wimbledon-1139,M,1,3,2,Cumul. Point Winner,1,1
2023,2023-wimbledon-1139,M,1,3,3,Cumul. Point Winner,1,0
2023,2023-wimbledon-1139,M,1,3,1,Cumul. Game Winner,1,2
2023,2023-wimbledon-1139,M,1,3,2,Cumul. Game Winner,1,1
2023,2023-wimbledon-1139,M,1,3,3,Cumul. Game Winner,1,0
2023,2023-wimbledon-1139,M,1,3,1,Set Winner,1,2
2023,2023-wimbledon-1139,M,1,3,2,Set Winner,1,1
2023,2023-wimbledon-1139,M,1,3,3,Set Winner,1,0
2023,2023-wimbledon-1139,M,1,3,1,Cumul. Set Winner,1,2
2023,2023-wimbledon-1139,M,1,3,2,Cumul. Set Winner,1,1
2023,2023-wimbledon-1139,M,1,3,3,Cumul. Set Winner,1,0
2023,2023-wimbledon-1139,M,1,3,1,Cumul. Unf. Error,2,2
2023,2023-wimbledon-1139,M,1,3,2,Cumul. Unf. Error,2,1
2023,2023-wimbledon-1139,M,1,3,3,Cumul. Unf. Error,2,0
2023,2023-wimbledon-1139,M,1,3,1,Dynamic Model,1,2
2023,2023-wimbledon-1139,M,1,3,2,Dynamic Model,1,1
2023,2023-wimbledon-1139,M,1,3,3,Dynamic Model,1,0
2023,2023-wimbledon-1140,M,2,5,1,Cumul. Point Winner,2,4
2023,2023-wimbledon-1140,M,2,5,2,Cumul. Point Winner,1,3
2023,2023-wimbledon-1140,M,2,5,3,Cumul. Point Winner,1,2
2023,2023-wimbledon-1140,M,2,5,4,Cumul. Point Winner,1,1
2023,2023-wimbledon-1140,M,2,5,5,Cumul. Point Winner,2,0
2023,2023-wimbledon-1140,M,2,5,1,Cumul. Game Winner,2,4
2023,2023-wimbledon-1140,M,2,5,2,Cumul. Game Winner,1,3
2023,2023-wimbledon-1140,M,2,5,3,Cumul. Game Winner,1,2
2023,2023-wimbledon-1140,M,2,5,4,Cumul. Game Winner,1,1
2023,2023-wimbledon-1140,M,2,5,5,Cumul. Game Winner,2,0
2023,2023-wimbledon-1140,M,2,5,1,Set Winner,2,4
2023,2023-wimbledon-1140,M,2,5,2,Set Winner,1,3
2023,2023-wimbledon-1140,M,2,5,3,Set Winner,1,2
2023,2023-wimbledon-1140,M,2,5,4,Set Winner,2,1
2023,2023-wimbledon-1140,M,2,5,5,Set Winner,2,0
2023,2023-wimbledon-1140,M,2,5,1,Cumul. Set Winner,2,4
2023,2023-wimbledon-1140,M,2,5,2,Cumul. Set Winner,2,3
2023,2023-wimbledon-1140,M,2,5,3,Cumul. Set Winner,1,2
2023,2023-wimbledon-1140,M,2,5,4,Cumul. Set Winner,1,1
2023,2023-wimbledon-1140,M,2,5,5,Cumul. Set Winner,2,0
2023,2023-wimbledon-1140,M,2,5,1,Cumul. Unf. Error,2,4
2023,2023-wimbledon-1140,M,2,5,2,Cumul. Unf. Error,2,3
2023,2023-wimbledon-1140,M,2,5,3,Cumul. Unf. Error,2,2
2023,2023-wimbledon-1140,M,2,5,4,Cumul. Unf. Error,2,1
2023,2023-wimbledon-1140,M,2,5,5,Cumul. Unf. Error,2,0
2023,2023-wimbledon-1140,M,2,5,1,Dynamic Model,2,4
2023,2023-wimbledon-1140,M,2,5,2,Dynamic Model,1,3
2023,2023-wimbledon-1140,M,2,5,3,Dynamic Model,1,2
2023,2023-wimbledon-1140,M,2,5,4,Dynamic Model,1,1
2023,2023-wimbledon-1140,M,2,5,5,Dynamic Model,2,0
2023,2023-wimbledon-1141,M,2,5,1,Cumul. Point Winner,2,4
2023,2023-wimbledon-1141,M,2,5,2,Cumul. Point Winner,2,3
2023,2023-wimbledon-1141,M,2,5,3,Cumul. Point Winner,2,2
2023,2023-wimbledon-1141,M,2,5,4,Cumul. Point Winner,1,1
2023,2023-wimbledon-1141,M,2,5,5,Cumul. Point Winner,2,0
2023,2023-wimbledon-1141,M,2,5,1,Cumul. Game Winner,2,4
2023,2023-wimbledon-1141,M,2,5,2,Cumul. Game Winner,2,3
2023,2023-wimbledon-1141,M,2,5,3,Cumul. Game Winner,2,2
2023,2023-wimbledon-1141,M,2,5,4,Cumul. Game Winner,2,1
2023,2023-wimbledon-1141,M,2,5,5,Cumul. Game Winner,2,0
2023,2023-wimbledon-1141,M,2,5,1,Set Winner,2,4
2023,2023-wimbledon-1141,M,2,5,2,Set Winner,2,3
2023,2023-wimbledon-1141,M,2,5,3,Set Winner,1,2
2023,2023-wimbledon-1141,M,2,5,4,Set Winner,1,1
2023,2023-wimbledon-1141,M,2,5,5,Set Winner,2,0
2023,2023-wimbledon-1141,M,2,5,1,Cumul. Set Winner,2,4
2023,2023-wimbledon-1141,M,2,5,2,Cumul. Set Winner,2,3
2023,2023-wimbledon-1141,M,2,5,3,Cumul. Set Winner,2,2
2023,2023-wimbledon-1141,M,2,5,4,Cumul. Set Winner,2,1
2023,2023-wimbledon-1141,M,2,5,5,Cumul. Set Winner,2,0
2023,2023-wimbledon-1141,M,2,5,1,Cumul. Unf. Error,2,4
2023,2023-wimbledon-1141,M,2,5,2,Cumul. Unf. Error,2,3
2023,2023-wimbledon-1141,M,2,5,3,Cumul. Unf. Error,2,2
2023,2023-wimbledon-1141,M,2,5,4,Cumul. Unf. Error,2,1
2023,2023-wimbledon-1141,M,2,5,5,Cumul. Unf. Error,2,0
2023,2023-wimbledon-1141,M,2,5,1,Dynamic Model,2,4
2023,2023-wimbledon-1141,M,2,5,2,Dynamic Model,2,3
2023,2023-wimbledon-1141,M,2,5,3,Dynamic Model,2,2
2023,2023-wimbledon-1141,M,2,5,4,Dynamic Model,1,1
2023,2023-wimbledon-1141,M,2,5,5,Dynamic Model,2,0
2023,2023-wimbledon-1142,M,2,3,1,Cumul. Point Winner,2,2
2023,2023-wimbledon-1142,M,2,3,2,Cumul. Point Winner,2,1
2023,2023-wimbledon-1142,M,2,3,3,Cumul. Point Winner,2,0
2023,2023-wimbledon-1142,M,2,3,1,Cumul. Game Winner,2,2
2023,2023-wimbledon-1142,M,2,3,2,Cumul. Game Winner,2,1
2023,2023-wimbledon-1142,M,2,3,3,Cumul. Game Winner,2,0
2023,2023-wimbledon-1142,M,2,3,1,Set Winner,2,2
2023,2023-wimbledon-1142,M,2,3,2,Set Winner,2,1
2023,2023-wimbledon-1142,M,2,3,3,Set Winner,2,0
2023,2023-wimbledon-1142,M,2,3,1,Cumul. Set Winner,2,2
2023,2023-wimbledon-1142,M,2,3,2,Cumul. Set Winner,2,1
2023,2023-wimbledon-1142,M,2,3,3,Cumul. Set Winner,2,0
2023,2023-wimbledon-1142,M,2,3,1,Cumul. Unf. Error,1,2
2023,2023-wimbledon-1142,M,2,3,2,Cumul. Unf. Error,1,1
2023,2023-wimbledon-1142,M,2,3,3,Cumul. Unf. Error,1,0
2023,2023-wimbledon-1142,M,2,3,1,Dynamic Model,2,2
2023,2023-wimbledon-1142,M,2,3,2,Dynamic Model,2,1
2023,2023-wimbledon-1142,M,2,3,3,Dynamic Model,2,0
2023,2023-wimbledon-1143,M,1,3,1,Cumul. Point Winner,1,2
2023,2023-wimbledon-1143,M,1,3,2,Cumul. Point Winner,1,1
2023,2023-wimbledon-1143,M,1,3,3,Cumul. Point Winner,1,0
2023,2023-wimbledon-1143,M,1,3,1,Cumul. Game Winner,1,2
2023,2023-wimbledon-1143,M,1,3,2,Cumul. Game Winner,1,1
2023,2023-wimbledon-1143,M,1,3,3,Cumul. Game Winner,1,0
2023,2023-wimbledon-1143,M,1,3,1,Set Winner,1,2
2023,2023-wimbledon-1143,M,1,3,2,Set Winner,1,1
2023,2023-wimbledon-1143,M,1,3,3,Set Winner,1,0
2023,2023-wimbledon-1143,M,1,3,1,Cumul. Set Winner,1,2
2023,2023-wimbledon-1143,M,1,3,2,Cumul. Set Winner,1,1
2023,2023-wimbledon-1143,M,1,3,3,Cumul. Set Winner,1,0
2023,2023-wimbledon-1143,M,1,3,1,Cumul. Unf. Error,1,2
2023,2023-wimbledon-1143,M,1,3,2,Cumul. Unf. Error,1,1
2023,2023-wimbledon-1143,M,1,3,3,Cumul. Unf. Error,1,0
2023,2023-wimbledon-1143,M,1,3,1,Dynamic Model,1,2
2023,2023-wimbledon-1143,M,1,3,2,Dynamic Model,1,1
2023,2023-wimbledon-1143,M,1,3,3,Dynamic Model,1,0
2023,2023-wimbledon-1144,M,1,5,1,Cumul. Point Winner,2,4
2023,2023-wimbledon-1144,M,1,5,2,Cumul. Point Winner,2,3
2023,2023-wimbledon-1144,M,1,5,3,Cumul. Point Winner,2,2
2023,2023-wimbledon-1144,M,1,5,4,Cumul. Point Winner,1,1
2023,2023-wimbledon-1144,M,1,5,5,Cumul. Point Winner,1,0
2023,2023-wimbledon-1144,M,1,5,1,Cumul. Game Winner,2,4
2023,2023-wimbledon-1144,M,1,5,2,Cumul. Game Winner,2,3
2023,2023-wimbledon-1144,M,1,5,3,Cumul. Game Winner,2,2
2023,2023-wimbledon-1144,M,1,5,4,Cumul. Game Winner,2,1
2023,2023-wimbledon-1144,M,1,5,5,Cumul. Game Winner,2,0
2023,2023-wimbledon-1144,M,1,5,1,Set Winner,2,4
2023,2023-wimbledon-1144,M,1,5,2,Set Winner,1,3
2023,2023-wimbledon-1144,M,1,5,3,Set Winner,2,2
2023,2023-wimbledon-1144,M,1,5,4,Set Winner,1,1
2023,2023-wimbledon-1144,M,1,5,5,Set Winner,1,0
2023,2023-wimbledon-1144,M,1,5,1,Cumul. Set Winner,2,4
2023,2023-wimbledon-1144,M,1,5,2,Cumul. Set Winner,2,3
2023,2023-wimbledon-1144,M,1,5,3,Cumul. Set Winner,2,2
2023,2023-wimbledon-1144,M,1,5,4,Cumul. Set Winner,2,1
2023,2023-wimbledon-1144,M,1,5,5,Cumul. Set Winner,1,0
2023,2023-wimbledon-1144,M,1,5,1,Cumul. Unf. Error,2,4
2023,2023-wimbledon-1144,M,1,5,2,Cumul. Unf. Error,2,3
2023,2023-wimbledon-1144,M,1,5,3,Cumul. Unf. Error,2,2
2023,2023-wimbledon-1144,M,1,5,4,Cumul. Unf. Error,2,1
2023,2023-wimbledon-1144,M,1,5,5,Cumul. Unf. Error,2,0
2023,2023-wimbledon-1144,M,1,5,1,Dynamic Model,2,4
2023,2023-wimbledon-1144,M,1,5,2,Dynamic Model,2,3
2023,2023-wimbledon-1144,M,1,5,3,Dynamic Model,2,2
2023,2023-wimbledon-1144,M,1,5,4,Dynamic Model,2,1
2023,2023-wimbledon-1144,M,1,5,5,Dynamic Model,1,0
2023,2023-wimbledon-1145,M,1,4,1,Cumul. Point Winner,2,3
2023,2023-wimbledon-1145,M,1,4,2,Cumul. Point Winner,1,2
2023,2023-wimbledon-1145,M,1,4,3,Cumul. Point Winner,1,1
2023,2023-wimbledon-1145,M,1,4,4,Cumul. Point Winner,1,0
2023,2023-wimbledon-1145,M,1,4,1,Cumul. Game Winner,2,3
2023,2023-wimbledon-1145,M,1,4,2,Cumul. Game Winner,2,2
2023,2023-wimbledon-1145,M,1,4,3,Cumul. Game Winner,1,1
2023,2023-wimbledon-1145,M,1,4,4,Cumul. Game Winner,1,0
2023,2023-wimbledon-1145,M,1,4,1,Set Winner,2,3
2023,2023-wimbledon-1145,M,1,4,2,Set Winner,1,2
2023,2023-wimbledon-1145,M,1,4,3,Set Winner,1,1
2023,2023-wimbledon-1145,M,1,4,4,Set Winner,1,0
2023,2023-wimbledon-1145,M,1,4,1,Cumul. Set Winner,2,3
2023,2023-wimbledon-1145,M,1,4,2,Cumul. Set Winner,2,2
2023,2023-wimbledon-1145,M,1,4,3,Cumul. Set Winner,1,1
2023,2023-wimbledon-1145,M,1,4,4,Cumul. Set Winner,1,0
2023,2023-wimbledon-1145,M,1,4,1,Cumul. Unf. Error,2,3
2023,2023-wimbledon-1145,M,1,4,2,Cumul. Unf. Error,2,2
2023,2023-wimbledon-1145,M,1,4,3,Cumul. Unf. Error,2,1
2023,2023-wimbledon-1145,M,1,4,4,Cumul. Unf. Error,2,0
2023,2023-wimbledon-1145,M,1,4,1,Dynamic Model,2,3
2023,2023-wimbledon-1145,M,1,4,2,Dynamic Model,2,2
2023,2023-wimbledon-1145,M,1,4,3,Dynamic Model,1,1
2023,2023-wimbledon-1145,M,1,4,4,Dynamic Model,1,0
2023,2023-wimbledon-1146,M,2,4,1,Cumul. Point Winner,2,3
2023,2023-wimbledon-1146,M,2,4,2,Cumul. Point Winner,2,2
2023,2023-wimbledon-1146,M,2,4,3,Cumul. Point Winner,2,1
2023,2023-wimbledon-1146,M,2,4,4,Cumul. Point Winner,2,0
2023,2023-wimbledon-1146,M,2,4,1,Cumul. Game Winner,2,3
2023,2023-wimbledon-1146,M,2,4,2,Cumul. Game Winner,2,2
2023,2023-wimbledon-1146,M,2,4,3,Cumul. Game Winner,2,1
2023,2023-wimbledon-1146,M,2,4,4,Cumul. Game Winner,2,0
2023,2023-wimbledon-1146,M,2,4,1,Set Winner,2,3
2023,2023-wimbledon-1146,M,2,4,2,Set Winner,1,2
2023,2023-wimbledon-1146,M,2,4,3,Set Winner,2,1
2023,2023-wimbledon-1146,M,2,4,4,Set Winner,2,0
2023,2023-wimbledon-1146,M,2,4,1,Cumul. Set Winner,2,3
2023,2023-wimbledon-1146,M,2,4,2,Cumul. Set Winner,2,2
2023,2023-wimbledon-1146,M,2,4,3,Cumul. Set Winner,2,1
2023,2023-wimbledon-1146,M,2,4,4,Cumul. Set Winner,2,0
2023,2023-wimbledon-1146,M,2,4,1,Cumul. Unf. Error,1,3
2023,2023-wimbledon-1146,M,2,4,2,Cumul. Unf. Error,2,2
2023,2023-wimbledon-1146,M,2,4,3,Cumul. Unf. Error,2,1
2023,2023-wimbledon-1146,M,2,4,4,Cumul. Unf. Error,2,0
2023,2023-wimbledon-1146,M,2,4,1,Dynamic Model,2,3
2023,2023-wimbledon-1146,M,2,4,2,Dynamic Model,2,2
2023,2023-wimbledon-1146,M,2,4,3,Dynamic Model,2,1
2023,2023-wimbledon-1146,M,2,4,4,Dynamic Model,2,0
2023,2023-wimbledon-1147,M,1,3,1,Cumul. Point Winner,1,2
2023,2023-wimbledon-1147,M,1,3,2,Cumul. Point Winner,1,1
2023,2023-wimbledon-1147,M,1,3,3,Cumul. Point Winner,1,0
2023,2023-wimbledon-1147,M,1,3,1,Cumul. Game Winner,1,2
2023,2023-wimbledon-1147,M,1,3,2,Cumul. Game Winner,1,1
2023,2023-wimbledon-1147,M,1,3,3,Cumul. Game Winner,1,0
2023,2023-wimbledon-1147,M,1,3,1,Set Winner,1,2
2023,2023-wimbledon-1147,M,1,3,2,Set Winner,1,1
2023,2023-wimbledon-1147,M,1,3,3,Set Winner,1,0
2023,2023-wimbledon-1147,M,1,3,1,Cumul. Set Winner,1,2
2023,2023-wimbledon-1147,M,1,3,2,Cumul. Set Winner,1,1
2023,2023-wimbledon-1147,M,1,3,3,Cumul. Set Winner,1,0
2023,2023-wimbledon-1147,M,1,3,1,Cumul. Unf. Error,1,2
2023,2023-wimbledon-1147,M,1,3,2,Cumul. Unf. Error,1,1
2023,2023-wimbledon-1147,M,1,3,3,Cumul. Unf. Error,1,0
2023,2023-wimbledon-1147,M,1,3,1,Dynamic Model,1,2
2023,2023-wimbledon-1147,M,1,3,2,Dynamic Model,1,1
2023,2023-wimbledon-1147,M,1,3,3,Dynamic Model,1,0
2023,2023-wimbledon-1148,M,2,4,1,Cumul. Point Winner,2,3
2023,2023-wimbledon-1148,M,2,4,2,Cumul. Point Winner,2,2
2023,2023-wimbledon-1148,M,2,4,3,Cumul. Point Winner,2,1
2023,2023-wimbledon-1148,M,2,4,4,Cumul. Point Winner,2,0
2023,2023-wimbledon-1148,M,2,4,1,Cumul. Game Winner,2,3
2023,2023-wimbledon-1148,M,2,4,2,Cumul. Game Winner,2,2
2023,2023-wimbledon-1148,M,2,4,3,Cumul. Game Winner,2,1
2023,2023-wimbledon-1148,M,2,4,4,Cumul. Game Winner,2,0
2023,2023-wimbledon-1148,M,2,4,1,Set Winner,2,3
2023,2023-wimbledon-1148,M,2,4,2,Set Winner,1,2
2023,2023-wimbledon-1148,M,2,4,3,Set Winner,2,1
2023,2023-wimbledon-1148,M,2,4,4,Set Winner,2,0
2023,2023-wimbledon-1148,M,2,4,1,Cumul. Set Winner,2,3
2023,2023-wimbledon-1148,M,2,4,2,Cumul. Set Winner,2,2
2023,2023-wimbledon-1148,M,2,4,3,Cumul. Set Winner,2,1
2023,2023-wimbledon-1148,M,2,4,4,Cumul. Set Winner,2,0
2023,2023-wimbledon-1148,M,2,4,1,Cumul. Unf. Error,2,3
2023,2023-wimbledon-1148,M,2,4,2,Cumul. Unf. Error,2,2
2023,2023-wimbledon-1148,M,2,4,3,Cumul. Unf. Error,2,1
2023,2023-wimbledon-1148,M,2,4,4,Cumul. Unf. Error,2,0
2023,2023-wimbledon-1148,M,2,4,1,Dynamic Model,2,3
2023,2023-wimbledon-1148,M,2,4,2,Dynamic Model,2,2
2023,2023-wimbledon-1148,M,2,4,3,Dynamic Model,2,1
2023,2023-wimbledon-1148,M,2,4,4,Dynamic Model,2,0
2023,2023-wimbledon-1149,M,1,3,1,Cumul. Point Winner,1,2
2023,2023-wimbledon-1149,M,1,3,2,Cumul. Point Winner,1,1
2023,2023-wimbledon-1149,M,1,3,3,Cumul. Point Winner,1,0
2023,2023-wimbledon-1149,M,1,3,1,Cumul. Game Winner,1,2
2023,2023-wimbledon-1149,M,1,3,2,Cumul. Game Winner,1,1
2023,2023-wimbledon-1149,M,1,3,3,Cumul. Game Winner,1,0
2023,2023-wimbledon-1149,M,1,3,1,Set Winner,1,2
2023,2023-wimbledon-1149,M,1,3,2,Set Winner,1,1
2023,2023-wimbledon-1149,M,1,3,3,Set Winner,1,0
2023,2023-wimbledon-1149,M,1,3,1,Cumul. Set Winner,1,2
2023,2023-wimbledon-1149,M,1,3,2,Cumul. Set Winner,1,1
2023,2023-wimbledon-1149,M,1,3,3,Cumul. Set Winner,1,0
2023,2023-wimbledon-1149,M,1,3,1,Cumul. Unf. Error,2,2
2023,2023-wimbledon-1149,M,1,3,2,Cumul. Unf. Error,2,1
2023,2023-wimbledon-1149,M,1,3,3,Cumul. Unf. Error,2,0
2023,2023-wimbledon-1149,M,1,3,1,Dynamic Model,1,2
2023,2023-wimbledon-1149,M,1,3,2,Dynamic Model,1,1
2023,2023-wimbledon-1149,M,1,3,3,Dynamic Model,1,0
2023,2023-wimbledon-1150,M,2,4,1,Cumul. Point Winner,1,3
2023,2023-wimbledon-1150,M,2,4,2,Cumul. Point Winner,1,2
2023,2023-wimbledon-1150,M,2,4,3,Cumul. Point Winner,2,1
2023,2023-wimbledon-1150,M,2,4,4,Cumul. Point Winner,2,0
2023,2023-wimbledon-1150,M,2,4,1,Cumul. Game Winner,1,3
2023,2023-wimbledon-1150,M,2,4,2,Cumul. Game Winner,2,2
2023,2023-wimbledon-1150,M,2,4,3,Cumul. Game Winner,2,1
2023,2023-wimbledon-1150,M,2,4,4,Cumul. Game Winner,2,0
2023,2023-wimbledon-1150,M,2,4,1,Set Winner,1,3
2023,2023-wimbledon-1150,M,2,4,2,Set Winner,2,2
2023,2023-wimbledon-1150,M,2,4,3,Set Winner,2,1
2023,2023-wimbledon-1150,M,2,4,4,Set Winner,2,0
2023,2023-wimbledon-1150,M,2,4,1,Cumul. Set Winner,1,3
2023,2023-wimbledon-1150,M,2,4,2,Cumul. Set Winner,1,2
2023,2023-wimbledon-1150,M,2,4,3,Cumul. Set Winner,2,1
2023,2023-wimbledon-1150,M,2,4,4,Cumul. Set Winner,2,0
2023,2023-wimbledon-1150,M,2,4,1,Cumul. Unf. Error,1,3
2023,2023-wimbledon-1150,M,2,4,2,Cumul. Unf. Error,1,2
2023,2023-wimbledon-1150,M,2,4,3,Cumul. Unf. Error,1,1
2023,2023-wimbledon-1150,M,2,4,4,Cumul. Unf. Error,1,0
2023,2023-wimbledon-1150,M,2,4,1,Dynamic Model,1,3
2023,2023-wimbledon-1150,M,2,4,2,Dynamic Model,1,2
2023,2023-wimbledon-1150,M,2,4,3,Dynamic Model,2,1
2023,2023-wimbledon-1150,M,2,4,4,Dynamic Model,2,0
2023,2023-wimbledon-1151,M,2,4,1,Cumul. Point Winner,2,3
2023,2023-wimbledon-1151,M,2,4,2,Cumul. Point Winner,1,2
2023,2023-wimbledon-1151,M,2,4,3,Cumul. Point Winner,2,1
2023,2023-wimbledon-1151,M,2,4,4,Cumul. Point Winner,2,0
2023,2023-wimbledon-1151,M,2,4,1,Cumul. Game Winner,2,3
2023,2023-wimbledon-1151,M,2,4,2,Cumul. Game Winner,1,2
2023,2023-wimbledon-1151,M,2,4,3,Cumul. Game Winner,2,1
2023,2023-wimbledon-1151,M,2,4,4,Cumul. Game Winner,2,0
2023,2023-wimbledon-1151,M,2,4,1,Set Winner,2,3
2023,2023-wimbledon-1151,M,2,4,2,Set Winner,1,2
2023,2023-wimbledon-1151,M,2,4,3,Set Winner,2,1
2023,2023-wimbledon-1151,M,2,4,4,Set Winner,2,0
2023,2023-wimbledon-1151,M,2,4,1,Cumul. Set Winner,2,3
2023,2023-wimbledon-1151,M,2,4,2,Cumul. Set Winner,2,2
2023,2023-wimbledon-1151,M,2,4,3,Cumul. Set Winner,2,1
2023,2023-wimbledon-1151,M,2,4,4,Cumul. Set Winner,2,0
2023,2023-wimbledon-1151,M,2,4,1,Cumul. Unf. Error,2,3
2023,2023-wimbledon-1151,M,2,4,2,Cumul. Unf. Error,1,2
2023,2023-wimbledon-1151,M,2,4,3,Cumul. Unf. Error,1,1
2023,2023-wimbledon-1151,M,2,4,4,Cumul. Unf. Error,2,0
2023,2023-wimbledon-1151,M,2,4,1,Dynamic Model,2,3
2023,2023-wimbledon-1151,M,2,4,2,Dynamic Model,2,2
2023,2023-wimbledon-1151,M,2,4,3,Dynamic Model,2,1
2023,2023-wimbledon-1151,M,2,4,4,Dynamic Model,2,0
2023,2023-wimbledon-1152,M,1,4,1,Cumul. Point Winner,1,3
2023,2023-wimbledon-1152,M,1,4,2,Cumul. Point Winner,1,2
2023,2023-wimbledon-1152,M,1,4,3,Cumul. Point Winner,1,1
2023,2023-wimbledon-1152,M,1,4,4,Cumul. Point Winner,1,0
2023,2023-wimbledon-1152,M,1,4,1,Cumul. Game Winner,1,3
2023,2023-wimbledon-1152,M,1,4,2,Cumul. Game Winner,1,2
2023,2023-wimbledon-1152,M,1,4,3,Cumul. Game Winner,1,1
2023,2023-wimbledon-1152,M,1,4,4,Cumul. Game Winner,1,0
2023,2023-wimbledon-1152,M,1,4,1,Set Winner,1,3
2023,2023-wimbledon-1152,M,1,4,2,Set Winner,2,2
2023,2023-wimbledon-1152,M,1,4,3,Set Winner,1,1
2023,2023-wimbledon-1152,M,1,4,4,Set Winner,1,0
2023,2023-wimbledon-1152,M,1,4,1,Cumul. Set Winner,1,3
2023,2023-wimbledon-1152,M,1,4,2,Cumul. Set Winner,1,2
2023,2023-wimbledon-1152,M,1,4,3,Cumul. Set Winner,1,1
2023,2023-wimbledon-1152,M,1,4,4,Cumul. Set Winner,1,0
2023,2023-wimbledon-1152,M,1,4,1,Cumul. Unf. Error,1,3
2023,2023-wimbledon-1152,M,1,4,2,Cumul. Unf. Error,1,2
2023,2023-wimbledon-1152,M,1,4,3,Cumul. Unf. Error,1,1
2023,2023-wimbledon-1152,M,1,4,4,Cumul. Unf. Error,1,0
2023,2023-wimbledon-1152,M,1,4,1,Dynamic Model,1,3
2023,2023-wimbledon-1152,M,1,4,2,Dynamic Model,1,2
2023,2023-wimbledon-1152,M,1,4,3,Dynamic Model,1,1
2023,2023-wimbledon-1152,M,1,4,4,Dynamic Model,1,0
2023,2023-wimbledon-1153,M,1,4,1,Cumul. Point Winner,2,3
2023,2023-wimbledon-1153,M,1,4,2,Cumul. Point Winner,2,2
2023,2023-wimbledon-1153,M,1,4,3,Cumul. Point Winner,1,1
2023,2023-wimbledon-1153,M,1,4,4,Cumul. Point Winner,1,0
2023,2023-wimbledon-1153,M,1,4,1,Cumul. Game Winner,2,3
2023,2023-wimbledon-1153,M,1,4,2,Cumul. Game Winner,1,2
2023,2023-wimbledon-1153,M,1,4,3,Cumul. Game Winner,1,1
2023,2023-wimbledon-1153,M,1,4,4,Cumul. Game Winner,1,0
2023,2023-wimbledon-1153,M,1,4,1,Set Winner,2,3
2023,2023-wimbledon-1153,M,1,4,2,Set Winner,1,2
2023,2023-wimbledon-1153,M,1,4,3,Set Winner,1,1
2023,2023-wimbledon-1153,M,1,4,4,Set Winner,1,0
2023,2023-wimbledon-1153,M,1,4,1,Cumul. Set Winner,2,3
2023,2023-wimbledon-1153,M,1,4,2,Cumul. Set Winner,2,2
2023,2023-wimbledon-1153,M,1,4,3,Cumul. Set Winner,1,1
2023,2023-wimbledon-1153,M,1,4,4,Cumul. Set Winner,1,0
2023,2023-wimbledon-1153,M,1,4,1,Cumul. Unf. Error,2,3
2023,2023-wimbledon-1153,M,1,4,2,Cumul. Unf. Error,2,2
2023,2023-wimbledon-1153,M,1,4,3,Cumul. Unf. Error,2,1
2023,2023-wimbledon-1153,M,1,4,4,Cumul. Unf. Error,2,0
2023,2023-wimbledon-1153,M,1,4,1,Dynamic Model,2,3
2023,2023-wimbledon-1153,M,1,4,2,Dynamic Model,2,2
2023,2023-wimbledon-1153,M,1,4,3,Dynamic Model,1,1
2023,2023-wimbledon-1153,M,1,4,4,Dynamic Model,1,0
2023,2023-wimbledon-1154,M,1,3,1,Cumul. Point Winner,1,2
2023,2023-wimbledon-1154,M,1,3,2,Cumul. Point Winner,1,1
2023,2023-wimbledon-1154,M,1,3,3,Cumul. Point Winner,1,0
2023,2023-wimbledon-1154,M,1,3,1,Cumul. Game Winner,1,2
2023,2023-wimbledon-1154,M,1,3,2,Cumul. Game Winner,1,1
2023,2023-wimbledon-1154,M,1,3,3,Cumul. Game Winner,1,0
2023,2023-wimbledon-1154,M,1,3,1,Set Winner,1,2
2023,2023-wimbledon-1154,M,1,3,2,Set Winner,1,1
2023,2023-wimbledon-1154,M,1,3,3,Set Winner,1,0
2023,2023-wimbledon-1154,M,1,3,1,Cumul. Set Winner,1,2
2023,2023-wimbledon-1154,M,1,3,2,Cumul. Set Winner,1,1
2023,2023-wimbledon-1154,M,1,3,3,Cumul. Set Winner,1,0
2023,2023-wimbledon-1154,M,1,3,1,Cumul. Unf. Error,1,2
2023,2023-wimbledon-1154,M,1,3,2,Cumul. Unf. Error,1,1
2023,2023-wimbledon-1154,M,1,3,3,Cumul. Unf. Error,1,0
2023,2023-wimbledon-1154,M,1,3,1,Dynamic Model,1,2
2023,2023-wimbledon-1154,M,1,3,2,Dynamic Model,1,1
2023,2023-wimbledon-1154,M,1,3,3,Dynamic Model,1,0
2023,2023-wimbledon-1155,M,1,4,1,Cumul. Point Winner,1,3
2023,2023-wimbledon-1155,M,1,4,2,Cumul. Point Winner,1,2
2023,2023-wimbledon-1155,M,1,4,3,Cumul. Point Winner,1,1
2023,2023-wimbledon-1155,M,1,4,4,Cumul. Point Winner,1,0
2023,2023-wimbledon-1155,M,1,4,1,Cumul. Game Winner,1,3
2023,2023-wimbledon-1155,M,1,4,2,Cumul. Game Winner,1,2
2023,2023-wimbledon-1155,M,1,4,3,Cumul. Game Winner,1,1
2023,2023-wimbledon-1155,M,1,4,4,Cumul. Game Winner,1,0
2023,2023-wimbledon-1155,M,1,4,1,Set Winner,1,3
2023,2023-wimbledon-1155,M,1,4,2,Set Winner,2,2
2023,2023-wimbledon-1155,M,1,4,3,Set Winner,1,1
2023,2023-wimbledon-1155,M,1,4,4,Set Winner,1,0
2023,2023-wimbledon-1155,M,1,4,1,Cumul. Set Winner,1,3
2023,2023-wimbledon-1155,M,1,4,2,Cumul. Set Winner,1,2
2023,2023-wimbledon-1155,M,1,4,3,Cumul. Set Winner,1,1
2023,2023-wimbledon-1155,M,1,4,4,Cumul. Set Winner,1,0
2023,2023-wimbledon-1155,M,1,4,1,Cumul. Unf. Error,2,3
2023,2023-wimbledon-1155,M,1,4,2,Cumul. Unf. Error,2,2
2023,2023-wimbledon-1155,M,1,4,3,Cumul. Unf. Error,1,1
2023,2023-wimbledon-1155,M,1,4,4,Cumul. Unf. Error,1,0
2023,2023-wimbledon-1155,M,1,4,1,Dynamic Model,1,3
2023,2023-wimbledon-1155,M,1,4,2,Dynamic Model,1,2
2023,2023-wimbledon-1155,M,1,4,3,Dynamic Model,1,1
2023,2023-wimbledon-1155,M,1,4,4,Dynamic Model,1,0
2023,2023-wimbledon-1156,M,1,4,1,Cumul. Point Winner,1,3
2023,2023-wimbledon-1156,M,1,4,2,Cumul. Point Winner,1,2
2023,2023-wimbledon-1156,M,1,4,3,Cumul. Point Winner,1,1
2023,2023-wimbledon-1156,M,1,4,4,Cumul. Point Winner,1,0
2023,2023-wimbledon-1156,M,1,4,1,Cumul. Game Winner,1,3
2023,2023-wimbledon-1156,M,1,4,2,Cumul. Game Winner,1,2
2023,2023-wimbledon-1156,M,1,4,3,Cumul. Game Winner,1,1
2023,2023-wimbledon-1156,M,1,4,4,Cumul. Game Winner,1,0
2023,2023-wimbledon-1156,M,1,4,1,Set Winner,1,3
2023,2023-wimbledon-1156,M,1,4,2,Set Winner,2,2
2023,2023-wimbledon-1156,M,1,4,3,Set Winner,1,1
2023,2023-wimbledon-1156,M,1,4,4,Set Winner,1,0
2023,2023-wimbledon-1156,M,1,4,1,Cumul. Set Winner,1,3
2023,2023-wimbledon-1156,M,1,4,2,Cumul. Set Winner,1,2
2023,2023-wimbledon-1156,M,1,4,3,Cumul. Set Winner,1,1
2023,2023-wimbledon-1156,M,1,4,4,Cumul. Set Winner,1,0
2023,2023-wimbledon-1156,M,1,4,1,Cumul. Unf. Error,1,3
2023,2023-wimbledon-1156,M,1,4,2,Cumul. Unf. Error,1,2
2023,2023-wimbledon-1156,M,1,4,3,Cumul. Unf. Error,1,1
2023,2023-wimbledon-1156,M,1,4,4,Cumul. Unf. Error,1,0
2023,2023-wimbledon-1156,M,1,4,1,Dynamic Model,1,3
2023,2023-wimbledon-1156,M,1,4,2,Dynamic Model,1,2
2023,2023-wimbledon-1156,M,1,4,3,Dynamic Model,1,1
2023,2023-wimbledon-1156,M,1,4,4,Dynamic Model,1,0
2023,2023-wimbledon-1157,M,1,3,1,Cumul. Point Winner,1,2
2023,2023-wimbledon-1157,M,1,3,2,Cumul. Point Winner,1,1
2023,2023-wimbledon-1157,M,1,3,3,Cumul. Point Winner,1,0
2023,2023-wimbledon-1157,M,1,3,1,Cumul. Game Winner,1,2
2023,2023-wimbledon-1157,M,1,3,2,Cumul. Game Winner,1,1
2023,2023-wimbledon-1157,M,1,3,3,Cumul. Game Winner,1,0
2023,2023-wimbledon-1157,M,1,3,1,Set Winner,1,2
2023,2023-wimbledon-1157,M,1,3,2,Set Winner,1,1
2023,2023-wimbledon-1157,M,1,3,3,Set Winner,1,0
2023,2023-wimbledon-1157,M,1,3,1,Cumul. Set Winner,1,2
2023,2023-wimbledon-1157,M,1,3,2,Cumul. Set Winner,1,1
2023,2023-wimbledon-1157,M,1,3,3,Cumul. Set Winner,1,0
2023,2023-wimbledon-1157,M,1,3,1,Cumul. Unf. Error,1,2
2023,2023-wimbledon-1157,M,1,3,2,Cumul. Unf. Error,1,1
2023,2023-wimbledon-1157,M,1,3,3,Cumul. Unf. Error,1,0
2023,2023-wimbledon-1157,M,1,3,1,Dynamic Model,1,2
2023,2023-wimbledon-1157,M,1,3,2,Dynamic Model,1,1
2023,2023-wimbledon-1157,M,1,3,3,Dynamic Model,1,0
2023,2023-wimbledon-1158,M,2,4,1,Cumul. Point Winner,1,3
2023,2023-wimbledon-1158,M,2,4,2,Cumul. Point Winner,1,2
2023,2023-wimbledon-1158,M,2,4,3,Cumul. Point Winner,2,1
2023,2023-wimbledon-1158,M,2,4,4,Cumul. Point Winner,2,0
2023,2023-wimbledon-1158,M,2,4,1,Cumul. Game Winner,1,3
2023,2023-wimbledon-1158,M,2,4,2,Cumul. Game Winner,2,2
2023,2023-wimbledon-1158,M,2,4,3,Cumul. Game Winner,2,1
2023,2023-wimbledon-1158,M,2,4,4,Cumul. Game Winner,2,0
2023,2023-wimbledon-1158,M,2,4,1,Set Winner,1,3
2023,2023-wimbledon-1158,M,2,4,2,Set Winner,2,2
2023,2023-wimbledon-1158,M,2,4,3,Set Winner,2,1
2023,2023-wimbledon-1158,M,2,4,4,Set Winner,2,0
2023,2023-wimbledon-1158,M,2,4,1,Cumul. Set Winner,1,3
2023,2023-wimbledon-1158,M,2,4,2,Cumul. Set Winner,1,2
2023,2023-wimbledon-1158,M,2,4,3,Cumul. Set Winner,2,1
2023,2023-wimbledon-1158,M,2,4,4,Cumul. Set Winner,2,0
2023,2023-wimbledon-1158,M,2,4,1,Cumul. Unf. Error,1,3
2023,2023-wimbledon-1158,M,2,4,2,Cumul. Unf. Error,1,2
2023,2023-wimbledon-1158,M,2,4,3,Cumul. Unf. Error,1,1
2023,2023-wimbledon-1158,M,2,4,4,Cumul. Unf. Error,2,0
2023,2023-wimbledon-1158,M,2,4,1,Dynamic Model,1,3
2023,2023-wimbledon-1158,M,2,4,2,Dynamic Model,1,2
2023,2023-wimbledon-1158,M,2,4,3,Dynamic Model,2,1
2023,2023-wimbledon-1158,M,2,4,4,Dynamic Model,2,0
2023,2023-wimbledon-1159,M,1,4,1,Cumul. Point Winner,2,3
2023,2023-wimbledon-1159,M,1,4,2,Cumul. Point Winner,2,2
2023,2023-wimbledon-1159,M,1,4,3,Cumul. Point Winner,1,1
2023,2023-wimbledon-1159,M,1,4,4,Cumul. Point Winner,1,0
2023,2023-wimbledon-1159,M,1,4,1,Cumul. Game Winner,2,3
2023,2023-wimbledon-1159,M,1,4,2,Cumul. Game Winner,2,2
2023,2023-wimbledon-1159,M,1,4,3,Cumul. Game Winner,1,1
2023,2023-wimbledon-1159,M,1,4,4,Cumul. Game Winner,1,0
2023,2023-wimbledon-1159,M,1,4,1,Set Winner,2,3
2023,2023-wimbledon-1159,M,1,4,2,Set Winner,1,2
2023,2023-wimbledon-1159,M,1,4,3,Set Winner,1,1
2023,2023-wimbledon-1159,M,1,4,4,Set Winner,1,0
2023,2023-wimbledon-1159,M,1,4,1,Cumul. Set Winner,2,3
2023,2023-wimbledon-1159,M,1,4,2,Cumul. Set Winner,2,2
2023,2023-wimbledon-1159,M,1,4,3,Cumul. Set Winner,1,1
2023,2023-wimbledon-1159,M,1,4,4,Cumul. Set Winner,1,0
2023,2023-wimbledon-1159,M,1,4,1,Cumul. Unf. Error,2,3
2023,2023-wimbledon-1159,M,1,4,2,Cumul. Unf. Error,2,2
2023,2023-wimbledon-1159,M,1,4,3,Cumul. Unf. Error,2,1
2023,2023-wimbledon-1159,M,1,4,4,Cumul. Unf. Error,2,0
2023,2023-wimbledon-1159,M,1,4,1,Dynamic Model,2,3
2023,2023-wimbledon-1159,M,1,4,2,Dynamic Model,2,2
2023,2023-wimbledon-1159,M,1,4,3,Dynamic Model,1,1
2023,2023-wimbledon-1159,M,1,4,4,Dynamic Model,1,0
2023,2023-wimbledon-1160,M,2,3,1,Cumul. Point Winner,2,2
2023,2023-wimbledon-1160,M,2,3,2,Cumul. Point Winner,2,1
2023,2023-wimbledon-1160,M,2,3,3,Cumul. Point Winner,2,0
2023,2023-wimbledon-1160,M,2,3,1,Cumul. Game Winner,2,2
2023,2023-wimbledon-1160,M,2,3,2,Cumul. Game Winner,2,1
2023,2023-wimbledon-1160,M,2,3,3,Cumul. Game Winner,2,0
2023,2023-wimbledon-1160,M,2,3,1,Set Winner,2,2
2023,2023-wimbledon-1160,M,2,3,2,Set Winner,2,1
2023,2023-wimbledon-1160,M,2,3,3,Set Winner,2,0
2023,2023-wimbledon-1160,M,2,3,1,Cumul. Set Winner,2,2
2023,2023-wimbledon-1160,M,2,3,2,Cumul. Set Winner,2,1
2023,2023-wimbledon-1160,M,2,3,3,Cumul. Set Winner,2,0
2023,2023-wimbledon-1160,M,2,3,1,Cumul. Unf. Error,2,2
2023,2023-wimbledon-1160,M,2,3,2,Cumul. Unf. Error,2,1
2023,2023-wimbledon-1160,M,2,3,3,Cumul. Unf. Error,2,0
2023,2023-wimbledon-1160,M,2,3,1,Dynamic Model,2,2
2023,2023-wimbledon-1160,M,2,3,2,Dynamic Model,2,1
2023,2023-wimbledon-1160,M,2,3,3,Dynamic Model,2,0
2023,2023-wimbledon-1161,M,1,5,1,Cumul. Point Winner,1,4
2023,2023-wimbledon-1161,M,1,5,2,Cumul. Point Winner,2,3
2023,2023-wimbledon-1161,M,1,5,3,Cumul. Point Winner,1,2
2023,2023-wimbledon-1161,M,1,5,4,Cumul. Point Winner,1,1
2023,2023-wimbledon-1161,M,1,5,5,Cumul. Point Winner,1,0
2023,2023-wimbledon-1161,M,1,5,1,Cumul. Game Winner,2,4
2023,2023-wimbledon-1161,M,1,5,2,Cumul. Game Winner,2,3
2023,2023-wimbledon-1161,M,1,5,3,Cumul. Game Winner,2,2
2023,2023-wimbledon-1161,M,1,5,4,Cumul. Game Winner,1,1
2023,2023-wimbledon-1161,M,1,5,5,Cumul. Game Winner,1,0
2023,2023-wimbledon-1161,M,1,5,1,Set Winner,2,4
2023,2023-wimbledon-1161,M,1,5,2,Set Winner,2,3
2023,2023-wimbledon-1161,M,1,5,3,Set Winner,1,2
2023,2023-wimbledon-1161,M,1,5,4,Set Winner,1,1
2023,2023-wimbledon-1161,M,1,5,5,Set Winner,1,0
2023,2023-wimbledon-1161,M,1,5,1,Cumul. Set Winner,2,4
2023,2023-wimbledon-1161,M,1,5,2,Cumul. Set Winner,2,3
2023,2023-wimbledon-1161,M,1,5,3,Cumul. Set Winner,2,2
2023,2023-wimbledon-1161,M,1,5,4,Cumul. Set Winner,2,1
2023,2023-wimbledon-1161,M,1,5,5,Cumul. Set Winner,1,0
2023,2023-wimbledon-1161,M,1,5,1,Cumul. Unf. Error,2,4
2023,2023-wimbledon-1161,M,1,5,2,Cumul. Unf. Error,2,3
2023,2023-wimbledon-1161,M,1,5,3,Cumul. Unf. Error,2,2
2023,2023-wimbledon-1161,M,1,5,4,Cumul. Unf. Error,2,1
2023,2023-wimbledon-1161,M,1,5,5,Cumul. Unf. Error,2,0
2023,2023-wimbledon-1161,M,1,5,1,Dynamic Model,2,4
2023,2023-wimbledon-1161,M,1,5,2,Dynamic Model,2,3
2023,2023-wimbledon-1161,M,1,5,3,Dynamic Model,2,2
2023,2023-wimbledon-1161,M,1,5,4,Dynamic Model,2,1
2023,2023-wimbledon-1161,M,1,5,5,Dynamic Model,2,0
2023,2023-wimbledon-1162,M,2,3,1,Cumul. Point Winner,2,2
2023,2023-wimbledon-1162,M,2,3,2,Cumul. Point Winner,2,1
2023,2023-wimbledon-1162,M,2,3,3,Cumul. Point Winner,2,0
2023,2023-wimbledon-1162,M,2,3,1,Cumul. Game Winner,2,2
2023,2023-wimbledon-1162,M,2,3,2,Cumul. Game Winner,2,1
2023,2023-wimbledon-1162,M,2,3,3,Cumul. Game Winner,2,0
2023,2023-wimbledon-1162,M,2,3,1,Set Winner,2,2
2023,2023-wimbledon-1162,M,2,3,2,Set Winner,2,1
2023,2023-wimbledon-1162,M,2,3,3,Set Winner,2,0
2023,2023-wimbledon-1162,M,2,3,1,Cumul. Set Winner,2,2
2023,2023-wimbledon-1162,M,2,3,2,Cumul. Set Winner,2,1
2023,2023-wimbledon-1162,M,2,3,3,Cumul. Set Winner,2,0
2023,2023-wimbledon-1162,M,2,3,1,Cumul. Unf. Error,2,2
2023,2023-wimbledon-1162,M,2,3,2,Cumul. Unf. Error,2,1
2023,2023-wimbledon-1162,M,2,3,3,Cumul. Unf. Error,2,0
2023,2023-wimbledon-1162,M,2,3,1,Dynamic Model,2,2
2023,2023-wimbledon-1162,M,2,3,2,Dynamic Model,2,1
2023,2023-wimbledon-1162,M,2,3,3,Dynamic Model,2,0
2023,2023-wimbledon-1163,M,1,5,1,Cumul. Point Winner,2,4
2023,2023-wimbledon-1163,M,1,5,2,Cumul. Point Winner,2,3
2023,2023-wimbledon-1163,M,1,5,3,Cumul. Point Winner,2,2
2023,2023-wimbledon-1163,M,1,5,4,Cumul. Point Winner,2,1
2023,2023-wimbledon-1163,M,1,5,5,Cumul. Point Winner,2,0
2023,2023-wimbledon-1163,M,1,5,1,Cumul. Game Winner,2,4
2023,2023-wimbledon-1163,M,1,5,2,Cumul. Game Winner,2,3
2023,2023-wimbledon-1163,M,1,5,3,Cumul. Game Winner,2,2
2023,2023-wimbledon-1163,M,1,5,4,Cumul. Game Winner,2,1
2023,2023-wimbledon-1163,M,1,5,5,Cumul. Game Winner,2,0
2023,2023-wimbledon-1163,M,1,5,1,Set Winner,2,4
2023,2023-wimbledon-1163,M,1,5,2,Set Winner,2,3
2023,2023-wimbledon-1163,M,1,5,3,Set Winner,1,2
2023,2023-wimbledon-1163,M,1,5,4,Set Winner,1,1
2023,2023-wimbledon-1163,M,1,5,5,Set Winner,1,0
2023,2023-wimbledon-1163,M,1,5,1,Cumul. Set Winner,2,4
2023,2023-wimbledon-1163,M,1,5,2,Cumul. Set Winner,2,3
2023,2023-wimbledon-1163,M,1,5,3,Cumul. Set Winner,2,2
2023,2023-wimbledon-1163,M,1,5,4,Cumul. Set Winner,2,1
2023,2023-wimbledon-1163,M,1,5,5,Cumul. Set Winner,1,0
2023,2023-wimbledon-1163,M,1,5,1,Cumul. Unf. Error,2,4
2023,2023-wimbledon-1163,M,1,5,2,Cumul. Unf. Error,2,3
2023,2023-wimbledon-1163,M,1,5,3,Cumul. Unf. Error,2,2
2023,2023-wimbledon-1163,M,1,5,4,Cumul. Unf. Error,2,1
2023,2023-wimbledon-1163,M,1,5,5,Cumul. Unf. Error,2,0
2023,2023-wimbledon-1163,M,1,5,1,Dynamic Model,2,4
2023,2023-wimbledon-1163,M,1,5,2,Dynamic Model,2,3
2023,2023-wimbledon-1163,M,1,5,3,Dynamic Model,2,2
2023,2023-wimbledon-1163,M,1,5,4,Dynamic Model,2,1
2023,2023-wimbledon-1163,M,1,5,5,Dynamic Model,1,0
2023,2023-wimbledon-1164,M,2,3,1,Cumul. Point Winner,2,2
2023,2023-wimbledon-1164,M,2,3,2,Cumul. Point Winner,2,1
2023,2023-wimbledon-1164,M,2,3,3,Cumul. Point Winner,2,0
2023,2023-wimbledon-1164,M,2,3,1,Cumul. Game Winner,2,2
2023,2023-wimbledon-1164,M,2,3,2,Cumul. Game Winner,2,1
2023,2023-wimbledon-1164,M,2,3,3,Cumul. Game Winner,2,0
2023,2023-wimbledon-1164,M,2,3,1,Set Winner,2,2
2023,2023-wimbledon-1164,M,2,3,2,Set Winner,2,1
2023,2023-wimbledon-1164,M,2,3,3,Set Winner,2,0
2023,2023-wimbledon-1164,M,2,3,1,Cumul. Set Winner,2,2
2023,2023-wimbledon-1164,M,2,3,2,Cumul. Set Winner,2,1
2023,2023-wimbledon-1164,M,2,3,3,Cumul. Set Winner,2,0
2023,2023-wimbledon-1164,M,2,3,1,Cumul. Unf. Error,2,2
2023,2023-wimbledon-1164,M,2,3,2,Cumul. Unf. Error,2,1
2023,2023-wimbledon-1164,M,2,3,3,Cumul. Unf. Error,2,0
2023,2023-wimbledon-1164,M,2,3,1,Dynamic Model,2,2
2023,2023-wimbledon-1164,M,2,3,2,Dynamic Model,2,1
2023,2023-wimbledon-1164,M,2,3,3,Dynamic Model,2,0
2023,2023-wimbledon-1201,M,1,3,1,Cumul. Point Winner,1,2
2023,2023-wimbledon-1201,M,1,3,2,Cumul. Point Winner,1,1
2023,2023-wimbledon-1201,M,1,3,3,Cumul. Point Winner,1,0
2023,2023-wimbledon-1201,M,1,3,1,Cumul. Game Winner,1,2
2023,2023-wimbledon-1201,M,1,3,2,Cumul. Game Winner,1,1
2023,2023-wimbledon-1201,M,1,3,3,Cumul. Game Winner,1,0
2023,2023-wimbledon-1201,M,1,3,1,Set Winner,1,2
2023,2023-wimbledon-1201,M,1,3,2,Set Winner,1,1
2023,2023-wimbledon-1201,M,1,3,3,Set Winner,1,0
2023,2023-wimbledon-1201,M,1,3,1,Cumul. Set Winner,1,2
2023,2023-wimbledon-1201,M,1,3,2,Cumul. Set Winner,1,1
2023,2023-wimbledon-1201,M,1,3,3,Cumul. Set Winner,1,0
2023,2023-wimbledon-1201,M,1,3,1,Cumul. Unf. Error,2,2
2023,2023-wimbledon-1201,M,1,3,2,Cumul. Unf. Error,2,1
2023,2023-wimbledon-1201,M,1,3,3,Cumul. Unf. Error,2,0
2023,2023-wimbledon-1201,M,1,3,1,Dynamic Model,1,2
2023,2023-wimbledon-1201,M,1,3,2,Dynamic Model,1,1
2023,2023-wimbledon-1201,M,1,3,3,Dynamic Model,1,0
2023,2023-wimbledon-1202,M,2,4,1,Cumul. Point Winner,2,3
2023,2023-wimbledon-1202,M,2,4,2,Cumul. Point Winner,2,2
2023,2023-wimbledon-1202,M,2,4,3,Cumul. Point Winner,2,1
2023,2023-wimbledon-1202,M,2,4,4,Cumul. Point Winner,2,0
2023,2023-wimbledon-1202,M,2,4,1,Cumul. Game Winner,2,3
2023,2023-wimbledon-1202,M,2,4,2,Cumul. Game Winner,2,2
2023,2023-wimbledon-1202,M,2,4,3,Cumul. Game Winner,2,1
2023,2023-wimbledon-1202,M,2,4,4,Cumul. Game Winner,2,0
2023,2023-wimbledon-1202,M,2,4,1,Set Winner,2,3
2023,2023-wimbledon-1202,M,2,4,2,Set Winner,1,2
2023,2023-wimbledon-1202,M,2,4,3,Set Winner,2,1
2023,2023-wimbledon-1202,M,2,4,4,Set Winner,2,0
2023,2023-wimbledon-1202,M,2,4,1,Cumul. Set Winner,2,3
2023,2023-wimbledon-1202,M,2,4,2,Cumul. Set Winner,2,2
2023,2023-wimbledon-1202,M,2,4,3,Cumul. Set Winner,2,1
2023,2023-wimbledon-1202,M,2,4,4,Cumul. Set Winner,2,0
2023,2023-wimbledon-1202,M,2,4,1,Cumul. Unf. Error,2,3
2023,2023-wimbledon-1202,M,2,4,2,Cumul. Unf. Error,2,2
2023,2023-wimbledon-1202,M,2,4,3,Cumul. Unf. Error,2,1
2023,2023-wimbledon-1202,M,2,4,4,Cumul. Unf. Error,2,0
2023,2023-wimbledon-1202,M,2,4,1,Dynamic Model,2,3
2023,2023-wimbledon-1202,M,2,4,2,Dynamic Model,2,2
2023,2023-wimbledon-1202,M,2,4,3,Dynamic Model,2,1
2023,2023-wimbledon-1202,M,2,4,4,Dynamic Model,2,0
2023,2023-wimbledon-1203,M,1,4,1,Cumul. Point Winner,1,3
2023,2023-wimbledon-1203,M,1,4,2,Cumul. Point Winner,2,2
2023,2023-wimbledon-1203,M,1,4,3,Cumul. Point Winner,1,1
2023,2023-wimbledon-1203,M,1,4,4,Cumul. Point Winner,1,0
2023,2023-wimbledon-1203,M,1,4,1,Cumul. Game Winner,1,3
2023,2023-wimbledon-1203,M,1,4,2,Cumul. Game Winner,1,2
2023,2023-wimbledon-1203,M,1,4,3,Cumul. Game Winner,1,1
2023,2023-wimbledon-1203,M,1,4,4,Cumul. Game Winner,1,0
2023,2023-wimbledon-1203,M,1,4,1,Set Winner,1,3
2023,2023-wimbledon-1203,M,1,4,2,Set Winner,2,2
2023,2023-wimbledon-1203,M,1,4,3,Set Winner,1,1
2023,2023-wimbledon-1203,M,1,4,4,Set Winner,1,0
2023,2023-wimbledon-1203,M,1,4,1,Cumul. Set Winner,1,3
2023,2023-wimbledon-1203,M,1,4,2,Cumul. Set Winner,1,2
2023,2023-wimbledon-1203,M,1,4,3,Cumul. Set Winner,1,1
2023,2023-wimbledon-1203,M,1,4,4,Cumul. Set Winner,1,0
2023,2023-wimbledon-1203,M,1,4,1,Cumul. Unf. Error,1,3
2023,2023-wimbledon-1203,M,1,4,2,Cumul. Unf. Error,1,2
2023,2023-wimbledon-1203,M,1,4,3,Cumul. Unf. Error,1,1
2023,2023-wimbledon-1203,M,1,4,4,Cumul. Unf. Error,1,0
2023,2023-wimbledon-1203,M,1,4,1,Dynamic Model,1,3
2023,2023-wimbledon-1203,M,1,4,2,Dynamic Model,2,2
2023,2023-wimbledon-1203,M,1,4,3,Dynamic Model,1,1
2023,2023-wimbledon-1203,M,1,4,4,Dynamic Model,1,0
2023,2023-wimbledon-1204,M,1,3,1,Cumul. Point Winner,1,2
2023,2023-wimbledon-1204,M,1,3,2,Cumul. Point Winner,1,1
2023,2023-wimbledon-1204,M,1,3,3,Cumul. Point Winner,1,0
2023,2023-wimbledon-1204,M,1,3,1,Cumul. Game Winner,1,2
2023,2023-wimbledon-1204,M,1,3,2,Cumul. Game Winner,1,1
2023,2023-wimbledon-1204,M,1,3,3,Cumul. Game Winner,1,0
2023,2023-wimbledon-1204,M,1,3,1,Set Winner,1,2
2023,2023-wimbledon-1204,M,1,3,2,Set Winner,1,1
2023,2023-wimbledon-1204,M,1,3,3,Set Winner,1,0
2023,2023-wimbledon-1204,M,1,3,1,Cumul. Set Winner,1,2
2023,2023-wimbledon-1204,M,1,3,2,Cumul. Set Winner,1,1
2023,2023-wimbledon-1204,M,1,3,3,Cumul. Set Winner,1,0
2023,2023-wimbledon-1204,M,1,3,1,Cumul. Unf. Error,1,2
2023,2023-wimbledon-1204,M,1,3,2,Cumul. Unf. Error,2,1
2023,2023-wimbledon-1204,M,1,3,3,Cumul. Unf. Error,2,0
2023,2023-wimbledon-1204,M,1,3,1,Dynamic Model,1,2
2023,2023-wimbledon-1204,M,1,3,2,Dynamic Model,1,1
2023,2023-wimbledon-1204,M,1,3,3,Dynamic Model,1,0
2023,2023-wimbledon-1205,M,1,3,1,Cumul. Point Winner,1,2
2023,2023-wimbledon-1205,M,1,3,2,Cumul. Point Winner,1,1
2023,2023-wimbledon-1205,M,1,3,3,Cumul. Point Winner,1,0
2023,2023-wimbledon-1205,M,1,3,1,Cumul. Game Winner,1,2
2023,2023-wimbledon-1205,M,1,3,2,Cumul. Game Winner,1,1
2023,2023-wimbledon-1205,M,1,3,3,Cumul. Game Winner,1,0
2023,2023-wimbledon-1205,M,1,3,1,Set Winner,1,2
2023,2023-wimbledon-1205,M,1,3,2,Set Winner,1,1
2023,2023-wimbledon-1205,M,1,3,3,Set Winner,1,0
2023,2023-wimbledon-1205,M,1,3,1,Cumul. Set Winner,1,2
2023,2023-wimbledon-1205,M,1,3,2,Cumul. Set Winner,1,1
2023,2023-wimbledon-1205,M,1,3,3,Cumul. Set Winner,1,0
2023,2023-wimbledon-1205,M,1,3,1,Cumul. Unf. Error,1,2
2023,2023-wimbledon-1205,M,1,3,2,Cumul. Unf. Error,1,1
2023,2023-wimbledon-1205,M,1,3,3,Cumul. Unf. Error,1,0
2023,2023-wimbledon-1205,M,1,3,1,Dynamic Model,1,2
2023,2023-wimbledon-1205,M,1,3,2,Dynamic Model,1,1
2023,2023-wimbledon-1205,M,1,3,3,Dynamic Model,1,0
2023,2023-wimbledon-1206,M,2,3,1,Cumul. Point Winner,2,2
2023,2023-wimbledon-1206,M,2,3,2,Cumul. Point Winner,2,1
2023,2023-wimbledon-1206,M,2,3,3,Cumul. Point Winner,2,0
2023,2023-wimbledon-1206,M,2,3,1,Cumul. Game Winner,2,2
2023,2023-wimbledon-1206,M,2,3,2,Cumul. Game Winner,2,1
2023,2023-wimbledon-1206,M,2,3,3,Cumul. Game Winner,2,0
2023,2023-wimbledon-1206,M,2,3,1,Set Winner,2,2
2023,2023-wimbledon-1206,M,2,3,2,Set Winner,2,1
2023,2023-wimbledon-1206,M,2,3,3,Set Winner,2,0
2023,2023-wimbledon-1206,M,2,3,1,Cumul. Set Winner,2,2
2023,2023-wimbledon-1206,M,2,3,2,Cumul. Set Winner,2,1
2023,2023-wimbledon-1206,M,2,3,3,Cumul. Set Winner,2,0
2023,2023-wimbledon-1206,M,2,3,1,Cumul. Unf. Error,2,2
2023,2023-wimbledon-1206,M,2,3,2,Cumul. Unf. Error,2,1
2023,2023-wimbledon-1206,M,2,3,3,Cumul. Unf. Error,2,0
2023,2023-wimbledon-1206,M,2,3,1,Dynamic Model,2,2
2023,2023-wimbledon-1206,M,2,3,2,Dynamic Model,2,1
2023,2023-wimbledon-1206,M,2,3,3,Dynamic Model,2,0
2023,2023-wimbledon-1207,M,1,4,1,Cumul. Point Winner,1,3
2023,2023-wimbledon-1207,M,1,4,2,Cumul. Point Winner,1,2
2023,2023-wimbledon-1207,M,1,4,3,Cumul. Point Winner,1,1
2023,2023-wimbledon-1207,M,1,4,4,Cumul. Point Winner,1,0
2023,2023-wimbledon-1207,M,1,4,1,Cumul. Game Winner,1,3
2023,2023-wimbledon-1207,M,1,4,2,Cumul. Game Winner,1,2
2023,2023-wimbledon-1207,M,1,4,3,Cumul. Game Winner,1,1
2023,2023-wimbledon-1207,M,1,4,4,Cumul. Game Winner,1,0
2023,2023-wimbledon-1207,M,1,4,1,Set Winner,1,3
2023,2023-wimbledon-1207,M,1,4,2,Set Winner,2,2
2023,2023-wimbledon-1207,M,1,4,3,Set Winner,1,1
2023,2023-wimbledon-1207,M,1,4,4,Set Winner,1,0
2023,2023-wimbledon-1207,M,1,4,1,Cumul. Set Winner,1,3
2023,2023-wimbledon-1207,M,1,4,2,Cumul. Set Winner,1,2
2023,2023-wimbledon-1207,M,1,4,3,Cumul. Set Winner,1,1
2023,2023-wimbledon-1207,M,1,4,4,Cumul. Set Winner,1,0
2023,2023-wimbledon-1207,M,1,4,1,Cumul. Unf. Error,1,3
2023,2023-wimbledon-1207,M,1,4,2,Cumul. Unf. Error,2,2
2023,2023-wimbledon-1207,M,1,4,3,Cumul. Unf. Error,2,1
2023,2023-wimbledon-1207,M,1,4,4,Cumul. Unf. Error,1,0
2023,2023-wimbledon-1207,M,1,4,1,Dynamic Model,1,3
2023,2023-wimbledon-1207,M,1,4,2,Dynamic Model,2,2
2023,2023-wimbledon-1207,M,1,4,3,Dynamic Model,1,1
2023,2023-wimbledon-1207,M,1,4,4,Dynamic Model,1,0
2023,2023-wimbledon-1208,M,2,3,1,Cumul. Point Winner,2,2
2023,2023-wimbledon-1208,M,2,3,2,Cumul. Point Winner,2,1
2023,2023-wimbledon-1208,M,2,3,3,Cumul. Point Winner,2,0
2023,2023-wimbledon-1208,M,2,3,1,Cumul. Game Winner,2,2
2023,2023-wimbledon-1208,M,2,3,2,Cumul. Game Winner,2,1
2023,2023-wimbledon-1208,M,2,3,3,Cumul. Game Winner,2,0
2023,2023-wimbledon-1208,M,2,3,1,Set Winner,2,2
2023,2023-wimbledon-1208,M,2,3,2,Set Winner,2,1
2023,2023-wimbledon-1208,M,2,3,3,Set Winner,2,0
2023,2023-wimbledon-1208,M,2,3,1,Cumul. Set Winner,2,2
2023,2023-wimbledon-1208,M,2,3,2,Cumul. Set Winner,2,1
2023,2023-wimbledon-1208,M,2,3,3,Cumul. Set Winner,2,0
2023,2023-wimbledon-1208,M,2,3,1,Cumul. Unf. Error,1,2
2023,2023-wimbledon-1208,M,2,3,2,Cumul. Unf. Error,1,1
2023,2023-wimbledon-1208,M,2,3,3,Cumul. Unf. Error,1,0
2023,2023-wimbledon-1208,M,2,3,1,Dynamic Model,2,2
2023,2023-wimbledon-1208,M,2,3,2,Dynamic Model,2,1
2023,2023-wimbledon-1208,M,2,3,3,Dynamic Model,2,0
2023,2023-wimbledon-1209,M,1,3,1,Cumul. Point Winner,1,2
2023,2023-wimbledon-1209,M,1,3,2,Cumul. Point Winner,1,1
2023,2023-wimbledon-1209,M,1,3,3,Cumul. Point Winner,1,0
2023,2023-wimbledon-1209,M,1,3,1,Cumul. Game Winner,1,2
2023,2023-wimbledon-1209,M,1,3,2,Cumul. Game Winner,1,1
2023,2023-wimbledon-1209,M,1,3,3,Cumul. Game Winner,1,0
2023,2023-wimbledon-1209,M,1,3,1,Set Winner,1,2
2023,2023-wimbledon-1209,M,1,3,2,Set Winner,1,1
2023,2023-wimbledon-1209,M,1,3,3,Set Winner,1,0
2023,2023-wimbledon-1209,M,1,3,1,Cumul. Set Winner,1,2
2023,2023-wimbledon-1209,M,1,3,2,Cumul. Set Winner,1,1
2023,2023-wimbledon-1209,M,1,3,3,Cumul. Set Winner,1,0
2023,2023-wimbledon-1209,M,1,3,1,Cumul. Unf. Error,2,2
2023,2023-wimbledon-1209,M,1,3,2,Cumul. Unf. Error,1,1
2023,2023-wimbledon-1209,M,1,3,3,Cumul. Unf. Error,1,0
2023,2023-wimbledon-1209,M,1,3,1,Dynamic Model,1,2
2023,2023-wimbledon-1209,M,1,3,2,Dynamic Model,1,1
2023,2023-wimbledon-1209,M,1,3,3,Dynamic Model,1,0
2023,2023-wimbledon-1210,M,2,4,1,Cumul. Point Winner,2,3
2023,2023-wimbledon-1210,M,2,4,2,Cumul. Point Winner,2,2
2023,2023-wimbledon-1210,M,2,4,3,Cumul. Point Winner,2,1
2023,2023-wimbledon-1210,M,2,4,4,Cumul. Point Winner,2,0
2023,2023-wimbledon-1210,M,2,4,1,Cumul. Game Winner,2,3
2023,2023-wimbledon-1210,M,2,4,2,Cumul. Game Winner,2,2
2023,2023-wimbledon-1210,M,2,4,3,Cumul. Game Winner,2,1
2023,2023-wimbledon-1210,M,2,4,4,Cumul. Game Winner,2,0
2023,2023-wimbledon-1210,M,2,4,1,Set Winner,2,3
2023,2023-wimbledon-1210,M,2,4,2,Set Winner,2,2
2023,2023-wimbledon-1210,M,2,4,3,Set Winner,1,1
2023,2023-wimbledon-1210,M,2,4,4,Set Winner,2,0
2023,2023-wimbledon-1210,M,2,4,1,Cumul. Set Winner,2,3
2023,2023-wimbledon-1210,M,2,4,2,Cumul. Set Winner,2,2
2023,2023-wimbledon-1210,M,2,4,3,Cumul. Set Winner,2,1
2023,2023-wimbledon-1210,M,2,4,4,Cumul. Set Winner,2,0
2023,2023-wimbledon-1210,M,2,4,1,Cumul. Unf. Error,1,3
2023,2023-wimbledon-1210,M,2,4,2,Cumul. Unf. Error,2,2
2023,2023-wimbledon-1210,M,2,4,3,Cumul. Unf. Error,1,1
2023,2023-wimbledon-1210,M,2,4,4,Cumul. Unf. Error,2,0
2023,2023-wimbledon-1210,M,2,4,1,Dynamic Model,2,3
2023,2023-wimbledon-1210,M,2,4,2,Dynamic Model,2,2
2023,2023-wimbledon-1210,M,2,4,3,Dynamic Model,2,1
2023,2023-wimbledon-1210,M,2,4,4,Dynamic Model,2,0
2023,2023-wimbledon-1211,M,2,3,1,Cumul. Point Winner,2,2
2023,2023-wimbledon-1211,M,2,3,2,Cumul. Point Winner,2,1
2023,2023-wimbledon-1211,M,2,3,3,Cumul. Point Winner,2,0
2023,2023-wimbledon-1211,M,2,3,1,Cumul. Game Winner,2,2
2023,2023-wimbledon-1211,M,2,3,2,Cumul. Game Winner,2,1
2023,2023-wimbledon-1211,M,2,3,3,Cumul. Game Winner,2,0
2023,2023-wimbledon-1211,M,2,3,1,Set Winner,2,2
2023,2023-wimbledon-1211,M,2,3,2,Set Winner,2,1
2023,2023-wimbledon-1211,M,2,3,3,Set Winner,2,0
2023,2023-wimbledon-1211,M,2,3,1,Cumul. Set Winner,2,2
2023,2023-wimbledon-1211,M,2,3,2,Cumul. Set Winner,2,1
2023,2023-wimbledon-1211,M,2,3,3,Cumul. Set Winner,2,0
2023,2023-wimbledon-1211,M,2,3,1,Cumul. Unf. Error,2,2
2023,2023-wimbledon-1211,M,2,3,2,Cumul. Unf. Error,2,1
2023,2023-wimbledon-1211,M,2,3,3,Cumul. Unf. Error,2,0
2023,2023-wimbledon-1211,M,2,3,1,Dynamic Model,2,2
2023,2023-wimbledon-1211,M,2,3,2,Dynamic Model,2,1
2023,2023-wimbledon-1211,M,2,3,3,Dynamic Model,2,0
2023,2023-wimbledon-1212,M,2,4,1,Cumul. Point Winner,2,3
2023,2023-wimbledon-1212,M,2,4,2,Cumul. Point Winner,2,2
2023,2023-wimbledon-1212,M,2,4,3,Cumul. Point Winner,2,1
2023,2023-wimbledon-1212,M,2,4,4,Cumul. Point Winner,2,0
2023,2023-wimbledon-1212,M,2,4,1,Cumul. Game Winner,2,3
2023,2023-wimbledon-1212,M,2,4,2,Cumul. Game Winner,2,2
2023,2023-wimbledon-1212,M,2,4,3,Cumul. Game Winner,2,1
2023,2023-wimbledon-1212,M,2,4,4,Cumul. Game Winner,2,0
2023,2023-wimbledon-1212,M,2,4,1,Set Winner,2,3
2023,2023-wimbledon-1212,M,2,4,2,Set Winner,2,2
2023,2023-wimbledon-1212,M,2,4,3,Set Winner,1,1
2023,2023-wimbledon-1212,M,2,4,4,Set Winner,2,0
2023,2023-wimbledon-1212,M,2,4,1,Cumul. Set Winner,2,3
2023,2023-wimbledon-1212,M,2,4,2,Cumul. Set Winner,2,2
2023,2023-wimbledon-1212,M,2,4,3,Cumul. Set Winner,2,1
2023,2023-wimbledon-1212,M,2,4,4,Cumul. Set Winner,2,0
2023,2023-wimbledon-1212,M,2,4,1,Cumul. Unf. Error,2,3
2023,2023-wimbledon-1212,M,2,4,2,Cumul. Unf. Error,2,2
2023,2023-wimbledon-1212,M,2,4,3,Cumul. Unf. Error,2,1
2023,2023-wimbledon-1212,M,2,4,4,Cumul. Unf. Error,2,0
2023,2023-wimbledon-1212,M,2,4,1,Dynamic Model,2,3
2023,2023-wimbledon-1212,M,2,4,2,Dynamic Model,2,2
2023,2023-wimbledon-1212,M,2,4,3,Dynamic Model,2,1
2023,2023-wimbledon-1212,M,2,4,4,Dynamic Model,2,0
2023,2023-wimbledon-1213,M,2,4,1,Cumul. Point Winner,2,3
2023,2023-wimbledon-1213,M,2,4,2,Cumul. Point Winner,2,2
2023,2023-wimbledon-1213,M,2,4,3,Cumul. Point Winner,2,1
2023,2023-wimbledon-1213,M,2,4,4,Cumul. Point Winner,2,0
2023,2023-wimbledon-1213,M,2,4,1,Cumul. Game Winner,2,3
2023,2023-wimbledon-1213,M,2,4,2,Cumul. Game Winner,2,2
2023,2023-wimbledon-1213,M,2,4,3,Cumul. Game Winner,2,1
2023,2023-wimbledon-1213,M,2,4,4,Cumul. Game Winner,2,0
2023,2023-wimbledon-1213,M,2,4,1,Set Winner,2,3
2023,2023-wimbledon-1213,M,2,4,2,Set Winner,1,2
2023,2023-wimbledon-1213,M,2,4,3,Set Winner,2,1
2023,2023-wimbledon-1213,M,2,4,4,Set Winner,2,0
2023,2023-wimbledon-1213,M,2,4,1,Cumul. Set Winner,2,3
2023,2023-wimbledon-1213,M,2,4,2,Cumul. Set Winner,2,2
2023,2023-wimbledon-1213,M,2,4,3,Cumul. Set Winner,2,1
2023,2023-wimbledon-1213,M,2,4,4,Cumul. Set Winner,2,0
2023,2023-wimbledon-1213,M,2,4,1,Cumul. Unf. Error,1,3
2023,2023-wimbledon-1213,M,2,4,2,Cumul. Unf. Error,1,2
2023,2023-wimbledon-1213,M,2,4,3,Cumul. Unf. Error,1,1
2023,2023-wimbledon-1213,M,2,4,4,Cumul. Unf. Error,1,0
2023,2023-wimbledon-1213,M,2,4,1,Dynamic Model,2,3
2023,2023-wimbledon-1213,M,2,4,2,Dynamic Model,2,2
2023,2023-wimbledon-1213,M,2,4,3,Dynamic Model,2,1
2023,2023-wimbledon-1213,M,2,4,4,Dynamic Model,2,0
2023,2023-wimbledon-1214,M,1,3,1,Cumul. Point Winner,1,2
2023,2023-wimbledon-1214,M,1,3,2,Cumul. Point Winner,1,1
2023,2023-wimbledon-1214,M,1,3,3,Cumul. Point Winner,1,0
2023,2023-wimbledon-1214,M,1,3,1,Cumul. Game Winner,1,2
2023,2023-wimbledon-1214,M,1,3,2,Cumul. Game Winner,1,1
2023,2023-wimbledon-1214,M,1,3,3,Cumul. Game Winner,1,0
2023,2023-wimbledon-1214,M,1,3,1,Set Winner,1,2
2023,2023-wimbledon-1214,M,1,3,2,Set Winner,1,1
2023,2023-wimbledon-1214,M,1,3,3,Set Winner,1,0
2023,2023-wimbledon-1214,M,1,3,1,Cumul. Set Winner,1,2
2023,2023-wimbledon-1214,M,1,3,2,Cumul. Set Winner,1,1
2023,2023-wimbledon-1214,M,1,3,3,Cumul. Set Winner,1,0
2023,2023-wimbledon-1214,M,1,3,1,Cumul. Unf. Error,1,2
2023,2023-wimbledon-1214,M,1,3,2,Cumul. Unf. Error,1,1
2023,2023-wimbledon-1214,M,1,3,3,Cumul. Unf. Error,1,0
2023,2023-wimbledon-1214,M,1,3,1,Dynamic Model,1,2
2023,2023-wimbledon-1214,M,1,3,2,Dynamic Model,1,1
2023,2023-wimbledon-1214,M,1,3,3,Dynamic Model,1,0
2023,2023-wimbledon-1215,M,2,4,1,Cumul. Point Winner,1,3
2023,2023-wimbledon-1215,M,2,4,2,Cumul. Point Winner,1,2
2023,2023-wimbledon-1215,M,2,4,3,Cumul. Point Winner,2,1
2023,2023-wimbledon-1215,M,2,4,4,Cumul. Point Winner,2,0
2023,2023-wimbledon-1215,M,2,4,1,Cumul. Game Winner,1,3
2023,2023-wimbledon-1215,M,2,4,2,Cumul. Game Winner,1,2
2023,2023-wimbledon-1215,M,2,4,3,Cumul. Game Winner,2,1
2023,2023-wimbledon-1215,M,2,4,4,Cumul. Game Winner,2,0
2023,2023-wimbledon-1215,M,2,4,1,Set Winner,1,3
2023,2023-wimbledon-1215,M,2,4,2,Set Winner,2,2
2023,2023-wimbledon-1215,M,2,4,3,Set Winner,2,1
2023,2023-wimbledon-1215,M,2,4,4,Set Winner,2,0
2023,2023-wimbledon-1215,M,2,4,1,Cumul. Set Winner,1,3
2023,2023-wimbledon-1215,M,2,4,2,Cumul. Set Winner,1,2
2023,2023-wimbledon-1215,M,2,4,3,Cumul. Set Winner,2,1
2023,2023-wimbledon-1215,M,2,4,4,Cumul. Set Winner,2,0
2023,2023-wimbledon-1215,M,2,4,1,Cumul. Unf. Error,1,3
2023,2023-wimbledon-1215,M,2,4,2,Cumul. Unf. Error,2,2
2023,2023-wimbledon-1215,M,2,4,3,Cumul. Unf. Error,2,1
2023,2023-wimbledon-1215,M,2,4,4,Cumul. Unf. Error,2,0
2023,2023-wimbledon-1215,M,2,4,1,Dynamic Model,1,3
2023,2023-wimbledon-1215,M,2,4,2,Dynamic Model,1,2
2023,2023-wimbledon-1215,M,2,4,3,Dynamic Model,2,1
2023,2023-wimbledon-1215,M,2,4,4,Dynamic Model,2,0
2023,2023-wimbledon-1216,M,2,5,1,Cumul. Point Winner,2,4
2023,2023-wimbledon-1216,M,2,5,2,Cumul. Point Winner,1,3
2023,2023-wimbledon-1216,M,2,5,3,Cumul. Point Winner,1,2
2023,2023-wimbledon-1216,M,2,5,4,Cumul. Point Winner,1,1
2023,2023-wimbledon-1216,M,2,5,5,Cumul. Point Winner,1,0
2023,2023-wimbledon-1216,M,2,5,1,Cumul. Game Winner,2,4
2023,2023-wimbledon-1216,M,2,5,2,Cumul. Game Winner,2,3
2023,2023-wimbledon-1216,M,2,5,3,Cumul. Game Winner,1,2
2023,2023-wimbledon-1216,M,2,5,4,Cumul. Game Winner,1,1
2023,2023-wimbledon-1216,M,2,5,5,Cumul. Game Winner,2,0
2023,2023-wimbledon-1216,M,2,5,1,Set Winner,2,4
2023,2023-wimbledon-1216,M,2,5,2,Set Winner,1,3
2023,2023-wimbledon-1216,M,2,5,3,Set Winner,1,2
2023,2023-wimbledon-1216,M,2,5,4,Set Winner,2,1
2023,2023-wimbledon-1216,M,2,5,5,Set Winner,2,0
2023,2023-wimbledon-1216,M,2,5,1,Cumul. Set Winner,2,4
2023,2023-wimbledon-1216,M,2,5,2,Cumul. Set Winner,2,3
2023,2023-wimbledon-1216,M,2,5,3,Cumul. Set Winner,1,2
2023,2023-wimbledon-1216,M,2,5,4,Cumul. Set Winner,1,1
2023,2023-wimbledon-1216,M,2,5,5,Cumul. Set Winner,2,0
2023,2023-wimbledon-1216,M,2,5,1,Cumul. Unf. Error,1,4
2023,2023-wimbledon-1216,M,2,5,2,Cumul. Unf. Error,1,3
2023,2023-wimbledon-1216,M,2,5,3,Cumul. Unf. Error,1,2
2023,2023-wimbledon-1216,M,2,5,4,Cumul. Unf. Error,1,1
2023,2023-wimbledon-1216,M,2,5,5,Cumul. Unf. Error,1,0
2023,2023-wimbledon-1216,M,2,5,1,Dynamic Model,2,4
2023,2023-wimbledon-1216,M,2,5,2,Dynamic Model,1,3
2023,2023-wimbledon-1216,M,2,5,3,Dynamic Model,1,2
2023,2023-wimbledon-1216,M,2,5,4,Dynamic Model,1,1
2023,2023-wimbledon-1216,M,2,5,5,Dynamic Model,1,0
2023,2023-wimbledon-1217,M,1,3,1,Cumul. Point Winner,1,2
2023,2023-wimbledon-1217,M,1,3,2,Cumul. Point Winner,1,1
2023,2023-wimbledon-1217,M,1,3,3,Cumul. Point Winner,1,0
2023,2023-wimbledon-1217,M,1,3,1,Cumul. Game Winner,1,2
2023,2023-wimbledon-1217,M,1,3,2,Cumul. Game Winner,1,1
2023,2023-wimbledon-1217,M,1,3,3,Cumul. Game Winner,1,0
2023,2023-wimbledon-1217,M,1,3,1,Set Winner,1,2
2023,2023-wimbledon-1217,M,1,3,2,Set Winner,1,1
2023,2023-wimbledon-1217,M,1,3,3,Set Winner,1,0
2023,2023-wimbledon-1217,M,1,3,1,Cumul. Set Winner,1,2
2023,2023-wimbledon-1217,M,1,3,2,Cumul. Set Winner,1,1
2023,2023-wimbledon-1217,M,1,3,3,Cumul. Set Winner,1,0
2023,2023-wimbledon-1217,M,1,3,1,Cumul. Unf. Error,2,2
2023,2023-wimbledon-1217,M,1,3,2,Cumul. Unf. Error,1,1
2023,2023-wimbledon-1217,M,1,3,3,Cumul. Unf. Error,2,0
2023,2023-wimbledon-1217,M,1,3,1,Dynamic Model,1,2
2023,2023-wimbledon-1217,M,1,3,2,Dynamic Model,1,1
2023,2023-wimbledon-1217,M,1,3,3,Dynamic Model,1,0
2023,2023-wimbledon-1218,M,2,3,1,Cumul. Point Winner,2,2
2023,2023-wimbledon-1218,M,2,3,2,Cumul. Point Winner,2,1
2023,2023-wimbledon-1218,M,2,3,3,Cumul. Point Winner,2,0
2023,2023-wimbledon-1218,M,2,3,1,Cumul. Game Winner,2,2
2023,2023-wimbledon-1218,M,2,3,2,Cumul. Game Winner,2,1
2023,2023-wimbledon-1218,M,2,3,3,Cumul. Game Winner,2,0
2023,2023-wimbledon-1218,M,2,3,1,Set Winner,2,2
2023,2023-wimbledon-1218,M,2,3,2,Set Winner,2,1
2023,2023-wimbledon-1218,M,2,3,3,Set Winner,2,0
2023,2023-wimbledon-1218,M,2,3,1,Cumul. Set Winner,2,2
2023,2023-wimbledon-1218,M,2,3,2,Cumul. Set Winner,2,1
2023,2023-wimbledon-1218,M,2,3,3,Cumul. Set Winner,2,0
2023,2023-wimbledon-1218,M,2,3,1,Cumul. Unf. Error,2,2
2023,2023-wimbledon-1218,M,2,3,2,Cumul. Unf. Error,2,1
2023,2023-wimbledon-1218,M,2,3,3,Cumul. Unf. Error,2,0
2023,2023-wimbledon-1218,M,2,3,1,Dynamic Model,2,2
2023,2023-wimbledon-1218,M,2,3,2,Dynamic Model,2,1
2023,2023-wimbledon-1218,M,2,3,3,Dynamic Model,2,0
2023,2023-wimbledon-1219,M,1,4,1,Cumul. Point Winner,1,3
2023,2023-wimbledon-1219,M,1,4,2,Cumul. Point Winner,1,2
2023,2023-wimbledon-1219,M,1,4,3,Cumul. Point Winner,1,1
2023,2023-wimbledon-1219,M,1,4,4,Cumul. Point Winner,1,0
2023,2023-wimbledon-1219,M,1,4,1,Cumul. Game Winner,1,3
2023,2023-wimbledon-1219,M,1,4,2,Cumul. Game Winner,1,2
2023,2023-wimbledon-1219,M,1,4,3,Cumul. Game Winner,1,1
2023,2023-wimbledon-1219,M,1,4,4,Cumul. Game Winner,1,0
2023,2023-wimbledon-1219,M,1,4,1,Set Winner,1,3
2023,2023-wimbledon-1219,M,1,4,2,Set Winner,2,2
2023,2023-wimbledon-1219,M,1,4,3,Set Winner,1,1
2023,2023-wimbledon-1219,M,1,4,4,Set Winner,1,0
2023,2023-wimbledon-1219,M,1,4,1,Cumul. Set Winner,1,3
2023,2023-wimbledon-1219,M,1,4,2,Cumul. Set Winner,1,2
2023,2023-wimbledon-1219,M,1,4,3,Cumul. Set Winner,1,1
2023,2023-wimbledon-1219,M,1,4,4,Cumul. Set Winner,1,0
2023,2023-wimbledon-1219,M,1,4,1,Cumul. Unf. Error,2,3
2023,2023-wimbledon-1219,M,1,4,2,Cumul. Unf. Error,1,2
2023,2023-wimbledon-1219,M,1,4,3,Cumul. Unf. Error,1,1
2023,2023-wimbledon-1219,M,1,4,4,Cumul. Unf. Error,1,0
2023,2023-wimbledon-1219,M,1,4,1,Dynamic Model,1,3
2023,2023-wimbledon-1219,M,1,4,2,Dynamic Model,1,2
2023,2023-wimbledon-1219,M,1,4,3,Dynamic Model,1,1
2023,2023-wimbledon-1219,M,1,4,4,Dynamic Model,1,0
2023,2023-wimbledon-1220,M,1,5,1,Cumul. Point Winner,2,4
2023,2023-wimbledon-1220,M,1,5,2,Cumul. Point Winner,2,3
2023,2023-wimbledon-1220,M,1,5,3,Cumul. Point Winner,2,2
2023,2023-wimbledon-1220,M,1,5,4,Cumul. Point Winner,2,1
2023,2023-wimbledon-1220,M,1,5,5,Cumul. Point Winner,2,0
2023,2023-wimbledon-1220,M,1,5,1,Cumul. Game Winner,2,4
2023,2023-wimbledon-1220,M,1,5,2,Cumul. Game Winner,2,3
2023,2023-wimbledon-1220,M,1,5,3,Cumul. Game Winner,2,2
2023,2023-wimbledon-1220,M,1,5,4,Cumul. Game Winner,2,1
2023,2023-wimbledon-1220,M,1,5,5,Cumul. Game Winner,1,0
2023,2023-wimbledon-1220,M,1,5,1,Set Winner,2,4
2023,2023-wimbledon-1220,M,1,5,2,Set Winner,2,3
2023,2023-wimbledon-1220,M,1,5,3,Set Winner,1,2
2023,2023-wimbledon-1220,M,1,5,4,Set Winner,1,1
2023,2023-wimbledon-1220,M,1,5,5,Set Winner,1,0
2023,2023-wimbledon-1220,M,1,5,1,Cumul. Set Winner,2,4
2023,2023-wimbledon-1220,M,1,5,2,Cumul. Set Winner,2,3
2023,2023-wimbledon-1220,M,1,5,3,Cumul. Set Winner,2,2
2023,2023-wimbledon-1220,M,1,5,4,Cumul. Set Winner,2,1
2023,2023-wimbledon-1220,M,1,5,5,Cumul. Set Winner,1,0
2023,2023-wimbledon-1220,M,1,5,1,Cumul. Unf. Error,2,4
2023,2023-wimbledon-1220,M,1,5,2,Cumul. Unf. Error,2,3
2023,2023-wimbledon-1220,M,1,5,3,Cumul. Unf. Error,2,2
2023,2023-wimbledon-1220,M,1,5,4,Cumul. Unf. Error,2,1
2023,2023-wimbledon-1220,M,1,5,5,Cumul. Unf. Error,2,0
2023,2023-wimbledon-1220,M,1,5,1,Dynamic Model,2,4
2023,2023-wimbledon-1220,M,1,5,2,Dynamic Model,2,3
2023,2023-wimbledon-1220,M,1,5,3,Dynamic Model,2,2
2023,2023-wimbledon-1220,M,1,5,4,Dynamic Model,2,1
2023,2023-wimbledon-1220,M,1,5,5,Dynamic Model,2,0
2023,2023-wimbledon-1221,M,1,4,1,Cumul. Point Winner,2,3
2023,2023-wimbledon-1221,M,1,4,2,Cumul. Point Winner,2,2
2023,2023-wimbledon-1221,M,1,4,3,Cumul. Point Winner,1,1
2023,2023-wimbledon-1221,M,1,4,4,Cumul. Point Winner,1,0
2023,2023-wimbledon-1221,M,1,4,1,Cumul. Game Winner,2,3
2023,2023-wimbledon-1221,M,1,4,2,Cumul. Game Winner,2,2
2023,2023-wimbledon-1221,M,1,4,3,Cumul. Game Winner,2,1
2023,2023-wimbledon-1221,M,1,4,4,Cumul. Game Winner,1,0
2023,2023-wimbledon-1221,M,1,4,1,Set Winner,2,3
2023,2023-wimbledon-1221,M,1,4,2,Set Winner,1,2
2023,2023-wimbledon-1221,M,1,4,3,Set Winner,1,1
2023,2023-wimbledon-1221,M,1,4,4,Set Winner,1,0
2023,2023-wimbledon-1221,M,1,4,1,Cumul. Set Winner,2,3
2023,2023-wimbledon-1221,M,1,4,2,Cumul. Set Winner,2,2
2023,2023-wimbledon-1221,M,1,4,3,Cumul. Set Winner,1,1
2023,2023-wimbledon-1221,M,1,4,4,Cumul. Set Winner,1,0
2023,2023-wimbledon-1221,M,1,4,1,Cumul. Unf. Error,1,3
2023,2023-wimbledon-1221,M,1,4,2,Cumul. Unf. Error,1,2
2023,2023-wimbledon-1221,M,1,4,3,Cumul. Unf. Error,1,1
2023,2023-wimbledon-1221,M,1,4,4,Cumul. Unf. Error,1,0
2023,2023-wimbledon-1221,M,1,4,1,Dynamic Model,2,3
2023,2023-wimbledon-1221,M,1,4,2,Dynamic Model,2,2
2023,2023-wimbledon-1221,M,1,4,3,Dynamic Model,1,1
2023,2023-wimbledon-1221,M,1,4,4,Dynamic Model,1,0
2023,2023-wimbledon-1222,M,2,3,1,Cumul. Point Winner,2,2
2023,2023-wimbledon-1222,M,2,3,2,Cumul. Point Winner,2,1
2023,2023-wimbledon-1222,M,2,3,3,Cumul. Point Winner,2,0
2023,2023-wimbledon-1222,M,2,3,1,Cumul. Game Winner,2,2
2023,2023-wimbledon-1222,M,2,3,2,Cumul. Game Winner,2,1
2023,2023-wimbledon-1222,M,2,3,3,Cumul. Game Winner,2,0
2023,2023-wimbledon-1222,M,2,3,1,Set Winner,2,2
2023,2023-wimbledon-1222,M,2,3,2,Set Winner,2,1
2023,2023-wimbledon-1222,M,2,3,3,Set Winner,2,0
2023,2023-wimbledon-1222,M,2,3,1,Cumul. Set Winner,2,2
2023,2023-wimbledon-1222,M,2,3,2,Cumul. Set Winner,2,1
2023,2023-wimbledon-1222,M,2,3,3,Cumul. Set Winner,2,0
2023,2023-wimbledon-1222,M,2,3,1,Cumul. Unf. Error,1,2
2023,2023-wimbledon-1222,M,2,3,2,Cumul. Unf. Error,1,1
2023,2023-wimbledon-1222,M,2,3,3,Cumul. Unf. Error,1,0
2023,2023-wimbledon-1222,M,2,3,1,Dynamic Model,2,2
2023,2023-wimbledon-1222,M,2,3,2,Dynamic Model,2,1
2023,2023-wimbledon-1222,M,2,3,3,Dynamic Model,2,0
2023,2023-wimbledon-1223,M,1,3,1,Cumul. Point Winner,1,2
2023,2023-wimbledon-1223,M,1,3,2,Cumul. Point Winner,1,1
2023,2023-wimbledon-1223,M,1,3,3,Cumul. Point Winner,1,0
2023,2023-wimbledon-1223,M,1,3,1,Cumul. Game Winner,1,2
2023,2023-wimbledon-1223,M,1,3,2,Cumul. Game Winner,1,1
2023,2023-wimbledon-1223,M,1,3,3,Cumul. Game Winner,1,0
2023,2023-wimbledon-1223,M,1,3,1,Set Winner,1,2
2023,2023-wimbledon-1223,M,1,3,2,Set Winner,1,1
2023,2023-wimbledon-1223,M,1,3,3,Set Winner,1,0
2023,2023-wimbledon-1223,M,1,3,1,Cumul. Set Winner,1,2
2023,2023-wimbledon-1223,M,1,3,2,Cumul. Set Winner,1,1
2023,2023-wimbledon-1223,M,1,3,3,Cumul. Set Winner,1,0
2023,2023-wimbledon-1223,M,1,3,1,Cumul. Unf. Error,2,2
2023,2023-wimbledon-1223,M,1,3,2,Cumul. Unf. Error,2,1
2023,2023-wimbledon-1223,M,1,3,3,Cumul. Unf. Error,2,0
2023,2023-wimbledon-1223,M,1,3,1,Dynamic Model,1,2
2023,2023-wimbledon-1223,M,1,3,2,Dynamic Model,1,1
2023,2023-wimbledon-1223,M,1,3,3,Dynamic Model,1,0
2023,2023-wimbledon-1224,M,1,5,1,Cumul. Point Winner,1,4
2023,2023-wimbledon-1224,M,1,5,2,Cumul. Point Winner,1,3
2023,2023-wimbledon-1224,M,1,5,3,Cumul. Point Winner,2,2
2023,2023-wimbledon-1224,M,1,5,4,Cumul. Point Winner,1,1
2023,2023-wimbledon-1224,M,1,5,5,Cumul. Point Winner,1,0
2023,2023-wimbledon-1224,M,1,5,1,Cumul. Game Winner,1,4
2023,2023-wimbledon-1224,M,1,5,2,Cumul. Game Winner,2,3
2023,2023-wimbledon-1224,M,1,5,3,Cumul. Game Winner,2,2
2023,2023-wimbledon-1224,M,1,5,4,Cumul. Game Winner,2,1
2023,2023-wimbledon-1224,M,1,5,5,Cumul. Game Winner,1,0
2023,2023-wimbledon-1224,M,1,5,1,Set Winner,1,4
2023,2023-wimbledon-1224,M,1,5,2,Set Winner,2,3
2023,2023-wimbledon-1224,M,1,5,3,Set Winner,2,2
2023,2023-wimbledon-1224,M,1,5,4,Set Winner,1,1
2023,2023-wimbledon-1224,M,1,5,5,Set Winner,1,0
2023,2023-wimbledon-1224,M,1,5,1,Cumul. Set Winner,1,4
2023,2023-wimbledon-1224,M,1,5,2,Cumul. Set Winner,1,3
2023,2023-wimbledon-1224,M,1,5,3,Cumul. Set Winner,2,2
2023,2023-wimbledon-1224,M,1,5,4,Cumul. Set Winner,2,1
2023,2023-wimbledon-1224,M,1,5,5,Cumul. Set Winner,1,0
2023,2023-wimbledon-1224,M,1,5,1,Cumul. Unf. Error,1,4
2023,2023-wimbledon-1224,M,1,5,2,Cumul. Unf. Error,1,3
2023,2023-wimbledon-1224,M,1,5,3,Cumul. Unf. Error,2,2
2023,2023-wimbledon-1224,M,1,5,4,Cumul. Unf. Error,1,1
2023,2023-wimbledon-1224,M,1,5,5,Cumul. Unf. Error,1,0
2023,2023-wimbledon-1224,M,1,5,1,Dynamic Model,1,4
2023,2023-wimbledon-1224,M,1,5,2,Dynamic Model,1,3
2023,2023-wimbledon-1224,M,1,5,3,Dynamic Model,2,2
2023,2023-wimbledon-1224,M,1,5,4,Dynamic Model,1,1
2023,2023-wimbledon-1224,M,1,5,5,Dynamic Model,1,0
2023,2023-wimbledon-1225,M,1,4,1,Cumul. Point Winner,2,3
2023,2023-wimbledon-1225,M,1,4,2,Cumul. Point Winner,1,2
2023,2023-wimbledon-1225,M,1,4,3,Cumul. Point Winner,1,1
2023,2023-wimbledon-1225,M,1,4,4,Cumul. Point Winner,1,0
2023,2023-wimbledon-1225,M,1,4,1,Cumul. Game Winner,2,3
2023,2023-wimbledon-1225,M,1,4,2,Cumul. Game Winner,1,2
2023,2023-wimbledon-1225,M,1,4,3,Cumul. Game Winner,1,1
2023,2023-wimbledon-1225,M,1,4,4,Cumul. Game Winner,1,0
2023,2023-wimbledon-1225,M,1,4,1,Set Winner,2,3
2023,2023-wimbledon-1225,M,1,4,2,Set Winner,1,2
2023,2023-wimbledon-1225,M,1,4,3,Set Winner,1,1
2023,2023-wimbledon-1225,M,1,4,4,Set Winner,1,0
2023,2023-wimbledon-1225,M,1,4,1,Cumul. Set Winner,2,3
2023,2023-wimbledon-1225,M,1,4,2,Cumul. Set Winner,2,2
2023,2023-wimbledon-1225,M,1,4,3,Cumul. Set Winner,1,1
2023,2023-wimbledon-1225,M,1,4,4,Cumul. Set Winner,1,0
2023,2023-wimbledon-1225,M,1,4,1,Cumul. Unf. Error,1,3
2023,2023-wimbledon-1225,M,1,4,2,Cumul. Unf. Error,1,2
2023,2023-wimbledon-1225,M,1,4,3,Cumul. Unf. Error,1,1
2023,2023-wimbledon-1225,M,1,4,4,Cumul. Unf. Error,1,0
2023,2023-wimbledon-1225,M,1,4,1,Dynamic Model,2,3
2023,2023-wimbledon-1225,M,1,4,2,Dynamic Model,1,2
2023,2023-wimbledon-1225,M,1,4,3,Dynamic Model,1,1
2023,2023-wimbledon-1225,M,1,4,4,Dynamic Model,1,0
2023,2023-wimbledon-1226,M,2,4,1,Cumul. Point Winner,2,3
2023,2023-wimbledon-1226,M,2,4,2,Cumul. Point Winner,1,2
2023,2023-wimbledon-1226,M,2,4,3,Cumul. Point Winner,2,1
2023,2023-wimbledon-1226,M,2,4,4,Cumul. Point Winner,2,0
2023,2023-wimbledon-1226,M,2,4,1,Cumul. Game Winner,2,3
2023,2023-wimbledon-1226,M,2,4,2,Cumul. Game Winner,1,2
2023,2023-wimbledon-1226,M,2,4,3,Cumul. Game Winner,2,1
2023,2023-wimbledon-1226,M,2,4,4,Cumul. Game Winner,2,0
2023,2023-wimbledon-1226,M,2,4,1,Set Winner,2,3
2023,2023-wimbledon-1226,M,2,4,2,Set Winner,1,2
2023,2023-wimbledon-1226,M,2,4,3,Set Winner,2,1
2023,2023-wimbledon-1226,M,2,4,4,Set Winner,2,0
2023,2023-wimbledon-1226,M,2,4,1,Cumul. Set Winner,2,3
2023,2023-wimbledon-1226,M,2,4,2,Cumul. Set Winner,2,2
2023,2023-wimbledon-1226,M,2,4,3,Cumul. Set Winner,2,1
2023,2023-wimbledon-1226,M,2,4,4,Cumul. Set Winner,2,0
2023,2023-wimbledon-1226,M,2,4,1,Cumul. Unf. Error,1,3
2023,2023-wimbledon-1226,M,2,4,2,Cumul. Unf. Error,1,2
2023,2023-wimbledon-1226,M,2,4,3,Cumul. Unf. Error,2,1
2023,2023-wimbledon-1226,M,2,4,4,Cumul. Unf. Error,2,0
2023,2023-wimbledon-1226,M,2,4,1,Dynamic Model,2,3
2023,2023-wimbledon-1226,M,2,4,2,Dynamic Model,2,2
2023,2023-wimbledon-1226,M,2,4,3,Dynamic Model,2,1
2023,2023-wimbledon-1226,M,2,4,4,Dynamic Model,2,0
2023,2023-wimbledon-1227,M,1,3,1,Cumul. Point Winner,1,2
2023,2023-wimbledon-1227,M,1,3,2,Cumul. Point Winner,1,1
2023,2023-wimbledon-1227,M,1,3,3,Cumul. Point Winner,1,0
2023,2023-wimbledon-1227,M,1,3,1,Cumul. Game Winner,1,2
2023,2023-wimbledon-1227,M,1,3,2,Cumul. Game Winner,1,1
2023,2023-wimbledon-1227,M,1,3,3,Cumul. Game Winner,1,0
2023,2023-wimbledon-1227,M,1,3,1,Set Winner,1,2
2023,2023-wimbledon-1227,M,1,3,2,Set Winner,1,1
2023,2023-wimbledon-1227,M,1,3,3,Set Winner,1,0
2023,2023-wimbledon-1227,M,1,3,1,Cumul. Set Winner,1,2
2023,2023-wimbledon-1227,M,1,3,2,Cumul. Set Winner,1,1
2023,2023-wimbledon-1227,M,1,3,3,Cumul. Set Winner,1,0
2023,2023-wimbledon-1227,M,1,3,1,Cumul. Unf. Error,1,2
2023,2023-wimbledon-1227,M,1,3,2,Cumul. Unf. Error,1,1
2023,2023-wimbledon-1227,M,1,3,3,Cumul. Unf. Error,1,0
2023,2023-wimbledon-1227,M,1,3,1,Dynamic Model,1,2
2023,2023-wimbledon-1227,M,1,3,2,Dynamic Model,1,1
2023,2023-wimbledon-1227,M,1,3,3,Dynamic Model,1,0
2023,2023-wimbledon-1228,M,1,3,1,Cumul. Point Winner,1,2
2023,2023-wimbledon-1228,M,1,3,2,Cumul. Point Winner,1,1
2023,2023-wimbledon-1228,M,1,3,3,Cumul. Point Winner,1,0
2023,2023-wimbledon-1228,M,1,3,1,Cumul. Game Winner,1,2
2023,2023-wimbledon-1228,M,1,3,2,Cumul. Game Winner,1,1
2023,2023-wimbledon-1228,M,1,3,3,Cumul. Game Winner,1,0
2023,2023-wimbledon-1228,M,1,3,1,Set Winner,1,2
2023,2023-wimbledon-1228,M,1,3,2,Set Winner,1,1
2023,2023-wimbledon-1228,M,1,3,3,Set Winner,1,0
2023,2023-wimbledon-1228,M,1,3,1,Cumul. Set Winner,1,2
2023,2023-wimbledon-1228,M,1,3,2,Cumul. Set Winner,1,1
2023,2023-wimbledon-1228,M,1,3,3,Cumul. Set Winner,1,0
2023,2023-wimbledon-1228,M,1,3,1,Cumul. Unf. Error,1,2
2023,2023-wimbledon-1228,M,1,3,2,Cumul. Unf. Error,2,1
2023,2023-wimbledon-1228,M,1,3,3,Cumul. Unf. Error,2,0
2023,2023-wimbledon-1228,M,1,3,1,Dynamic Model,1,2
2023,2023-wimbledon-1228,M,1,3,2,Dynamic Model,1,1
2023,2023-wimbledon-1228,M,1,3,3,Dynamic Model,1,0
2023,2023-wimbledon-1229,M,1,3,1,Cumul. Point Winner,1,2
2023,2023-wimbledon-1229,M,1,3,2,Cumul. Point Winner,1,1
2023,2023-wimbledon-1229,M,1,3,3,Cumul. Point Winner,1,0
2023,2023-wimbledon-1229,M,1,3,1,Cumul. Game Winner,1,2
2023,2023-wimbledon-1229,M,1,3,2,Cumul. Game Winner,1,1
2023,2023-wimbledon-1229,M,1,3,3,Cumul. Game Winner,1,0
2023,2023-wimbledon-1229,M,1,3,1,Set Winner,1,2
2023,2023-wimbledon-1229,M,1,3,2,Set Winner,1,1
2023,2023-wimbledon-1229,M,1,3,3,Set Winner,1,0
2023,2023-wimbledon-1229,M,1,3,1,Cumul. Set Winner,1,2
2023,2023-wimbledon-1229,M,1,3,2,Cumul. Set Winner,1,1
2023,2023-wimbledon-1229,M,1,3,3,Cumul. Set Winner,1,0
2023,2023-wimbledon-1229,M,1,3,1,Cumul. Unf. Error,1,2
2023,2023-wimbledon-1229,M,1,3,2,Cumul. Unf. Error,1,1
2023,2023-wimbledon-1229,M,1,3,3,Cumul. Unf. Error,2,0
2023,2023-wimbledon-1229,M,1,3,1,Dynamic Model,1,2
2023,2023-wimbledon-1229,M,1,3,2,Dynamic Model,1,1
2023,2023-wimbledon-1229,M,1,3,3,Dynamic Model,1,0
2023,2023-wimbledon-1230,M,2,3,1,Cumul. Point Winner,2,2
2023,2023-wimbledon-1230,M,2,3,2,Cumul. Point Winner,2,1
2023,2023-wimbledon-1230,M,2,3,3,Cumul. Point Winner,2,0
2023,2023-wimbledon-1230,M,2,3,1,Cumul. Game Winner,2,2
2023,2023-wimbledon-1230,M,2,3,2,Cumul. Game Winner,2,1
2023,2023-wimbledon-1230,M,2,3,3,Cumul. Game Winner,2,0
2023,2023-wimbledon-1230,M,2,3,1,Set Winner,2,2
2023,2023-wimbledon-1230,M,2,3,2,Set Winner,2,1
2023,2023-wimbledon-1230,M,2,3,3,Set Winner,2,0
2023,2023-wimbledon-1230,M,2,3,1,Cumul. Set Winner,2,2
2023,2023-wimbledon-1230,M,2,3,2,Cumul. Set Winner,2,1
2023,2023-wimbledon-1230,M,2,3,3,Cumul. Set Winner,2,0
2023,2023-wimbledon-1230,M,2,3,1,Cumul. Unf. Error,2,2
2023,2023-wimbledon-1230,M,2,3,2,Cumul. Unf. Error,2,1
2023,2023-wimbledon-1230,M,2,3,3,Cumul. Unf. Error,2,0
2023,2023-wimbledon-1230,M,2,3,1,Dynamic Model,2,2
2023,2023-wimbledon-1230,M,2,3,2,Dynamic Model,2,1
2023,2023-wimbledon-1230,M,2,3,3,Dynamic Model,2,0
2023,2023-wimbledon-1231,M,2,4,1,Cumul. Point Winner,2,3
2023,2023-wimbledon-1231,M,2,4,2,Cumul. Point Winner,2,2
2023,2023-wimbledon-1231,M,2,4,3,Cumul. Point Winner,2,1
2023,2023-wimbledon-1231,M,2,4,4,Cumul. Point Winner,2,0
2023,2023-wimbledon-1231,M,2,4,1,Cumul. Game Winner,2,3
2023,2023-wimbledon-1231,M,2,4,2,Cumul. Game Winner,2,2
2023,2023-wimbledon-1231,M,2,4,3,Cumul. Game Winner,2,1
2023,2023-wimbledon-1231,M,2,4,4,Cumul. Game Winner,2,0
2023,2023-wimbledon-1231,M,2,4,1,Set Winner,2,3
2023,2023-wimbledon-1231,M,2,4,2,Set Winner,1,2
2023,2023-wimbledon-1231,M,2,4,3,Set Winner,2,1
2023,2023-wimbledon-1231,M,2,4,4,Set Winner,2,0
2023,2023-wimbledon-1231,M,2,4,1,Cumul. Set Winner,2,3
2023,2023-wimbledon-1231,M,2,4,2,Cumul. Set Winner,2,2
2023,2023-wimbledon-1231,M,2,4,3,Cumul. Set Winner,2,1
2023,2023-wimbledon-1231,M,2,4,4,Cumul. Set Winner,2,0
2023,2023-wimbledon-1231,M,2,4,1,Cumul. Unf. Error,1,3
2023,2023-wimbledon-1231,M,2,4,2,Cumul. Unf. Error,1,2
2023,2023-wimbledon-1231,M,2,4,3,Cumul. Unf. Error,1,1
2023,2023-wimbledon-1231,M,2,4,4,Cumul. Unf. Error,1,0
2023,2023-wimbledon-1231,M,2,4,1,Dynamic Model,2,3
2023,2023-wimbledon-1231,M,2,4,2,Dynamic Model,2,2
2023,2023-wimbledon-1231,M,2,4,3,Dynamic Model,2,1
2023,2023-wimbledon-1231,M,2,4,4,Dynamic Model,2,0
2023,2023-wimbledon-1232,M,2,3,1,Cumul. Point Winner,2,2
2023,2023-wimbledon-1232,M,2,3,2,Cumul. Point Winner,2,1
2023,2023-wimbledon-1232,M,2,3,3,Cumul. Point Winner,2,0
2023,2023-wimbledon-1232,M,2,3,1,Cumul. Game Winner,2,2
2023,2023-wimbledon-1232,M,2,3,2,Cumul. Game Winner,2,1
2023,2023-wimbledon-1232,M,2,3,3,Cumul. Game Winner,2,0
2023,2023-wimbledon-1232,M,2,3,1,Set Winner,2,2
2023,2023-wimbledon-1232,M,2,3,2,Set Winner,2,1
2023,2023-wimbledon-1232,M,2,3,3,Set Winner,2,0
2023,2023-wimbledon-1232,M,2,3,1,Cumul. Set Winner,2,2
2023,2023-wimbledon-1232,M,2,3,2,Cumul. Set Winner,2,1
2023,2023-wimbledon-1232,M,2,3,3,Cumul. Set Winner,2,0
2023,2023-wimbledon-1232,M,2,3,1,Cumul. Unf. Error,2,2
2023,2023-wimbledon-1232,M,2,3,2,Cumul. Unf. Error,2,1
2023,2023-wimbledon-1232,M,2,3,3,Cumul. Unf. Error,2,0
2023,2023-wimbledon-1232,M,2,3,1,Dynamic Model,2,2
2023,2023-wimbledon-1232,M,2,3,2,Dynamic Model,2,1
2023,2023-wimbledon-1232,M,2,3,3,Dynamic Model,2,0
2023,2023-wimbledon-1301,M,1,4,1,Cumul. Point Winner,1,3
2023,2023-wimbledon-1301,M,1,4,2,Cumul. Point Winner,1,2
2023,2023-wimbledon-1301,M,1,4,3,Cumul. Point Winner,1,1
2023,2023-wimbledon-1301,M,1,4,4,Cumul. Point Winner,1,0
2023,2023-wimbledon-1301,M,1,4,1,Cumul. Game Winner,1,3
2023,2023-wimbledon-1301,M,1,4,2,Cumul. Game Winner,1,2
2023,2023-wimbledon-1301,M,1,4,3,Cumul. Game Winner,1,1
2023,2023-wimbledon-1301,M,1,4,4,Cumul. Game Winner,1,0
2023,2023-wimbledon-1301,M,1,4,1,Set Winner,1,3
2023,2023-wimbledon-1301,M,1,4,2,Set Winner,2,2
2023,2023-wimbledon-1301,M,1,4,3,Set Winner,1,1
2023,2023-wimbledon-1301,M,1,4,4,Set Winner,1,0
2023,2023-wimbledon-1301,M,1,4,1,Cumul. Set Winner,1,3
2023,2023-wimbledon-1301,M,1,4,2,Cumul. Set Winner,1,2
2023,2023-wimbledon-1301,M,1,4,3,Cumul. Set Winner,1,1
2023,2023-wimbledon-1301,M,1,4,4,Cumul. Set Winner,1,0
2023,2023-wimbledon-1301,M,1,4,1,Cumul. Unf. Error,1,3
2023,2023-wimbledon-1301,M,1,4,2,Cumul. Unf. Error,1,2
2023,2023-wimbledon-1301,M,1,4,3,Cumul. Unf. Error,1,1
2023,2023-wimbledon-1301,M,1,4,4,Cumul. Unf. Error,1,0
2023,2023-wimbledon-1301,M,1,4,1,Dynamic Model,1,3
2023,2023-wimbledon-1301,M,1,4,2,Dynamic Model,2,2
2023,2023-wimbledon-1301,M,1,4,3,Dynamic Model,1,1
2023,2023-wimbledon-1301,M,1,4,4,Dynamic Model,1,0
2023,2023-wimbledon-1302,M,2,3,1,Cumul. Point Winner,2,2
2023,2023-wimbledon-1302,M,2,3,2,Cumul. Point Winner,2,1
2023,2023-wimbledon-1302,M,2,3,3,Cumul. Point Winner,2,0
2023,2023-wimbledon-1302,M,2,3,1,Cumul. Game Winner,2,2
2023,2023-wimbledon-1302,M,2,3,2,Cumul. Game Winner,2,1
2023,2023-wimbledon-1302,M,2,3,3,Cumul. Game Winner,2,0
2023,2023-wimbledon-1302,M,2,3,1,Set Winner,2,2
2023,2023-wimbledon-1302,M,2,3,2,Set Winner,2,1
2023,2023-wimbledon-1302,M,2,3,3,Set Winner,2,0
2023,2023-wimbledon-1302,M,2,3,1,Cumul. Set Winner,2,2
2023,2023-wimbledon-1302,M,2,3,2,Cumul. Set Winner,2,1
2023,2023-wimbledon-1302,M,2,3,3,Cumul. Set Winner,2,0
2023,2023-wimbledon-1302,M,2,3,1,Cumul. Unf. Error,1,2
2023,2023-wimbledon-1302,M,2,3,2,Cumul. Unf. Error,1,1
2023,2023-wimbledon-1302,M,2,3,3,Cumul. Unf. Error,2,0
2023,2023-wimbledon-1302,M,2,3,1,Dynamic Model,2,2
2023,2023-wimbledon-1302,M,2,3,2,Dynamic Model,2,1
2023,2023-wimbledon-1302,M,2,3,3,Dynamic Model,2,0
2023,2023-wimbledon-1303,M,2,3,1,Cumul. Point Winner,2,2
2023,2023-wimbledon-1303,M,2,3,2,Cumul. Point Winner,2,1
2023,2023-wimbledon-1303,M,2,3,3,Cumul. Point Winner,2,0
2023,2023-wimbledon-1303,M,2,3,1,Cumul. Game Winner,2,2
2023,2023-wimbledon-1303,M,2,3,2,Cumul. Game Winner,2,1
2023,2023-wimbledon-1303,M,2,3,3,Cumul. Game Winner,2,0
2023,2023-wimbledon-1303,M,2,3,1,Set Winner,2,2
2023,2023-wimbledon-1303,M,2,3,2,Set Winner,2,1
2023,2023-wimbledon-1303,M,2,3,3,Set Winner,2,0
2023,2023-wimbledon-1303,M,2,3,1,Cumul. Set Winner,2,2
2023,2023-wimbledon-1303,M,2,3,2,Cumul. Set Winner,2,1
2023,2023-wimbledon-1303,M,2,3,3,Cumul. Set Winner,2,0
2023,2023-wimbledon-1303,M,2,3,1,Cumul. Unf. Error,2,2
2023,2023-wimbledon-1303,M,2,3,2,Cumul. Unf. Error,2,1
2023,2023-wimbledon-1303,M,2,3,3,Cumul. Unf. Error,2,0
2023,2023-wimbledon-1303,M,2,3,1,Dynamic Model,2,2
2023,2023-wimbledon-1303,M,2,3,2,Dynamic Model,2,1
2023,2023-wimbledon-1303,M,2,3,3,Dynamic Model,2,0
2023,2023-wimbledon-1304,M,2,5,1,Cumul. Point Winner,2,4
2023,2023-wimbledon-1304,M,2,5,2,Cumul. Point Winner,1,3
2023,2023-wimbledon-1304,M,2,5,3,Cumul. Point Winner,1,2
2023,2023-wimbledon-1304,M,2,5,4,Cumul. Point Winner,1,1
2023,2023-wimbledon-1304,M,2,5,5,Cumul. Point Winner,1,0
2023,2023-wimbledon-1304,M,2,5,1,Cumul. Game Winner,2,4
2023,2023-wimbledon-1304,M,2,5,2,Cumul. Game Winner,2,3
2023,2023-wimbledon-1304,M,2,5,3,Cumul. Game Winner,1,2
2023,2023-wimbledon-1304,M,2,5,4,Cumul. Game Winner,1,1
2023,2023-wimbledon-1304,M,2,5,5,Cumul. Game Winner,2,0
2023,2023-wimbledon-1304,M,2,5,1,Set Winner,2,4
2023,2023-wimbledon-1304,M,2,5,2,Set Winner,1,3
2023,2023-wimbledon-1304,M,2,5,3,Set Winner,1,2
2023,2023-wimbledon-1304,M,2,5,4,Set Winner,2,1
2023,2023-wimbledon-1304,M,2,5,5,Set Winner,2,0
2023,2023-wimbledon-1304,M,2,5,1,Cumul. Set Winner,2,4
2023,2023-wimbledon-1304,M,2,5,2,Cumul. Set Winner,2,3
2023,2023-wimbledon-1304,M,2,5,3,Cumul. Set Winner,1,2
2023,2023-wimbledon-1304,M,2,5,4,Cumul. Set Winner,1,1
2023,2023-wimbledon-1304,M,2,5,5,Cumul. Set Winner,2,0
2023,2023-wimbledon-1304,M,2,5,1,Cumul. Unf. Error,1,4
2023,2023-wimbledon-1304,M,2,5,2,Cumul. Unf. Error,1,3
2023,2023-wimbledon-1304,M,2,5,3,Cumul. Unf. Error,1,2
2023,2023-wimbledon-1304,M,2,5,4,Cumul. Unf. Error,1,1
2023,2023-wimbledon-1304,M,2,5,5,Cumul. Unf. Error,1,0
2023,2023-wimbledon-1304,M,2,5,1,Dynamic Model,2,4
2023,2023-wimbledon-1304,M,2,5,2,Dynamic Model,1,3
2023,2023-wimbledon-1304,M,2,5,3,Dynamic Model,1,2
2023,2023-wimbledon-1304,M,2,5,4,Dynamic Model,1,1
2023,2023-wimbledon-1304,M,2,5,5,Dynamic Model,1,0
2023,2023-wimbledon-1305,M,1,4,1,Cumul. Point Winner,2,3
2023,2023-wimbledon-1305,M,1,4,2,Cumul. Point Winner,1,2
2023,2023-wimbledon-1305,M,1,4,3,Cumul. Point Winner,1,1
2023,2023-wimbledon-1305,M,1,4,4,Cumul. Point Winner,1,0
2023,2023-wimbledon-1305,M,1,4,1,Cumul. Game Winner,2,3
2023,2023-wimbledon-1305,M,1,4,2,Cumul. Game Winner,1,2
2023,2023-wimbledon-1305,M,1,4,3,Cumul. Game Winner,1,1
2023,2023-wimbledon-1305,M,1,4,4,Cumul. Game Winner,1,0
2023,2023-wimbledon-1305,M,1,4,1,Set Winner,2,3
2023,2023-wimbledon-1305,M,1,4,2,Set Winner,1,2
2023,2023-wimbledon-1305,M,1,4,3,Set Winner,1,1
2023,2023-wimbledon-1305,M,1,4,4,Set Winner,1,0
2023,2023-wimbledon-1305,M,1,4,1,Cumul. Set Winner,2,3
2023,2023-wimbledon-1305,M,1,4,2,Cumul. Set Winner,2,2
2023,2023-wimbledon-1305,M,1,4,3,Cumul. Set Winner,1,1
2023,2023-wimbledon-1305,M,1,4,4,Cumul. Set Winner,1,0
2023,2023-wimbledon-1305,M,1,4,1,Cumul. Unf. Error,2,3
2023,2023-wimbledon-1305,M,1,4,2,Cumul. Unf. Error,2,2
2023,2023-wimbledon-1305,M,1,4,3,Cumul. Unf. Error,1,1
2023,2023-wimbledon-1305,M,1,4,4,Cumul. Unf. Error,1,0
2023,2023-wimbledon-1305,M,1,4,1,Dynamic Model,2,3
2023,2023-wimbledon-1305,M,1,4,2,Dynamic Model,2,2
2023,2023-wimbledon-1305,M,1,4,3,Dynamic Model,1,1
2023,2023-wimbledon-1305,M,1,4,4,Dynamic Model,1,0
2023,2023-wimbledon-1306,M,1,5,1,Cumul. Point Winner,1,4
2023,2023-wimbledon-1306,M,1,5,2,Cumul. Point Winner,1,3
2023,2023-wimbledon-1306,M,1,5,3,Cumul. Point Winner,1,2
2023,2023-wimbledon-1306,M,1,5,4,Cumul. Point Winner,1,1
2023,2023-wimbledon-1306,M,1,5,5,Cumul. Point Winner,1,0
2023,2023-wimbledon-1306,M,1,5,1,Cumul. Game Winner,1,4
2023,2023-wimbledon-1306,M,1,5,2,Cumul. Game Winner,1,3
2023,2023-wimbledon-1306,M,1,5,3,Cumul. Game Winner,1,2
2023,2023-wimbledon-1306,M,1,5,4,Cumul. Game Winner,1,1
2023,2023-wimbledon-1306,M,1,5,5,Cumul. Game Winner,1,0
2023,2023-wimbledon-1306,M,1,5,1,Set Winner,1,4
2023,2023-wimbledon-1306,M,1,5,2,Set Winner,1,3
2023,2023-wimbledon-1306,M,1,5,3,Set Winner,2,2
2023,2023-wimbledon-1306,M,1,5,4,Set Winner,2,1
2023,2023-wimbledon-1306,M,1,5,5,Set Winner,1,0
2023,2023-wimbledon-1306,M,1,5,1,Cumul. Set Winner,1,4
2023,2023-wimbledon-1306,M,1,5,2,Cumul. Set Winner,1,3
2023,2023-wimbledon-1306,M,1,5,3,Cumul. Set Winner,1,2
2023,2023-wimbledon-1306,M,1,5,4,Cumul. Set Winner,1,1
2023,2023-wimbledon-1306,M,1,5,5,Cumul. Set Winner,1,0
2023,2023-wimbledon-1306,M,1,5,1,Cumul. Unf. Error,2,4
2023,2023-wimbledon-1306,M,1,5,2,Cumul. Unf. Error,2,3
2023,2023-wimbledon-1306,M,1,5,3,Cumul. Unf. Error,2,2
2023,2023-wimbledon-1306,M,1,5,4,Cumul. Unf. Error,2,1
2023,2023-wimbledon-1306,M,1,5,5,Cumul. Unf. Error,2,0
2023,2023-wimbledon-1306,M,1,5,1,Dynamic Model,1,4
2023,2023-wimbledon-1306,M,1,5,2,Dynamic Model,1,3
2023,2023-wimbledon-1306,M,1,5,3,Dynamic Model,1,2
2023,2023-wimbledon-1306,M,1,5,4,Dynamic Model,1,1
2023,2023-wimbledon-1306,M,1,5,5,Dynamic Model,1,0
2023,2023-wimbledon-1307,M,1,3,1,Cumul. Point Winner,1,2
2023,2023-wimbledon-1307,M,1,3,2,Cumul. Point Winner,1,1
2023,2023-wimbledon-1307,M,1,3,3,Cumul. Point Winner,1,0
2023,2023-wimbledon-1307,M,1,3,1,Cumul. Game Winner,1,2
2023,2023-wimbledon-1307,M,1,3,2,Cumul. Game Winner,1,1
2023,2023-wimbledon-1307,M,1,3,3,Cumul. Game Winner,1,0
2023,2023-wimbledon-1307,M,1,3,1,Set Winner,1,2
2023,2023-wimbledon-1307,M,1,3,2,Set Winner,1,1
2023,2023-wimbledon-1307,M,1,3,3,Set Winner,1,0
2023,2023-wimbledon-1307,M,1,3,1,Cumul. Set Winner,1,2
2023,2023-wimbledon-1307,M,1,3,2,Cumul. Set Winner,1,1
2023,2023-wimbledon-1307,M,1,3,3,Cumul. Set Winner,1,0
2023,2023-wimbledon-1307,M,1,3,1,Cumul. Unf. Error,1,2
2023,2023-wimbledon-1307,M,1,3,2,Cumul. Unf. Error,2,1
2023,2023-wimbledon-1307,M,1,3,3,Cumul. Unf. Error,2,0
2023,2023-wimbledon-1307,M,1,3,1,Dynamic Model,1,2
2023,2023-wimbledon-1307,M,1,3,2,Dynamic Model,1,1
2023,2023-wimbledon-1307,M,1,3,3,Dynamic Model,1,0
2023,2023-wimbledon-1308,M,2,3,1,Cumul. Point Winner,2,2
2023,2023-wimbledon-1308,M,2,3,2,Cumul. Point Winner,2,1
2023,2023-wimbledon-1308,M,2,3,3,Cumul. Point Winner,2,0
2023,2023-wimbledon-1308,M,2,3,1,Cumul. Game Winner,2,2
2023,2023-wimbledon-1308,M,2,3,2,Cumul. Game Winner,2,1
2023,2023-wimbledon-1308,M,2,3,3,Cumul. Game Winner,2,0
2023,2023-wimbledon-1308,M,2,3,1,Set Winner,2,2
2023,2023-wimbledon-1308,M,2,3,2,Set Winner,2,1
2023,2023-wimbledon-1308,M,2,3,3,Set Winner,2,0
2023,2023-wimbledon-1308,M,2,3,1,Cumul. Set Winner,2,2
2023,2023-wimbledon-1308,M,2,3,2,Cumul. Set Winner,2,1
2023,2023-wimbledon-1308,M,2,3,3,Cumul. Set Winner,2,0
2023,2023-wimbledon-1308,M,2,3,1,Cumul. Unf. Error,1,2
2023,2023-wimbledon-1308,M,2,3,2,Cumul. Unf. Error,1,1
2023,2023-wimbledon-1308,M,2,3,3,Cumul. Unf. Error,1,0
2023,2023-wimbledon-1308,M,2,3,1,Dynamic Model,2,2
2023,2023-wimbledon-1308,M,2,3,2,Dynamic Model,2,1
2023,2023-wimbledon-1308,M,2,3,3,Dynamic Model,2,0
2023,2023-wimbledon-1309,M,1,4,1,Cumul. Point Winner,2,3
2023,2023-wimbledon-1309,M,1,4,2,Cumul. Point Winner,1,2
2023,2023-wimbledon-1309,M,1,4,3,Cumul. Point Winner,1,1
2023,2023-wimbledon-1309,M,1,4,4,Cumul. Point Winner,1,0
2023,2023-wimbledon-1309,M,1,4,1,Cumul. Game Winner,2,3
2023,2023-wimbledon-1309,M,1,4,2,Cumul. Game Winner,1,2
2023,2023-wimbledon-1309,M,1,4,3,Cumul. Game Winner,1,1
2023,2023-wimbledon-1309,M,1,4,4,Cumul. Game Winner,1,0
2023,2023-wimbledon-1309,M,1,4,1,Set Winner,2,3
2023,2023-wimbledon-1309,M,1,4,2,Set Winner,1,2
2023,2023-wimbledon-1309,M,1,4,3,Set Winner,1,1
2023,2023-wimbledon-1309,M,1,4,4,Set Winner,1,0
2023,2023-wimbledon-1309,M,1,4,1,Cumul. Set Winner,2,3
2023,2023-wimbledon-1309,M,1,4,2,Cumul. Set Winner,2,2
2023,2023-wimbledon-1309,M,1,4,3,Cumul. Set Winner,1,1
2023,2023-wimbledon-1309,M,1,4,4,Cumul. Set Winner,1,0
2023,2023-wimbledon-1309,M,1,4,1,Cumul. Unf. Error,1,3
2023,2023-wimbledon-1309,M,1,4,2,Cumul. Unf. Error,1,2
2023,2023-wimbledon-1309,M,1,4,3,Cumul. Unf. Error,1,1
2023,2023-wimbledon-1309,M,1,4,4,Cumul. Unf. Error,1,0
2023,2023-wimbledon-1309,M,1,4,1,Dynamic Model,2,3
2023,2023-wimbledon-1309,M,1,4,2,Dynamic Model,1,2
2023,2023-wimbledon-1309,M,1,4,3,Dynamic Model,1,1
2023,2023-wimbledon-1309,M,1,4,4,Dynamic Model,1,0
2023,2023-wimbledon-1310,M,1,5,1,Cumul. Point Winner,1,4
2023,2023-wimbledon-1310,M,1,5,2,Cumul. Point Winner,1,3
2023,2023-wimbledon-1310,M,1,5,3,Cumul. Point Winner,1,2
2023,2023-wimbledon-1310,M,1,5,4,Cumul. Point Winner,2,1
2023,2023-wimbledon-1310,M,1,5,5,Cumul. Point Winner,1,0
2023,2023-wimbledon-1310,M,1,5,1,Cumul. Game Winner,1,4
2023,2023-wimbledon-1310,M,1,5,2,Cumul. Game Winner,1,3
2023,2023-wimbledon-1310,M,1,5,3,Cumul. Game Winner,1,2
2023,2023-wimbledon-1310,M,1,5,4,Cumul. Game Winner,1,1
2023,2023-wimbledon-1310,M,1,5,5,Cumul. Game Winner,1,0
2023,2023-wimbledon-1310,M,1,5,1,Set Winner,1,4
2023,2023-wimbledon-1310,M,1,5,2,Set Winner,2,3
2023,2023-wimbledon-1310,M,1,5,3,Set Winner,1,2
2023,2023-wimbledon-1310,M,1,5,4,Set Winner,2,1
2023,2023-wimbledon-1310,M,1,5,5,Set Winner,1,0
2023,2023-wimbledon-1310,M,1,5,1,Cumul. Set Winner,1,4
2023,2023-wimbledon-1310,M,1,5,2,Cumul. Set Winner,1,3
2023,2023-wimbledon-1310,M,1,5,3,Cumul. Set Winner,1,2
2023,2023-wimbledon-1310,M,1,5,4,Cumul. Set Winner,1,1
2023,2023-wimbledon-1310,M,1,5,5,Cumul. Set Winner,1,0
2023,2023-wimbledon-1310,M,1,5,1,Cumul. Unf. Error,1,4
2023,2023-wimbledon-1310,M,1,5,2,Cumul. Unf. Error,1,3
2023,2023-wimbledon-1310,M,1,5,3,Cumul. Unf. Error,1,2
2023,2023-wimbledon-1310,M,1,5,4,Cumul. Unf. Error,2,1
2023,2023-wimbledon-1310,M,1,5,5,Cumul. Unf. Error,1,0
2023,2023-wimbledon-1310,M,1,5,1,Dynamic Model,1,4
2023,2023-wimbledon-1310,M,1,5,2,Dynamic Model,1,3
2023,2023-wimbledon-1310,M,1,5,3,Dynamic Model,1,2
2023,2023-wimbledon-1310,M,1,5,4,Dynamic Model,2,1
2023,2023-wimbledon-1310,M,1,5,5,Dynamic Model,1,0
2023,2023-wimbledon-1311,M,2,3,1,Cumul. Point Winner,2,2
2023,2023-wimbledon-1311,M,2,3,2,Cumul. Point Winner,2,1
2023,2023-wimbledon-1311,M,2,3,3,Cumul. Point Winner,2,0
2023,2023-wimbledon-1311,M,2,3,1,Cumul. Game Winner,2,2
2023,2023-wimbledon-1311,M,2,3,2,Cumul. Game Winner,2,1
2023,2023-wimbledon-1311,M,2,3,3,Cumul. Game Winner,2,0
2023,2023-wimbledon-1311,M,2,3,1,Set Winner,2,2
2023,2023-wimbledon-1311,M,2,3,2,Set Winner,2,1
2023,2023-wimbledon-1311,M,2,3,3,Set Winner,2,0
2023,2023-wimbledon-1311,M,2,3,1,Cumul. Set Winner,2,2
2023,2023-wimbledon-1311,M,2,3,2,Cumul. Set Winner,2,1
2023,2023-wimbledon-1311,M,2,3,3,Cumul. Set Winner,2,0
2023,2023-wimbledon-1311,M,2,3,1,Cumul. Unf. Error,1,2
2023,2023-wimbledon-1311,M,2,3,2,Cumul. Unf. Error,1,1
2023,2023-wimbledon-1311,M,2,3,3,Cumul. Unf. Error,1,0
2023,2023-wimbledon-1311,M,2,3,1,Dynamic Model,2,2
2023,2023-wimbledon-1311,M,2,3,2,Dynamic Model,2,1
2023,2023-wimbledon-1311,M,2,3,3,Dynamic Model,2,0
2023,2023-wimbledon-1312,M,1,4,1,Cumul. Point Winner,2,3
2023,2023-wimbledon-1312,M,1,4,2,Cumul. Point Winner,1,2
2023,2023-wimbledon-1312,M,1,4,3,Cumul. Point Winner,1,1
2023,2023-wimbledon-1312,M,1,4,4,Cumul. Point Winner,1,0
2023,2023-wimbledon-1312,M,1,4,1,Cumul. Game Winner,2,3
2023,2023-wimbledon-1312,M,1,4,2,Cumul. Game Winner,1,2
2023,2023-wimbledon-1312,M,1,4,3,Cumul. Game Winner,1,1
2023,2023-wimbledon-1312,M,1,4,4,Cumul. Game Winner,1,0
2023,2023-wimbledon-1312,M,1,4,1,Set Winner,2,3
2023,2023-wimbledon-1312,M,1,4,2,Set Winner,1,2
2023,2023-wimbledon-1312,M,1,4,3,Set Winner,1,1
2023,2023-wimbledon-1312,M,1,4,4,Set Winner,1,0
2023,2023-wimbledon-1312,M,1,4,1,Cumul. Set Winner,2,3
2023,2023-wimbledon-1312,M,1,4,2,Cumul. Set Winner,2,2
2023,2023-wimbledon-1312,M,1,4,3,Cumul. Set Winner,1,1
2023,2023-wimbledon-1312,M,1,4,4,Cumul. Set Winner,1,0
2023,2023-wimbledon-1312,M,1,4,1,Cumul. Unf. Error,2,3
2023,2023-wimbledon-1312,M,1,4,2,Cumul. Unf. Error,2,2
2023,2023-wimbledon-1312,M,1,4,3,Cumul. Unf. Error,2,1
2023,2023-wimbledon-1312,M,1,4,4,Cumul. Unf. Error,2,0
2023,2023-wimbledon-1312,M,1,4,1,Dynamic Model,2,3
2023,2023-wimbledon-1312,M,1,4,2,Dynamic Model,2,2
2023,2023-wimbledon-1312,M,1,4,3,Dynamic Model,1,1
2023,2023-wimbledon-1312,M,1,4,4,Dynamic Model,1,0
2023,2023-wimbledon-1313,M,1,4,1,Cumul. Point Winner,1,3
2023,2023-wimbledon-1313,M,1,4,2,Cumul. Point Winner,1,2
2023,2023-wimbledon-1313,M,1,4,3,Cumul. Point Winner,1,1
2023,2023-wimbledon-1313,M,1,4,4,Cumul. Point Winner,1,0
2023,2023-wimbledon-1313,M,1,4,1,Cumul. Game Winner,1,3
2023,2023-wimbledon-1313,M,1,4,2,Cumul. Game Winner,1,2
2023,2023-wimbledon-1313,M,1,4,3,Cumul. Game Winner,1,1
2023,2023-wimbledon-1313,M,1,4,4,Cumul. Game Winner,1,0
2023,2023-wimbledon-1313,M,1,4,1,Set Winner,1,3
2023,2023-wimbledon-1313,M,1,4,2,Set Winner,2,2
2023,2023-wimbledon-1313,M,1,4,3,Set Winner,1,1
2023,2023-wimbledon-1313,M,1,4,4,Set Winner,1,0
2023,2023-wimbledon-1313,M,1,4,1,Cumul. Set Winner,1,3
2023,2023-wimbledon-1313,M,1,4,2,Cumul. Set Winner,1,2
2023,2023-wimbledon-1313,M,1,4,3,Cumul. Set Winner,1,1
2023,2023-wimbledon-1313,M,1,4,4,Cumul. Set Winner,1,0
2023,2023-wimbledon-1313,M,1,4,1,Cumul. Unf. Error,1,3
2023,2023-wimbledon-1313,M,1,4,2,Cumul. Unf. Error,2,2
2023,2023-wimbledon-1313,M,1,4,3,Cumul. Unf. Error,2,1
2023,2023-wimbledon-1313,M,1,4,4,Cumul. Unf. Error,2,0
2023,2023-wimbledon-1313,M,1,4,1,Dynamic Model,1,3
2023,2023-wimbledon-1313,M,1,4,2,Dynamic Model,1,2
2023,2023-wimbledon-1313,M,1,4,3,Dynamic Model,1,1
2023,2023-wimbledon-1313,M,1,4,4,Dynamic Model,1,0
2023,2023-wimbledon-1314,M,1,3,1,Cumul. Point Winner,1,2
2023,2023-wimbledon-1314,M,1,3,2,Cumul. Point Winner,1,1
2023,2023-wimbledon-1314,M,1,3,3,Cumul. Point Winner,1,0
2023,2023-wimbledon-1314,M,1,3,1,Cumul. Game Winner,1,2
2023,2023-wimbledon-1314,M,1,3,2,Cumul. Game Winner,1,1
2023,2023-wimbledon-1314,M,1,3,3,Cumul. Game Winner,1,0
2023,2023-wimbledon-1314,M,1,3,1,Set Winner,1,2
2023,2023-wimbledon-1314,M,1,3,2,Set Winner,1,1
2023,2023-wimbledon-1314,M,1,3,3,Set Winner,1,0
2023,2023-wimbledon-1314,M,1,3,1,Cumul. Set Winner,1,2
2023,2023-wimbledon-1314,M,1,3,2,Cumul. Set Winner,1,1
2023,2023-wimbledon-1314,M,1,3,3,Cumul. Set Winner,1,0
2023,2023-wimbledon-1314,M,1,3,1,Cumul. Unf. Error,2,2
2023,2023-wimbledon-1314,M,1,3,2,Cumul. Unf. Error,2,1
2023,2023-wimbledon-1314,M,1,3,3,Cumul. Unf. Error,1,0
2023,2023-wimbledon-1314,M,1,3,1,Dynamic Model,1,2
2023,2023-wimbledon-1314,M,1,3,2,Dynamic Model,1,1
2023,2023-wimbledon-1314,M,1,3,3,Dynamic Model,1,0
2023,2023-wimbledon-1315,M,2,3,1,Cumul. Point Winner,2,2
2023,2023-wimbledon-1315,M,2,3,2,Cumul. Point Winner,2,1
2023,2023-wimbledon-1315,M,2,3,3,Cumul. Point Winner,2,0
2023,2023-wimbledon-1315,M,2,3,1,Cumul. Game Winner,2,2
2023,2023-wimbledon-1315,M,2,3,2,Cumul. Game Winner,2,1
2023,2023-wimbledon-1315,M,2,3,3,Cumul. Game Winner,2,0
2023,2023-wimbledon-1315,M,2,3,1,Set Winner,2,2
2023,2023-wimbledon-1315,M,2,3,2,Set Winner,2,1
2023,2023-wimbledon-1315,M,2,3,3,Set Winner,2,0
2023,2023-wimbledon-1315,M,2,3,1,Cumul. Set Winner,2,2
2023,2023-wimbledon-1315,M,2,3,2,Cumul. Set Winner,2,1
2023,2023-wimbledon-1315,M,2,3,3,Cumul. Set Winner,2,0
2023,2023-wimbledon-1315,M,2,3,1,Cumul. Unf. Error,2,2
2023,2023-wimbledon-1315,M,2,3,2,Cumul. Unf. Error,1,1
2023,2023-wimbledon-1315,M,2,3,3,Cumul. Unf. Error,1,0
2023,2023-wimbledon-1315,M,2,3,1,Dynamic Model,2,2
2023,2023-wimbledon-1315,M,2,3,2,Dynamic Model,2,1
2023,2023-wimbledon-1315,M,2,3,3,Dynamic Model,2,0
2023,2023-wimbledon-1316,M,2,3,1,Cumul. Point Winner,2,2
2023,2023-wimbledon-1316,M,2,3,2,Cumul. Point Winner,2,1
2023,2023-wimbledon-1316,M,2,3,3,Cumul. Point Winner,2,0
2023,2023-wimbledon-1316,M,2,3,1,Cumul. Game Winner,2,2
2023,2023-wimbledon-1316,M,2,3,2,Cumul. Game Winner,2,1
2023,2023-wimbledon-1316,M,2,3,3,Cumul. Game Winner,2,0
2023,2023-wimbledon-1316,M,2,3,1,Set Winner,2,2
2023,2023-wimbledon-1316,M,2,3,2,Set Winner,2,1
2023,2023-wimbledon-1316,M,2,3,3,Set Winner,2,0
2023,2023-wimbledon-1316,M,2,3,1,Cumul. Set Winner,2,2
2023,2023-wimbledon-1316,M,2,3,2,Cumul. Set Winner,2,1
2023,2023-wimbledon-1316,M,2,3,3,Cumul. Set Winner,2,0
2023,2023-wimbledon-1316,M,2,3,1,Cumul. Unf. Error,2,2
2023,2023-wimbledon-1316,M,2,3,2,Cumul. Unf. Error,2,1
2023,2023-wimbledon-1316,M,2,3,3,Cumul. Unf. Error,2,0
2023,2023-wimbledon-1316,M,2,3,1,Dynamic Model,2,2
2023,2023-wimbledon-1316,M,2,3,2,Dynamic Model,2,1
2023,2023-wimbledon-1316,M,2,3,3,Dynamic Model,2,0
2023,2023-wimbledon-1401,M,1,4,1,Cumul. Point Winner,2,3
2023,2023-wimbledon-1401,M,1,4,2,Cumul. Point Winner,1,2
2023,2023-wimbledon-1401,M,1,4,3,Cumul. Point Winner,1,1
2023,2023-wimbledon-1401,M,1,4,4,Cumul. Point Winner,1,0
2023,2023-wimbledon-1401,M,1,4,1,Cumul. Game Winner,2,3
2023,2023-wimbledon-1401,M,1,4,2,Cumul. Game Winner,2,2
2023,2023-wimbledon-1401,M,1,4,3,Cumul. Game Winner,1,1
2023,2023-wimbledon-1401,M,1,4,4,Cumul. Game Winner,1,0
2023,2023-wimbledon-1401,M,1,4,1,Set Winner,2,3
2023,2023-wimbledon-1401,M,1,4,2,Set Winner,1,2
2023,2023-wimbledon-1401,M,1,4,3,Set Winner,1,1
2023,2023-wimbledon-1401,M,1,4,4,Set Winner,1,0
2023,2023-wimbledon-1401,M,1,4,1,Cumul. Set Winner,2,3
2023,2023-wimbledon-1401,M,1,4,2,Cumul. Set Winner,2,2
2023,2023-wimbledon-1401,M,1,4,3,Cumul. Set Winner,1,1
2023,2023-wimbledon-1401,M,1,4,4,Cumul. Set Winner,1,0
2023,2023-wimbledon-1401,M,1,4,1,Cumul. Unf. Error,1,3
2023,2023-wimbledon-1401,M,1,4,2,Cumul. Unf. Error,1,2
2023,2023-wimbledon-1401,M,1,4,3,Cumul. Unf. Error,1,1
2023,2023-wimbledon-1401,M,1,4,4,Cumul. Unf. Error,1,0
2023,2023-wimbledon-1401,M,1,4,1,Dynamic Model,2,3
2023,2023-wimbledon-1401,M,1,4,2,Dynamic Model,1,2
2023,2023-wimbledon-1401,M,1,4,3,Dynamic Model,1,1
2023,2023-wimbledon-1401,M,1,4,4,Dynamic Model,1,0
2023,2023-wimbledon-1402,M,2,4,1,Cumul. Point Winner,1,3
2023,2023-wimbledon-1402,M,2,4,2,Cumul. Point Winner,1,2
2023,2023-wimbledon-1402,M,2,4,3,Cumul. Point Winner,1,1
2023,2023-wimbledon-1402,M,2,4,4,Cumul. Point Winner,2,0
2023,2023-wimbledon-1402,M,2,4,1,Cumul. Game Winner,1,3
2023,2023-wimbledon-1402,M,2,4,2,Cumul. Game Winner,1,2
2023,2023-wimbledon-1402,M,2,4,3,Cumul. Game Winner,1,1
2023,2023-wimbledon-1402,M,2,4,4,Cumul. Game Winner,2,0
2023,2023-wimbledon-1402,M,2,4,1,Set Winner,1,3
2023,2023-wimbledon-1402,M,2,4,2,Set Winner,2,2
2023,2023-wimbledon-1402,M,2,4,3,Set Winner,2,1
2023,2023-wimbledon-1402,M,2,4,4,Set Winner,2,0
2023,2023-wimbledon-1402,M,2,4,1,Cumul. Set Winner,1,3
2023,2023-wimbledon-1402,M,2,4,2,Cumul. Set Winner,1,2
2023,2023-wimbledon-1402,M,2,4,3,Cumul. Set Winner,2,1
2023,2023-wimbledon-1402,M,2,4,4,Cumul. Set Winner,2,0
2023,2023-wimbledon-1402,M,2,4,1,Cumul. Unf. Error,2,3
2023,2023-wimbledon-1402,M,2,4,2,Cumul. Unf. Error,2,2
2023,2023-wimbledon-1402,M,2,4,3,Cumul. Unf. Error,2,1
2023,2023-wimbledon-1402,M,2,4,4,Cumul. Unf. Error,2,0
2023,2023-wimbledon-1402,M,2,4,1,Dynamic Model,1,3
2023,2023-wimbledon-1402,M,2,4,2,Dynamic Model,2,2
2023,2023-wimbledon-1402,M,2,4,3,Dynamic Model,2,1
2023,2023-wimbledon-1402,M,2,4,4,Dynamic Model,2,0
2023,2023-wimbledon-1403,M,1,2,1,Cumul. Point Winner,1,1
2023,2023-wimbledon-1403,M,1,2,2,Cumul. Point Winner,1,0
2023,2023-wimbledon-1403,M,1,2,1,Cumul. Game Winner,1,1
2023,2023-wimbledon-1403,M,1,2,2,Cumul. Game Winner,1,0
2023,2023-wimbledon-1403,M,1,2,1,Set Winner,1,1
2023,2023-wimbledon-1403,M,1,2,2,Set Winner,1,0
2023,2023-wimbledon-1403,M,1,2,1,Cumul. Set Winner,1,1
2023,2023-wimbledon-1403,M,1,2,2,Cumul. Set Winner,1,0
2023,2023-wimbledon-1403,M,1,2,1,Cumul. Unf. Error,1,1
2023,2023-wimbledon-1403,M,1,2,2,Cumul. Unf. Error,1,0
2023,2023-wimbledon-1403,M,1,2,1,Dynamic Model,1,1
2023,2023-wimbledon-1403,M,1,2,2,Dynamic Model,1,0
2023,2023-wimbledon-1404,M,1,5,1,Cumul. Point Winner,2,4
2023,2023-wimbledon-1404,M,1,5,2,Cumul. Point Winner,2,3
2023,2023-wimbledon-1404,M,1,5,3,Cumul. Point Winner,2,2
2023,2023-wimbledon-1404,M,1,5,4,Cumul. Point Winner,2,1
2023,2023-wimbledon-1404,M,1,5,5,Cumul. Point Winner,2,0
2023,2023-wimbledon-1404,M,1,5,1,Cumul. Game Winner,2,4
2023,2023-wimbledon-1404,M,1,5,2,Cumul. Game Winner,2,3
2023,2023-wimbledon-1404,M,1,5,3,Cumul. Game Winner,2,2
2023,2023-wimbledon-1404,M,1,5,4,Cumul. Game Winner,2,1
2023,2023-wimbledon-1404,M,1,5,5,Cumul. Game Winner,2,0
2023,2023-wimbledon-1404,M,1,5,1,Set Winner,2,4
2023,2023-wimbledon-1404,M,1,5,2,Set Winner,1,3
2023,2023-wimbledon-1404,M,1,5,3,Set Winner,2,2
2023,2023-wimbledon-1404,M,1,5,4,Set Winner,1,1
2023,2023-wimbledon-1404,M,1,5,5,Set Winner,1,0
2023,2023-wimbledon-1404,M,1,5,1,Cumul. Set Winner,2,4
2023,2023-wimbledon-1404,M,1,5,2,Cumul. Set Winner,2,3
2023,2023-wimbledon-1404,M,1,5,3,Cumul. Set Winner,2,2
2023,2023-wimbledon-1404,M,1,5,4,Cumul. Set Winner,2,1
2023,2023-wimbledon-1404,M,1,5,5,Cumul. Set Winner,1,0
2023,2023-wimbledon-1404,M,1,5,1,Cumul. Unf. Error,2,4
2023,2023-wimbledon-1404,M,1,5,2,Cumul. Unf. Error,2,3
2023,2023-wimbledon-1404,M,1,5,3,Cumul. Unf. Error,2,2
2023,2023-wimbledon-1404,M,1,5,4,Cumul. Unf. Error,2,1
2023,2023-wimbledon-1404,M,1,5,5,Cumul. Unf. Error,2,0
2023,2023-wimbledon-1404,M,1,5,1,Dynamic Model,2,4
2023,2023-wimbledon-1404,M,1,5,2,Dynamic Model,2,3
2023,2023-wimbledon-1404,M,1,5,3,Dynamic Model,2,2
2023,2023-wimbledon-1404,M,1,5,4,Dynamic Model,2,1
2023,2023-wimbledon-1404,M,1,5,5,Dynamic Model,2,0
2023,2023-wimbledon-1405,M,1,3,1,Cumul. Point Winner,1,2
2023,2023-wimbledon-1405,M,1,3,2,Cumul. Point Winner,1,1
2023,2023-wimbledon-1405,M,1,3,3,Cumul. Point Winner,1,0
2023,2023-wimbledon-1405,M,1,3,1,Cumul. Game Winner,1,2
2023,2023-wimbledon-1405,M,1,3,2,Cumul. Game Winner,1,1
2023,2023-wimbledon-1405,M,1,3,3,Cumul. Game Winner,1,0
2023,2023-wimbledon-1405,M,1,3,1,Set Winner,1,2
2023,2023-wimbledon-1405,M,1,3,2,Set Winner,1,1
2023,2023-wimbledon-1405,M,1,3,3,Set Winner,1,0
2023,2023-wimbledon-1405,M,1,3,1,Cumul. Set Winner,1,2
2023,2023-wimbledon-1405,M,1,3,2,Cumul. Set Winner,1,1
2023,2023-wimbledon-1405,M,1,3,3,Cumul. Set Winner,1,0
2023,2023-wimbledon-1405,M,1,3,1,Cumul. Unf. Error,1,2
2023,2023-wimbledon-1405,M,1,3,2,Cumul. Unf. Error,1,1
2023,2023-wimbledon-1405,M,1,3,3,Cumul. Unf. Error,1,0
2023,2023-wimbledon-1405,M,1,3,1,Dynamic Model,1,2
2023,2023-wimbledon-1405,M,1,3,2,Dynamic Model,1,1
2023,2023-wimbledon-1405,M,1,3,3,Dynamic Model,1,0
2023,2023-wimbledon-1406,M,1,4,1,Cumul. Point Winner,2,3
2023,2023-wimbledon-1406,M,1,4,2,Cumul. Point Winner,2,2
2023,2023-wimbledon-1406,M,1,4,3,Cumul. Point Winner,1,1
2023,2023-wimbledon-1406,M,1,4,4,Cumul. Point Winner,1,0
2023,2023-wimbledon-1406,M,1,4,1,Cumul. Game Winner,2,3
2023,2023-wimbledon-1406,M,1,4,2,Cumul. Game Winner,2,2
2023,2023-wimbledon-1406,M,1,4,3,Cumul. Game Winner,1,1
2023,2023-wimbledon-1406,M,1,4,4,Cumul. Game Winner,1,0
2023,2023-wimbledon-1406,M,1,4,1,Set Winner,2,3
2023,2023-wimbledon-1406,M,1,4,2,Set Winner,1,2
2023,2023-wimbledon-1406,M,1,4,3,Set Winner,1,1
2023,2023-wimbledon-1406,M,1,4,4,Set Winner,1,0
2023,2023-wimbledon-1406,M,1,4,1,Cumul. Set Winner,2,3
2023,2023-wimbledon-1406,M,1,4,2,Cumul. Set Winner,2,2
2023,2023-wimbledon-1406,M,1,4,3,Cumul. Set Winner,1,1
2023,2023-wimbledon-1406,M,1,4,4,Cumul. Set Winner,1,0
2023,2023-wimbledon-1406,M,1,4,1,Cumul. Unf. Error,2,3
2023,2023-wimbledon-1406,M,1,4,2,Cumul. Unf. Error,2,2
2023,2023-wimbledon-1406,M,1,4,3,Cumul. Unf. Error,1,1
2023,2023-wimbledon-1406,M,1,4,4,Cumul. Unf. Error,1,0
2023,2023-wimbledon-1406,M,1,4,1,Dynamic Model,2,3
2023,2023-wimbledon-1406,M,1,4,2,Dynamic Model,2,2
2023,2023-wimbledon-1406,M,1,4,3,Dynamic Model,1,1
2023,2023-wimbledon-1406,M,1,4,4,Dynamic Model,1,0
2023,2023-wimbledon-1407,M,1,5,1,Cumul. Point Winner,1,4
2023,2023-wimbledon-1407,M,1,5,2,Cumul. Point Winner,1,3
2023,2023-wimbledon-1407,M,1,5,3,Cumul. Point Winner,1,2
2023,2023-wimbledon-1407,M,1,5,4,Cumul. Point Winner,1,1
2023,2023-wimbledon-1407,M,1,5,5,Cumul. Point Winner,1,0
2023,2023-wimbledon-1407,M,1,5,1,Cumul. Game Winner,1,4
2023,2023-wimbledon-1407,M,1,5,2,Cumul. Game Winner,1,3
2023,2023-wimbledon-1407,M,1,5,3,Cumul. Game Winner,1,2
2023,2023-wimbledon-1407,M,1,5,4,Cumul. Game Winner,1,1
2023,2023-wimbledon-1407,M,1,5,5,Cumul. Game Winner,1,0
2023,2023-wimbledon-1407,M,1,5,1,Set Winner,1,4
2023,2023-wimbledon-1407,M,1,5,2,Set Winner,1,3
2023,2023-wimbledon-1407,M,1,5,3,Set Winner,2,2
2023,2023-wimbledon-1407,M,1,5,4,Set Winner,2,1
2023,2023-wimbledon-1407,M,1,5,5,Set Winner,1,0
2023,2023-wimbledon-1407,M,1,5,1,Cumul. Set Winner,1,4
2023,2023-wimbledon-1407,M,1,5,2,Cumul. Set Winner,1,3
2023,2023-wimbledon-1407,M,1,5,3,Cumul. Set Winner,1,2
2023,2023-wimbledon-1407,M,1,5,4,Cumul. Set Winner,1,1
2023,2023-wimbledon-1407,M,1,5,5,Cumul. Set Winner,1,0
2023,2023-wimbledon-1407,M,1,5,1,Cumul. Unf. Error,1,4
2023,2023-wimbledon-1407,M,1,5,2,Cumul. Unf. Error,1,3
2023,2023-wimbledon-1407,M,1,5,3,Cumul. Unf. Error,1,2
2023,2023-wimbledon-1407,M,1,5,4,Cumul. Unf. Error,1,1
2023,2023-wimbledon-1407,M,1,5,5,Cumul. Unf. Error,1,0
2023,2023-wimbledon-1407,M,1,5,1,Dynamic Model,1,4
2023,2023-wimbledon-1407,M,1,5,2,Dynamic Model,1,3
2023,2023-wimbledon-1407,M,1,5,3,Dynamic Model,1,2
2023,2023-wimbledon-1407,M,1,5,4,Dynamic Model,1,1
2023,2023-wimbledon-1407,M,1,5,5,Dynamic Model,1,0
2023,2023-wimbledon-1408,M,2,4,1,Cumul. Point Winner,2,3
2023,2023-wimbledon-1408,M,2,4,2,Cumul. Point Winner,2,2
2023,2023-wimbledon-1408,M,2,4,3,Cumul. Point Winner,2,1
2023,2023-wimbledon-1408,M,2,4,4,Cumul. Point Winner,2,0
2023,2023-wimbledon-1408,M,2,4,1,Cumul. Game Winner,2,3
2023,2023-wimbledon-1408,M,2,4,2,Cumul. Game Winner,2,2
2023,2023-wimbledon-1408,M,2,4,3,Cumul. Game Winner,2,1
2023,2023-wimbledon-1408,M,2,4,4,Cumul. Game Winner,2,0
2023,2023-wimbledon-1408,M,2,4,1,Set Winner,2,3
2023,2023-wimbledon-1408,M,2,4,2,Set Winner,2,2
2023,2023-wimbledon-1408,M,2,4,3,Set Winner,2,1
2023,2023-wimbledon-1408,M,2,4,4,Set Winner,1,0
2023,2023-wimbledon-1408,M,2,4,1,Cumul. Set Winner,2,3
2023,2023-wimbledon-1408,M,2,4,2,Cumul. Set Winner,2,2
2023,2023-wimbledon-1408,M,2,4,3,Cumul. Set Winner,2,1
2023,2023-wimbledon-1408,M,2,4,4,Cumul. Set Winner,2,0
2023,2023-wimbledon-1408,M,2,4,1,Cumul. Unf. Error,2,3
2023,2023-wimbledon-1408,M,2,4,2,Cumul. Unf. Error,2,2
2023,2023-wimbledon-1408,M,2,4,3,Cumul. Unf. Error,2,1
2023,2023-wimbledon-1408,M,2,4,4,Cumul. Unf. Error,2,0
2023,2023-wimbledon-1408,M,2,4,1,Dynamic Model,2,3
2023,2023-wimbledon-1408,M,2,4,2,Dynamic Model,2,2
2023,2023-wimbledon-1408,M,2,4,3,Dynamic Model,2,1
2023,2023-wimbledon-1408,M,2,4,4,Dynamic Model,2,0
2023,2023-wimbledon-1501,M,1,3,1,Cumul. Point Winner,1,2
2023,2023-wimbledon-1501,M,1,3,2,Cumul. Point Winner,1,1
2023,2023-wimbledon-1501,M,1,3,3,Cumul. Point Winner,1,0
2023,2023-wimbledon-1501,M,1,3,1,Cumul. Game Winner,1,2
2023,2023-wimbledon-1501,M,1,3,2,Cumul. Game Winner,1,1
2023,2023-wimbledon-1501,M,1,3,3,Cumul. Game Winner,1,0
2023,2023-wimbledon-1501,M,1,3,1,Set Winner,1,2
2023,2023-wimbledon-1501,M,1,3,2,Set Winner,1,1
2023,2023-wimbledon-1501,M,1,3,3,Set Winner,1,0
2023,2023-wimbledon-1501,M,1,3,1,Cumul. Set Winner,1,2
2023,2023-wimbledon-1501,M,1,3,2,Cumul. Set Winner,1,1
2023,2023-wimbledon-1501,M,1,3,3,Cumul. Set Winner,1,0
2023,2023-wimbledon-1501,M,1,3,1,Cumul. Unf. Error,1,2
2023,2023-wimbledon-1501,M,1,3,2,Cumul. Unf. Error,1,1
2023,2023-wimbledon-1501,M,1,3,3,Cumul. Unf. Error,1,0
2023,2023-wimbledon-1501,M,1,3,1,Dynamic Model,1,2
2023,2023-wimbledon-1501,M,1,3,2,Dynamic Model,1,1
2023,2023-wimbledon-1501,M,1,3,3,Dynamic Model,1,0
2023,2023-wimbledon-1502,M,1,5,1,Cumul. Point Winner,1,4
2023,2023-wimbledon-1502,M,1,5,2,Cumul. Point Winner,2,3
2023,2023-wimbledon-1502,M,1,5,3,Cumul. Point Winner,2,2
2023,2023-wimbledon-1502,M,1,5,4,Cumul. Point Winner,1,1
2023,2023-wimbledon-1502,M,1,5,5,Cumul. Point Winner,1,0
2023,2023-wimbledon-1502,M,1,5,1,Cumul. Game Winner,1,4
2023,2023-wimbledon-1502,M,1,5,2,Cumul. Game Winner,2,3
2023,2023-wimbledon-1502,M,1,5,3,Cumul. Game Winner,2,2
2023,2023-wimbledon-1502,M,1,5,4,Cumul. Game Winner,2,1
2023,2023-wimbledon-1502,M,1,5,5,Cumul. Game Winner,1,0
2023,2023-wimbledon-1502,M,1,5,1,Set Winner,1,4
2023,2023-wimbledon-1502,M,1,5,2,Set Winner,2,3
2023,2023-wimbledon-1502,M,1,5,3,Set Winner,2,2
2023,2023-wimbledon-1502,M,1,5,4,Set Winner,1,1
2023,2023-wimbledon-1502,M,1,5,5,Set Winner,1,0
2023,2023-wimbledon-1502,M,1,5,1,Cumul. Set Winner,1,4
2023,2023-wimbledon-1502,M,1,5,2,Cumul. Set Winner,1,3
2023,2023-wimbledon-1502,M,1,5,3,Cumul. Set Winner,2,2
2023,2023-wimbledon-1502,M,1,5,4,Cumul. Set Winner,2,1
2023,2023-wimbledon-1502,M,1,5,5,Cumul. Set Winner,1,0
2023,2023-wimbledon-1502,M,1,5,1,Cumul. Unf. Error,1,4
2023,2023-wimbledon-1502,M,1,5,2,Cumul. Unf. Error,1,3
2023,2023-wimbledon-1502,M,1,5,3,Cumul. Unf. Error,1,2
2023,2023-wimbledon-1502,M,1,5,4,Cumul. Unf. Error,1,1
2023,2023-wimbledon-1502,M,1,5,5,Cumul. Unf. Error,1,0
2023,2023-wimbledon-1502,M,1,5,1,Dynamic Model,1,4
2023,2023-wimbledon-1502,M,1,5,2,Dynamic Model,1,3
2023,2023-wimbledon-1502,M,1,5,3,Dynamic Model,2,2
2023,2023-wimbledon-1502,M,1,5,4,Dynamic Model,1,1
2023,2023-wimbledon-1502,M,1,5,5,Dynamic Model,1,0
2023,2023-wimbledon-1503,M,1,4,1,Cumul. Point Winner,1,3
2023,2023-wimbledon-1503,M,1,4,2,Cumul. Point Winner,2,2
2023,2023-wimbledon-1503,M,1,4,3,Cumul. Point Winner,1,1
2023,2023-wimbledon-1503,M,1,4,4,Cumul. Point Winner,1,0
2023,2023-wimbledon-1503,M,1,4,1,Cumul. Game Winner,1,3
2023,2023-wimbledon-1503,M,1,4,2,Cumul. Game Winner,2,2
2023,2023-wimbledon-1503,M,1,4,3,Cumul. Game Winner,1,1
2023,2023-wimbledon-1503,M,1,4,4,Cumul. Game Winner,1,0
2023,2023-wimbledon-1503,M,1,4,1,Set Winner,1,3
2023,2023-wimbledon-1503,M,1,4,2,Set Winner,2,2
2023,2023-wimbledon-1503,M,1,4,3,Set Winner,1,1
2023,2023-wimbledon-1503,M,1,4,4,Set Winner,1,0
2023,2023-wimbledon-1503,M,1,4,1,Cumul. Set Winner,1,3
2023,2023-wimbledon-1503,M,1,4,2,Cumul. Set Winner,1,2
2023,2023-wimbledon-1503,M,1,4,3,Cumul. Set Winner,1,1
2023,2023-wimbledon-1503,M,1,4,4,Cumul. Set Winner,1,0
2023,2023-wimbledon-1503,M,1,4,1,Cumul. Unf. Error,1,3
2023,2023-wimbledon-1503,M,1,4,2,Cumul. Unf. Error,1,2
2023,2023-wimbledon-1503,M,1,4,3,Cumul. Unf. Error,1,1
2023,2023-wimbledon-1503,M,1,4,4,Cumul. Unf. Error,1,0
2023,2023-wimbledon-1503,M,1,4,1,Dynamic Model,1,3
2023,2023-wimbledon-1503,M,1,4,2,Dynamic Model,1,2
2023,2023-wimbledon-1503,M,1,4,3,Dynamic Model,1,1
2023,2023-wimbledon-1503,M,1,4,4,Dynamic Model,1,0
2023,2023-wimbledon-1504,M,2,4,1,Cumul. Point Winner,1,3
2023,2023-wimbledon-1504,M,2,4,2,Cumul. Point Winner,2,2
2023,2023-wimbledon-1504,M,2,4,3,Cumul. Point Winner,2,1
2023,2023-wimbledon-1504,M,2,4,4,Cumul. Point Winner,2,0
2023,2023-wimbledon-1504,M,2,4,1,Cumul. Game Winner,1,3
2023,2023-wimbledon-1504,M,2,4,2,Cumul. Game Winner,2,2
2023,2023-wimbledon-1504,M,2,4,3,Cumul. Game Winner,2,1
2023,2023-wimbledon-1504,M,2,4,4,Cumul. Game Winner,2,0
2023,2023-wimbledon-1504,M,2,4,1,Set Winner,1,3
2023,2023-wimbledon-1504,M,2,4,2,Set Winner,2,2
2023,2023-wimbledon-1504,M,2,4,3,Set Winner,2,1
2023,2023-wimbledon-1504,M,2,4,4,Set Winner,2,0
2023,2023-wimbledon-1504,M,2,4,1,Cumul. Set Winner,1,3
2023,2023-wimbledon-1504,M,2,4,2,Cumul. Set Winner,1,2
2023,2023-wimbledon-1504,M,2,4,3,Cumul. Set Winner,2,1
2023,2023-wimbledon-1504,M,2,4,4,Cumul. Set Winner,2,0
2023,2023-wimbledon-1504,M,2,4,1,Cumul. Unf. Error,1,3
2023,2023-wimbledon-1504,M,2,4,2,Cumul. Unf. Error,2,2
2023,2023-wimbledon-1504,M,2,4,3,Cumul. Unf. Error,2,1
2023,2023-wimbledon-1504,M,2,4,4,Cumul. Unf. Error,2,0
2023,2023-wimbledon-1504,M,2,4,1,Dynamic Model,1,3
2023,2023-wimbledon-1504,M,2,4,2,Dynamic Model,2,2
2023,2023-wimbledon-1504,M,2,4,3,Dynamic Model,2,1
2023,2023-wimbledon-1504,M,2,4,4,Dynamic Model,2,0
2023,2023-wimbledon-1601,M,1,3,1,Cumul. Point Winner,1,2
2023,2023-wimbledon-1601,M,1,3,2,Cumul. Point Winner,1,1
2023,2023-wimbledon-1601,M,1,3,3,Cumul. Point Winner,1,0
2023,2023-wimbledon-1601,M,1,3,1,Cumul. Game Winner,1,2
2023,2023-wimbledon-1601,M,1,3,2,Cumul. Game Winner,1,1
2023,2023-wimbledon-1601,M,1,3,3,Cumul. Game Winner,1,0
2023,2023-wimbledon-1601,M,1,3,1,Set Winner,1,2
2023,2023-wimbledon-1601,M,1,3,2,Set Winner,1,1
2023,2023-wimbledon-1601,M,1,3,3,Set Winner,1,0
2023,2023-wimbledon-1601,M,1,3,1,Cumul. Set Winner,1,2
2023,2023-wimbledon-1601,M,1,3,2,Cumul. Set Winner,1,1
2023,2023-wimbledon-1601,M,1,3,3,Cumul. Set Winner,1,0
2023,2023-wimbledon-1601,M,1,3,1,Cumul. Unf. Error,2,2
2023,2023-wimbledon-1601,M,1,3,2,Cumul. Unf. Error,2,1
2023,2023-wimbledon-1601,M,1,3,3,Cumul. Unf. Error,1,0
2023,2023-wimbledon-1601,M,1,3,1,Dynamic Model,1,2
2023,2023-wimbledon-1601,M,1,3,2,Dynamic Model,1,1
2023,2023-wimbledon-1601,M,1,3,3,Dynamic Model,1,0
2023,2023-wimbledon-1602,M,2,3,1,Cumul. Point Winner,2,2
2023,2023-wimbledon-1602,M,2,3,2,Cumul. Point Winner,2,1
2023,2023-wimbledon-1602,M,2,3,3,Cumul. Point Winner,2,0
2023,2023-wimbledon-1602,M,2,3,1,Cumul. Game Winner,2,2
2023,2023-wimbledon-1602,M,2,3,2,Cumul. Game Winner,2,1
2023,2023-wimbledon-1602,M,2,3,3,Cumul. Game Winner,2,0
2023,2023-wimbledon-1602,M,2,3,1,Set Winner,2,2
2023,2023-wimbledon-1602,M,2,3,2,Set Winner,2,1
2023,2023-wimbledon-1602,M,2,3,3,Set Winner,2,0
2023,2023-wimbledon-1602,M,2,3,1,Cumul. Set Winner,2,2
2023,2023-wimbledon-1602,M,2,3,2,Cumul. Set Winner,2,1
2023,2023-wimbledon-1602,M,2,3,3,Cumul. Set Winner,2,0
2023,2023-wimbledon-1602,M,2,3,1,Cumul. Unf. Error,2,2
2023,2023-wimbledon-1602,M,2,3,2,Cumul. Unf. Error,2,1
2023,2023-wimbledon-1602,M,2,3,3,Cumul. Unf. Error,2,0
2023,2023-wimbledon-1602,M,2,3,1,Dynamic Model,2,2
2023,2023-wimbledon-1602,M,2,3,2,Dynamic Model,2,1
2023,2023-wimbledon-1602,M,2,3,3,Dynamic Model,2,0
2023,2023-wimbledon-1701,M,1,5,1,Cumul. Point Winner,2,4
2023,2023-wimbledon-1701,M,1,5,2,Cumul. Point Winner,2,3
2023,2023-wimbledon-1701,M,1,5,3,Cumul. Point Winner,1,2
2023,2023-wimbledon-1701,M,1,5,4,Cumul. Point Winner,2,1
2023,2023-wimbledon-1701,M,1,5,5,Cumul. Point Winner,1,0
2023,2023-wimbledon-1701,M,1,5,1,Cumul. Game Winner,2,4
2023,2023-wimbledon-1701,M,1,5,2,Cumul. Game Winner,2,3
2023,2023-wimbledon-1701,M,1,5,3,Cumul. Game Winner,1,2
2023,2023-wimbledon-1701,M,1,5,4,Cumul. Game Winner,2,1
2023,2023-wimbledon-1701,M,1,5,5,Cumul. Game Winner,2,0
2023,2023-wimbledon-1701,M,1,5,1,Set Winner,2,4
2023,2023-wimbledon-1701,M,1,5,2,Set Winner,1,3
2023,2023-wimbledon-1701,M,1,5,3,Set Winner,1,2
2023,2023-wimbledon-1701,M,1,5,4,Set Winner,2,1
2023,2023-wimbledon-1701,M,1,5,5,Set Winner,1,0
2023,2023-wimbledon-1701,M,1,5,1,Cumul. Set Winner,2,4
2023,2023-wimbledon-1701,M,1,5,2,Cumul. Set Winner,2,3
2023,2023-wimbledon-1701,M,1,5,3,Cumul. Set Winner,1,2
2023,2023-wimbledon-1701,M,1,5,4,Cumul. Set Winner,1,1
2023,2023-wimbledon-1701,M,1,5,5,Cumul. Set Winner,1,0
2023,2023-wimbledon-1701,M,1,5,1,Cumul. Unf. Error,2,4
2023,2023-wimbledon-1701,M,1,5,2,Cumul. Unf. Error,2,3
2023,2023-wimbledon-1701,M,1,5,3,Cumul. Unf. Error,1,2
2023,2023-wimbledon-1701,M,1,5,4,Cumul. Unf. Error,2,1
2023,2023-wimbledon-1701,M,1,5,5,Cumul. Unf. Error,2,0
2023,2023-wimbledon-1701,M,1,5,1,Dynamic Model,2,4
2023,2023-wimbledon-1701,M,1,5,2,Dynamic Model,2,3
2023,2023-wimbledon-1701,M,1,5,3,Dynamic Model,1,2
2023,2023-wimbledon-1701,M,1,5,4,Dynamic Model,2,1
2023,2023-wimbledon-1701,M,1,5,5,Dynamic Model,1,0
2023,2023-wimbledon-2101,W,1,2,1,Cumul. Point Winner,1,1
2023,2023-wimbledon-2101,W,1,2,2,Cumul. Point Winner,1,0
2023,2023-wimbledon-2101,W,1,2,1,Cumul. Game Winner,1,1
2023,2023-wimbledon-2101,W,1,2,2,Cumul. Game Winner,1,0
2023,2023-wimbledon-2101,W,1,2,1,Set Winner,1,1
2023,2023-wimbledon-2101,W,1,2,2,Set Winner,1,0
2023,2023-wimbledon-2101,W,1,2,1,Cumul. Set Winner,1,1
2023,2023-wimbledon-2101,W,1,2,2,Cumul. Set Winner,1,0
2023,2023-wimbledon-2101,W,1,2,1,Cumul. Unf. Error,1,1
2023,2023-wimbledon-2101,W,1,2,2,Cumul. Unf. Error,1,0
2023,2023-wimbledon-2101,W,1,2,1,Dynamic Model,1,1
2023,2023-wimbledon-2101,W,1,2,2,Dynamic Model,1,0
2023,2023-wimbledon-2102,W,2,2,1,Cumul. Point Winner,2,1
2023,2023-wimbledon-2102,W,2,2,2,Cumul. Point Winner,2,0
2023,2023-wimbledon-2102,W,2,2,1,Cumul. Game Winner,2,1
2023,2023-wimbledon-2102,W,2,2,2,Cumul. Game Winner,2,0
2023,2023-wimbledon-2102,W,2,2,1,Set Winner,2,1
2023,2023-wimbledon-2102,W,2,2,2,Set Winner,2,0
2023,2023-wimbledon-2102,W,2,2,1,Cumul. Set Winner,2,1
2023,2023-wimbledon-2102,W,2,2,2,Cumul. Set Winner,2,0
2023,2023-wimbledon-2102,W,2,2,1,Cumul. Unf. Error,2,1
2023,2023-wimbledon-2102,W,2,2,2,Cumul. Unf. Error,2,0
2023,2023-wimbledon-2102,W,2,2,1,Dynamic Model,2,1
2023,2023-wimbledon-2102,W,2,2,2,Dynamic Model,2,0
2023,2023-wimbledon-2103,W,1,3,1,Cumul. Point Winner,2,2
2023,2023-wimbledon-2103,W,1,3,2,Cumul. Point Winner,1,1
2023,2023-wimbledon-2103,W,1,3,3,Cumul. Point Winner,1,0
2023,2023-wimbledon-2103,W,1,3,1,Cumul. Game Winner,2,2
2023,2023-wimbledon-2103,W,1,3,2,Cumul. Game Winner,1,1
2023,2023-wimbledon-2103,W,1,3,3,Cumul. Game Winner,1,0
2023,2023-wimbledon-2103,W,1,3,1,Set Winner,2,2
2023,2023-wimbledon-2103,W,1,3,2,Set Winner,1,1
2023,2023-wimbledon-2103,W,1,3,3,Set Winner,1,0
2023,2023-wimbledon-2103,W,1,3,1,Cumul. Set Winner,2,2
2023,2023-wimbledon-2103,W,1,3,2,Cumul. Set Winner,2,1
2023,2023-wimbledon-2103,W,1,3,3,Cumul. Set Winner,1,0
2023,2023-wimbledon-2103,W,1,3,1,Cumul. Unf. Error,2,2
2023,2023-wimbledon-2103,W,1,3,2,Cumul. Unf. Error,2,1
2023,2023-wimbledon-2103,W,1,3,3,Cumul. Unf. Error,2,0
2023,2023-wimbledon-2103,W,1,3,1,Dynamic Model,2,2
2023,2023-wimbledon-2103,W,1,3,2,Dynamic Model,1,1
2023,2023-wimbledon-2103,W,1,3,3,Dynamic Model,1,0
2023,2023-wimbledon-2104,W,2,3,1,Cumul. Point Winner,2,2
2023,2023-wimbledon-2104,W,2,3,2,Cumul. Point Winner,1,1
2023,2023-wimbledon-2104,W,2,3,3,Cumul. Point Winner,2,0
2023,2023-wimbledon-2104,W,2,3,1,Cumul. Game Winner,2,2
2023,2023-wimbledon-2104,W,2,3,2,Cumul. Game Winner,2,1
2023,2023-wimbledon-2104,W,2,3,3,Cumul. Game Winner,2,0
2023,2023-wimbledon-2104,W,2,3,1,Set Winner,2,2
2023,2023-wimbledon-2104,W,2,3,2,Set Winner,1,1
2023,2023-wimbledon-2104,W,2,3,3,Set Winner,2,0
2023,2023-wimbledon-2104,W,2,3,1,Cumul. Set Winner,2,2
2023,2023-wimbledon-2104,W,2,3,2,Cumul. Set Winner,2,1
2023,2023-wimbledon-2104,W,2,3,3,Cumul. Set Winner,2,0
2023,2023-wimbledon-2104,W,2,3,1,Cumul. Unf. Error,1,2
2023,2023-wimbledon-2104,W,2,3,2,Cumul. Unf. Error,1,1
2023,2023-wimbledon-2104,W,2,3,3,Cumul. Unf. Error,1,0
2023,2023-wimbledon-2104,W,2,3,1,Dynamic Model,2,2
2023,2023-wimbledon-2104,W,2,3,2,Dynamic Model,1,1
2023,2023-wimbledon-2104,W,2,3,3,Dynamic Model,2,0
2023,2023-wimbledon-2105,W,1,2,1,Cumul. Point Winner,1,1
2023,2023-wimbledon-2105,W,1,2,2,Cumul. Point Winner,1,0
2023,2023-wimbledon-2105,W,1,2,1,Cumul. Game Winner,1,1
2023,2023-wimbledon-2105,W,1,2,2,Cumul. Game Winner,1,0
2023,2023-wimbledon-2105,W,1,2,1,Set Winner,1,1
2023,2023-wimbledon-2105,W,1,2,2,Set Winner,1,0
2023,2023-wimbledon-2105,W,1,2,1,Cumul. Set Winner,1,1
2023,2023-wimbledon-2105,W,1,2,2,Cumul. Set Winner,1,0
2023,2023-wimbledon-2105,W,1,2,1,Cumul. Unf. Error,1,1
2023,2023-wimbledon-2105,W,1,2,2,Cumul. Unf. Error,1,0
2023,2023-wimbledon-2105,W,1,2,1,Dynamic Model,1,1
2023,2023-wimbledon-2105,W,1,2,2,Dynamic Model,1,0
2023,2023-wimbledon-2106,W,1,2,1,Cumul. Point Winner,1,1
2023,2023-wimbledon-2106,W,1,2,2,Cumul. Point Winner,1,0
2023,2023-wimbledon-2106,W,1,2,1,Cumul. Game Winner,1,1
2023,2023-wimbledon-2106,W,1,2,2,Cumul. Game Winner,1,0
2023,2023-wimbledon-2106,W,1,2,1,Set Winner,1,1
2023,2023-wimbledon-2106,W,1,2,2,Set Winner,1,0
2023,2023-wimbledon-2106,W,1,2,1,Cumul. Set Winner,1,1
2023,2023-wimbledon-2106,W,1,2,2,Cumul. Set Winner,1,0
2023,2023-wimbledon-2106,W,1,2,1,Cumul. Unf. Error,1,1
2023,2023-wimbledon-2106,W,1,2,2,Cumul. Unf. Error,1,0
2023,2023-wimbledon-2106,W,1,2,1,Dynamic Model,1,1
2023,2023-wimbledon-2106,W,1,2,2,Dynamic Model,1,0
2023,2023-wimbledon-2107,W,1,2,1,Cumul. Point Winner,1,1
2023,2023-wimbledon-2107,W,1,2,2,Cumul. Point Winner,1,0
2023,2023-wimbledon-2107,W,1,2,1,Cumul. Game Winner,1,1
2023,2023-wimbledon-2107,W,1,2,2,Cumul. Game Winner,1,0
2023,2023-wimbledon-2107,W,1,2,1,Set Winner,1,1
2023,2023-wimbledon-2107,W,1,2,2,Set Winner,1,0
2023,2023-wimbledon-2107,W,1,2,1,Cumul. Set Winner,1,1
2023,2023-wimbledon-2107,W,1,2,2,Cumul. Set Winner,1,0
2023,2023-wimbledon-2107,W,1,2,1,Cumul. Unf. Error,1,1
2023,2023-wimbledon-2107,W,1,2,2,Cumul. Unf. Error,1,0
2023,2023-wimbledon-2107,W,1,2,1,Dynamic Model,1,1
2023,2023-wimbledon-2107,W,1,2,2,Dynamic Model,1,0
2023,2023-wimbledon-2108,W,2,2,1,Cumul. Point Winner,2,1
2023,2023-wimbledon-2108,W,2,2,2,Cumul. Point Winner,2,0
2023,2023-wimbledon-2108,W,2,2,1,Cumul. Game Winner,2,1
2023,2023-wimbledon-2108,W,2,2,2,Cumul. Game Winner,2,0
2023,2023-wimbledon-2108,W,2,2,1,Set Winner,2,1
2023,2023-wimbledon-2108,W,2,2,2,Set Winner,2,0
2023,2023-wimbledon-2108,W,2,2,1,Cumul. Set Winner,2,1
2023,2023-wimbledon-2108,W,2,2,2,Cumul. Set Winner,2,0
2023,2023-wimbledon-2108,W,2,2,1,Cumul. Unf. Error,2,1
2023,2023-wimbledon-2108,W,2,2,2,Cumul. Unf. Error,2,0
2023,2023-wimbledon-2108,W,2,2,1,Dynamic Model,2,1
2023,2023-wimbledon-2108,W,2,2,2,Dynamic Model,2,0
2023,2023-wimbledon-2109,W,1,2,1,Cumul. Point Winner,1,1
2023,2023-wimbledon-2109,W,1,2,2,Cumul. Point Winner,1,0
2023,2023-wimbledon-2109,W,1,2,1,Cumul. Game Winner,1,1
2023,2023-wimbledon-2109,W,1,2,2,Cumul. Game Winner,1,0
2023,2023-wimbledon-2109,W,1,2,1,Set Winner,1,1
2023,2023-wimbledon-2109,W,1,2,2,Set Winner,1,0
2023,2023-wimbledon-2109,W,1,2,1,Cumul. Set Winner,1,1
2023,2023-wimbledon-2109,W,1,2,2,Cumul. Set Winner,1,0
2023,2023-wimbledon-2109,W,1,2,1,Cumul. Unf. Error,1,1
2023,2023-wimbledon-2109,W,1,2,2,Cumul. Unf. Error,1,0
2023,2023-wimbledon-2109,W,1,2,1,Dynamic Model,1,1
2023,2023-wimbledon-2109,W,1,2,2,Dynamic Model,1,0
2023,2023-wimbledon-2110,W,1,2,1,Cumul. Point Winner,1,1
2023,2023-wimbledon-2110,W,1,2,2,Cumul. Point Winner,1,0
2023,2023-wimbledon-2110,W,1,2,1,Cumul. Game Winner,1,1
2023,2023-wimbledon-2110,W,1,2,2,Cumul. Game Winner,1,0
2023,2023-wimbledon-2110,W,1,2,1,Set Winner,1,1
2023,2023-wimbledon-2110,W,1,2,2,Set Winner,1,0
2023,2023-wimbledon-2110,W,1,2,1,Cumul. Set Winner,1,1
2023,2023-wimbledon-2110,W,1,2,2,Cumul. Set Winner,1,0
2023,2023-wimbledon-2110,W,1,2,1,Cumul. Unf. Error,1,1
2023,2023-wimbledon-2110,W,1,2,2,Cumul. Unf. Error,1,0
2023,2023-wimbledon-2110,W,1,2,1,Dynamic Model,1,1
2023,2023-wimbledon-2110,W,1,2,2,Dynamic Model,1,0
2023,2023-wimbledon-2111,W,1,3,1,Cumul. Point Winner,2,2
2023,2023-wimbledon-2111,W,1,3,2,Cumul. Point Winner,2,1
2023,2023-wimbledon-2111,W,1,3,3,Cumul. Point Winner,2,0
2023,2023-wimbledon-2111,W,1,3,1,Cumul. Game Winner,2,2
2023,2023-wimbledon-2111,W,1,3,2,Cumul. Game Winner,2,1
2023,2023-wimbledon-2111,W,1,3,3,Cumul. Game Winner,2,0
2023,2023-wimbledon-2111,W,1,3,1,Set Winner,2,2
2023,2023-wimbledon-2111,W,1,3,2,Set Winner,1,1
2023,2023-wimbledon-2111,W,1,3,3,Set Winner,1,0
2023,2023-wimbledon-2111,W,1,3,1,Cumul. Set Winner,2,2
2023,2023-wimbledon-2111,W,1,3,2,Cumul. Set Winner,2,1
2023,2023-wimbledon-2111,W,1,3,3,Cumul. Set Winner,1,0
2023,2023-wimbledon-2111,W,1,3,1,Cumul. Unf. Error,2,2
2023,2023-wimbledon-2111,W,1,3,2,Cumul. Unf. Error,2,1
2023,2023-wimbledon-2111,W,1,3,3,Cumul. Unf. Error,2,0
2023,2023-wimbledon-2111,W,1,3,1,Dynamic Model,2,2
2023,2023-wimbledon-2111,W,1,3,2,Dynamic Model,2,1
2023,2023-wimbledon-2111,W,1,3,3,Dynamic Model,1,0
2023,2023-wimbledon-2112,W,2,3,1,Cumul. Point Winner,2,2
2023,2023-wimbledon-2112,W,2,3,2,Cumul. Point Winner,1,1
2023,2023-wimbledon-2112,W,2,3,3,Cumul. Point Winner,2,0
2023,2023-wimbledon-2112,W,2,3,1,Cumul. Game Winner,2,2
2023,2023-wimbledon-2112,W,2,3,2,Cumul. Game Winner,2,1
2023,2023-wimbledon-2112,W,2,3,3,Cumul. Game Winner,2,0
2023,2023-wimbledon-2112,W,2,3,1,Set Winner,2,2
2023,2023-wimbledon-2112,W,2,3,2,Set Winner,1,1
2023,2023-wimbledon-2112,W,2,3,3,Set Winner,2,0
2023,2023-wimbledon-2112,W,2,3,1,Cumul. Set Winner,2,2
2023,2023-wimbledon-2112,W,2,3,2,Cumul. Set Winner,2,1
2023,2023-wimbledon-2112,W,2,3,3,Cumul. Set Winner,2,0
2023,2023-wimbledon-2112,W,2,3,1,Cumul. Unf. Error,2,2
2023,2023-wimbledon-2112,W,2,3,2,Cumul. Unf. Error,2,1
2023,2023-wimbledon-2112,W,2,3,3,Cumul. Unf. Error,2,0
2023,2023-wimbledon-2112,W,2,3,1,Dynamic Model,2,2
2023,2023-wimbledon-2112,W,2,3,2,Dynamic Model,1,1
2023,2023-wimbledon-2112,W,2,3,3,Dynamic Model,2,0
2023,2023-wimbledon-2113,W,1,2,1,Cumul. Point Winner,1,1
2023,2023-wimbledon-2113,W,1,2,2,Cumul. Point Winner,1,0
2023,2023-wimbledon-2113,W,1,2,1,Cumul. Game Winner,1,1
2023,2023-wimbledon-2113,W,1,2,2,Cumul. Game Winner,1,0
2023,2023-wimbledon-2113,W,1,2,1,Set Winner,1,1
2023,2023-wimbledon-2113,W,1,2,2,Set Winner,1,0
2023,2023-wimbledon-2113,W,1,2,1,Cumul. Set Winner,1,1
2023,2023-wimbledon-2113,W,1,2,2,Cumul. Set Winner,1,0
2023,2023-wimbledon-2113,W,1,2,1,Cumul. Unf. Error,1,1
2023,2023-wimbledon-2113,W,1,2,2,Cumul. Unf. Error,1,0
2023,2023-wimbledon-2113,W,1,2,1,Dynamic Model,1,1
2023,2023-wimbledon-2113,W,1,2,2,Dynamic Model,1,0
2023,2023-wimbledon-2114,W,2,2,1,Cumul. Point Winner,2,1
2023,2023-wimbledon-2114,W,2,2,2,Cumul. Point Winner,2,0
2023,2023-wimbledon-2114,W,2,2,1,Cumul. Game Winner,2,1
2023,2023-wimbledon-2114,W,2,2,2,Cumul. Game Winner,2,0
2023,2023-wimbledon-2114,W,2,2,1,Set Winner,2,1
2023,2023-wimbledon-2114,W,2,2,2,Set Winner,2,0
2023,2023-wimbledon-2114,W,2,2,1,Cumul. Set Winner,2,1
2023,2023-wimbledon-2114,W,2,2,2,Cumul. Set Winner,2,0
2023,2023-wimbledon-2114,W,2,2,1,Cumul. Unf. Error,2,1
2023,2023-wimbledon-2114,W,2,2,2,Cumul. Unf. Error,2,0
2023,2023-wimbledon-2114,W,2,2,1,Dynamic Model,2,1
2023,2023-wimbledon-2114,W,2,2,2,Dynamic Model,2,0
2023,2023-wimbledon-2115,W,2,2,1,Cumul. Point Winner,2,1
2023,2023-wimbledon-2115,W,2,2,2,Cumul. Point Winner,2,0
2023,2023-wimbledon-2115,W,2,2,1,Cumul. Game Winner,2,1
2023,2023-wimbledon-2115,W,2,2,2,Cumul. Game Winner,2,0
2023,2023-wimbledon-2115,W,2,2,1,Set Winner,2,1
2023,2023-wimbledon-2115,W,2,2,2,Set Winner,2,0
2023,2023-wimbledon-2115,W,2,2,1,Cumul. Set Winner,2,1
2023,2023-wimbledon-2115,W,2,2,2,Cumul. Set Winner,2,0
2023,2023-wimbledon-2115,W,2,2,1,Cumul. Unf. Error,1,1
2023,2023-wimbledon-2115,W,2,2,2,Cumul. Unf. Error,1,0
2023,2023-wimbledon-2115,W,2,2,1,Dynamic Model,2,1
2023,2023-wimbledon-2115,W,2,2,2,Dynamic Model,2,0
2023,2023-wimbledon-2116,W,1,3,1,Cumul. Point Winner,1,2
2023,2023-wimbledon-2116,W,1,3,2,Cumul. Point Winner,1,1
2023,2023-wimbledon-2116,W,1,3,3,Cumul. Point Winner,1,0
2023,2023-wimbledon-2116,W,1,3,1,Cumul. Game Winner,1,2
2023,2023-wimbledon-2116,W,1,3,2,Cumul. Game Winner,1,1
2023,2023-wimbledon-2116,W,1,3,3,Cumul. Game Winner,1,0
2023,2023-wimbledon-2116,W,1,3,1,Set Winner,1,2
2023,2023-wimbledon-2116,W,1,3,2,Set Winner,2,1
2023,2023-wimbledon-2116,W,1,3,3,Set Winner,1,0
2023,2023-wimbledon-2116,W,1,3,1,Cumul. Set Winner,1,2
2023,2023-wimbledon-2116,W,1,3,2,Cumul. Set Winner,1,1
2023,2023-wimbledon-2116,W,1,3,3,Cumul. Set Winner,1,0
2023,2023-wimbledon-2116,W,1,3,1,Cumul. Unf. Error,1,2
2023,2023-wimbledon-2116,W,1,3,2,Cumul. Unf. Error,1,1
2023,2023-wimbledon-2116,W,1,3,3,Cumul. Unf. Error,1,0
2023,2023-wimbledon-2116,W,1,3,1,Dynamic Model,1,2
2023,2023-wimbledon-2116,W,1,3,2,Dynamic Model,1,1
2023,2023-wimbledon-2116,W,1,3,3,Dynamic Model,1,0
2023,2023-wimbledon-2117,W,1,3,1,Cumul. Point Winner,1,2
2023,2023-wimbledon-2117,W,1,3,2,Cumul. Point Winner,1,1
2023,2023-wimbledon-2117,W,1,3,3,Cumul. Point Winner,1,0
2023,2023-wimbledon-2117,W,1,3,1,Cumul. Game Winner,1,2
2023,2023-wimbledon-2117,W,1,3,2,Cumul. Game Winner,1,1
2023,2023-wimbledon-2117,W,1,3,3,Cumul. Game Winner,1,0
2023,2023-wimbledon-2117,W,1,3,1,Set Winner,1,2
2023,2023-wimbledon-2117,W,1,3,2,Set Winner,2,1
2023,2023-wimbledon-2117,W,1,3,3,Set Winner,1,0
2023,2023-wimbledon-2117,W,1,3,1,Cumul. Set Winner,1,2
2023,2023-wimbledon-2117,W,1,3,2,Cumul. Set Winner,1,1
2023,2023-wimbledon-2117,W,1,3,3,Cumul. Set Winner,1,0
2023,2023-wimbledon-2117,W,1,3,1,Cumul. Unf. Error,1,2
2023,2023-wimbledon-2117,W,1,3,2,Cumul. Unf. Error,1,1
2023,2023-wimbledon-2117,W,1,3,3,Cumul. Unf. Error,1,0
2023,2023-wimbledon-2117,W,1,3,1,Dynamic Model,1,2
2023,2023-wimbledon-2117,W,1,3,2,Dynamic Model,1,1
2023,2023-wimbledon-2117,W,1,3,3,Dynamic Model,1,0
2023,2023-wimbledon-2118,W,1,3,1,Cumul. Point Winner,1,2
2023,2023-wimbledon-2118,W,1,3,2,Cumul. Point Winner,1,1
2023,2023-wimbledon-2118,W,1,3,3,Cumul. Point Winner,1,0
2023,2023-wimbledon-2118,W,1,3,1,Cumul. Game Winner,1,2
2023,2023-wimbledon-2118,W,1,3,2,Cumul. Game Winner,1,1
2023,2023-wimbledon-2118,W,1,3,3,Cumul. Game Winner,1,0
2023,2023-wimbledon-2118,W,1,3,1,Set Winner,1,2
2023,2023-wimbledon-2118,W,1,3,2,Set Winner,2,1
2023,2023-wimbledon-2118,W,1,3,3,Set Winner,1,0
2023,2023-wimbledon-2118,W,1,3,1,Cumul. Set Winner,1,2
2023,2023-wimbledon-2118,W,1,3,2,Cumul. Set Winner,1,1
2023,2023-wimbledon-2118,W,1,3,3,Cumul. Set Winner,1,0
2023,2023-wimbledon-2118,W,1,3,1,Cumul. Unf. Error,1,2
2023,2023-wimbledon-2118,W,1,3,2,Cumul. Unf. Error,2,1
2023,2023-wimbledon-2118,W,1,3,3,Cumul. Unf. Error,2,0
2023,2023-wimbledon-2118,W,1,3,1,Dynamic Model,1,2
2023,2023-wimbledon-2118,W,1,3,2,Dynamic Model,1,1
2023,2023-wimbledon-2118,W,1,3,3,Dynamic Model,1,0
2023,2023-wimbledon-2119,W,2,2,1,Cumul. Point Winner,2,1
2023,2023-wimbledon-2119,W,2,2,2,Cumul. Point Winner,2,0
2023,2023-wimbledon-2119,W,2,2,1,Cumul. Game Winner,2,1
2023,2023-wimbledon-2119,W,2,2,2,Cumul. Game Winner,2,0
2023,2023-wimbledon-2119,W,2,2,1,Set Winner,2,1
2023,2023-wimbledon-2119,W,2,2,2,Set Winner,2,0
2023,2023-wimbledon-2119,W,2,2,1,Cumul. Set Winner,2,1
2023,2023-wimbledon-2119,W,2,2,2,Cumul. Set Winner,2,0
2023,2023-wimbledon-2119,W,2,2,1,Cumul. Unf. Error,2,1
2023,2023-wimbledon-2119,W,2,2,2,Cumul. Unf. Error,2,0
2023,2023-wimbledon-2119,W,2,2,1,Dynamic Model,2,1
2023,2023-wimbledon-2119,W,2,2,2,Dynamic Model,2,0
2023,2023-wimbledon-2120,W,1,3,1,Cumul. Point Winner,1,2
2023,2023-wimbledon-2120,W,1,3,2,Cumul. Point Winner,1,1
2023,2023-wimbledon-2120,W,1,3,3,Cumul. Point Winner,1,0
2023,2023-wimbledon-2120,W,1,3,1,Cumul. Game Winner,1,2
2023,2023-wimbledon-2120,W,1,3,2,Cumul. Game Winner,2,1
2023,2023-wimbledon-2120,W,1,3,3,Cumul. Game Winner,2,0
2023,2023-wimbledon-2120,W,1,3,1,Set Winner,1,2
2023,2023-wimbledon-2120,W,1,3,2,Set Winner,2,1
2023,2023-wimbledon-2120,W,1,3,3,Set Winner,1,0
2023,2023-wimbledon-2120,W,1,3,1,Cumul. Set Winner,1,2
2023,2023-wimbledon-2120,W,1,3,2,Cumul. Set Winner,1,1
2023,2023-wimbledon-2120,W,1,3,3,Cumul. Set Winner,1,0
2023,2023-wimbledon-2120,W,1,3,1,Cumul. Unf. Error,1,2
2023,2023-wimbledon-2120,W,1,3,2,Cumul. Unf. Error,2,1
2023,2023-wimbledon-2120,W,1,3,3,Cumul. Unf. Error,2,0
2023,2023-wimbledon-2120,W,1,3,1,Dynamic Model,1,2
2023,2023-wimbledon-2120,W,1,3,2,Dynamic Model,1,1
2023,2023-wimbledon-2120,W,1,3,3,Dynamic Model,1,0
2023,2023-wimbledon-2121,W,2,2,1,Cumul. Point Winner,2,1
2023,2023-wimbledon-2121,W,2,2,2,Cumul. Point Winner,2,0
2023,2023-wimbledon-2121,W,2,2,1,Cumul. Game Winner,2,1
2023,2023-wimbledon-2121,W,2,2,2,Cumul. Game Winner,2,0
2023,2023-wimbledon-2121,W,2,2,1,Set Winner,2,1
2023,2023-wimbledon-2121,W,2,2,2,Set Winner,2,0
2023,2023-wimbledon-2121,W,2,2,1,Cumul. Set Winner,2,1
2023,2023-wimbledon-2121,W,2,2,2,Cumul. Set Winner,2,0
2023,2023-wimbledon-2121,W,2,2,1,Cumul. Unf. Error,2,1
2023,2023-wimbledon-2121,W,2,2,2,Cumul. Unf. Error,2,0
2023,2023-wimbledon-2121,W,2,2,1,Dynamic Model,2,1
2023,2023-wimbledon-2121,W,2,2,2,Dynamic Model,2,0
2023,2023-wimbledon-2122,W,1,3,1,Cumul. Point Winner,1,2
2023,2023-wimbledon-2122,W,1,3,2,Cumul. Point Winner,2,1
2023,2023-wimbledon-2122,W,1,3,3,Cumul. Point Winner,1,0
2023,2023-wimbledon-2122,W,1,3,1,Cumul. Game Winner,1,2
2023,2023-wimbledon-2122,W,1,3,2,Cumul. Game Winner,1,1
2023,2023-wimbledon-2122,W,1,3,3,Cumul. Game Winner,1,0
2023,2023-wimbledon-2122,W,1,3,1,Set Winner,1,2
2023,2023-wimbledon-2122,W,1,3,2,Set Winner,2,1
2023,2023-wimbledon-2122,W,1,3,3,Set Winner,1,0
2023,2023-wimbledon-2122,W,1,3,1,Cumul. Set Winner,1,2
2023,2023-wimbledon-2122,W,1,3,2,Cumul. Set Winner,1,1
2023,2023-wimbledon-2122,W,1,3,3,Cumul. Set Winner,1,0
2023,2023-wimbledon-2122,W,1,3,1,Cumul. Unf. Error,1,2
2023,2023-wimbledon-2122,W,1,3,2,Cumul. Unf. Error,1,1
2023,2023-wimbledon-2122,W,1,3,3,Cumul. Unf. Error,1,0
2023,2023-wimbledon-2122,W,1,3,1,Dynamic Model,1,2
2023,2023-wimbledon-2122,W,1,3,2,Dynamic Model,2,1
2023,2023-wimbledon-2122,W,1,3,3,Dynamic Model,1,0
2023,2023-wimbledon-2123,W,1,2,1,Cumul. Point Winner,1,1
2023,2023-wimbledon-2123,W,1,2,2,Cumul. Point Winner,1,0
2023,2023-wimbledon-2123,W,1,2,1,Cumul. Game Winner,1,1
2023,2023-wimbledon-2123,W,1,2,2,Cumul. Game Winner,1,0
2023,2023-wimbledon-2123,W,1,2,1,Set Winner,1,1
2023,2023-wimbledon-2123,W,1,2,2,Set Winner,1,0
2023,2023-wimbledon-2123,W,1,2,1,Cumul. Set Winner,1,1
2023,2023-wimbledon-2123,W,1,2,2,Cumul. Set Winner,1,0
2023,2023-wimbledon-2123,W,1,2,1,Cumul. Unf. Error,2,1
2023,2023-wimbledon-2123,W,1,2,2,Cumul. Unf. Error,2,0
2023,2023-wimbledon-2123,W,1,2,1,Dynamic Model,1,1
2023,2023-wimbledon-2123,W,1,2,2,Dynamic Model,1,0
2023,2023-wimbledon-2124,W,1,2,1,Cumul. Point Winner,1,1
2023,2023-wimbledon-2124,W,1,2,2,Cumul. Point Winner,1,0
2023,2023-wimbledon-2124,W,1,2,1,Cumul. Game Winner,1,1
2023,2023-wimbledon-2124,W,1,2,2,Cumul. Game Winner,1,0
2023,2023-wimbledon-2124,W,1,2,1,Set Winner,1,1
2023,2023-wimbledon-2124,W,1,2,2,Set Winner,1,0
2023,2023-wimbledon-2124,W,1,2,1,Cumul. Set Winner,1,1
2023,2023-wimbledon-2124,W,1,2,2,Cumul. Set Winner,1,0
2023,2023-wimbledon-2124,W,1,2,1,Cumul. Unf. Error,1,1
2023,2023-wimbledon-2124,W,1,2,2,Cumul. Unf. Error,1,0
2023,2023-wimbledon-2124,W,1,2,1,Dynamic Model,1,1
2023,2023-wimbledon-2124,W,1,2,2,Dynamic Model,1,0
2023,2023-wimbledon-2125,W,1,2,1,Cumul. Point Winner,1,1
2023,2023-wimbledon-2125,W,1,2,2,Cumul. Point Winner,1,0
2023,2023-wimbledon-2125,W,1,2,1,Cumul. Game Winner,1,1
2023,2023-wimbledon-2125,W,1,2,2,Cumul. Game Winner,1,0
2023,2023-wimbledon-2125,W,1,2,1,Set Winner,1,1
2023,2023-wimbledon-2125,W,1,2,2,Set Winner,1,0
2023,2023-wimbledon-2125,W,1,2,1,Cumul. Set Winner,1,1
2023,2023-wimbledon-2125,W,1,2,2,Cumul. Set Winner,1,0
2023,2023-wimbledon-2125,W,1,2,1,Cumul. Unf. Error,2,1
2023,2023-wimbledon-2125,W,1,2,2,Cumul. Unf. Error,2,0
2023,2023-wimbledon-2125,W,1,2,1,Dynamic Model,1,1
2023,2023-wimbledon-2125,W,1,2,2,Dynamic Model,1,0
2023,2023-wimbledon-2126,W,1,2,1,Cumul. Point Winner,1,1
2023,2023-wimbledon-2126,W,1,2,2,Cumul. Point Winner,1,0
2023,2023-wimbledon-2126,W,1,2,1,Cumul. Game Winner,1,1
2023,2023-wimbledon-2126,W,1,2,2,Cumul. Game Winner,1,0
2023,2023-wimbledon-2126,W,1,2,1,Set Winner,1,1
2023,2023-wimbledon-2126,W,1,2,2,Set Winner,1,0
2023,2023-wimbledon-2126,W,1,2,1,Cumul. Set Winner,1,1
2023,2023-wimbledon-2126,W,1,2,2,Cumul. Set Winner,1,0
2023,2023-wimbledon-2126,W,1,2,1,Cumul. Unf. Error,1,1
2023,2023-wimbledon-2126,W,1,2,2,Cumul. Unf. Error,1,0
2023,2023-wimbledon-2126,W,1,2,1,Dynamic Model,1,1
2023,2023-wimbledon-2126,W,1,2,2,Dynamic Model,1,0
2023,2023-wimbledon-2127,W,1,2,1,Cumul. Point Winner,1,1
2023,2023-wimbledon-2127,W,1,2,2,Cumul. Point Winner,1,0
2023,2023-wimbledon-2127,W,1,2,1,Cumul. Game Winner,1,1
2023,2023-wimbledon-2127,W,1,2,2,Cumul. Game Winner,1,0
2023,2023-wimbledon-2127,W,1,2,1,Set Winner,1,1
2023,2023-wimbledon-2127,W,1,2,2,Set Winner,1,0
2023,2023-wimbledon-2127,W,1,2,1,Cumul. Set Winner,1,1
2023,2023-wimbledon-2127,W,1,2,2,Cumul. Set Winner,1,0
2023,2023-wimbledon-2127,W,1,2,1,Cumul. Unf. Error,1,1
2023,2023-wimbledon-2127,W,1,2,2,Cumul. Unf. Error,2,0
2023,2023-wimbledon-2127,W,1,2,1,Dynamic Model,1,1
2023,2023-wimbledon-2127,W,1,2,2,Dynamic Model,1,0
2023,2023-wimbledon-2128,W,2,2,1,Cumul. Point Winner,2,1
2023,2023-wimbledon-2128,W,2,2,2,Cumul. Point Winner,2,0
2023,2023-wimbledon-2128,W,2,2,1,Cumul. Game Winner,2,1
2023,2023-wimbledon-2128,W,2,2,2,Cumul. Game Winner,2,0
2023,2023-wimbledon-2128,W,2,2,1,Set Winner,2,1
2023,2023-wimbledon-2128,W,2,2,2,Set Winner,2,0
2023,2023-wimbledon-2128,W,2,2,1,Cumul. Set Winner,2,1
2023,2023-wimbledon-2128,W,2,2,2,Cumul. Set Winner,2,0
2023,2023-wimbledon-2128,W,2,2,1,Cumul. Unf. Error,2,1
2023,2023-wimbledon-2128,W,2,2,2,Cumul. Unf. Error,2,0
2023,2023-wimbledon-2128,W,2,2,1,Dynamic Model,2,1
2023,2023-wimbledon-2128,W,2,2,2,Dynamic Model,2,0
2023,2023-wimbledon-2129,W,1,2,1,Cumul. Point Winner,1,1
2023,2023-wimbledon-2129,W,1,2,2,Cumul. Point Winner,1,0
2023,2023-wimbledon-2129,W,1,2,1,Cumul. Game Winner,1,1
2023,2023-wimbledon-2129,W,1,2,2,Cumul. Game Winner,1,0
2023,2023-wimbledon-2129,W,1,2,1,Set Winner,1,1
2023,2023-wimbledon-2129,W,1,2,2,Set Winner,1,0
2023,2023-wimbledon-2129,W,1,2,1,Cumul. Set Winner,1,1
2023,2023-wimbledon-2129,W,1,2,2,Cumul. Set Winner,1,0
2023,2023-wimbledon-2129,W,1,2,1,Cumul. Unf. Error,1,1
2023,2023-wimbledon-2129,W,1,2,2,Cumul. Unf. Error,1,0
2023,2023-wimbledon-2129,W,1,2,1,Dynamic Model,1,1
2023,2023-wimbledon-2129,W,1,2,2,Dynamic Model,1,0
2023,2023-wimbledon-2130,W,1,2,1,Cumul. Point Winner,1,1
2023,2023-wimbledon-2130,W,1,2,2,Cumul. Point Winner,1,0
2023,2023-wimbledon-2130,W,1,2,1,Cumul. Game Winner,1,1
2023,2023-wimbledon-2130,W,1,2,2,Cumul. Game Winner,1,0
2023,2023-wimbledon-2130,W,1,2,1,Set Winner,1,1
2023,2023-wimbledon-2130,W,1,2,2,Set Winner,1,0
2023,2023-wimbledon-2130,W,1,2,1,Cumul. Set Winner,1,1
2023,2023-wimbledon-2130,W,1,2,2,Cumul. Set Winner,1,0
2023,2023-wimbledon-2130,W,1,2,1,Cumul. Unf. Error,2,1
2023,2023-wimbledon-2130,W,1,2,2,Cumul. Unf. Error,2,0
2023,2023-wimbledon-2130,W,1,2,1,Dynamic Model,1,1
2023,2023-wimbledon-2130,W,1,2,2,Dynamic Model,1,0
2023,2023-wimbledon-2131,W,2,3,1,Cumul. Point Winner,2,2
2023,2023-wimbledon-2131,W,2,3,2,Cumul. Point Winner,1,1
2023,2023-wimbledon-2131,W,2,3,3,Cumul. Point Winner,2,0
2023,2023-wimbledon-2131,W,2,3,1,Cumul. Game Winner,2,2
2023,2023-wimbledon-2131,W,2,3,2,Cumul. Game Winner,2,1
2023,2023-wimbledon-2131,W,2,3,3,Cumul. Game Winner,2,0
2023,2023-wimbledon-2131,W,2,3,1,Set Winner,2,2
2023,2023-wimbledon-2131,W,2,3,2,Set Winner,1,1
2023,2023-wimbledon-2131,W,2,3,3,Set Winner,2,0
2023,2023-wimbledon-2131,W,2,3,1,Cumul. Set Winner,2,2
2023,2023-wimbledon-2131,W,2,3,2,Cumul. Set Winner,2,1
2023,2023-wimbledon-2131,W,2,3,3,Cumul. Set Winner,2,0
2023,2023-wimbledon-2131,W,2,3,1,Cumul. Unf. Error,2,2
2023,2023-wimbledon-2131,W,2,3,2,Cumul. Unf. Error,1,1
2023,2023-wimbledon-2131,W,2,3,3,Cumul. Unf. Error,1,0
2023,2023-wimbledon-2131,W,2,3,1,Dynamic Model,2,2
2023,2023-wimbledon-2131,W,2,3,2,Dynamic Model,1,1
2023,2023-wimbledon-2131,W,2,3,3,Dynamic Model,2,0
2023,2023-wimbledon-2132,W,2,2,1,Cumul. Point Winner,2,1
2023,2023-wimbledon-2132,W,2,2,2,Cumul. Point Winner,2,0
2023,2023-wimbledon-2132,W,2,2,1,Cumul. Game Winner,2,1
2023,2023-wimbledon-2132,W,2,2,2,Cumul. Game Winner,2,0
2023,2023-wimbledon-2132,W,2,2,1,Set Winner,2,1
2023,2023-wimbledon-2132,W,2,2,2,Set Winner,2,0
2023,2023-wimbledon-2132,W,2,2,1,Cumul. Set Winner,2,1
2023,2023-wimbledon-2132,W,2,2,2,Cumul. Set Winner,2,0
2023,2023-wimbledon-2132,W,2,2,1,Cumul. Unf. Error,1,1
2023,2023-wimbledon-2132,W,2,2,2,Cumul. Unf. Error,1,0
2023,2023-wimbledon-2132,W,2,2,1,Dynamic Model,2,1
2023,2023-wimbledon-2132,W,2,2,2,Dynamic Model,2,0
2023,2023-wimbledon-2133,W,1,2,1,Cumul. Point Winner,1,1
2023,2023-wimbledon-2133,W,1,2,2,Cumul. Point Winner,1,0
2023,2023-wimbledon-2133,W,1,2,1,Cumul. Game Winner,1,1
2023,2023-wimbledon-2133,W,1,2,2,Cumul. Game Winner,1,0
2023,2023-wimbledon-2133,W,1,2,1,Set Winner,1,1
2023,2023-wimbledon-2133,W,1,2,2,Set Winner,1,0
2023,2023-wimbledon-2133,W,1,2,1,Cumul. Set Winner,1,1
2023,2023-wimbledon-2133,W,1,2,2,Cumul. Set Winner,1,0
2023,2023-wimbledon-2133,W,1,2,1,Cumul. Unf. Error,2,1
2023,2023-wimbledon-2133,W,1,2,2,Cumul. Unf. Error,2,0
2023,2023-wimbledon-2133,W,1,2,1,Dynamic Model,1,1
2023,2023-wimbledon-2133,W,1,2,2,Dynamic Model,1,0
2023,2023-wimbledon-2134,W,2,2,1,Cumul. Point Winner,2,1
2023,2023-wimbledon-2134,W,2,2,2,Cumul. Point Winner,2,0
2023,2023-wimbledon-2134,W,2,2,1,Cumul. Game Winner,2,1
2023,2023-wimbledon-2134,W,2,2,2,Cumul. Game Winner,2,0
2023,2023-wimbledon-2134,W,2,2,1,Set Winner,2,1
2023,2023-wimbledon-2134,W,2,2,2,Set Winner,2,0
2023,2023-wimbledon-2134,W,2,2,1,Cumul. Set Winner,2,1
2023,2023-wimbledon-2134,W,2,2,2,Cumul. Set Winner,2,0
2023,2023-wimbledon-2134,W,2,2,1,Cumul. Unf. Error,1,1
2023,2023-wimbledon-2134,W,2,2,2,Cumul. Unf. Error,1,0
2023,2023-wimbledon-2134,W,2,2,1,Dynamic Model,2,1
2023,2023-wimbledon-2134,W,2,2,2,Dynamic Model,2,0
2023,2023-wimbledon-2135,W,2,3,1,Cumul. Point Winner,2,2
2023,2023-wimbledon-2135,W,2,3,2,Cumul. Point Winner,1,1
2023,2023-wimbledon-2135,W,2,3,3,Cumul. Point Winner,2,0
2023,2023-wimbledon-2135,W,2,3,1,Cumul. Game Winner,2,2
2023,2023-wimbledon-2135,W,2,3,2,Cumul. Game Winner,2,1
2023,2023-wimbledon-2135,W,2,3,3,Cumul. Game Winner,2,0
2023,2023-wimbledon-2135,W,2,3,1,Set Winner,2,2
2023,2023-wimbledon-2135,W,2,3,2,Set Winner,1,1
2023,2023-wimbledon-2135,W,2,3,3,Set Winner,2,0
2023,2023-wimbledon-2135,W,2,3,1,Cumul. Set Winner,2,2
2023,2023-wimbledon-2135,W,2,3,2,Cumul. Set Winner,2,1
2023,2023-wimbledon-2135,W,2,3,3,Cumul. Set Winner,2,0
2023,2023-wimbledon-2135,W,2,3,1,Cumul. Unf. Error,1,2
2023,2023-wimbledon-2135,W,2,3,2,Cumul. Unf. Error,1,1
2023,2023-wimbledon-2135,W,2,3,3,Cumul. Unf. Error,2,0
2023,2023-wimbledon-2135,W,2,3,1,Dynamic Model,2,2
2023,2023-wimbledon-2135,W,2,3,2,Dynamic Model,1,1
2023,2023-wimbledon-2135,W,2,3,3,Dynamic Model,2,0
2023,2023-wimbledon-2136,W,2,2,1,Cumul. Point Winner,2,1
2023,2023-wimbledon-2136,W,2,2,2,Cumul. Point Winner,2,0
2023,2023-wimbledon-2136,W,2,2,1,Cumul. Game Winner,2,1
2023,2023-wimbledon-2136,W,2,2,2,Cumul. Game Winner,2,0
2023,2023-wimbledon-2136,W,2,2,1,Set Winner,2,1
2023,2023-wimbledon-2136,W,2,2,2,Set Winner,2,0
2023,2023-wimbledon-2136,W,2,2,1,Cumul. Set Winner,2,1
2023,2023-wimbledon-2136,W,2,2,2,Cumul. Set Winner,2,0
2023,2023-wimbledon-2136,W,2,2,1,Cumul. Unf. Error,1,1
2023,2023-wimbledon-2136,W,2,2,2,Cumul. Unf. Error,2,0
2023,2023-wimbledon-2136,W,2,2,1,Dynamic Model,2,1
2023,2023-wimbledon-2136,W,2,2,2,Dynamic Model,2,0
2023,2023-wimbledon-2137,W,2,2,1,Cumul. Point Winner,2,1
2023,2023-wimbledon-2137,W,2,2,2,Cumul. Point Winner,2,0
2023,2023-wimbledon-2137,W,2,2,1,Cumul. Game Winner,2,1
2023,2023-wimbledon-2137,W,2,2,2,Cumul. Game Winner,2,0
2023,2023-wimbledon-2137,W,2,2,1,Set Winner,2,1
2023,2023-wimbledon-2137,W,2,2,2,Set Winner,2,0
2023,2023-wimbledon-2137,W,2,2,1,Cumul. Set Winner,2,1
2023,2023-wimbledon-2137,W,2,2,2,Cumul. Set Winner,2,0
2023,2023-wimbledon-2137,W,2,2,1,Cumul. Unf. Error,2,1
2023,2023-wimbledon-2137,W,2,2,2,Cumul. Unf. Error,2,0
2023,2023-wimbledon-2137,W,2,2,1,Dynamic Model,2,1
2023,2023-wimbledon-2137,W,2,2,2,Dynamic Model,2,0
2023,2023-wimbledon-2138,W,2,3,1,Cumul. Point Winner,1,2
2023,2023-wimbledon-2138,W,2,3,2,Cumul. Point Winner,1,1
2023,2023-wimbledon-2138,W,2,3,3,Cumul. Point Winner,2,0
2023,2023-wimbledon-2138,W,2,3,1,Cumul. Game Winner,1,2
2023,2023-wimbledon-2138,W,2,3,2,Cumul. Game Winner,1,1
2023,2023-wimbledon-2138,W,2,3,3,Cumul. Game Winner,2,0
2023,2023-wimbledon-2138,W,2,3,1,Set Winner,1,2
2023,2023-wimbledon-2138,W,2,3,2,Set Winner,2,1
2023,2023-wimbledon-2138,W,2,3,3,Set Winner,2,0
2023,2023-wimbledon-2138,W,2,3,1,Cumul. Set Winner,1,2
2023,2023-wimbledon-2138,W,2,3,2,Cumul. Set Winner,1,1
2023,2023-wimbledon-2138,W,2,3,3,Cumul. Set Winner,2,0
2023,2023-wimbledon-2138,W,2,3,1,Cumul. Unf. Error,1,2
2023,2023-wimbledon-2138,W,2,3,2,Cumul. Unf. Error,1,1
2023,2023-wimbledon-2138,W,2,3,3,Cumul. Unf. Error,2,0
2023,2023-wimbledon-2138,W,2,3,1,Dynamic Model,1,2
2023,2023-wimbledon-2138,W,2,3,2,Dynamic Model,1,1
2023,2023-wimbledon-2138,W,2,3,3,Dynamic Model,2,0
2023,2023-wimbledon-2139,W,1,2,1,Cumul. Point Winner,1,1
2023,2023-wimbledon-2139,W,1,2,2,Cumul. Point Winner,1,0
2023,2023-wimbledon-2139,W,1,2,1,Cumul. Game Winner,1,1
2023,2023-wimbledon-2139,W,1,2,2,Cumul. Game Winner,1,0
2023,2023-wimbledon-2139,W,1,2,1,Set Winner,1,1
2023,2023-wimbledon-2139,W,1,2,2,Set Winner,1,0
2023,2023-wimbledon-2139,W,1,2,1,Cumul. Set Winner,1,1
2023,2023-wimbledon-2139,W,1,2,2,Cumul. Set Winner,1,0
2023,2023-wimbledon-2139,W,1,2,1,Cumul. Unf. Error,1,1
2023,2023-wimbledon-2139,W,1,2,2,Cumul. Unf. Error,1,0
2023,2023-wimbledon-2139,W,1,2,1,Dynamic Model,1,1
2023,2023-wimbledon-2139,W,1,2,2,Dynamic Model,1,0
2023,2023-wimbledon-2140,W,2,3,1,Cumul. Point Winner,2,2
2023,2023-wimbledon-2140,W,2,3,2,Cumul. Point Winner,2,1
2023,2023-wimbledon-2140,W,2,3,3,Cumul. Point Winner,2,0
2023,2023-wimbledon-2140,W,2,3,1,Cumul. Game Winner,2,2
2023,2023-wimbledon-2140,W,2,3,2,Cumul. Game Winner,2,1
2023,2023-wimbledon-2140,W,2,3,3,Cumul. Game Winner,2,0
2023,2023-wimbledon-2140,W,2,3,1,Set Winner,2,2
2023,2023-wimbledon-2140,W,2,3,2,Set Winner,1,1
2023,2023-wimbledon-2140,W,2,3,3,Set Winner,2,0
2023,2023-wimbledon-2140,W,2,3,1,Cumul. Set Winner,2,2
2023,2023-wimbledon-2140,W,2,3,2,Cumul. Set Winner,2,1
2023,2023-wimbledon-2140,W,2,3,3,Cumul. Set Winner,2,0
2023,2023-wimbledon-2140,W,2,3,1,Cumul. Unf. Error,1,2
2023,2023-wimbledon-2140,W,2,3,2,Cumul. Unf. Error,1,1
2023,2023-wimbledon-2140,W,2,3,3,Cumul. Unf. Error,1,0
2023,2023-wimbledon-2140,W,2,3,1,Dynamic Model,2,2
2023,2023-wimbledon-2140,W,2,3,2,Dynamic Model,1,1
2023,2023-wimbledon-2140,W,2,3,3,Dynamic Model,2,0
2023,2023-wimbledon-2141,W,1,3,1,Cumul. Point Winner,2,2
2023,2023-wimbledon-2141,W,1,3,2,Cumul. Point Winner,1,1
2023,2023-wimbledon-2141,W,1,3,3,Cumul. Point Winner,1,0
2023,2023-wimbledon-2141,W,1,3,1,Cumul. Game Winner,2,2
2023,2023-wimbledon-2141,W,1,3,2,Cumul. Game Winner,1,1
2023,2023-wimbledon-2141,W,1,3,3,Cumul. Game Winner,1,0
2023,2023-wimbledon-2141,W,1,3,1,Set Winner,2,2
2023,2023-wimbledon-2141,W,1,3,2,Set Winner,1,1
2023,2023-wimbledon-2141,W,1,3,3,Set Winner,1,0
2023,2023-wimbledon-2141,W,1,3,1,Cumul. Set Winner,2,2
2023,2023-wimbledon-2141,W,1,3,2,Cumul. Set Winner,2,1
2023,2023-wimbledon-2141,W,1,3,3,Cumul. Set Winner,1,0
2023,2023-wimbledon-2141,W,1,3,1,Cumul. Unf. Error,2,2
2023,2023-wimbledon-2141,W,1,3,2,Cumul. Unf. Error,2,1
2023,2023-wimbledon-2141,W,1,3,3,Cumul. Unf. Error,2,0
2023,2023-wimbledon-2141,W,1,3,1,Dynamic Model,2,2
2023,2023-wimbledon-2141,W,1,3,2,Dynamic Model,1,1
2023,2023-wimbledon-2141,W,1,3,3,Dynamic Model,1,0
2023,2023-wimbledon-2142,W,1,2,1,Cumul. Point Winner,1,1
2023,2023-wimbledon-2142,W,1,2,2,Cumul. Point Winner,1,0
2023,2023-wimbledon-2142,W,1,2,1,Cumul. Game Winner,1,1
2023,2023-wimbledon-2142,W,1,2,2,Cumul. Game Winner,1,0
2023,2023-wimbledon-2142,W,1,2,1,Set Winner,1,1
2023,2023-wimbledon-2142,W,1,2,2,Set Winner,1,0
2023,2023-wimbledon-2142,W,1,2,1,Cumul. Set Winner,1,1
2023,2023-wimbledon-2142,W,1,2,2,Cumul. Set Winner,1,0
2023,2023-wimbledon-2142,W,1,2,1,Cumul. Unf. Error,2,1
2023,2023-wimbledon-2142,W,1,2,2,Cumul. Unf. Error,2,0
2023,2023-wimbledon-2142,W,1,2,1,Dynamic Model,1,1
2023,2023-wimbledon-2142,W,1,2,2,Dynamic Model,1,0
2023,2023-wimbledon-2143,W,1,3,1,Cumul. Point Winner,1,2
2023,2023-wimbledon-2143,W,1,3,2,Cumul. Point Winner,1,1
2023,2023-wimbledon-2143,W,1,3,3,Cumul. Point Winner,1,0
2023,2023-wimbledon-2143,W,1,3,1,Cumul. Game Winner,1,2
2023,2023-wimbledon-2143,W,1,3,2,Cumul. Game Winner,1,1
2023,2023-wimbledon-2143,W,1,3,3,Cumul. Game Winner,1,0
2023,2023-wimbledon-2143,W,1,3,1,Set Winner,1,2
2023,2023-wimbledon-2143,W,1,3,2,Set Winner,2,1
2023,2023-wimbledon-2143,W,1,3,3,Set Winner,1,0
2023,2023-wimbledon-2143,W,1,3,1,Cumul. Set Winner,1,2
2023,2023-wimbledon-2143,W,1,3,2,Cumul. Set Winner,1,1
2023,2023-wimbledon-2143,W,1,3,3,Cumul. Set Winner,1,0
2023,2023-wimbledon-2143,W,1,3,1,Cumul. Unf. Error,2,2
2023,2023-wimbledon-2143,W,1,3,2,Cumul. Unf. Error,2,1
2023,2023-wimbledon-2143,W,1,3,3,Cumul. Unf. Error,2,0
2023,2023-wimbledon-2143,W,1,3,1,Dynamic Model,1,2
2023,2023-wimbledon-2143,W,1,3,2,Dynamic Model,2,1
2023,2023-wimbledon-2143,W,1,3,3,Dynamic Model,1,0
2023,2023-wimbledon-2144,W,2,2,1,Cumul. Point Winner,2,1
2023,2023-wimbledon-2144,W,2,2,2,Cumul. Point Winner,2,0
2023,2023-wimbledon-2144,W,2,2,1,Cumul. Game Winner,2,1
2023,2023-wimbledon-2144,W,2,2,2,Cumul. Game Winner,2,0
2023,2023-wimbledon-2144,W,2,2,1,Set Winner,2,1
2023,2023-wimbledon-2144,W,2,2,2,Set Winner,2,0
2023,2023-wimbledon-2144,W,2,2,1,Cumul. Set Winner,2,1
2023,2023-wimbledon-2144,W,2,2,2,Cumul. Set Winner,2,0
2023,2023-wimbledon-2144,W,2,2,1,Cumul. Unf. Error,1,1
2023,2023-wimbledon-2144,W,2,2,2,Cumul. Unf. Error,1,0
2023,2023-wimbledon-2144,W,2,2,1,Dynamic Model,2,1
2023,2023-wimbledon-2144,W,2,2,2,Dynamic Model,2,0
2023,2023-wimbledon-2145,W,2,3,1,Cumul. Point Winner,1,2
2023,2023-wimbledon-2145,W,2,3,2,Cumul. Point Winner,2,1
2023,2023-wimbledon-2145,W,2,3,3,Cumul. Point Winner,2,0
2023,2023-wimbledon-2145,W,2,3,1,Cumul. Game Winner,1,2
2023,2023-wimbledon-2145,W,2,3,2,Cumul. Game Winner,2,1
2023,2023-wimbledon-2145,W,2,3,3,Cumul. Game Winner,2,0
2023,2023-wimbledon-2145,W,2,3,1,Set Winner,1,2
2023,2023-wimbledon-2145,W,2,3,2,Set Winner,2,1
2023,2023-wimbledon-2145,W,2,3,3,Set Winner,2,0
2023,2023-wimbledon-2145,W,2,3,1,Cumul. Set Winner,1,2
2023,2023-wimbledon-2145,W,2,3,2,Cumul. Set Winner,1,1
2023,2023-wimbledon-2145,W,2,3,3,Cumul. Set Winner,2,0
2023,2023-wimbledon-2145,W,2,3,1,Cumul. Unf. Error,2,2
2023,2023-wimbledon-2145,W,2,3,2,Cumul. Unf. Error,2,1
2023,2023-wimbledon-2145,W,2,3,3,Cumul. Unf. Error,2,0
2023,2023-wimbledon-2145,W,2,3,1,Dynamic Model,1,2
2023,2023-wimbledon-2145,W,2,3,2,Dynamic Model,2,1
2023,2023-wimbledon-2145,W,2,3,3,Dynamic Model,2,0
2023,2023-wimbledon-2146,W,1,2,1,Cumul. Point Winner,1,1
2023,2023-wimbledon-2146,W,1,2,2,Cumul. Point Winner,1,0
2023,2023-wimbledon-2146,W,1,2,1,Cumul. Game Winner,1,1
2023,2023-wimbledon-2146,W,1,2,2,Cumul. Game Winner,1,0
2023,2023-wimbledon-2146,W,1,2,1,Set Winner,1,1
2023,2023-wimbledon-2146,W,1,2,2,Set Winner,1,0
2023,2023-wimbledon-2146,W,1,2,1,Cumul. Set Winner,1,1
2023,2023-wimbledon-2146,W,1,2,2,Cumul. Set Winner,1,0
2023,2023-wimbledon-2146,W,1,2,1,Cumul. Unf. Error,2,1
2023,2023-wimbledon-2146,W,1,2,2,Cumul. Unf. Error,2,0
2023,2023-wimbledon-2146,W,1,2,1,Dynamic Model,1,1
2023,2023-wimbledon-2146,W,1,2,2,Dynamic Model,1,0
2023,2023-wimbledon-2147,W,2,2,1,Cumul. Point Winner,2,1
2023,2023-wimbledon-2147,W,2,2,2,Cumul. Point Winner,2,0
2023,2023-wimbledon-2147,W,2,2,1,Cumul. Game Winner,2,1
2023,2023-wimbledon-2147,W,2,2,2,Cumul. Game Winner,2,0
2023,2023-wimbledon-2147,W,2,2,1,Set Winner,2,1
2023,2023-wimbledon-2147,W,2,2,2,Set Winner,2,0
2023,2023-wimbledon-2147,W,2,2,1,Cumul. Set Winner,2,1
2023,2023-wimbledon-2147,W,2,2,2,Cumul. Set Winner,2,0
2023,2023-wimbledon-2147,W,2,2,1,Cumul. Unf. Error,2,1
2023,2023-wimbledon-2147,W,2,2,2,Cumul. Unf. Error,2,0
2023,2023-wimbledon-2147,W,2,2,1,Dynamic Model,2,1
2023,2023-wimbledon-2147,W,2,2,2,Dynamic Model,2,0
2023,2023-wimbledon-2148,W,2,3,1,Cumul. Point Winner,1,2
2023,2023-wimbledon-2148,W,2,3,2,Cumul. Point Winner,2,1
2023,2023-wimbledon-2148,W,2,3,3,Cumul. Point Winner,2,0
2023,2023-wimbledon-2148,W,2,3,1,Cumul. Game Winner,1,2
2023,2023-wimbledon-2148,W,2,3,2,Cumul. Game Winner,2,1
2023,2023-wimbledon-2148,W,2,3,3,Cumul. Game Winner,2,0
2023,2023-wimbledon-2148,W,2,3,1,Set Winner,1,2
2023,2023-wimbledon-2148,W,2,3,2,Set Winner,2,1
2023,2023-wimbledon-2148,W,2,3,3,Set Winner,2,0
2023,2023-wimbledon-2148,W,2,3,1,Cumul. Set Winner,1,2
2023,2023-wimbledon-2148,W,2,3,2,Cumul. Set Winner,1,1
2023,2023-wimbledon-2148,W,2,3,3,Cumul. Set Winner,2,0
2023,2023-wimbledon-2148,W,2,3,1,Cumul. Unf. Error,1,2
2023,2023-wimbledon-2148,W,2,3,2,Cumul. Unf. Error,2,1
2023,2023-wimbledon-2148,W,2,3,3,Cumul. Unf. Error,2,0
2023,2023-wimbledon-2148,W,2,3,1,Dynamic Model,1,2
2023,2023-wimbledon-2148,W,2,3,2,Dynamic Model,2,1
2023,2023-wimbledon-2148,W,2,3,3,Dynamic Model,2,0
2023,2023-wimbledon-2149,W,2,3,1,Cumul. Point Winner,1,2
2023,2023-wimbledon-2149,W,2,3,2,Cumul. Point Winner,1,1
2023,2023-wimbledon-2149,W,2,3,3,Cumul. Point Winner,2,0
2023,2023-wimbledon-2149,W,2,3,1,Cumul. Game Winner,1,2
2023,2023-wimbledon-2149,W,2,3,2,Cumul. Game Winner,1,1
2023,2023-wimbledon-2149,W,2,3,3,Cumul. Game Winner,1,0
2023,2023-wimbledon-2149,W,2,3,1,Set Winner,1,2
2023,2023-wimbledon-2149,W,2,3,2,Set Winner,2,1
2023,2023-wimbledon-2149,W,2,3,3,Set Winner,2,0
2023,2023-wimbledon-2149,W,2,3,1,Cumul. Set Winner,1,2
2023,2023-wimbledon-2149,W,2,3,2,Cumul. Set Winner,1,1
2023,2023-wimbledon-2149,W,2,3,3,Cumul. Set Winner,2,0
2023,2023-wimbledon-2149,W,2,3,1,Cumul. Unf. Error,1,2
2023,2023-wimbledon-2149,W,2,3,2,Cumul. Unf. Error,2,1
2023,2023-wimbledon-2149,W,2,3,3,Cumul. Unf. Error,2,0
2023,2023-wimbledon-2149,W,2,3,1,Dynamic Model,1,2
2023,2023-wimbledon-2149,W,2,3,2,Dynamic Model,1,1
2023,2023-wimbledon-2149,W,2,3,3,Dynamic Model,2,0
2023,2023-wimbledon-2150,W,2,2,1,Cumul. Point Winner,2,1
2023,2023-wimbledon-2150,W,2,2,2,Cumul. Point Winner,2,0
2023,2023-wimbledon-2150,W,2,2,1,Cumul. Game Winner,2,1
2023,2023-wimbledon-2150,W,2,2,2,Cumul. Game Winner,2,0
2023,2023-wimbledon-2150,W,2,2,1,Set Winner,2,1
2023,2023-wimbledon-2150,W,2,2,2,Set Winner,2,0
2023,2023-wimbledon-2150,W,2,2,1,Cumul. Set Winner,2,1
2023,2023-wimbledon-2150,W,2,2,2,Cumul. Set Winner,2,0
2023,2023-wimbledon-2150,W,2,2,1,Cumul. Unf. Error,1,1
2023,2023-wimbledon-2150,W,2,2,2,Cumul. Unf. Error,1,0
2023,2023-wimbledon-2150,W,2,2,1,Dynamic Model,2,1
2023,2023-wimbledon-2150,W,2,2,2,Dynamic Model,2,0
2023,2023-wimbledon-2151,W,1,2,1,Cumul. Point Winner,1,1
2023,2023-wimbledon-2151,W,1,2,2,Cumul. Point Winner,1,0
2023,2023-wimbledon-2151,W,1,2,1,Cumul. Game Winner,1,1
2023,2023-wimbledon-2151,W,1,2,2,Cumul. Game Winner,1,0
2023,2023-wimbledon-2151,W,1,2,1,Set Winner,1,1
2023,2023-wimbledon-2151,W,1,2,2,Set Winner,1,0
2023,2023-wimbledon-2151,W,1,2,1,Cumul. Set Winner,1,1
2023,2023-wimbledon-2151,W,1,2,2,Cumul. Set Winner,1,0
2023,2023-wimbledon-2151,W,1,2,1,Cumul. Unf. Error,1,1
2023,2023-wimbledon-2151,W,1,2,2,Cumul. Unf. Error,1,0
2023,2023-wimbledon-2151,W,1,2,1,Dynamic Model,1,1
2023,2023-wimbledon-2151,W,1,2,2,Dynamic Model,1,0
2023,2023-wimbledon-2152,W,2,2,1,Cumul. Point Winner,2,1
2023,2023-wimbledon-2152,W,2,2,2,Cumul. Point Winner,2,0
2023,2023-wimbledon-2152,W,2,2,1,Cumul. Game Winner,2,1
2023,2023-wimbledon-2152,W,2,2,2,Cumul. Game Winner,2,0
2023,2023-wimbledon-2152,W,2,2,1,Set Winner,2,1
2023,2023-wimbledon-2152,W,2,2,2,Set Winner,2,0
2023,2023-wimbledon-2152,W,2,2,1,Cumul. Set Winner,2,1
2023,2023-wimbledon-2152,W,2,2,2,Cumul. Set Winner,2,0
2023,2023-wimbledon-2152,W,2,2,1,Cumul. Unf. Error,1,1
2023,2023-wimbledon-2152,W,2,2,2,Cumul. Unf. Error,1,0
2023,2023-wimbledon-2152,W,2,2,1,Dynamic Model,2,1
2023,2023-wimbledon-2152,W,2,2,2,Dynamic Model,2,0
2023,2023-wimbledon-2153,W,1,2,1,Cumul. Point Winner,1,1
2023,2023-wimbledon-2153,W,1,2,2,Cumul. Point Winner,1,0
2023,2023-wimbledon-2153,W,1,2,1,Cumul. Game Winner,1,1
2023,2023-wimbledon-2153,W,1,2,2,Cumul. Game Winner,1,0
2023,2023-wimbledon-2153,W,1,2,1,Set Winner,1,1
2023,2023-wimbledon-2153,W,1,2,2,Set Winner,1,0
2023,2023-wimbledon-2153,W,1,2,1,Cumul. Set Winner,1,1
2023,2023-wimbledon-2153,W,1,2,2,Cumul. Set Winner,1,0
2023,2023-wimbledon-2153,W,1,2,1,Cumul. Unf. Error,1,1
2023,2023-wimbledon-2153,W,1,2,2,Cumul. Unf. Error,1,0
2023,2023-wimbledon-2153,W,1,2,1,Dynamic Model,1,1
2023,2023-wimbledon-2153,W,1,2,2,Dynamic Model,1,0
2023,2023-wimbledon-2154,W,1,2,1,Cumul. Point Winner,1,1
2023,2023-wimbledon-2154,W,1,2,2,Cumul. Point Winner,1,0
2023,2023-wimbledon-2154,W,1,2,1,Cumul. Game Winner,1,1
2023,2023-wimbledon-2154,W,1,2,2,Cumul. Game Winner,1,0
2023,2023-wimbledon-2154,W,1,2,1,Set Winner,1,1
2023,2023-wimbledon-2154,W,1,2,2,Set Winner,1,0
2023,2023-wimbledon-2154,W,1,2,1,Cumul. Set Winner,1,1
2023,2023-wimbledon-2154,W,1,2,2,Cumul. Set Winner,1,0
2023,2023-wimbledon-2154,W,1,2,1,Cumul. Unf. Error,1,1
2023,2023-wimbledon-2154,W,1,2,2,Cumul. Unf. Error,1,0
2023,2023-wimbledon-2154,W,1,2,1,Dynamic Model,1,1
2023,2023-wimbledon-2154,W,1,2,2,Dynamic Model,1,0
2023,2023-wimbledon-2155,W,1,3,1,Cumul. Point Winner,1,2
2023,2023-wimbledon-2155,W,1,3,2,Cumul. Point Winner,2,1
2023,2023-wimbledon-2155,W,1,3,3,Cumul. Point Winner,2,0
2023,2023-wimbledon-2155,W,1,3,1,Cumul. Game Winner,1,2
2023,2023-wimbledon-2155,W,1,3,2,Cumul. Game Winner,2,1
2023,2023-wimbledon-2155,W,1,3,3,Cumul. Game Winner,1,0
2023,2023-wimbledon-2155,W,1,3,1,Set Winner,1,2
2023,2023-wimbledon-2155,W,1,3,2,Set Winner,2,1
2023,2023-wimbledon-2155,W,1,3,3,Set Winner,1,0
2023,2023-wimbledon-2155,W,1,3,1,Cumul. Set Winner,1,2
2023,2023-wimbledon-2155,W,1,3,2,Cumul. Set Winner,1,1
2023,2023-wimbledon-2155,W,1,3,3,Cumul. Set Winner,1,0
2023,2023-wimbledon-2155,W,1,3,1,Cumul. Unf. Error,1,2
2023,2023-wimbledon-2155,W,1,3,2,Cumul. Unf. Error,1,1
2023,2023-wimbledon-2155,W,1,3,3,Cumul. Unf. Error,1,0
2023,2023-wimbledon-2155,W,1,3,1,Dynamic Model,1,2
2023,2023-wimbledon-2155,W,1,3,2,Dynamic Model,2,1
2023,2023-wimbledon-2155,W,1,3,3,Dynamic Model,1,0
2023,2023-wimbledon-2156,W,2,2,1,Cumul. Point Winner,2,1
2023,2023-wimbledon-2156,W,2,2,2,Cumul. Point Winner,2,0
2023,2023-wimbledon-2156,W,2,2,1,Cumul. Game Winner,2,1
2023,2023-wimbledon-2156,W,2,2,2,Cumul. Game Winner,2,0
2023,2023-wimbledon-2156,W,2,2,1,Set Winner,2,1
2023,2023-wimbledon-2156,W,2,2,2,Set Winner,2,0
2023,2023-wimbledon-2156,W,2,2,1,Cumul. Set Winner,2,1
2023,2023-wimbledon-2156,W,2,2,2,Cumul. Set Winner,2,0
2023,2023-wimbledon-2156,W,2,2,1,Cumul. Unf. Error,2,1
2023,2023-wimbledon-2156,W,2,2,2,Cumul. Unf. Error,1,0
2023,2023-wimbledon-2156,W,2,2,1,Dynamic Model,2,1
2023,2023-wimbledon-2156,W,2,2,2,Dynamic Model,2,0
2023,2023-wimbledon-2157,W,2,3,1,Cumul. Point Winner,2,2
2023,2023-wimbledon-2157,W,2,3,2,Cumul. Point Winner,1,1
2023,2023-wimbledon-2157,W,2,3,3,Cumul. Point Winner,2,0
2023,2023-wimbledon-2157,W,2,3,1,Cumul. Game Winner,2,2
2023,2023-wimbledon-2157,W,2,3,2,Cumul. Game Winner,2,1
2023,2023-wimbledon-2157,W,2,3,3,Cumul. Game Winner,2,0
2023,2023-wimbledon-2157,W,2,3,1,Set Winner,2,2
2023,2023-wimbledon-2157,W,2,3,2,Set Winner,1,1
2023,2023-wimbledon-2157,W,2,3,3,Set Winner,2,0
2023,2023-wimbledon-2157,W,2,3,1,Cumul. Set Winner,2,2
2023,2023-wimbledon-2157,W,2,3,2,Cumul. Set Winner,2,1
2023,2023-wimbledon-2157,W,2,3,3,Cumul. Set Winner,2,0
2023,2023-wimbledon-2157,W,2,3,1,Cumul. Unf. Error,2,2
2023,2023-wimbledon-2157,W,2,3,2,Cumul. Unf. Error,2,1
2023,2023-wimbledon-2157,W,2,3,3,Cumul. Unf. Error,2,0
2023,2023-wimbledon-2157,W,2,3,1,Dynamic Model,2,2
2023,2023-wimbledon-2157,W,2,3,2,Dynamic Model,2,1
2023,2023-wimbledon-2157,W,2,3,3,Dynamic Model,2,0
2023,2023-wimbledon-2158,W,2,3,1,Cumul. Point Winner,1,2
2023,2023-wimbledon-2158,W,2,3,2,Cumul. Point Winner,2,1
2023,2023-wimbledon-2158,W,2,3,3,Cumul. Point Winner,2,0
2023,2023-wimbledon-2158,W,2,3,1,Cumul. Game Winner,1,2
2023,2023-wimbledon-2158,W,2,3,2,Cumul. Game Winner,2,1
2023,2023-wimbledon-2158,W,2,3,3,Cumul. Game Winner,2,0
2023,2023-wimbledon-2158,W,2,3,1,Set Winner,1,2
2023,2023-wimbledon-2158,W,2,3,2,Set Winner,2,1
2023,2023-wimbledon-2158,W,2,3,3,Set Winner,2,0
2023,2023-wimbledon-2158,W,2,3,1,Cumul. Set Winner,1,2
2023,2023-wimbledon-2158,W,2,3,2,Cumul. Set Winner,1,1
2023,2023-wimbledon-2158,W,2,3,3,Cumul. Set Winner,2,0
2023,2023-wimbledon-2158,W,2,3,1,Cumul. Unf. Error,2,2
2023,2023-wimbledon-2158,W,2,3,2,Cumul. Unf. Error,2,1
2023,2023-wimbledon-2158,W,2,3,3,Cumul. Unf. Error,2,0
2023,2023-wimbledon-2158,W,2,3,1,Dynamic Model,1,2
2023,2023-wimbledon-2158,W,2,3,2,Dynamic Model,2,1
2023,2023-wimbledon-2158,W,2,3,3,Dynamic Model,2,0
2023,2023-wimbledon-2159,W,1,2,1,Cumul. Point Winner,1,1
2023,2023-wimbledon-2159,W,1,2,2,Cumul. Point Winner,1,0
2023,2023-wimbledon-2159,W,1,2,1,Cumul. Game Winner,1,1
2023,2023-wimbledon-2159,W,1,2,2,Cumul. Game Winner,1,0
2023,2023-wimbledon-2159,W,1,2,1,Set Winner,1,1
2023,2023-wimbledon-2159,W,1,2,2,Set Winner,1,0
2023,2023-wimbledon-2159,W,1,2,1,Cumul. Set Winner,1,1
2023,2023-wimbledon-2159,W,1,2,2,Cumul. Set Winner,1,0
2023,2023-wimbledon-2159,W,1,2,1,Cumul. Unf. Error,1,1
2023,2023-wimbledon-2159,W,1,2,2,Cumul. Unf. Error,1,0
2023,2023-wimbledon-2159,W,1,2,1,Dynamic Model,1,1
2023,2023-wimbledon-2159,W,1,2,2,Dynamic Model,1,0
2023,2023-wimbledon-2160,W,2,2,1,Cumul. Point Winner,2,1
2023,2023-wimbledon-2160,W,2,2,2,Cumul. Point Winner,2,0
2023,2023-wimbledon-2160,W,2,2,1,Cumul. Game Winner,2,1
2023,2023-wimbledon-2160,W,2,2,2,Cumul. Game Winner,2,0
2023,2023-wimbledon-2160,W,2,2,1,Set Winner,2,1
2023,2023-wimbledon-2160,W,2,2,2,Set Winner,2,0
2023,2023-wimbledon-2160,W,2,2,1,Cumul. Set Winner,2,1
2023,2023-wimbledon-2160,W,2,2,2,Cumul. Set Winner,2,0
2023,2023-wimbledon-2160,W,2,2,1,Cumul. Unf. Error,1,1
2023,2023-wimbledon-2160,W,2,2,2,Cumul. Unf. Error,1,0
2023,2023-wimbledon-2160,W,2,2,1,Dynamic Model,2,1
2023,2023-wimbledon-2160,W,2,2,2,Dynamic Model,2,0
2023,2023-wimbledon-2161,W,1,3,1,Cumul. Point Winner,1,2
2023,2023-wimbledon-2161,W,1,3,2,Cumul. Point Winner,1,1
2023,2023-wimbledon-2161,W,1,3,3,Cumul. Point Winner,1,0
2023,2023-wimbledon-2161,W,1,3,1,Cumul. Game Winner,1,2
2023,2023-wimbledon-2161,W,1,3,2,Cumul. Game Winner,1,1
2023,2023-wimbledon-2161,W,1,3,3,Cumul. Game Winner,1,0
2023,2023-wimbledon-2161,W,1,3,1,Set Winner,1,2
2023,2023-wimbledon-2161,W,1,3,2,Set Winner,2,1
2023,2023-wimbledon-2161,W,1,3,3,Set Winner,1,0
2023,2023-wimbledon-2161,W,1,3,1,Cumul. Set Winner,1,2
2023,2023-wimbledon-2161,W,1,3,2,Cumul. Set Winner,1,1
2023,2023-wimbledon-2161,W,1,3,3,Cumul. Set Winner,1,0
2023,2023-wimbledon-2161,W,1,3,1,Cumul. Unf. Error,1,2
2023,2023-wimbledon-2161,W,1,3,2,Cumul. Unf. Error,1,1
2023,2023-wimbledon-2161,W,1,3,3,Cumul. Unf. Error,1,0
2023,2023-wimbledon-2161,W,1,3,1,Dynamic Model,1,2
2023,2023-wimbledon-2161,W,1,3,2,Dynamic Model,1,1
2023,2023-wimbledon-2161,W,1,3,3,Dynamic Model,1,0
2023,2023-wimbledon-2162,W,2,3,1,Cumul. Point Winner,2,2
2023,2023-wimbledon-2162,W,2,3,2,Cumul. Point Winner,2,1
2023,2023-wimbledon-2162,W,2,3,3,Cumul. Point Winner,2,0
2023,2023-wimbledon-2162,W,2,3,1,Cumul. Game Winner,2,2
2023,2023-wimbledon-2162,W,2,3,2,Cumul. Game Winner,2,1
2023,2023-wimbledon-2162,W,2,3,3,Cumul. Game Winner,2,0
2023,2023-wimbledon-2162,W,2,3,1,Set Winner,2,2
2023,2023-wimbledon-2162,W,2,3,2,Set Winner,1,1
2023,2023-wimbledon-2162,W,2,3,3,Set Winner,2,0
2023,2023-wimbledon-2162,W,2,3,1,Cumul. Set Winner,2,2
2023,2023-wimbledon-2162,W,2,3,2,Cumul. Set Winner,2,1
2023,2023-wimbledon-2162,W,2,3,3,Cumul. Set Winner,2,0
2023,2023-wimbledon-2162,W,2,3,1,Cumul. Unf. Error,2,2
2023,2023-wimbledon-2162,W,2,3,2,Cumul. Unf. Error,2,1
2023,2023-wimbledon-2162,W,2,3,3,Cumul. Unf. Error,2,0
2023,2023-wimbledon-2162,W,2,3,1,Dynamic Model,2,2
2023,2023-wimbledon-2162,W,2,3,2,Dynamic Model,2,1
2023,2023-wimbledon-2162,W,2,3,3,Dynamic Model,2,0
2023,2023-wimbledon-2163,W,1,2,1,Cumul. Point Winner,1,1
2023,2023-wimbledon-2163,W,1,2,2,Cumul. Point Winner,1,0
2023,2023-wimbledon-2163,W,1,2,1,Cumul. Game Winner,1,1
2023,2023-wimbledon-2163,W,1,2,2,Cumul. Game Winner,1,0
2023,2023-wimbledon-2163,W,1,2,1,Set Winner,1,1
2023,2023-wimbledon-2163,W,1,2,2,Set Winner,1,0
2023,2023-wimbledon-2163,W,1,2,1,Cumul. Set Winner,1,1
2023,2023-wimbledon-2163,W,1,2,2,Cumul. Set Winner,1,0
2023,2023-wimbledon-2163,W,1,2,1,Cumul. Unf. Error,1,1
2023,2023-wimbledon-2163,W,1,2,2,Cumul. Unf. Error,1,0
2023,2023-wimbledon-2163,W,1,2,1,Dynamic Model,1,1
2023,2023-wimbledon-2163,W,1,2,2,Dynamic Model,1,0
2023,2023-wimbledon-2164,W,2,2,1,Cumul. Point Winner,2,1
2023,2023-wimbledon-2164,W,2,2,2,Cumul. Point Winner,2,0
2023,2023-wimbledon-2164,W,2,2,1,Cumul. Game Winner,2,1
2023,2023-wimbledon-2164,W,2,2,2,Cumul. Game Winner,2,0
2023,2023-wimbledon-2164,W,2,2,1,Set Winner,2,1
2023,2023-wimbledon-2164,W,2,2,2,Set Winner,2,0
2023,2023-wimbledon-2164,W,2,2,1,Cumul. Set Winner,2,1
2023,2023-wimbledon-2164,W,2,2,2,Cumul. Set Winner,2,0
2023,2023-wimbledon-2164,W,2,2,1,Cumul. Unf. Error,1,1
2023,2023-wimbledon-2164,W,2,2,2,Cumul. Unf. Error,1,0
2023,2023-wimbledon-2164,W,2,2,1,Dynamic Model,2,1
2023,2023-wimbledon-2164,W,2,2,2,Dynamic Model,2,0
2023,2023-wimbledon-2201,W,1,2,1,Cumul. Point Winner,1,1
2023,2023-wimbledon-2201,W,1,2,2,Cumul. Point Winner,1,0
2023,2023-wimbledon-2201,W,1,2,1,Cumul. Game Winner,1,1
2023,2023-wimbledon-2201,W,1,2,2,Cumul. Game Winner,1,0
2023,2023-wimbledon-2201,W,1,2,1,Set Winner,1,1
2023,2023-wimbledon-2201,W,1,2,2,Set Winner,1,0
2023,2023-wimbledon-2201,W,1,2,1,Cumul. Set Winner,1,1
2023,2023-wimbledon-2201,W,1,2,2,Cumul. Set Winner,1,0
2023,2023-wimbledon-2201,W,1,2,1,Cumul. Unf. Error,2,1
2023,2023-wimbledon-2201,W,1,2,2,Cumul. Unf. Error,2,0
2023,2023-wimbledon-2201,W,1,2,1,Dynamic Model,1,1
2023,2023-wimbledon-2201,W,1,2,2,Dynamic Model,1,0
2023,2023-wimbledon-2202,W,2,3,1,Cumul. Point Winner,1,2
2023,2023-wimbledon-2202,W,2,3,2,Cumul. Point Winner,2,1
2023,2023-wimbledon-2202,W,2,3,3,Cumul. Point Winner,2,0
2023,2023-wimbledon-2202,W,2,3,1,Cumul. Game Winner,1,2
2023,2023-wimbledon-2202,W,2,3,2,Cumul. Game Winner,2,1
2023,2023-wimbledon-2202,W,2,3,3,Cumul. Game Winner,2,0
2023,2023-wimbledon-2202,W,2,3,1,Set Winner,1,2
2023,2023-wimbledon-2202,W,2,3,2,Set Winner,2,1
2023,2023-wimbledon-2202,W,2,3,3,Set Winner,2,0
2023,2023-wimbledon-2202,W,2,3,1,Cumul. Set Winner,1,2
2023,2023-wimbledon-2202,W,2,3,2,Cumul. Set Winner,1,1
2023,2023-wimbledon-2202,W,2,3,3,Cumul. Set Winner,2,0
2023,2023-wimbledon-2202,W,2,3,1,Cumul. Unf. Error,1,2
2023,2023-wimbledon-2202,W,2,3,2,Cumul. Unf. Error,1,1
2023,2023-wimbledon-2202,W,2,3,3,Cumul. Unf. Error,1,0
2023,2023-wimbledon-2202,W,2,3,1,Dynamic Model,1,2
2023,2023-wimbledon-2202,W,2,3,2,Dynamic Model,2,1
2023,2023-wimbledon-2202,W,2,3,3,Dynamic Model,2,0
2023,2023-wimbledon-2203,W,1,3,1,Cumul. Point Winner,1,2
2023,2023-wimbledon-2203,W,1,3,2,Cumul. Point Winner,1,1
2023,2023-wimbledon-2203,W,1,3,3,Cumul. Point Winner,1,0
2023,2023-wimbledon-2203,W,1,3,1,Cumul. Game Winner,1,2
2023,2023-wimbledon-2203,W,1,3,2,Cumul. Game Winner,1,1
2023,2023-wimbledon-2203,W,1,3,3,Cumul. Game Winner,1,0
2023,2023-wimbledon-2203,W,1,3,1,Set Winner,1,2
2023,2023-wimbledon-2203,W,1,3,2,Set Winner,2,1
2023,2023-wimbledon-2203,W,1,3,3,Set Winner,1,0
2023,2023-wimbledon-2203,W,1,3,1,Cumul. Set Winner,1,2
2023,2023-wimbledon-2203,W,1,3,2,Cumul. Set Winner,1,1
2023,2023-wimbledon-2203,W,1,3,3,Cumul. Set Winner,1,0
2023,2023-wimbledon-2203,W,1,3,1,Cumul. Unf. Error,1,2
2023,2023-wimbledon-2203,W,1,3,2,Cumul. Unf. Error,1,1
2023,2023-wimbledon-2203,W,1,3,3,Cumul. Unf. Error,1,0
2023,2023-wimbledon-2203,W,1,3,1,Dynamic Model,1,2
2023,2023-wimbledon-2203,W,1,3,2,Dynamic Model,1,1
2023,2023-wimbledon-2203,W,1,3,3,Dynamic Model,1,0
2023,2023-wimbledon-2204,W,2,3,1,Cumul. Point Winner,1,2
2023,2023-wimbledon-2204,W,2,3,2,Cumul. Point Winner,1,1
2023,2023-wimbledon-2204,W,2,3,3,Cumul. Point Winner,2,0
2023,2023-wimbledon-2204,W,2,3,1,Cumul. Game Winner,1,2
2023,2023-wimbledon-2204,W,2,3,2,Cumul. Game Winner,1,1
2023,2023-wimbledon-2204,W,2,3,3,Cumul. Game Winner,1,0
2023,2023-wimbledon-2204,W,2,3,1,Set Winner,1,2
2023,2023-wimbledon-2204,W,2,3,2,Set Winner,2,1
2023,2023-wimbledon-2204,W,2,3,3,Set Winner,2,0
2023,2023-wimbledon-2204,W,2,3,1,Cumul. Set Winner,1,2
2023,2023-wimbledon-2204,W,2,3,2,Cumul. Set Winner,1,1
2023,2023-wimbledon-2204,W,2,3,3,Cumul. Set Winner,2,0
2023,2023-wimbledon-2204,W,2,3,1,Cumul. Unf. Error,1,2
2023,2023-wimbledon-2204,W,2,3,2,Cumul. Unf. Error,1,1
2023,2023-wimbledon-2204,W,2,3,3,Cumul. Unf. Error,2,0
2023,2023-wimbledon-2204,W,2,3,1,Dynamic Model,1,2
2023,2023-wimbledon-2204,W,2,3,2,Dynamic Model,2,1
2023,2023-wimbledon-2204,W,2,3,3,Dynamic Model,2,0
2023,2023-wimbledon-2205,W,1,2,1,Cumul. Point Winner,1,1
2023,2023-wimbledon-2205,W,1,2,2,Cumul. Point Winner,1,0
2023,2023-wimbledon-2205,W,1,2,1,Cumul. Game Winner,1,1
2023,2023-wimbledon-2205,W,1,2,2,Cumul. Game Winner,1,0
2023,2023-wimbledon-2205,W,1,2,1,Set Winner,1,1
2023,2023-wimbledon-2205,W,1,2,2,Set Winner,1,0
2023,2023-wimbledon-2205,W,1,2,1,Cumul. Set Winner,1,1
2023,2023-wimbledon-2205,W,1,2,2,Cumul. Set Winner,1,0
2023,2023-wimbledon-2205,W,1,2,1,Cumul. Unf. Error,1,1
2023,2023-wimbledon-2205,W,1,2,2,Cumul. Unf. Error,1,0
2023,2023-wimbledon-2205,W,1,2,1,Dynamic Model,1,1
2023,2023-wimbledon-2205,W,1,2,2,Dynamic Model,1,0
2023,2023-wimbledon-2206,W,2,2,1,Cumul. Point Winner,2,1
2023,2023-wimbledon-2206,W,2,2,2,Cumul. Point Winner,2,0
2023,2023-wimbledon-2206,W,2,2,1,Cumul. Game Winner,2,1
2023,2023-wimbledon-2206,W,2,2,2,Cumul. Game Winner,2,0
2023,2023-wimbledon-2206,W,2,2,1,Set Winner,2,1
2023,2023-wimbledon-2206,W,2,2,2,Set Winner,2,0
2023,2023-wimbledon-2206,W,2,2,1,Cumul. Set Winner,2,1
2023,2023-wimbledon-2206,W,2,2,2,Cumul. Set Winner,2,0
2023,2023-wimbledon-2206,W,2,2,1,Cumul. Unf. Error,2,1
2023,2023-wimbledon-2206,W,2,2,2,Cumul. Unf. Error,2,0
2023,2023-wimbledon-2206,W,2,2,1,Dynamic Model,2,1
2023,2023-wimbledon-2206,W,2,2,2,Dynamic Model,2,0
2023,2023-wimbledon-2207,W,2,3,1,Cumul. Point Winner,2,2
2023,2023-wimbledon-2207,W,2,3,2,Cumul. Point Winner,2,1
2023,2023-wimbledon-2207,W,2,3,3,Cumul. Point Winner,2,0
2023,2023-wimbledon-2207,W,2,3,1,Cumul. Game Winner,2,2
2023,2023-wimbledon-2207,W,2,3,2,Cumul. Game Winner,2,1
2023,2023-wimbledon-2207,W,2,3,3,Cumul. Game Winner,2,0
2023,2023-wimbledon-2207,W,2,3,1,Set Winner,2,2
2023,2023-wimbledon-2207,W,2,3,2,Set Winner,1,1
2023,2023-wimbledon-2207,W,2,3,3,Set Winner,2,0
2023,2023-wimbledon-2207,W,2,3,1,Cumul. Set Winner,2,2
2023,2023-wimbledon-2207,W,2,3,2,Cumul. Set Winner,2,1
2023,2023-wimbledon-2207,W,2,3,3,Cumul. Set Winner,2,0
2023,2023-wimbledon-2207,W,2,3,1,Cumul. Unf. Error,2,2
2023,2023-wimbledon-2207,W,2,3,2,Cumul. Unf. Error,2,1
2023,2023-wimbledon-2207,W,2,3,3,Cumul. Unf. Error,2,0
2023,2023-wimbledon-2207,W,2,3,1,Dynamic Model,2,2
2023,2023-wimbledon-2207,W,2,3,2,Dynamic Model,1,1
2023,2023-wimbledon-2207,W,2,3,3,Dynamic Model,2,0
2023,2023-wimbledon-2208,W,2,2,1,Cumul. Point Winner,2,1
2023,2023-wimbledon-2208,W,2,2,2,Cumul. Point Winner,2,0
2023,2023-wimbledon-2208,W,2,2,1,Cumul. Game Winner,2,1
2023,2023-wimbledon-2208,W,2,2,2,Cumul. Game Winner,2,0
2023,2023-wimbledon-2208,W,2,2,1,Set Winner,2,1
2023,2023-wimbledon-2208,W,2,2,2,Set Winner,2,0
2023,2023-wimbledon-2208,W,2,2,1,Cumul. Set Winner,2,1
2023,2023-wimbledon-2208,W,2,2,2,Cumul. Set Winner,2,0
2023,2023-wimbledon-2208,W,2,2,1,Cumul. Unf. Error,1,1
2023,2023-wimbledon-2208,W,2,2,2,Cumul. Unf. Error,1,0
2023,2023-wimbledon-2208,W,2,2,1,Dynamic Model,2,1
2023,2023-wimbledon-2208,W,2,2,2,Dynamic Model,2,0
2023,2023-wimbledon-2209,W,1,2,1,Cumul. Point Winner,1,1
2023,2023-wimbledon-2209,W,1,2,2,Cumul. Point Winner,1,0
2023,2023-wimbledon-2209,W,1,2,1,Cumul. Game Winner,1,1
2023,2023-wimbledon-2209,W,1,2,2,Cumul. Game Winner,1,0
2023,2023-wimbledon-2209,W,1,2,1,Set Winner,1,1
2023,2023-wimbledon-2209,W,1,2,2,Set Winner,1,0
2023,2023-wimbledon-2209,W,1,2,1,Cumul. Set Winner,1,1
2023,2023-wimbledon-2209,W,1,2,2,Cumul. Set Winner,1,0
2023,2023-wimbledon-2209,W,1,2,1,Cumul. Unf. Error,1,1
2023,2023-wimbledon-2209,W,1,2,2,Cumul. Unf. Error,1,0
2023,2023-wimbledon-2209,W,1,2,1,Dynamic Model,1,1
2023,2023-wimbledon-2209,W,1,2,2,Dynamic Model,1,0
2023,2023-wimbledon-2210,W,1,2,1,Cumul. Point Winner,1,1
2023,2023-wimbledon-2210,W,1,2,2,Cumul. Point Winner,1,0
2023,2023-wimbledon-2210,W,1,2,1,Cumul. Game Winner,1,1
2023,2023-wimbledon-2210,W,1,2,2,Cumul. Game Winner,1,0
2023,2023-wimbledon-2210,W,1,2,1,Set Winner,1,1
2023,2023-wimbledon-2210,W,1,2,2,Set Winner,1,0
2023,2023-wimbledon-2210,W,1,2,1,Cumul. Set Winner,1,1
2023,2023-wimbledon-2210,W,1,2,2,Cumul. Set Winner,1,0
2023,2023-wimbledon-2210,W,1,2,1,Cumul. Unf. Error,1,1
2023,2023-wimbledon-2210,W,1,2,2,Cumul. Unf. Error,1,0
2023,2023-wimbledon-2210,W,1,2,1,Dynamic Model,1,1
2023,2023-wimbledon-2210,W,1,2,2,Dynamic Model,1,0
2023,2023-wimbledon-2211,W,2,2,1,Cumul. Point Winner,2,1
2023,2023-wimbledon-2211,W,2,2,2,Cumul. Point Winner,2,0
2023,2023-wimbledon-2211,W,2,2,1,Cumul. Game Winner,2,1
2023,2023-wimbledon-2211,W,2,2,2,Cumul. Game Winner,2,0
2023,2023-wimbledon-2211,W,2,2,1,Set Winner,2,1
2023,2023-wimbledon-2211,W,2,2,2,Set Winner,2,0
2023,2023-wimbledon-2211,W,2,2,1,Cumul. Set Winner,2,1
2023,2023-wimbledon-2211,W,2,2,2,Cumul. Set Winner,2,0
2023,2023-wimbledon-2211,W,2,2,1,Cumul. Unf. Error,2,1
2023,2023-wimbledon-2211,W,2,2,2,Cumul. Unf. Error,2,0
2023,2023-wimbledon-2211,W,2,2,1,Dynamic Model,2,1
2023,2023-wimbledon-2211,W,2,2,2,Dynamic Model,2,0
2023,2023-wimbledon-2212,W,2,3,1,Cumul. Point Winner,1,2
2023,2023-wimbledon-2212,W,2,3,2,Cumul. Point Winner,2,1
2023,2023-wimbledon-2212,W,2,3,3,Cumul. Point Winner,2,0
2023,2023-wimbledon-2212,W,2,3,1,Cumul. Game Winner,1,2
2023,2023-wimbledon-2212,W,2,3,2,Cumul. Game Winner,1,1
2023,2023-wimbledon-2212,W,2,3,3,Cumul. Game Winner,2,0
2023,2023-wimbledon-2212,W,2,3,1,Set Winner,1,2
2023,2023-wimbledon-2212,W,2,3,2,Set Winner,2,1
2023,2023-wimbledon-2212,W,2,3,3,Set Winner,2,0
2023,2023-wimbledon-2212,W,2,3,1,Cumul. Set Winner,1,2
2023,2023-wimbledon-2212,W,2,3,2,Cumul. Set Winner,1,1
2023,2023-wimbledon-2212,W,2,3,3,Cumul. Set Winner,2,0
2023,2023-wimbledon-2212,W,2,3,1,Cumul. Unf. Error,2,2
2023,2023-wimbledon-2212,W,2,3,2,Cumul. Unf. Error,2,1
2023,2023-wimbledon-2212,W,2,3,3,Cumul. Unf. Error,2,0
2023,2023-wimbledon-2212,W,2,3,1,Dynamic Model,1,2
2023,2023-wimbledon-2212,W,2,3,2,Dynamic Model,2,1
2023,2023-wimbledon-2212,W,2,3,3,Dynamic Model,2,0
2023,2023-wimbledon-2213,W,2,2,1,Cumul. Point Winner,2,1
2023,2023-wimbledon-2213,W,2,2,2,Cumul. Point Winner,2,0
2023,2023-wimbledon-2213,W,2,2,1,Cumul. Game Winner,2,1
2023,2023-wimbledon-2213,W,2,2,2,Cumul. Game Winner,2,0
2023,2023-wimbledon-2213,W,2,2,1,Set Winner,2,1
2023,2023-wimbledon-2213,W,2,2,2,Set Winner,2,0
2023,2023-wimbledon-2213,W,2,2,1,Cumul. Set Winner,2,1
2023,2023-wimbledon-2213,W,2,2,2,Cumul. Set Winner,2,0
2023,2023-wimbledon-2213,W,2,2,1,Cumul. Unf. Error,2,1
2023,2023-wimbledon-2213,W,2,2,2,Cumul. Unf. Error,2,0
2023,2023-wimbledon-2213,W,2,2,1,Dynamic Model,2,1
2023,2023-wimbledon-2213,W,2,2,2,Dynamic Model,2,0
2023,2023-wimbledon-2214,W,2,3,1,Cumul. Point Winner,1,2
2023,2023-wimbledon-2214,W,2,3,2,Cumul. Point Winner,1,1
2023,2023-wimbledon-2214,W,2,3,3,Cumul. Point Winner,2,0
2023,2023-wimbledon-2214,W,2,3,1,Cumul. Game Winner,1,2
2023,2023-wimbledon-2214,W,2,3,2,Cumul. Game Winner,1,1
2023,2023-wimbledon-2214,W,2,3,3,Cumul. Game Winner,2,0
2023,2023-wimbledon-2214,W,2,3,1,Set Winner,1,2
2023,2023-wimbledon-2214,W,2,3,2,Set Winner,2,1
2023,2023-wimbledon-2214,W,2,3,3,Set Winner,2,0
2023,2023-wimbledon-2214,W,2,3,1,Cumul. Set Winner,1,2
2023,2023-wimbledon-2214,W,2,3,2,Cumul. Set Winner,1,1
2023,2023-wimbledon-2214,W,2,3,3,Cumul. Set Winner,2,0
2023,2023-wimbledon-2214,W,2,3,1,Cumul. Unf. Error,1,2
2023,2023-wimbledon-2214,W,2,3,2,Cumul. Unf. Error,1,1
2023,2023-wimbledon-2214,W,2,3,3,Cumul. Unf. Error,1,0
2023,2023-wimbledon-2214,W,2,3,1,Dynamic Model,1,2
2023,2023-wimbledon-2214,W,2,3,2,Dynamic Model,1,1
2023,2023-wimbledon-2214,W,2,3,3,Dynamic Model,2,0
2023,2023-wimbledon-2215,W,1,2,1,Cumul. Point Winner,1,1
2023,2023-wimbledon-2215,W,1,2,2,Cumul. Point Winner,1,0
2023,2023-wimbledon-2215,W,1,2,1,Cumul. Game Winner,1,1
2023,2023-wimbledon-2215,W,1,2,2,Cumul. Game Winner,1,0
2023,2023-wimbledon-2215,W,1,2,1,Set Winner,1,1
2023,2023-wimbledon-2215,W,1,2,2,Set Winner,1,0
2023,2023-wimbledon-2215,W,1,2,1,Cumul. Set Winner,1,1
2023,2023-wimbledon-2215,W,1,2,2,Cumul. Set Winner,1,0
2023,2023-wimbledon-2215,W,1,2,1,Cumul. Unf. Error,1,1
2023,2023-wimbledon-2215,W,1,2,2,Cumul. Unf. Error,1,0
2023,2023-wimbledon-2215,W,1,2,1,Dynamic Model,1,1
2023,2023-wimbledon-2215,W,1,2,2,Dynamic Model,1,0
2023,2023-wimbledon-2216,W,2,3,1,Cumul. Point Winner,1,2
2023,2023-wimbledon-2216,W,2,3,2,Cumul. Point Winner,1,1
2023,2023-wimbledon-2216,W,2,3,3,Cumul. Point Winner,2,0
2023,2023-wimbledon-2216,W,2,3,1,Cumul. Game Winner,1,2
2023,2023-wimbledon-2216,W,2,3,2,Cumul. Game Winner,1,1
2023,2023-wimbledon-2216,W,2,3,3,Cumul. Game Winner,1,0
2023,2023-wimbledon-2216,W,2,3,1,Set Winner,1,2
2023,2023-wimbledon-2216,W,2,3,2,Set Winner,2,1
2023,2023-wimbledon-2216,W,2,3,3,Set Winner,2,0
2023,2023-wimbledon-2216,W,2,3,1,Cumul. Set Winner,1,2
2023,2023-wimbledon-2216,W,2,3,2,Cumul. Set Winner,1,1
2023,2023-wimbledon-2216,W,2,3,3,Cumul. Set Winner,2,0
2023,2023-wimbledon-2216,W,2,3,1,Cumul. Unf. Error,1,2
2023,2023-wimbledon-2216,W,2,3,2,Cumul. Unf. Error,1,1
2023,2023-wimbledon-2216,W,2,3,3,Cumul. Unf. Error,1,0
2023,2023-wimbledon-2216,W,2,3,1,Dynamic Model,1,2
2023,2023-wimbledon-2216,W,2,3,2,Dynamic Model,1,1
2023,2023-wimbledon-2216,W,2,3,3,Dynamic Model,2,0
2023,2023-wimbledon-2217,W,1,2,1,Cumul. Point Winner,1,1
2023,2023-wimbledon-2217,W,1,2,2,Cumul. Point Winner,1,0
2023,2023-wimbledon-2217,W,1,2,1,Cumul. Game Winner,1,1
2023,2023-wimbledon-2217,W,1,2,2,Cumul. Game Winner,1,0
2023,2023-wimbledon-2217,W,1,2,1,Set Winner,1,1
2023,2023-wimbledon-2217,W,1,2,2,Set Winner,1,0
2023,2023-wimbledon-2217,W,1,2,1,Cumul. Set Winner,1,1
2023,2023-wimbledon-2217,W,1,2,2,Cumul. Set Winner,1,0
2023,2023-wimbledon-2217,W,1,2,1,Cumul. Unf. Error,1,1
2023,2023-wimbledon-2217,W,1,2,2,Cumul. Unf. Error,1,0
2023,2023-wimbledon-2217,W,1,2,1,Dynamic Model,1,1
2023,2023-wimbledon-2217,W,1,2,2,Dynamic Model,1,0
2023,2023-wimbledon-2218,W,1,3,1,Cumul. Point Winner,1,2
2023,2023-wimbledon-2218,W,1,3,2,Cumul. Point Winner,1,1
2023,2023-wimbledon-2218,W,1,3,3,Cumul. Point Winner,1,0
2023,2023-wimbledon-2218,W,1,3,1,Cumul. Game Winner,1,2
2023,2023-wimbledon-2218,W,1,3,2,Cumul. Game Winner,1,1
2023,2023-wimbledon-2218,W,1,3,3,Cumul. Game Winner,1,0
2023,2023-wimbledon-2218,W,1,3,1,Set Winner,1,2
2023,2023-wimbledon-2218,W,1,3,2,Set Winner,2,1
2023,2023-wimbledon-2218,W,1,3,3,Set Winner,1,0
2023,2023-wimbledon-2218,W,1,3,1,Cumul. Set Winner,1,2
2023,2023-wimbledon-2218,W,1,3,2,Cumul. Set Winner,1,1
2023,2023-wimbledon-2218,W,1,3,3,Cumul. Set Winner,1,0
2023,2023-wimbledon-2218,W,1,3,1,Cumul. Unf. Error,2,2
2023,2023-wimbledon-2218,W,1,3,2,Cumul. Unf. Error,2,1
2023,2023-wimbledon-2218,W,1,3,3,Cumul. Unf. Error,2,0
2023,2023-wimbledon-2218,W,1,3,1,Dynamic Model,1,2
2023,2023-wimbledon-2218,W,1,3,2,Dynamic Model,1,1
2023,2023-wimbledon-2218,W,1,3,3,Dynamic Model,1,0
2023,2023-wimbledon-2219,W,1,2,1,Cumul. Point Winner,1,1
2023,2023-wimbledon-2219,W,1,2,2,Cumul. Point Winner,1,0
2023,2023-wimbledon-2219,W,1,2,1,Cumul. Game Winner,1,1
2023,2023-wimbledon-2219,W,1,2,2,Cumul. Game Winner,1,0
2023,2023-wimbledon-2219,W,1,2,1,Set Winner,1,1
2023,2023-wimbledon-2219,W,1,2,2,Set Winner,1,0
2023,2023-wimbledon-2219,W,1,2,1,Cumul. Set Winner,1,1
2023,2023-wimbledon-2219,W,1,2,2,Cumul. Set Winner,1,0
2023,2023-wimbledon-2219,W,1,2,1,Cumul. Unf. Error,1,1
2023,2023-wimbledon-2219,W,1,2,2,Cumul. Unf. Error,1,0
2023,2023-wimbledon-2219,W,1,2,1,Dynamic Model,1,1
2023,2023-wimbledon-2219,W,1,2,2,Dynamic Model,1,0
2023,2023-wimbledon-2220,W,2,2,1,Cumul. Point Winner,2,1
2023,2023-wimbledon-2220,W,2,2,2,Cumul. Point Winner,2,0
2023,2023-wimbledon-2220,W,2,2,1,Cumul. Game Winner,2,1
2023,2023-wimbledon-2220,W,2,2,2,Cumul. Game Winner,2,0
2023,2023-wimbledon-2220,W,2,2,1,Set Winner,2,1
2023,2023-wimbledon-2220,W,2,2,2,Set Winner,2,0
2023,2023-wimbledon-2220,W,2,2,1,Cumul. Set Winner,2,1
2023,2023-wimbledon-2220,W,2,2,2,Cumul. Set Winner,2,0
2023,2023-wimbledon-2220,W,2,2,1,Cumul. Unf. Error,2,1
2023,2023-wimbledon-2220,W,2,2,2,Cumul. Unf. Error,2,0
2023,2023-wimbledon-2220,W,2,2,1,Dynamic Model,2,1
2023,2023-wimbledon-2220,W,2,2,2,Dynamic Model,2,0
2023,2023-wimbledon-2221,W,1,3,1,Cumul. Point Winner,2,2
2023,2023-wimbledon-2221,W,1,3,2,Cumul. Point Winner,1,1
2023,2023-wimbledon-2221,W,1,3,3,Cumul. Point Winner,1,0
2023,2023-wimbledon-2221,W,1,3,1,Cumul. Game Winner,2,2
2023,2023-wimbledon-2221,W,1,3,2,Cumul. Game Winner,1,1
2023,2023-wimbledon-2221,W,1,3,3,Cumul. Game Winner,1,0
2023,2023-wimbledon-2221,W,1,3,1,Set Winner,2,2
2023,2023-wimbledon-2221,W,1,3,2,Set Winner,1,1
2023,2023-wimbledon-2221,W,1,3,3,Set Winner,1,0
2023,2023-wimbledon-2221,W,1,3,1,Cumul. Set Winner,2,2
2023,2023-wimbledon-2221,W,1,3,2,Cumul. Set Winner,2,1
2023,2023-wimbledon-2221,W,1,3,3,Cumul. Set Winner,1,0
2023,2023-wimbledon-2221,W,1,3,1,Cumul. Unf. Error,2,2
2023,2023-wimbledon-2221,W,1,3,2,Cumul. Unf. Error,2,1
2023,2023-wimbledon-2221,W,1,3,3,Cumul. Unf. Error,2,0
2023,2023-wimbledon-2221,W,1,3,1,Dynamic Model,2,2
2023,2023-wimbledon-2221,W,1,3,2,Dynamic Model,1,1
2023,2023-wimbledon-2221,W,1,3,3,Dynamic Model,1,0
2023,2023-wimbledon-2222,W,1,3,1,Cumul. Point Winner,2,2
2023,2023-wimbledon-2222,W,1,3,2,Cumul. Point Winner,2,1
2023,2023-wimbledon-2222,W,1,3,3,Cumul. Point Winner,2,0
2023,2023-wimbledon-2222,W,1,3,1,Cumul. Game Winner,2,2
2023,2023-wimbledon-2222,W,1,3,2,Cumul. Game Winner,2,1
2023,2023-wimbledon-2222,W,1,3,3,Cumul. Game Winner,1,0
2023,2023-wimbledon-2222,W,1,3,1,Set Winner,2,2
2023,2023-wimbledon-2222,W,1,3,2,Set Winner,1,1
2023,2023-wimbledon-2222,W,1,3,3,Set Winner,1,0
2023,2023-wimbledon-2222,W,1,3,1,Cumul. Set Winner,2,2
2023,2023-wimbledon-2222,W,1,3,2,Cumul. Set Winner,2,1
2023,2023-wimbledon-2222,W,1,3,3,Cumul. Set Winner,1,0
2023,2023-wimbledon-2222,W,1,3,1,Cumul. Unf. Error,1,2
2023,2023-wimbledon-2222,W,1,3,2,Cumul. Unf. Error,1,1
2023,2023-wimbledon-2222,W,1,3,3,Cumul. Unf. Error,1,0
2023,2023-wimbledon-2222,W,1,3,1,Dynamic Model,2,2
2023,2023-wimbledon-2222,W,1,3,2,Dynamic Model,2,1
2023,2023-wimbledon-2222,W,1,3,3,Dynamic Model,1,0
2023,2023-wimbledon-2223,W,2,3,1,Cumul. Point Winner,2,2
2023,2023-wimbledon-2223,W,2,3,2,Cumul. Point Winner,2,1
2023,2023-wimbledon-2223,W,2,3,3,Cumul. Point Winner,2,0
2023,2023-wimbledon-2223,W,2,3,1,Cumul. Game Winner,2,2
2023,2023-wimbledon-2223,W,2,3,2,Cumul. Game Winner,2,1
2023,2023-wimbledon-2223,W,2,3,3,Cumul. Game Winner,2,0
2023,2023-wimbledon-2223,W,2,3,1,Set Winner,2,2
2023,2023-wimbledon-2223,W,2,3,2,Set Winner,1,1
2023,2023-wimbledon-2223,W,2,3,3,Set Winner,2,0
2023,2023-wimbledon-2223,W,2,3,1,Cumul. Set Winner,2,2
2023,2023-wimbledon-2223,W,2,3,2,Cumul. Set Winner,2,1
2023,2023-wimbledon-2223,W,2,3,3,Cumul. Set Winner,2,0
2023,2023-wimbledon-2223,W,2,3,1,Cumul. Unf. Error,1,2
2023,2023-wimbledon-2223,W,2,3,2,Cumul. Unf. Error,1,1
2023,2023-wimbledon-2223,W,2,3,3,Cumul. Unf. Error,1,0
2023,2023-wimbledon-2223,W,2,3,1,Dynamic Model,2,2
2023,2023-wimbledon-2223,W,2,3,2,Dynamic Model,1,1
2023,2023-wimbledon-2223,W,2,3,3,Dynamic Model,2,0
2023,2023-wimbledon-2224,W,2,2,1,Cumul. Point Winner,2,1
2023,2023-wimbledon-2224,W,2,2,2,Cumul. Point Winner,2,0
2023,2023-wimbledon-2224,W,2,2,1,Cumul. Game Winner,2,1
2023,2023-wimbledon-2224,W,2,2,2,Cumul. Game Winner,2,0
2023,2023-wimbledon-2224,W,2,2,1,Set Winner,2,1
2023,2023-wimbledon-2224,W,2,2,2,Set Winner,2,0
2023,2023-wimbledon-2224,W,2,2,1,Cumul. Set Winner,2,1
2023,2023-wimbledon-2224,W,2,2,2,Cumul. Set Winner,2,0
2023,2023-wimbledon-2224,W,2,2,1,Cumul. Unf. Error,1,1
2023,2023-wimbledon-2224,W,2,2,2,Cumul. Unf. Error,1,0
2023,2023-wimbledon-2224,W,2,2,1,Dynamic Model,2,1
2023,2023-wimbledon-2224,W,2,2,2,Dynamic Model,2,0
2023,2023-wimbledon-2225,W,1,2,1,Cumul. Point Winner,1,1
2023,2023-wimbledon-2225,W,1,2,2,Cumul. Point Winner,1,0
2023,2023-wimbledon-2225,W,1,2,1,Cumul. Game Winner,1,1
2023,2023-wimbledon-2225,W,1,2,2,Cumul. Game Winner,1,0
2023,2023-wimbledon-2225,W,1,2,1,Set Winner,1,1
2023,2023-wimbledon-2225,W,1,2,2,Set Winner,1,0
2023,2023-wimbledon-2225,W,1,2,1,Cumul. Set Winner,1,1
2023,2023-wimbledon-2225,W,1,2,2,Cumul. Set Winner,1,0
2023,2023-wimbledon-2225,W,1,2,1,Cumul. Unf. Error,1,1
2023,2023-wimbledon-2225,W,1,2,2,Cumul. Unf. Error,1,0
2023,2023-wimbledon-2225,W,1,2,1,Dynamic Model,1,1
2023,2023-wimbledon-2225,W,1,2,2,Dynamic Model,1,0
2023,2023-wimbledon-2226,W,2,2,1,Cumul. Point Winner,2,1
2023,2023-wimbledon-2226,W,2,2,2,Cumul. Point Winner,2,0
2023,2023-wimbledon-2226,W,2,2,1,Cumul. Game Winner,2,1
2023,2023-wimbledon-2226,W,2,2,2,Cumul. Game Winner,2,0
2023,2023-wimbledon-2226,W,2,2,1,Set Winner,2,1
2023,2023-wimbledon-2226,W,2,2,2,Set Winner,2,0
2023,2023-wimbledon-2226,W,2,2,1,Cumul. Set Winner,2,1
2023,2023-wimbledon-2226,W,2,2,2,Cumul. Set Winner,2,0
2023,2023-wimbledon-2226,W,2,2,1,Cumul. Unf. Error,1,1
2023,2023-wimbledon-2226,W,2,2,2,Cumul. Unf. Error,1,0
2023,2023-wimbledon-2226,W,2,2,1,Dynamic Model,2,1
2023,2023-wimbledon-2226,W,2,2,2,Dynamic Model,2,0
2023,2023-wimbledon-2227,W,1,2,1,Cumul. Point Winner,1,1
2023,2023-wimbledon-2227,W,1,2,2,Cumul. Point Winner,1,0
2023,2023-wimbledon-2227,W,1,2,1,Cumul. Game Winner,1,1
2023,2023-wimbledon-2227,W,1,2,2,Cumul. Game Winner,1,0
2023,2023-wimbledon-2227,W,1,2,1,Set Winner,1,1
2023,2023-wimbledon-2227,W,1,2,2,Set Winner,1,0
2023,2023-wimbledon-2227,W,1,2,1,Cumul. Set Winner,1,1
2023,2023-wimbledon-2227,W,1,2,2,Cumul. Set Winner,1,0
2023,2023-wimbledon-2227,W,1,2,1,Cumul. Unf. Error,1,1
2023,2023-wimbledon-2227,W,1,2,2,Cumul. Unf. Error,2,0
2023,2023-wimbledon-2227,W,1,2,1,Dynamic Model,1,1
2023,2023-wimbledon-2227,W,1,2,2,Dynamic Model,1,0
2023,2023-wimbledon-2228,W,1,2,1,Cumul. Point Winner,1,1
2023,2023-wimbledon-2228,W,1,2,2,Cumul. Point Winner,1,0
2023,2023-wimbledon-2228,W,1,2,1,Cumul. Game Winner,1,1
2023,2023-wimbledon-2228,W,1,2,2,Cumul. Game Winner,1,0
2023,2023-wimbledon-2228,W,1,2,1,Set Winner,1,1
2023,2023-wimbledon-2228,W,1,2,2,Set Winner,1,0
2023,2023-wimbledon-2228,W,1,2,1,Cumul. Set Winner,1,1
2023,2023-wimbledon-2228,W,1,2,2,Cumul. Set Winner,1,0
2023,2023-wimbledon-2228,W,1,2,1,Cumul. Unf. Error,1,1
2023,2023-wimbledon-2228,W,1,2,2,Cumul. Unf. Error,1,0
2023,2023-wimbledon-2228,W,1,2,1,Dynamic Model,1,1
2023,2023-wimbledon-2228,W,1,2,2,Dynamic Model,1,0
2023,2023-wimbledon-2229,W,2,3,1,Cumul. Point Winner,1,2
2023,2023-wimbledon-2229,W,2,3,2,Cumul. Point Winner,1,1
2023,2023-wimbledon-2229,W,2,3,3,Cumul. Point Winner,2,0
2023,2023-wimbledon-2229,W,2,3,1,Cumul. Game Winner,1,2
2023,2023-wimbledon-2229,W,2,3,2,Cumul. Game Winner,1,1
2023,2023-wimbledon-2229,W,2,3,3,Cumul. Game Winner,2,0
2023,2023-wimbledon-2229,W,2,3,1,Set Winner,1,2
2023,2023-wimbledon-2229,W,2,3,2,Set Winner,2,1
2023,2023-wimbledon-2229,W,2,3,3,Set Winner,2,0
2023,2023-wimbledon-2229,W,2,3,1,Cumul. Set Winner,1,2
2023,2023-wimbledon-2229,W,2,3,2,Cumul. Set Winner,1,1
2023,2023-wimbledon-2229,W,2,3,3,Cumul. Set Winner,2,0
2023,2023-wimbledon-2229,W,2,3,1,Cumul. Unf. Error,2,2
2023,2023-wimbledon-2229,W,2,3,2,Cumul. Unf. Error,2,1
2023,2023-wimbledon-2229,W,2,3,3,Cumul. Unf. Error,2,0
2023,2023-wimbledon-2229,W,2,3,1,Dynamic Model,1,2
2023,2023-wimbledon-2229,W,2,3,2,Dynamic Model,1,1
2023,2023-wimbledon-2229,W,2,3,3,Dynamic Model,2,0
2023,2023-wimbledon-2230,W,2,3,1,Cumul. Point Winner,1,2
2023,2023-wimbledon-2230,W,2,3,2,Cumul. Point Winner,1,1
2023,2023-wimbledon-2230,W,2,3,3,Cumul. Point Winner,1,0
2023,2023-wimbledon-2230,W,2,3,1,Cumul. Game Winner,1,2
2023,2023-wimbledon-2230,W,2,3,2,Cumul. Game Winner,1,1
2023,2023-wimbledon-2230,W,2,3,3,Cumul. Game Winner,2,0
2023,2023-wimbledon-2230,W,2,3,1,Set Winner,1,2
2023,2023-wimbledon-2230,W,2,3,2,Set Winner,2,1
2023,2023-wimbledon-2230,W,2,3,3,Set Winner,2,0
2023,2023-wimbledon-2230,W,2,3,1,Cumul. Set Winner,1,2
2023,2023-wimbledon-2230,W,2,3,2,Cumul. Set Winner,1,1
2023,2023-wimbledon-2230,W,2,3,3,Cumul. Set Winner,2,0
2023,2023-wimbledon-2230,W,2,3,1,Cumul. Unf. Error,1,2
2023,2023-wimbledon-2230,W,2,3,2,Cumul. Unf. Error,1,1
2023,2023-wimbledon-2230,W,2,3,3,Cumul. Unf. Error,1,0
2023,2023-wimbledon-2230,W,2,3,1,Dynamic Model,1,2
2023,2023-wimbledon-2230,W,2,3,2,Dynamic Model,1,1
2023,2023-wimbledon-2230,W,2,3,3,Dynamic Model,1,0
2023,2023-wimbledon-2231,W,2,2,1,Cumul. Point Winner,2,1
2023,2023-wimbledon-2231,W,2,2,2,Cumul. Point Winner,2,0
2023,2023-wimbledon-2231,W,2,2,1,Cumul. Game Winner,2,1
2023,2023-wimbledon-2231,W,2,2,2,Cumul. Game Winner,2,0
2023,2023-wimbledon-2231,W,2,2,1,Set Winner,2,1
2023,2023-wimbledon-2231,W,2,2,2,Set Winner,2,0
2023,2023-wimbledon-2231,W,2,2,1,Cumul. Set Winner,2,1
2023,2023-wimbledon-2231,W,2,2,2,Cumul. Set Winner,2,0
2023,2023-wimbledon-2231,W,2,2,1,Cumul. Unf. Error,2,1
2023,2023-wimbledon-2231,W,2,2,2,Cumul. Unf. Error,1,0
2023,2023-wimbledon-2231,W,2,2,1,Dynamic Model,2,1
2023,2023-wimbledon-2231,W,2,2,2,Dynamic Model,2,0
2023,2023-wimbledon-2232,W,2,3,1,Cumul. Point Winner,1,2
2023,2023-wimbledon-2232,W,2,3,2,Cumul. Point Winner,1,1
2023,2023-wimbledon-2232,W,2,3,3,Cumul. Point Winner,2,0
2023,2023-wimbledon-2232,W,2,3,1,Cumul. Game Winner,1,2
2023,2023-wimbledon-2232,W,2,3,2,Cumul. Game Winner,1,1
2023,2023-wimbledon-2232,W,2,3,3,Cumul. Game Winner,2,0
2023,2023-wimbledon-2232,W,2,3,1,Set Winner,1,2
2023,2023-wimbledon-2232,W,2,3,2,Set Winner,2,1
2023,2023-wimbledon-2232,W,2,3,3,Set Winner,2,0
2023,2023-wimbledon-2232,W,2,3,1,Cumul. Set Winner,1,2
2023,2023-wimbledon-2232,W,2,3,2,Cumul. Set Winner,1,1
2023,2023-wimbledon-2232,W,2,3,3,Cumul. Set Winner,2,0
2023,2023-wimbledon-2232,W,2,3,1,Cumul. Unf. Error,1,2
2023,2023-wimbledon-2232,W,2,3,2,Cumul. Unf. Error,1,1
2023,2023-wimbledon-2232,W,2,3,3,Cumul. Unf. Error,1,0
2023,2023-wimbledon-2232,W,2,3,1,Dynamic Model,1,2
2023,2023-wimbledon-2232,W,2,3,2,Dynamic Model,1,1
2023,2023-wimbledon-2232,W,2,3,3,Dynamic Model,2,0
2023,2023-wimbledon-2301,W,1,2,1,Cumul. Point Winner,1,1
2023,2023-wimbledon-2301,W,1,2,2,Cumul. Point Winner,1,0
2023,2023-wimbledon-2301,W,1,2,1,Cumul. Game Winner,1,1
2023,2023-wimbledon-2301,W,1,2,2,Cumul. Game Winner,1,0
2023,2023-wimbledon-2301,W,1,2,1,Set Winner,1,1
2023,2023-wimbledon-2301,W,1,2,2,Set Winner,1,0
2023,2023-wimbledon-2301,W,1,2,1,Cumul. Set Winner,1,1
2023,2023-wimbledon-2301,W,1,2,2,Cumul. Set Winner,1,0
2023,2023-wimbledon-2301,W,1,2,1,Cumul. Unf. Error,1,1
2023,2023-wimbledon-2301,W,1,2,2,Cumul. Unf. Error,1,0
2023,2023-wimbledon-2301,W,1,2,1,Dynamic Model,1,1
2023,2023-wimbledon-2301,W,1,2,2,Dynamic Model,1,0
2023,2023-wimbledon-2302,W,2,2,1,Cumul. Point Winner,2,1
2023,2023-wimbledon-2302,W,2,2,2,Cumul. Point Winner,2,0
2023,2023-wimbledon-2302,W,2,2,1,Cumul. Game Winner,2,1
2023,2023-wimbledon-2302,W,2,2,2,Cumul. Game Winner,2,0
2023,2023-wimbledon-2302,W,2,2,1,Set Winner,2,1
2023,2023-wimbledon-2302,W,2,2,2,Set Winner,2,0
2023,2023-wimbledon-2302,W,2,2,1,Cumul. Set Winner,2,1
2023,2023-wimbledon-2302,W,2,2,2,Cumul. Set Winner,2,0
2023,2023-wimbledon-2302,W,2,2,1,Cumul. Unf. Error,1,1
2023,2023-wimbledon-2302,W,2,2,2,Cumul. Unf. Error,1,0
2023,2023-wimbledon-2302,W,2,2,1,Dynamic Model,2,1
2023,2023-wimbledon-2302,W,2,2,2,Dynamic Model,2,0
2023,2023-wimbledon-2303,W,2,2,1,Cumul. Point Winner,2,1
2023,2023-wimbledon-2303,W,2,2,2,Cumul. Point Winner,2,0
2023,2023-wimbledon-2303,W,2,2,1,Cumul. Game Winner,2,1
2023,2023-wimbledon-2303,W,2,2,2,Cumul. Game Winner,2,0
2023,2023-wimbledon-2303,W,2,2,1,Set Winner,2,1
2023,2023-wimbledon-2303,W,2,2,2,Set Winner,2,0
2023,2023-wimbledon-2303,W,2,2,1,Cumul. Set Winner,2,1
2023,2023-wimbledon-2303,W,2,2,2,Cumul. Set Winner,2,0
2023,2023-wimbledon-2303,W,2,2,1,Cumul. Unf. Error,2,1
2023,2023-wimbledon-2303,W,2,2,2,Cumul. Unf. Error,2,0
2023,2023-wimbledon-2303,W,2,2,1,Dynamic Model,2,1
2023,2023-wimbledon-2303,W,2,2,2,Dynamic Model,2,0
2023,2023-wimbledon-2304,W,1,2,1,Cumul. Point Winner,1,1
2023,2023-wimbledon-2304,W,1,2,2,Cumul. Point Winner,1,0
2023,2023-wimbledon-2304,W,1,2,1,Cumul. Game Winner,1,1
2023,2023-wimbledon-2304,W,1,2,2,Cumul. Game Winner,1,0
2023,2023-wimbledon-2304,W,1,2,1,Set Winner,1,1
2023,2023-wimbledon-2304,W,1,2,2,Set Winner,1,0
2023,2023-wimbledon-2304,W,1,2,1,Cumul. Set Winner,1,1
2023,2023-wimbledon-2304,W,1,2,2,Cumul. Set Winner,1,0
2023,2023-wimbledon-2304,W,1,2,1,Cumul. Unf. Error,1,1
2023,2023-wimbledon-2304,W,1,2,2,Cumul. Unf. Error,1,0
2023,2023-wimbledon-2304,W,1,2,1,Dynamic Model,1,1
2023,2023-wimbledon-2304,W,1,2,2,Dynamic Model,1,0
2023,2023-wimbledon-2305,W,1,2,1,Cumul. Point Winner,1,1
2023,2023-wimbledon-2305,W,1,2,2,Cumul. Point Winner,1,0
2023,2023-wimbledon-2305,W,1,2,1,Cumul. Game Winner,1,1
2023,2023-wimbledon-2305,W,1,2,2,Cumul. Game Winner,1,0
2023,2023-wimbledon-2305,W,1,2,1,Set Winner,1,1
2023,2023-wimbledon-2305,W,1,2,2,Set Winner,1,0
2023,2023-wimbledon-2305,W,1,2,1,Cumul. Set Winner,1,1
2023,2023-wimbledon-2305,W,1,2,2,Cumul. Set Winner,1,0
2023,2023-wimbledon-2305,W,1,2,1,Cumul. Unf. Error,2,1
2023,2023-wimbledon-2305,W,1,2,2,Cumul. Unf. Error,2,0
2023,2023-wimbledon-2305,W,1,2,1,Dynamic Model,1,1
2023,2023-wimbledon-2305,W,1,2,2,Dynamic Model,1,0
2023,2023-wimbledon-2306,W,1,3,1,Cumul. Point Winner,2,2
2023,2023-wimbledon-2306,W,1,3,2,Cumul. Point Winner,1,1
2023,2023-wimbledon-2306,W,1,3,3,Cumul. Point Winner,1,0
2023,2023-wimbledon-2306,W,1,3,1,Cumul. Game Winner,2,2
2023,2023-wimbledon-2306,W,1,3,2,Cumul. Game Winner,1,1
2023,2023-wimbledon-2306,W,1,3,3,Cumul. Game Winner,1,0
2023,2023-wimbledon-2306,W,1,3,1,Set Winner,2,2
2023,2023-wimbledon-2306,W,1,3,2,Set Winner,1,1
2023,2023-wimbledon-2306,W,1,3,3,Set Winner,1,0
2023,2023-wimbledon-2306,W,1,3,1,Cumul. Set Winner,2,2
2023,2023-wimbledon-2306,W,1,3,2,Cumul. Set Winner,2,1
2023,2023-wimbledon-2306,W,1,3,3,Cumul. Set Winner,1,0
2023,2023-wimbledon-2306,W,1,3,1,Cumul. Unf. Error,2,2
2023,2023-wimbledon-2306,W,1,3,2,Cumul. Unf. Error,2,1
2023,2023-wimbledon-2306,W,1,3,3,Cumul. Unf. Error,1,0
2023,2023-wimbledon-2306,W,1,3,1,Dynamic Model,2,2
2023,2023-wimbledon-2306,W,1,3,2,Dynamic Model,1,1
2023,2023-wimbledon-2306,W,1,3,3,Dynamic Model,1,0
2023,2023-wimbledon-2307,W,1,2,1,Cumul. Point Winner,1,1
2023,2023-wimbledon-2307,W,1,2,2,Cumul. Point Winner,1,0
2023,2023-wimbledon-2307,W,1,2,1,Cumul. Game Winner,1,1
2023,2023-wimbledon-2307,W,1,2,2,Cumul. Game Winner,1,0
2023,2023-wimbledon-2307,W,1,2,1,Set Winner,1,1
2023,2023-wimbledon-2307,W,1,2,2,Set Winner,1,0
2023,2023-wimbledon-2307,W,1,2,1,Cumul. Set Winner,1,1
2023,2023-wimbledon-2307,W,1,2,2,Cumul. Set Winner,1,0
2023,2023-wimbledon-2307,W,1,2,1,Cumul. Unf. Error,1,1
2023,2023-wimbledon-2307,W,1,2,2,Cumul. Unf. Error,1,0
2023,2023-wimbledon-2307,W,1,2,1,Dynamic Model,1,1
2023,2023-wimbledon-2307,W,1,2,2,Dynamic Model,1,0
2023,2023-wimbledon-2308,W,1,3,1,Cumul. Point Winner,1,2
2023,2023-wimbledon-2308,W,1,3,2,Cumul. Point Winner,1,1
2023,2023-wimbledon-2308,W,1,3,3,Cumul. Point Winner,1,0
2023,2023-wimbledon-2308,W,1,3,1,Cumul. Game Winner,1,2
2023,2023-wimbledon-2308,W,1,3,2,Cumul. Game Winner,2,1
2023,2023-wimbledon-2308,W,1,3,3,Cumul. Game Winner,1,0
2023,2023-wimbledon-2308,W,1,3,1,Set Winner,1,2
2023,2023-wimbledon-2308,W,1,3,2,Set Winner,2,1
2023,2023-wimbledon-2308,W,1,3,3,Set Winner,1,0
2023,2023-wimbledon-2308,W,1,3,1,Cumul. Set Winner,1,2
2023,2023-wimbledon-2308,W,1,3,2,Cumul. Set Winner,1,1
2023,2023-wimbledon-2308,W,1,3,3,Cumul. Set Winner,1,0
2023,2023-wimbledon-2308,W,1,3,1,Cumul. Unf. Error,1,2
2023,2023-wimbledon-2308,W,1,3,2,Cumul. Unf. Error,1,1
2023,2023-wimbledon-2308,W,1,3,3,Cumul. Unf. Error,1,0
2023,2023-wimbledon-2308,W,1,3,1,Dynamic Model,1,2
2023,2023-wimbledon-2308,W,1,3,2,Dynamic Model,1,1
2023,2023-wimbledon-2308,W,1,3,3,Dynamic Model,1,0
2023,2023-wimbledon-2309,W,1,3,1,Cumul. Point Winner,2,2
2023,2023-wimbledon-2309,W,1,3,2,Cumul. Point Winner,1,1
2023,2023-wimbledon-2309,W,1,3,3,Cumul. Point Winner,1,0
2023,2023-wimbledon-2309,W,1,3,1,Cumul. Game Winner,2,2
2023,2023-wimbledon-2309,W,1,3,2,Cumul. Game Winner,2,1
2023,2023-wimbledon-2309,W,1,3,3,Cumul. Game Winner,1,0
2023,2023-wimbledon-2309,W,1,3,1,Set Winner,2,2
2023,2023-wimbledon-2309,W,1,3,2,Set Winner,1,1
2023,2023-wimbledon-2309,W,1,3,3,Set Winner,1,0
2023,2023-wimbledon-2309,W,1,3,1,Cumul. Set Winner,2,2
2023,2023-wimbledon-2309,W,1,3,2,Cumul. Set Winner,2,1
2023,2023-wimbledon-2309,W,1,3,3,Cumul. Set Winner,1,0
2023,2023-wimbledon-2309,W,1,3,1,Cumul. Unf. Error,2,2
2023,2023-wimbledon-2309,W,1,3,2,Cumul. Unf. Error,2,1
2023,2023-wimbledon-2309,W,1,3,3,Cumul. Unf. Error,2,0
2023,2023-wimbledon-2309,W,1,3,1,Dynamic Model,2,2
2023,2023-wimbledon-2309,W,1,3,2,Dynamic Model,1,1
2023,2023-wimbledon-2309,W,1,3,3,Dynamic Model,1,0
2023,2023-wimbledon-2310,W,2,2,1,Cumul. Point Winner,2,1
2023,2023-wimbledon-2310,W,2,2,2,Cumul. Point Winner,2,0
2023,2023-wimbledon-2310,W,2,2,1,Cumul. Game Winner,2,1
2023,2023-wimbledon-2310,W,2,2,2,Cumul. Game Winner,2,0
2023,2023-wimbledon-2310,W,2,2,1,Set Winner,2,1
2023,2023-wimbledon-2310,W,2,2,2,Set Winner,2,0
2023,2023-wimbledon-2310,W,2,2,1,Cumul. Set Winner,2,1
2023,2023-wimbledon-2310,W,2,2,2,Cumul. Set Winner,2,0
2023,2023-wimbledon-2310,W,2,2,1,Cumul. Unf. Error,1,1
2023,2023-wimbledon-2310,W,2,2,2,Cumul. Unf. Error,1,0
2023,2023-wimbledon-2310,W,2,2,1,Dynamic Model,2,1
2023,2023-wimbledon-2310,W,2,2,2,Dynamic Model,2,0
2023,2023-wimbledon-2311,W,1,2,1,Cumul. Point Winner,1,1
2023,2023-wimbledon-2311,W,1,2,2,Cumul. Point Winner,1,0
2023,2023-wimbledon-2311,W,1,2,1,Cumul. Game Winner,1,1
2023,2023-wimbledon-2311,W,1,2,2,Cumul. Game Winner,1,0
2023,2023-wimbledon-2311,W,1,2,1,Set Winner,1,1
2023,2023-wimbledon-2311,W,1,2,2,Set Winner,1,0
2023,2023-wimbledon-2311,W,1,2,1,Cumul. Set Winner,1,1
2023,2023-wimbledon-2311,W,1,2,2,Cumul. Set Winner,1,0
2023,2023-wimbledon-2311,W,1,2,1,Cumul. Unf. Error,1,1
2023,2023-wimbledon-2311,W,1,2,2,Cumul. Unf. Error,1,0
2023,2023-wimbledon-2311,W,1,2,1,Dynamic Model,1,1
2023,2023-wimbledon-2311,W,1,2,2,Dynamic Model,1,0
2023,2023-wimbledon-2312,W,2,2,1,Cumul. Point Winner,2,1
2023,2023-wimbledon-2312,W,2,2,2,Cumul. Point Winner,2,0
2023,2023-wimbledon-2312,W,2,2,1,Cumul. Game Winner,2,1
2023,2023-wimbledon-2312,W,2,2,2,Cumul. Game Winner,2,0
2023,2023-wimbledon-2312,W,2,2,1,Set Winner,2,1
2023,2023-wimbledon-2312,W,2,2,2,Set Winner,2,0
2023,2023-wimbledon-2312,W,2,2,1,Cumul. Set Winner,2,1
2023,2023-wimbledon-2312,W,2,2,2,Cumul. Set Winner,2,0
2023,2023-wimbledon-2312,W,2,2,1,Cumul. Unf. Error,1,1
2023,2023-wimbledon-2312,W,2,2,2,Cumul. Unf. Error,1,0
2023,2023-wimbledon-2312,W,2,2,1,Dynamic Model,2,1
2023,2023-wimbledon-2312,W,2,2,2,Dynamic Model,2,0
2023,2023-wimbledon-2313,W,2,2,1,Cumul. Point Winner,2,1
2023,2023-wimbledon-2313,W,2,2,2,Cumul. Point Winner,2,0
2023,2023-wimbledon-2313,W,2,2,1,Cumul. Game Winner,2,1
2023,2023-wimbledon-2313,W,2,2,2,Cumul. Game Winner,2,0
2023,2023-wimbledon-2313,W,2,2,1,Set Winner,2,1
2023,2023-wimbledon-2313,W,2,2,2,Set Winner,2,0
2023,2023-wimbledon-2313,W,2,2,1,Cumul. Set Winner,2,1
2023,2023-wimbledon-2313,W,2,2,2,Cumul. Set Winner,2,0
2023,2023-wimbledon-2313,W,2,2,1,Cumul. Unf. Error,1,1
2023,2023-wimbledon-2313,W,2,2,2,Cumul. Unf. Error,1,0
2023,2023-wimbledon-2313,W,2,2,1,Dynamic Model,2,1
2023,2023-wimbledon-2313,W,2,2,2,Dynamic Model,2,0
2023,2023-wimbledon-2314,W,2,2,1,Cumul. Point Winner,2,1
2023,2023-wimbledon-2314,W,2,2,2,Cumul. Point Winner,2,0
2023,2023-wimbledon-2314,W,2,2,1,Cumul. Game Winner,2,1
2023,2023-wimbledon-2314,W,2,2,2,Cumul. Game Winner,2,0
2023,2023-wimbledon-2314,W,2,2,1,Set Winner,2,1
2023,2023-wimbledon-2314,W,2,2,2,Set Winner,2,0
2023,2023-wimbledon-2314,W,2,2,1,Cumul. Set Winner,2,1
2023,2023-wimbledon-2314,W,2,2,2,Cumul. Set Winner,2,0
2023,2023-wimbledon-2314,W,2,2,1,Cumul. Unf. Error,2,1
2023,2023-wimbledon-2314,W,2,2,2,Cumul. Unf. Error,2,0
2023,2023-wimbledon-2314,W,2,2,1,Dynamic Model,2,1
2023,2023-wimbledon-2314,W,2,2,2,Dynamic Model,2,0
2023,2023-wimbledon-2315,W,2,2,1,Cumul. Point Winner,2,1
2023,2023-wimbledon-2315,W,2,2,2,Cumul. Point Winner,2,0
2023,2023-wimbledon-2315,W,2,2,1,Cumul. Game Winner,2,1
2023,2023-wimbledon-2315,W,2,2,2,Cumul. Game Winner,2,0
2023,2023-wimbledon-2315,W,2,2,1,Set Winner,2,1
2023,2023-wimbledon-2315,W,2,2,2,Set Winner,2,0
2023,2023-wimbledon-2315,W,2,2,1,Cumul. Set Winner,2,1
2023,2023-wimbledon-2315,W,2,2,2,Cumul. Set Winner,2,0
2023,2023-wimbledon-2315,W,2,2,1,Cumul. Unf. Error,2,1
2023,2023-wimbledon-2315,W,2,2,2,Cumul. Unf. Error,1,0
2023,2023-wimbledon-2315,W,2,2,1,Dynamic Model,2,1
2023,2023-wimbledon-2315,W,2,2,2,Dynamic Model,2,0
2023,2023-wimbledon-2316,W,2,2,1,Cumul. Point Winner,2,1
2023,2023-wimbledon-2316,W,2,2,2,Cumul. Point Winner,2,0
2023,2023-wimbledon-2316,W,2,2,1,Cumul. Game Winner,2,1
2023,2023-wimbledon-2316,W,2,2,2,Cumul. Game Winner,2,0
2023,2023-wimbledon-2316,W,2,2,1,Set Winner,2,1
2023,2023-wimbledon-2316,W,2,2,2,Set Winner,2,0
2023,2023-wimbledon-2316,W,2,2,1,Cumul. Set Winner,2,1
2023,2023-wimbledon-2316,W,2,2,2,Cumul. Set Winner,2,0
2023,2023-wimbledon-2316,W,2,2,1,Cumul. Unf. Error,2,1
2023,2023-wimbledon-2316,W,2,2,2,Cumul. Unf. Error,1,0
2023,2023-wimbledon-2316,W,2,2,1,Dynamic Model,2,1
2023,2023-wimbledon-2316,W,2,2,2,Dynamic Model,2,0
2023,2023-wimbledon-2401,W,1,3,1,Cumul. Point Winner,1,2
2023,2023-wimbledon-2401,W,1,3,2,Cumul. Point Winner,1,1
2023,2023-wimbledon-2401,W,1,3,3,Cumul. Point Winner,1,0
2023,2023-wimbledon-2401,W,1,3,1,Cumul. Game Winner,2,2
2023,2023-wimbledon-2401,W,1,3,2,Cumul. Game Winner,2,1
2023,2023-wimbledon-2401,W,1,3,3,Cumul. Game Winner,1,0
2023,2023-wimbledon-2401,W,1,3,1,Set Winner,2,2
2023,2023-wimbledon-2401,W,1,3,2,Set Winner,1,1
2023,2023-wimbledon-2401,W,1,3,3,Set Winner,1,0
2023,2023-wimbledon-2401,W,1,3,1,Cumul. Set Winner,2,2
2023,2023-wimbledon-2401,W,1,3,2,Cumul. Set Winner,2,1
2023,2023-wimbledon-2401,W,1,3,3,Cumul. Set Winner,1,0
2023,2023-wimbledon-2401,W,1,3,1,Cumul. Unf. Error,1,2
2023,2023-wimbledon-2401,W,1,3,2,Cumul. Unf. Error,1,1
2023,2023-wimbledon-2401,W,1,3,3,Cumul. Unf. Error,1,0
2023,2023-wimbledon-2401,W,1,3,1,Dynamic Model,1,2
2023,2023-wimbledon-2401,W,1,3,2,Dynamic Model,1,1
2023,2023-wimbledon-2401,W,1,3,3,Dynamic Model,1,0
2023,2023-wimbledon-2402,W,2,3,1,Cumul. Point Winner,1,2
2023,2023-wimbledon-2402,W,2,3,2,Cumul. Point Winner,1,1
2023,2023-wimbledon-2402,W,2,3,3,Cumul. Point Winner,2,0
2023,2023-wimbledon-2402,W,2,3,1,Cumul. Game Winner,1,2
2023,2023-wimbledon-2402,W,2,3,2,Cumul. Game Winner,1,1
2023,2023-wimbledon-2402,W,2,3,3,Cumul. Game Winner,1,0
2023,2023-wimbledon-2402,W,2,3,1,Set Winner,1,2
2023,2023-wimbledon-2402,W,2,3,2,Set Winner,2,1
2023,2023-wimbledon-2402,W,2,3,3,Set Winner,2,0
2023,2023-wimbledon-2402,W,2,3,1,Cumul. Set Winner,1,2
2023,2023-wimbledon-2402,W,2,3,2,Cumul. Set Winner,1,1
2023,2023-wimbledon-2402,W,2,3,3,Cumul. Set Winner,2,0
2023,2023-wimbledon-2402,W,2,3,1,Cumul. Unf. Error,1,2
2023,2023-wimbledon-2402,W,2,3,2,Cumul. Unf. Error,1,1
2023,2023-wimbledon-2402,W,2,3,3,Cumul. Unf. Error,1,0
2023,2023-wimbledon-2402,W,2,3,1,Dynamic Model,1,2
2023,2023-wimbledon-2402,W,2,3,2,Dynamic Model,2,1
2023,2023-wimbledon-2402,W,2,3,3,Dynamic Model,2,0
2023,2023-wimbledon-2403,W,1,2,1,Cumul. Point Winner,1,1
2023,2023-wimbledon-2403,W,1,2,2,Cumul. Point Winner,1,0
2023,2023-wimbledon-2403,W,1,2,1,Cumul. Game Winner,1,1
2023,2023-wimbledon-2403,W,1,2,2,Cumul. Game Winner,1,0
2023,2023-wimbledon-2403,W,1,2,1,Set Winner,1,1
2023,2023-wimbledon-2403,W,1,2,2,Set Winner,1,0
2023,2023-wimbledon-2403,W,1,2,1,Cumul. Set Winner,1,1
2023,2023-wimbledon-2403,W,1,2,2,Cumul. Set Winner,1,0
2023,2023-wimbledon-2403,W,1,2,1,Cumul. Unf. Error,2,1
2023,2023-wimbledon-2403,W,1,2,2,Cumul. Unf. Error,2,0
2023,2023-wimbledon-2403,W,1,2,1,Dynamic Model,1,1
2023,2023-wimbledon-2403,W,1,2,2,Dynamic Model,1,0
2023,2023-wimbledon-2404,W,1,3,1,Cumul. Point Winner,2,2
2023,2023-wimbledon-2404,W,1,3,2,Cumul. Point Winner,2,1
2023,2023-wimbledon-2404,W,1,3,3,Cumul. Point Winner,1,0
2023,2023-wimbledon-2404,W,1,3,1,Cumul. Game Winner,2,2
2023,2023-wimbledon-2404,W,1,3,2,Cumul. Game Winner,2,1
2023,2023-wimbledon-2404,W,1,3,3,Cumul. Game Winner,1,0
2023,2023-wimbledon-2404,W,1,3,1,Set Winner,2,2
2023,2023-wimbledon-2404,W,1,3,2,Set Winner,1,1
2023,2023-wimbledon-2404,W,1,3,3,Set Winner,1,0
2023,2023-wimbledon-2404,W,1,3,1,Cumul. Set Winner,2,2
2023,2023-wimbledon-2404,W,1,3,2,Cumul. Set Winner,2,1
2023,2023-wimbledon-2404,W,1,3,3,Cumul. Set Winner,1,0
2023,2023-wimbledon-2404,W,1,3,1,Cumul. Unf. Error,2,2
2023,2023-wimbledon-2404,W,1,3,2,Cumul. Unf. Error,2,1
2023,2023-wimbledon-2404,W,1,3,3,Cumul. Unf. Error,2,0
2023,2023-wimbledon-2404,W,1,3,1,Dynamic Model,2,2
2023,2023-wimbledon-2404,W,1,3,2,Dynamic Model,2,1
2023,2023-wimbledon-2404,W,1,3,3,Dynamic Model,1,0
2023,2023-wimbledon-2405,W,1,2,1,Cumul. Point Winner,1,1
2023,2023-wimbledon-2405,W,1,2,2,Cumul. Point Winner,1,0
2023,2023-wimbledon-2405,W,1,2,1,Cumul. Game Winner,1,1
2023,2023-wimbledon-2405,W,1,2,2,Cumul. Game Winner,1,0
2023,2023-wimbledon-2405,W,1,2,1,Set Winner,1,1
2023,2023-wimbledon-2405,W,1,2,2,Set Winner,1,0
2023,2023-wimbledon-2405,W,1,2,1,Cumul. Set Winner,1,1
2023,2023-wimbledon-2405,W,1,2,2,Cumul. Set Winner,1,0
2023,2023-wimbledon-2405,W,1,2,1,Cumul. Unf. Error,1,1
2023,2023-wimbledon-2405,W,1,2,2,Cumul. Unf. Error,1,0
2023,2023-wimbledon-2405,W,1,2,1,Dynamic Model,1,1
2023,2023-wimbledon-2405,W,1,2,2,Dynamic Model,1,0
2023,2023-wimbledon-2407,W,1,3,1,Cumul. Point Winner,2,2
2023,2023-wimbledon-2407,W,1,3,2,Cumul. Point Winner,2,1
2023,2023-wimbledon-2407,W,1,3,3,Cumul. Point Winner,1,0
2023,2023-wimbledon-2407,W,1,3,1,Cumul. Game Winner,2,2
2023,2023-wimbledon-2407,W,1,3,2,Cumul. Game Winner,2,1
2023,2023-wimbledon-2407,W,1,3,3,Cumul. Game Winner,1,0
2023,2023-wimbledon-2407,W,1,3,1,Set Winner,2,2
2023,2023-wimbledon-2407,W,1,3,2,Set Winner,1,1
2023,2023-wimbledon-2407,W,1,3,3,Set Winner,1,0
2023,2023-wimbledon-2407,W,1,3,1,Cumul. Set Winner,2,2
2023,2023-wimbledon-2407,W,1,3,2,Cumul. Set Winner,2,1
2023,2023-wimbledon-2407,W,1,3,3,Cumul. Set Winner,1,0
2023,2023-wimbledon-2407,W,1,3,1,Cumul. Unf. Error,2,2
2023,2023-wimbledon-2407,W,1,3,2,Cumul. Unf. Error,2,1
2023,2023-wimbledon-2407,W,1,3,3,Cumul. Unf. Error,2,0
2023,2023-wimbledon-2407,W,1,3,1,Dynamic Model,2,2
2023,2023-wimbledon-2407,W,1,3,2,Dynamic Model,2,1
2023,2023-wimbledon-2407,W,1,3,3,Dynamic Model,1,0
2023,2023-wimbledon-2408,W,2,2,1,Cumul. Point Winner,2,1
2023,2023-wimbledon-2408,W,2,2,2,Cumul. Point Winner,2,0
2023,2023-wimbledon-2408,W,2,2,1,Cumul. Game Winner,2,1
2023,2023-wimbledon-2408,W,2,2,2,Cumul. Game Winner,2,0
2023,2023-wimbledon-2408,W,2,2,1,Set Winner,2,1
2023,2023-wimbledon-2408,W,2,2,2,Set Winner,2,0
2023,2023-wimbledon-2408,W,2,2,1,Cumul. Set Winner,2,1
2023,2023-wimbledon-2408,W,2,2,2,Cumul. Set Winner,2,0
2023,2023-wimbledon-2408,W,2,2,1,Cumul. Unf. Error,1,1
2023,2023-wimbledon-2408,W,2,2,2,Cumul. Unf. Error,1,0
2023,2023-wimbledon-2408,W,2,2,1,Dynamic Model,2,1
2023,2023-wimbledon-2408,W,2,2,2,Dynamic Model,2,0
2023,2023-wimbledon-2501,W,2,3,1,Cumul. Point Winner,2,2
2023,2023-wimbledon-2501,W,2,3,2,Cumul. Point Winner,2,1
2023,2023-wimbledon-2501,W,2,3,3,Cumul. Point Winner,2,0
2023,2023-wimbledon-2501,W,2,3,1,Cumul. Game Winner,2,2
2023,2023-wimbledon-2501,W,2,3,2,Cumul. Game Winner,2,1
2023,2023-wimbledon-2501,W,2,3,3,Cumul. Game Winner,2,0
2023,2023-wimbledon-2501,W,2,3,1,Set Winner,2,2
2023,2023-wimbledon-2501,W,2,3,2,Set Winner,1,1
2023,2023-wimbledon-2501,W,2,3,3,Set Winner,2,0
2023,2023-wimbledon-2501,W,2,3,1,Cumul. Set Winner,2,2
2023,2023-wimbledon-2501,W,2,3,2,Cumul. Set Winner,2,1
2023,2023-wimbledon-2501,W,2,3,3,Cumul. Set Winner,2,0
2023,2023-wimbledon-2501,W,2,3,1,Cumul. Unf. Error,2,2
2023,2023-wimbledon-2501,W,2,3,2,Cumul. Unf. Error,2,1
2023,2023-wimbledon-2501,W,2,3,3,Cumul. Unf. Error,2,0
2023,2023-wimbledon-2501,W,2,3,1,Dynamic Model,2,2
2023,2023-wimbledon-2501,W,2,3,2,Dynamic Model,2,1
2023,2023-wimbledon-2501,W,2,3,3,Dynamic Model,2,0
2023,2023-wimbledon-2502,W,2,3,1,Cumul. Point Winner,2,2
2023,2023-wimbledon-2502,W,2,3,2,Cumul. Point Winner,1,1
2023,2023-wimbledon-2502,W,2,3,3,Cumul. Point Winner,2,0
2023,2023-wimbledon-2502,W,2,3,1,Cumul. Game Winner,2,2
2023,2023-wimbledon-2502,W,2,3,2,Cumul. Game Winner,1,1
2023,2023-wimbledon-2502,W,2,3,3,Cumul. Game Winner,1,0
2023,2023-wimbledon-2502,W,2,3,1,Set Winner,2,2
2023,2023-wimbledon-2502,W,2,3,2,Set Winner,1,1
2023,2023-wimbledon-2502,W,2,3,3,Set Winner,2,0
2023,2023-wimbledon-2502,W,2,3,1,Cumul. Set Winner,2,2
2023,2023-wimbledon-2502,W,2,3,2,Cumul. Set Winner,2,1
2023,2023-wimbledon-2502,W,2,3,3,Cumul. Set Winner,2,0
2023,2023-wimbledon-2502,W,2,3,1,Cumul. Unf. Error,2,2
2023,2023-wimbledon-2502,W,2,3,2,Cumul. Unf. Error,2,1
2023,2023-wimbledon-2502,W,2,3,3,Cumul. Unf. Error,1,0
2023,2023-wimbledon-2502,W,2,3,1,Dynamic Model,2,2
2023,2023-wimbledon-2502,W,2,3,2,Dynamic Model,1,1
2023,2023-wimbledon-2502,W,2,3,3,Dynamic Model,2,0
2023,2023-wimbledon-2503,W,1,3,1,Cumul. Point Winner,1,2
2023,2023-wimbledon-2503,W,1,3,2,Cumul. Point Winner,1,1
2023,2023-wimbledon-2503,W,1,3,3,Cumul. Point Winner,1,0
2023,2023-wimbledon-2503,W,1,3,1,Cumul. Game Winner,2,2
2023,2023-wimbledon-2503,W,1,3,2,Cumul. Game Winner,1,1
2023,2023-wimbledon-2503,W,1,3,3,Cumul. Game Winner,1,0
2023,2023-wimbledon-2503,W,1,3,1,Set Winner,2,2
2023,2023-wimbledon-2503,W,1,3,2,Set Winner,1,1
2023,2023-wimbledon-2503,W,1,3,3,Set Winner,1,0
2023,2023-wimbledon-2503,W,1,3,1,Cumul. Set Winner,2,2
2023,2023-wimbledon-2503,W,1,3,2,Cumul. Set Winner,2,1
2023,2023-wimbledon-2503,W,1,3,3,Cumul. Set Winner,1,0
2023,2023-wimbledon-2503,W,1,3,1,Cumul. Unf. Error,2,2
2023,2023-wimbledon-2503,W,1,3,2,Cumul. Unf. Error,1,1
2023,2023-wimbledon-2503,W,1,3,3,Cumul. Unf. Error,1,0
2023,2023-wimbledon-2503,W,1,3,1,Dynamic Model,2,2
2023,2023-wimbledon-2503,W,1,3,2,Dynamic Model,1,1
2023,2023-wimbledon-2503,W,1,3,3,Dynamic Model,1,0
2023,2023-wimbledon-2504,W,2,2,1,Cumul. Point Winner,2,1
2023,2023-wimbledon-2504,W,2,2,2,Cumul. Point Winner,2,0
2023,2023-wimbledon-2504,W,2,2,1,Cumul. Game Winner,2,1
2023,2023-wimbledon-2504,W,2,2,2,Cumul. Game Winner,2,0
2023,2023-wimbledon-2504,W,2,2,1,Set Winner,2,1
2023,2023-wimbledon-2504,W,2,2,2,Set Winner,2,0
2023,2023-wimbledon-2504,W,2,2,1,Cumul. Set Winner,2,1
2023,2023-wimbledon-2504,W,2,2,2,Cumul. Set Winner,2,0
2023,2023-wimbledon-2504,W,2,2,1,Cumul. Unf. Error,2,1
2023,2023-wimbledon-2504,W,2,2,2,Cumul. Unf. Error,2,0
2023,2023-wimbledon-2504,W,2,2,1,Dynamic Model,2,1
2023,2023-wimbledon-2504,W,2,2,2,Dynamic Model,2,0
2023,2023-wimbledon-2601,W,2,2,1,Cumul. Point Winner,2,1
2023,2023-wimbledon-2601,W,2,2,2,Cumul. Point Winner,2,0
2023,2023-wimbledon-2601,W,2,2,1,Cumul. Game Winner,2,1
2023,2023-wimbledon-2601,W,2,2,2,Cumul. Game Winner,2,0
2023,2023-wimbledon-2601,W,2,2,1,Set Winner,2,1
2023,2023-wimbledon-2601,W,2,2,2,Set Winner,2,0
2023,2023-wimbledon-2601,W,2,2,1,Cumul. Set Winner,2,1
2023,2023-wimbledon-2601,W,2,2,2,Cumul. Set Winner,2,0
2023,2023-wimbledon-2601,W,2,2,1,Cumul. Unf. Error,1,1
2023,2023-wimbledon-2601,W,2,2,2,Cumul. Unf. Error,1,0
2023,2023-wimbledon-2601,W,2,2,1,Dynamic Model,2,1
2023,2023-wimbledon-2601,W,2,2,2,Dynamic Model,2,0
2023,2023-wimbledon-2602,W,1,3,1,Cumul. Point Winner,2,2
2023,2023-wimbledon-2602,W,1,3,2,Cumul. Point Winner,2,1
2023,2023-wimbledon-2602,W,1,3,3,Cumul. Point Winner,1,0
2023,2023-wimbledon-2602,W,1,3,1,Cumul. Game Winner,2,2
2023,2023-wimbledon-2602,W,1,3,2,Cumul. Game Winner,1,1
2023,2023-wimbledon-2602,W,1,3,3,Cumul. Game Winner,1,0
2023,2023-wimbledon-2602,W,1,3,1,Set Winner,2,2
2023,2023-wimbledon-2602,W,1,3,2,Set Winner,1,1
2023,2023-wimbledon-2602,W,1,3,3,Set Winner,1,0
2023,2023-wimbledon-2602,W,1,3,1,Cumul. Set Winner,2,2
2023,2023-wimbledon-2602,W,1,3,2,Cumul. Set Winner,2,1
2023,2023-wimbledon-2602,W,1,3,3,Cumul. Set Winner,1,0
2023,2023-wimbledon-2602,W,1,3,1,Cumul. Unf. Error,1,2
2023,2023-wimbledon-2602,W,1,3,2,Cumul. Unf. Error,1,1
2023,2023-wimbledon-2602,W,1,3,3,Cumul. Unf. Error,1,0
2023,2023-wimbledon-2602,W,1,3,1,Dynamic Model,2,2
2023,2023-wimbledon-2602,W,1,3,2,Dynamic Model,1,1
2023,2023-wimbledon-2602,W,1,3,3,Dynamic Model,1,0
2023,2023-wimbledon-2701,W,1,2,1,Cumul. Point Winner,1,1
2023,2023-wimbledon-2701,W,1,2,2,Cumul. Point Winner,1,0
2023,2023-wimbledon-2701,W,1,2,1,Cumul. Game Winner,1,1
2023,2023-wimbledon-2701,W,1,2,2,Cumul. Game Winner,1,0
2023,2023-wimbledon-2701,W,1,2,1,Set Winner,1,1
2023,2023-wimbledon-2701,W,1,2,2,Set Winner,1,0
2023,2023-wimbledon-2701,W,1,2,1,Cumul. Set Winner,1,1
2023,2023-wimbledon-2701,W,1,2,2,Cumul. Set Winner,1,0
2023,2023-wimbledon-2701,W,1,2,1,Cumul. Unf. Error,1,1
2023,2023-wimbledon-2701,W,1,2,2,Cumul. Unf. Error,1,0
2023,2023-wimbledon-2701,W,1,2,1,Dynamic Model,1,1
2023,2023-wimbledon-2701,W,1,2,2,Dynamic Model,1,0
2024,2024-wimbledon-1101,M,1,4,1,Cumul. Point Winner,1,3
2024,2024-wimbledon-1101,M,1,4,2,Cumul. Point Winner,1,2
2024,2024-wimbledon-1101,M,1,4,3,Cumul. Point Winner,1,1
2024,2024-wimbledon-1101,M,1,4,4,Cumul. Point Winner,1,0
2024,2024-wimbledon-1101,M,1,4,1,Cumul. Game Winner,1,3
2024,2024-wimbledon-1101,M,1,4,2,Cumul. Game Winner,1,2
2024,2024-wimbledon-1101,M,1,4,3,Cumul. Game Winner,1,1
2024,2024-wimbledon-1101,M,1,4,4,Cumul. Game Winner,1,0
2024,2024-wimbledon-1101,M,1,4,1,Set Winner,1,3
2024,2024-wimbledon-1101,M,1,4,2,Set Winner,1,2
2024,2024-wimbledon-1101,M,1,4,3,Set Winner,2,1
2024,2024-wimbledon-1101,M,1,4,4,Set Winner,1,0
2024,2024-wimbledon-1101,M,1,4,1,Cumul. Set Winner,1,3
2024,2024-wimbledon-1101,M,1,4,2,Cumul. Set Winner,1,2
2024,2024-wimbledon-1101,M,1,4,3,Cumul. Set Winner,1,1
2024,2024-wimbledon-1101,M,1,4,4,Cumul. Set Winner,1,0
2024,2024-wimbledon-1101,M,1,4,1,Cumul. Unf. Error,1,3
2024,2024-wimbledon-1101,M,1,4,2,Cumul. Unf. Error,1,2
2024,2024-wimbledon-1101,M,1,4,3,Cumul. Unf. Error,1,1
2024,2024-wimbledon-1101,M,1,4,4,Cumul. Unf. Error,1,0
2024,2024-wimbledon-1101,M,1,4,1,Dynamic Model,1,3
2024,2024-wimbledon-1101,M,1,4,2,Dynamic Model,1,2
2024,2024-wimbledon-1101,M,1,4,3,Dynamic Model,1,1
2024,2024-wimbledon-1101,M,1,4,4,Dynamic Model,1,0
2024,2024-wimbledon-1102,M,1,4,1,Cumul. Point Winner,1,3
2024,2024-wimbledon-1102,M,1,4,2,Cumul. Point Winner,1,2
2024,2024-wimbledon-1102,M,1,4,3,Cumul. Point Winner,1,1
2024,2024-wimbledon-1102,M,1,4,4,Cumul. Point Winner,1,0
2024,2024-wimbledon-1102,M,1,4,1,Cumul. Game Winner,1,3
2024,2024-wimbledon-1102,M,1,4,2,Cumul. Game Winner,1,2
2024,2024-wimbledon-1102,M,1,4,3,Cumul. Game Winner,1,1
2024,2024-wimbledon-1102,M,1,4,4,Cumul. Game Winner,1,0
2024,2024-wimbledon-1102,M,1,4,1,Set Winner,1,3
2024,2024-wimbledon-1102,M,1,4,2,Set Winner,1,2
2024,2024-wimbledon-1102,M,1,4,3,Set Winner,2,1
2024,2024-wimbledon-1102,M,1,4,4,Set Winner,1,0
2024,2024-wimbledon-1102,M,1,4,1,Cumul. Set Winner,1,3
2024,2024-wimbledon-1102,M,1,4,2,Cumul. Set Winner,1,2
2024,2024-wimbledon-1102,M,1,4,3,Cumul. Set Winner,1,1
2024,2024-wimbledon-1102,M,1,4,4,Cumul. Set Winner,1,0
2024,2024-wimbledon-1102,M,1,4,1,Cumul. Unf. Error,1,3
2024,2024-wimbledon-1102,M,1,4,2,Cumul. Unf. Error,1,2
2024,2024-wimbledon-1102,M,1,4,3,Cumul. Unf. Error,1,1
2024,2024-wimbledon-1102,M,1,4,4,Cumul. Unf. Error,1,0
2024,2024-wimbledon-1102,M,1,4,1,Dynamic Model,1,3
2024,2024-wimbledon-1102,M,1,4,2,Dynamic Model,1,2
2024,2024-wimbledon-1102,M,1,4,3,Dynamic Model,1,1
2024,2024-wimbledon-1102,M,1,4,4,Dynamic Model,1,0
2024,2024-wimbledon-1103,M,2,4,1,Cumul. Point Winner,2,3
2024,2024-wimbledon-1103,M,2,4,2,Cumul. Point Winner,2,2
2024,2024-wimbledon-1103,M,2,4,3,Cumul. Point Winner,2,1
2024,2024-wimbledon-1103,M,2,4,4,Cumul. Point Winner,2,0
2024,2024-wimbledon-1103,M,2,4,1,Cumul. Game Winner,2,3
2024,2024-wimbledon-1103,M,2,4,2,Cumul. Game Winner,2,2
2024,2024-wimbledon-1103,M,2,4,3,Cumul. Game Winner,2,1
2024,2024-wimbledon-1103,M,2,4,4,Cumul. Game Winner,2,0
2024,2024-wimbledon-1103,M,2,4,1,Set Winner,2,3
2024,2024-wimbledon-1103,M,2,4,2,Set Winner,1,2
2024,2024-wimbledon-1103,M,2,4,3,Set Winner,2,1
2024,2024-wimbledon-1103,M,2,4,4,Set Winner,2,0
2024,2024-wimbledon-1103,M,2,4,1,Cumul. Set Winner,2,3
2024,2024-wimbledon-1103,M,2,4,2,Cumul. Set Winner,2,2
2024,2024-wimbledon-1103,M,2,4,3,Cumul. Set Winner,2,1
2024,2024-wimbledon-1103,M,2,4,4,Cumul. Set Winner,2,0
2024,2024-wimbledon-1103,M,2,4,1,Cumul. Unf. Error,2,3
2024,2024-wimbledon-1103,M,2,4,2,Cumul. Unf. Error,2,2
2024,2024-wimbledon-1103,M,2,4,3,Cumul. Unf. Error,2,1
2024,2024-wimbledon-1103,M,2,4,4,Cumul. Unf. Error,2,0
2024,2024-wimbledon-1103,M,2,4,1,Dynamic Model,2,3
2024,2024-wimbledon-1103,M,2,4,2,Dynamic Model,2,2
2024,2024-wimbledon-1103,M,2,4,3,Dynamic Model,2,1
2024,2024-wimbledon-1103,M,2,4,4,Dynamic Model,2,0
2024,2024-wimbledon-1104,M,2,3,1,Cumul. Point Winner,2,2
2024,2024-wimbledon-1104,M,2,3,2,Cumul. Point Winner,2,1
2024,2024-wimbledon-1104,M,2,3,3,Cumul. Point Winner,2,0
2024,2024-wimbledon-1104,M,2,3,1,Cumul. Game Winner,2,2
2024,2024-wimbledon-1104,M,2,3,2,Cumul. Game Winner,2,1
2024,2024-wimbledon-1104,M,2,3,3,Cumul. Game Winner,2,0
2024,2024-wimbledon-1104,M,2,3,1,Set Winner,2,2
2024,2024-wimbledon-1104,M,2,3,2,Set Winner,2,1
2024,2024-wimbledon-1104,M,2,3,3,Set Winner,2,0
2024,2024-wimbledon-1104,M,2,3,1,Cumul. Set Winner,2,2
2024,2024-wimbledon-1104,M,2,3,2,Cumul. Set Winner,2,1
2024,2024-wimbledon-1104,M,2,3,3,Cumul. Set Winner,2,0
2024,2024-wimbledon-1104,M,2,3,1,Cumul. Unf. Error,1,2
2024,2024-wimbledon-1104,M,2,3,2,Cumul. Unf. Error,1,1
2024,2024-wimbledon-1104,M,2,3,3,Cumul. Unf. Error,1,0
2024,2024-wimbledon-1104,M,2,3,1,Dynamic Model,2,2
2024,2024-wimbledon-1104,M,2,3,2,Dynamic Model,2,1
2024,2024-wimbledon-1104,M,2,3,3,Dynamic Model,2,0
2024,2024-wimbledon-1105,M,2,3,1,Cumul. Point Winner,2,2
2024,2024-wimbledon-1105,M,2,3,2,Cumul. Point Winner,2,1
2024,2024-wimbledon-1105,M,2,3,3,Cumul. Point Winner,2,0
2024,2024-wimbledon-1105,M,2,3,1,Cumul. Game Winner,2,2
2024,2024-wimbledon-1105,M,2,3,2,Cumul. Game Winner,2,1
2024,2024-wimbledon-1105,M,2,3,3,Cumul. Game Winner,2,0
2024,2024-wimbledon-1105,M,2,3,1,Set Winner,2,2
2024,2024-wimbledon-1105,M,2,3,2,Set Winner,2,1
2024,2024-wimbledon-1105,M,2,3,3,Set Winner,2,0
2024,2024-wimbledon-1105,M,2,3,1,Cumul. Set Winner,2,2
2024,2024-wimbledon-1105,M,2,3,2,Cumul. Set Winner,2,1
2024,2024-wimbledon-1105,M,2,3,3,Cumul. Set Winner,2,0
2024,2024-wimbledon-1105,M,2,3,1,Cumul. Unf. Error,2,2
2024,2024-wimbledon-1105,M,2,3,2,Cumul. Unf. Error,2,1
2024,2024-wimbledon-1105,M,2,3,3,Cumul. Unf. Error,2,0
2024,2024-wimbledon-1105,M,2,3,1,Dynamic Model,2,2
2024,2024-wimbledon-1105,M,2,3,2,Dynamic Model,2,1
2024,2024-wimbledon-1105,M,2,3,3,Dynamic Model,2,0
2024,2024-wimbledon-1106,M,1,5,1,Cumul. Point Winner,2,4
2024,2024-wimbledon-1106,M,1,5,2,Cumul. Point Winner,2,3
2024,2024-wimbledon-1106,M,1,5,3,Cumul. Point Winner,2,2
2024,2024-wimbledon-1106,M,1,5,4,Cumul. Point Winner,2,1
2024,2024-wimbledon-1106,M,1,5,5,Cumul. Point Winner,1,0
2024,2024-wimbledon-1106,M,1,5,1,Cumul. Game Winner,2,4
2024,2024-wimbledon-1106,M,1,5,2,Cumul. Game Winner,2,3
2024,2024-wimbledon-1106,M,1,5,3,Cumul. Game Winner,2,2
2024,2024-wimbledon-1106,M,1,5,4,Cumul. Game Winner,2,1
2024,2024-wimbledon-1106,M,1,5,5,Cumul. Game Winner,1,0
2024,2024-wimbledon-1106,M,1,5,1,Set Winner,2,4
2024,2024-wimbledon-1106,M,1,5,2,Set Winner,1,3
2024,2024-wimbledon-1106,M,1,5,3,Set Winner,2,2
2024,2024-wimbledon-1106,M,1,5,4,Set Winner,1,1
2024,2024-wimbledon-1106,M,1,5,5,Set Winner,1,0
2024,2024-wimbledon-1106,M,1,5,1,Cumul. Set Winner,2,4
2024,2024-wimbledon-1106,M,1,5,2,Cumul. Set Winner,2,3
2024,2024-wimbledon-1106,M,1,5,3,Cumul. Set Winner,2,2
2024,2024-wimbledon-1106,M,1,5,4,Cumul. Set Winner,2,1
2024,2024-wimbledon-1106,M,1,5,5,Cumul. Set Winner,1,0
2024,2024-wimbledon-1106,M,1,5,1,Cumul. Unf. Error,2,4
2024,2024-wimbledon-1106,M,1,5,2,Cumul. Unf. Error,2,3
2024,2024-wimbledon-1106,M,1,5,3,Cumul. Unf. Error,2,2
2024,2024-wimbledon-1106,M,1,5,4,Cumul. Unf. Error,2,1
2024,2024-wimbledon-1106,M,1,5,5,Cumul. Unf. Error,2,0
2024,2024-wimbledon-1106,M,1,5,1,Dynamic Model,2,4
2024,2024-wimbledon-1106,M,1,5,2,Dynamic Model,2,3
2024,2024-wimbledon-1106,M,1,5,3,Dynamic Model,2,2
2024,2024-wimbledon-1106,M,1,5,4,Dynamic Model,2,1
2024,2024-wimbledon-1106,M,1,5,5,Dynamic Model,1,0
2024,2024-wimbledon-1107,M,1,5,1,Cumul. Point Winner,2,4
2024,2024-wimbledon-1107,M,1,5,2,Cumul. Point Winner,2,3
2024,2024-wimbledon-1107,M,1,5,3,Cumul. Point Winner,2,2
2024,2024-wimbledon-1107,M,1,5,4,Cumul. Point Winner,1,1
2024,2024-wimbledon-1107,M,1,5,5,Cumul. Point Winner,1,0
2024,2024-wimbledon-1107,M,1,5,1,Cumul. Game Winner,2,4
2024,2024-wimbledon-1107,M,1,5,2,Cumul. Game Winner,2,3
2024,2024-wimbledon-1107,M,1,5,3,Cumul. Game Winner,2,2
2024,2024-wimbledon-1107,M,1,5,4,Cumul. Game Winner,2,1
2024,2024-wimbledon-1107,M,1,5,5,Cumul. Game Winner,1,0
2024,2024-wimbledon-1107,M,1,5,1,Set Winner,2,4
2024,2024-wimbledon-1107,M,1,5,2,Set Winner,2,3
2024,2024-wimbledon-1107,M,1,5,3,Set Winner,1,2
2024,2024-wimbledon-1107,M,1,5,4,Set Winner,1,1
2024,2024-wimbledon-1107,M,1,5,5,Set Winner,1,0
2024,2024-wimbledon-1107,M,1,5,1,Cumul. Set Winner,2,4
2024,2024-wimbledon-1107,M,1,5,2,Cumul. Set Winner,2,3
2024,2024-wimbledon-1107,M,1,5,3,Cumul. Set Winner,2,2
2024,2024-wimbledon-1107,M,1,5,4,Cumul. Set Winner,2,1
2024,2024-wimbledon-1107,M,1,5,5,Cumul. Set Winner,1,0
2024,2024-wimbledon-1107,M,1,5,1,Cumul. Unf. Error,2,4
2024,2024-wimbledon-1107,M,1,5,2,Cumul. Unf. Error,2,3
2024,2024-wimbledon-1107,M,1,5,3,Cumul. Unf. Error,1,2
2024,2024-wimbledon-1107,M,1,5,4,Cumul. Unf. Error,1,1
2024,2024-wimbledon-1107,M,1,5,5,Cumul. Unf. Error,2,0
2024,2024-wimbledon-1107,M,1,5,1,Dynamic Model,2,4
2024,2024-wimbledon-1107,M,1,5,2,Dynamic Model,2,3
2024,2024-wimbledon-1107,M,1,5,3,Dynamic Model,2,2
2024,2024-wimbledon-1107,M,1,5,4,Dynamic Model,1,1
2024,2024-wimbledon-1107,M,1,5,5,Dynamic Model,1,0
2024,2024-wimbledon-1108,M,2,5,1,Cumul. Point Winner,1,4
2024,2024-wimbledon-1108,M,2,5,2,Cumul. Point Winner,1,3
2024,2024-wimbledon-1108,M,2,5,3,Cumul. Point Winner,1,2
2024,2024-wimbledon-1108,M,2,5,4,Cumul. Point Winner,1,1
2024,2024-wimbledon-1108,M,2,5,5,Cumul. Point Winner,2,0
2024,2024-wimbledon-1108,M,2,5,1,Cumul. Game Winner,1,4
2024,2024-wimbledon-1108,M,2,5,2,Cumul. Game Winner,2,3
2024,2024-wimbledon-1108,M,2,5,3,Cumul. Game Winner,1,2
2024,2024-wimbledon-1108,M,2,5,4,Cumul. Game Winner,2,1
2024,2024-wimbledon-1108,M,2,5,5,Cumul. Game Winner,2,0
2024,2024-wimbledon-1108,M,2,5,1,Set Winner,1,4
2024,2024-wimbledon-1108,M,2,5,2,Set Winner,2,3
2024,2024-wimbledon-1108,M,2,5,3,Set Winner,1,2
2024,2024-wimbledon-1108,M,2,5,4,Set Winner,2,1
2024,2024-wimbledon-1108,M,2,5,5,Set Winner,2,0
2024,2024-wimbledon-1108,M,2,5,1,Cumul. Set Winner,1,4
2024,2024-wimbledon-1108,M,2,5,2,Cumul. Set Winner,1,3
2024,2024-wimbledon-1108,M,2,5,3,Cumul. Set Winner,1,2
2024,2024-wimbledon-1108,M,2,5,4,Cumul. Set Winner,1,1
2024,2024-wimbledon-1108,M,2,5,5,Cumul. Set Winner,2,0
2024,2024-wimbledon-1108,M,2,5,1,Cumul. Unf. Error,1,4
2024,2024-wimbledon-1108,M,2,5,2,Cumul. Unf. Error,1,3
2024,2024-wimbledon-1108,M,2,5,3,Cumul. Unf. Error,1,2
2024,2024-wimbledon-1108,M,2,5,4,Cumul. Unf. Error,1,1
2024,2024-wimbledon-1108,M,2,5,5,Cumul. Unf. Error,1,0
2024,2024-wimbledon-1108,M,2,5,1,Dynamic Model,1,4
2024,2024-wimbledon-1108,M,2,5,2,Dynamic Model,1,3
2024,2024-wimbledon-1108,M,2,5,3,Dynamic Model,1,2
2024,2024-wimbledon-1108,M,2,5,4,Dynamic Model,1,1
2024,2024-wimbledon-1108,M,2,5,5,Dynamic Model,2,0
2024,2024-wimbledon-1109,M,1,3,1,Cumul. Point Winner,1,2
2024,2024-wimbledon-1109,M,1,3,2,Cumul. Point Winner,1,1
2024,2024-wimbledon-1109,M,1,3,3,Cumul. Point Winner,1,0
2024,2024-wimbledon-1109,M,1,3,1,Cumul. Game Winner,1,2
2024,2024-wimbledon-1109,M,1,3,2,Cumul. Game Winner,1,1
2024,2024-wimbledon-1109,M,1,3,3,Cumul. Game Winner,1,0
2024,2024-wimbledon-1109,M,1,3,1,Set Winner,1,2
2024,2024-wimbledon-1109,M,1,3,2,Set Winner,1,1
2024,2024-wimbledon-1109,M,1,3,3,Set Winner,1,0
2024,2024-wimbledon-1109,M,1,3,1,Cumul. Set Winner,1,2
2024,2024-wimbledon-1109,M,1,3,2,Cumul. Set Winner,1,1
2024,2024-wimbledon-1109,M,1,3,3,Cumul. Set Winner,1,0
2024,2024-wimbledon-1109,M,1,3,1,Cumul. Unf. Error,2,2
2024,2024-wimbledon-1109,M,1,3,2,Cumul. Unf. Error,2,1
2024,2024-wimbledon-1109,M,1,3,3,Cumul. Unf. Error,2,0
2024,2024-wimbledon-1109,M,1,3,1,Dynamic Model,1,2
2024,2024-wimbledon-1109,M,1,3,2,Dynamic Model,1,1
2024,2024-wimbledon-1109,M,1,3,3,Dynamic Model,1,0
2024,2024-wimbledon-1110,M,2,3,1,Cumul. Point Winner,2,2
2024,2024-wimbledon-1110,M,2,3,2,Cumul. Point Winner,2,1
2024,2024-wimbledon-1110,M,2,3,3,Cumul. Point Winner,2,0
2024,2024-wimbledon-1110,M,2,3,1,Cumul. Game Winner,2,2
2024,2024-wimbledon-1110,M,2,3,2,Cumul. Game Winner,2,1
2024,2024-wimbledon-1110,M,2,3,3,Cumul. Game Winner,2,0
2024,2024-wimbledon-1110,M,2,3,1,Set Winner,2,2
2024,2024-wimbledon-1110,M,2,3,2,Set Winner,2,1
2024,2024-wimbledon-1110,M,2,3,3,Set Winner,2,0
2024,2024-wimbledon-1110,M,2,3,1,Cumul. Set Winner,2,2
2024,2024-wimbledon-1110,M,2,3,2,Cumul. Set Winner,2,1
2024,2024-wimbledon-1110,M,2,3,3,Cumul. Set Winner,2,0
2024,2024-wimbledon-1110,M,2,3,1,Cumul. Unf. Error,1,2
2024,2024-wimbledon-1110,M,2,3,2,Cumul. Unf. Error,1,1
2024,2024-wimbledon-1110,M,2,3,3,Cumul. Unf. Error,1,0
2024,2024-wimbledon-1110,M,2,3,1,Dynamic Model,2,2
2024,2024-wimbledon-1110,M,2,3,2,Dynamic Model,2,1
2024,2024-wimbledon-1110,M,2,3,3,Dynamic Model,2,0
2024,2024-wimbledon-1111,M,1,3,1,Cumul. Point Winner,1,2
2024,2024-wimbledon-1111,M,1,3,2,Cumul. Point Winner,1,1
2024,2024-wimbledon-1111,M,1,3,3,Cumul. Point Winner,1,0
2024,2024-wimbledon-1111,M,1,3,1,Cumul. Game Winner,1,2
2024,2024-wimbledon-1111,M,1,3,2,Cumul. Game Winner,1,1
2024,2024-wimbledon-1111,M,1,3,3,Cumul. Game Winner,1,0
2024,2024-wimbledon-1111,M,1,3,1,Set Winner,1,2
2024,2024-wimbledon-1111,M,1,3,2,Set Winner,1,1
2024,2024-wimbledon-1111,M,1,3,3,Set Winner,1,0
2024,2024-wimbledon-1111,M,1,3,1,Cumul. Set Winner,1,2
2024,2024-wimbledon-1111,M,1,3,2,Cumul. Set Winner,1,1
2024,2024-wimbledon-1111,M,1,3,3,Cumul. Set Winner,1,0
2024,2024-wimbledon-1111,M,1,3,1,Cumul. Unf. Error,2,2
2024,2024-wimbledon-1111,M,1,3,2,Cumul. Unf. Error,2,1
2024,2024-wimbledon-1111,M,1,3,3,Cumul. Unf. Error,2,0
2024,2024-wimbledon-1111,M,1,3,1,Dynamic Model,1,2
2024,2024-wimbledon-1111,M,1,3,2,Dynamic Model,1,1
2024,2024-wimbledon-1111,M,1,3,3,Dynamic Model,1,0
2024,2024-wimbledon-1112,M,1,4,1,Cumul. Point Winner,1,3
2024,2024-wimbledon-1112,M,1,4,2,Cumul. Point Winner,1,2
2024,2024-wimbledon-1112,M,1,4,3,Cumul. Point Winner,1,1
2024,2024-wimbledon-1112,M,1,4,4,Cumul. Point Winner,1,0
2024,2024-wimbledon-1112,M,1,4,1,Cumul. Game Winner,1,3
2024,2024-wimbledon-1112,M,1,4,2,Cumul. Game Winner,2,2
2024,2024-wimbledon-1112,M,1,4,3,Cumul. Game Winner,1,1
2024,2024-wimbledon-1112,M,1,4,4,Cumul. Game Winner,1,0
2024,2024-wimbledon-1112,M,1,4,1,Set Winner,1,3
2024,2024-wimbledon-1112,M,1,4,2,Set Winner,2,2
2024,2024-wimbledon-1112,M,1,4,3,Set Winner,1,1
2024,2024-wimbledon-1112,M,1,4,4,Set Winner,1,0
2024,2024-wimbledon-1112,M,1,4,1,Cumul. Set Winner,1,3
2024,2024-wimbledon-1112,M,1,4,2,Cumul. Set Winner,1,2
2024,2024-wimbledon-1112,M,1,4,3,Cumul. Set Winner,1,1
2024,2024-wimbledon-1112,M,1,4,4,Cumul. Set Winner,1,0
2024,2024-wimbledon-1112,M,1,4,1,Cumul. Unf. Error,1,3
2024,2024-wimbledon-1112,M,1,4,2,Cumul. Unf. Error,2,2
2024,2024-wimbledon-1112,M,1,4,3,Cumul. Unf. Error,2,1
2024,2024-wimbledon-1112,M,1,4,4,Cumul. Unf. Error,2,0
2024,2024-wimbledon-1112,M,1,4,1,Dynamic Model,1,3
2024,2024-wimbledon-1112,M,1,4,2,Dynamic Model,1,2
2024,2024-wimbledon-1112,M,1,4,3,Dynamic Model,1,1
2024,2024-wimbledon-1112,M,1,4,4,Dynamic Model,1,0
2024,2024-wimbledon-1113,M,1,3,1,Cumul. Point Winner,1,2
2024,2024-wimbledon-1113,M,1,3,2,Cumul. Point Winner,1,1
2024,2024-wimbledon-1113,M,1,3,3,Cumul. Point Winner,1,0
2024,2024-wimbledon-1113,M,1,3,1,Cumul. Game Winner,1,2
2024,2024-wimbledon-1113,M,1,3,2,Cumul. Game Winner,1,1
2024,2024-wimbledon-1113,M,1,3,3,Cumul. Game Winner,1,0
2024,2024-wimbledon-1113,M,1,3,1,Set Winner,1,2
2024,2024-wimbledon-1113,M,1,3,2,Set Winner,1,1
2024,2024-wimbledon-1113,M,1,3,3,Set Winner,1,0
2024,2024-wimbledon-1113,M,1,3,1,Cumul. Set Winner,1,2
2024,2024-wimbledon-1113,M,1,3,2,Cumul. Set Winner,1,1
2024,2024-wimbledon-1113,M,1,3,3,Cumul. Set Winner,1,0
2024,2024-wimbledon-1113,M,1,3,1,Cumul. Unf. Error,1,2
2024,2024-wimbledon-1113,M,1,3,2,Cumul. Unf. Error,1,1
2024,2024-wimbledon-1113,M,1,3,3,Cumul. Unf. Error,1,0
2024,2024-wimbledon-1113,M,1,3,1,Dynamic Model,1,2
2024,2024-wimbledon-1113,M,1,3,2,Dynamic Model,1,1
2024,2024-wimbledon-1113,M,1,3,3,Dynamic Model,1,0
2024,2024-wimbledon-1114,M,1,4,1,Cumul. Point Winner,1,3
2024,2024-wimbledon-1114,M,1,4,2,Cumul. Point Winner,1,2
2024,2024-wimbledon-1114,M,1,4,3,Cumul. Point Winner,1,1
2024,2024-wimbledon-1114,M,1,4,4,Cumul. Point Winner,1,0
2024,2024-wimbledon-1114,M,1,4,1,Cumul. Game Winner,1,3
2024,2024-wimbledon-1114,M,1,4,2,Cumul. Game Winner,1,2
2024,2024-wimbledon-1114,M,1,4,3,Cumul. Game Winner,1,1
2024,2024-wimbledon-1114,M,1,4,4,Cumul. Game Winner,1,0
2024,2024-wimbledon-1114,M,1,4,1,Set Winner,1,3
2024,2024-wimbledon-1114,M,1,4,2,Set Winner,2,2
2024,2024-wimbledon-1114,M,1,4,3,Set Winner,1,1
2024,2024-wimbledon-1114,M,1,4,4,Set Winner,1,0
2024,2024-wimbledon-1114,M,1,4,1,Cumul. Set Winner,1,3
2024,2024-wimbledon-1114,M,1,4,2,Cumul. Set Winner,1,2
2024,2024-wimbledon-1114,M,1,4,3,Cumul. Set Winner,1,1
2024,2024-wimbledon-1114,M,1,4,4,Cumul. Set Winner,1,0
2024,2024-wimbledon-1114,M,1,4,1,Cumul. Unf. Error,1,3
2024,2024-wimbledon-1114,M,1,4,2,Cumul. Unf. Error,2,2
2024,2024-wimbledon-1114,M,1,4,3,Cumul. Unf. Error,2,1
2024,2024-wimbledon-1114,M,1,4,4,Cumul. Unf. Error,2,0
2024,2024-wimbledon-1114,M,1,4,1,Dynamic Model,1,3
2024,2024-wimbledon-1114,M,1,4,2,Dynamic Model,1,2
2024,2024-wimbledon-1114,M,1,4,3,Dynamic Model,1,1
2024,2024-wimbledon-1114,M,1,4,4,Dynamic Model,1,0
2024,2024-wimbledon-1115,M,1,3,1,Cumul. Point Winner,1,2
2024,2024-wimbledon-1115,M,1,3,2,Cumul. Point Winner,1,1
2024,2024-wimbledon-1115,M,1,3,3,Cumul. Point Winner,1,0
2024,2024-wimbledon-1115,M,1,3,1,Cumul. Game Winner,1,2
2024,2024-wimbledon-1115,M,1,3,2,Cumul. Game Winner,1,1
2024,2024-wimbledon-1115,M,1,3,3,Cumul. Game Winner,1,0
2024,2024-wimbledon-1115,M,1,3,1,Set Winner,1,2
2024,2024-wimbledon-1115,M,1,3,2,Set Winner,1,1
2024,2024-wimbledon-1115,M,1,3,3,Set Winner,1,0
2024,2024-wimbledon-1115,M,1,3,1,Cumul. Set Winner,1,2
2024,2024-wimbledon-1115,M,1,3,2,Cumul. Set Winner,1,1
2024,2024-wimbledon-1115,M,1,3,3,Cumul. Set Winner,1,0
2024,2024-wimbledon-1115,M,1,3,1,Cumul. Unf. Error,1,2
2024,2024-wimbledon-1115,M,1,3,2,Cumul. Unf. Error,1,1
2024,2024-wimbledon-1115,M,1,3,3,Cumul. Unf. Error,1,0
2024,2024-wimbledon-1115,M,1,3,1,Dynamic Model,1,2
2024,2024-wimbledon-1115,M,1,3,2,Dynamic Model,1,1
2024,2024-wimbledon-1115,M,1,3,3,Dynamic Model,1,0
2024,2024-wimbledon-1116,M,2,3,1,Cumul. Point Winner,2,2
2024,2024-wimbledon-1116,M,2,3,2,Cumul. Point Winner,2,1
2024,2024-wimbledon-1116,M,2,3,3,Cumul. Point Winner,2,0
2024,2024-wimbledon-1116,M,2,3,1,Cumul. Game Winner,2,2
2024,2024-wimbledon-1116,M,2,3,2,Cumul. Game Winner,2,1
2024,2024-wimbledon-1116,M,2,3,3,Cumul. Game Winner,2,0
2024,2024-wimbledon-1116,M,2,3,1,Set Winner,2,2
2024,2024-wimbledon-1116,M,2,3,2,Set Winner,2,1
2024,2024-wimbledon-1116,M,2,3,3,Set Winner,2,0
2024,2024-wimbledon-1116,M,2,3,1,Cumul. Set Winner,2,2
2024,2024-wimbledon-1116,M,2,3,2,Cumul. Set Winner,2,1
2024,2024-wimbledon-1116,M,2,3,3,Cumul. Set Winner,2,0
2024,2024-wimbledon-1116,M,2,3,1,Cumul. Unf. Error,2,2
2024,2024-wimbledon-1116,M,2,3,2,Cumul. Unf. Error,2,1
2024,2024-wimbledon-1116,M,2,3,3,Cumul. Unf. Error,2,0
2024,2024-wimbledon-1116,M,2,3,1,Dynamic Model,2,2
2024,2024-wimbledon-1116,M,2,3,2,Dynamic Model,2,1
2024,2024-wimbledon-1116,M,2,3,3,Dynamic Model,2,0
2024,2024-wimbledon-1117,M,1,3,1,Cumul. Point Winner,1,2
2024,2024-wimbledon-1117,M,1,3,2,Cumul. Point Winner,1,1
2024,2024-wimbledon-1117,M,1,3,3,Cumul. Point Winner,1,0
2024,2024-wimbledon-1117,M,1,3,1,Cumul. Game Winner,1,2
2024,2024-wimbledon-1117,M,1,3,2,Cumul. Game Winner,1,1
2024,2024-wimbledon-1117,M,1,3,3,Cumul. Game Winner,1,0
2024,2024-wimbledon-1117,M,1,3,1,Set Winner,1,2
2024,2024-wimbledon-1117,M,1,3,2,Set Winner,1,1
2024,2024-wimbledon-1117,M,1,3,3,Set Winner,1,0
2024,2024-wimbledon-1117,M,1,3,1,Cumul. Set Winner,1,2
2024,2024-wimbledon-1117,M,1,3,2,Cumul. Set Winner,1,1
2024,2024-wimbledon-1117,M,1,3,3,Cumul. Set Winner,1,0
2024,2024-wimbledon-1117,M,1,3,1,Cumul. Unf. Error,1,2
2024,2024-wimbledon-1117,M,1,3,2,Cumul. Unf. Error,2,1
2024,2024-wimbledon-1117,M,1,3,3,Cumul. Unf. Error,2,0
2024,2024-wimbledon-1117,M,1,3,1,Dynamic Model,1,2
2024,2024-wimbledon-1117,M,1,3,2,Dynamic Model,1,1
2024,2024-wimbledon-1117,M,1,3,3,Dynamic Model,1,0
2024,2024-wimbledon-1118,M,1,5,1,Cumul. Point Winner,2,4
2024,2024-wimbledon-1118,M,1,5,2,Cumul. Point Winner,1,3
2024,2024-wimbledon-1118,M,1,5,3,Cumul. Point Winner,1,2
2024,2024-wimbledon-1118,M,1,5,4,Cumul. Point Winner,2,1
2024,2024-wimbledon-1118,M,1,5,5,Cumul. Point Winner,1,0
2024,2024-wimbledon-1118,M,1,5,1,Cumul. Game Winner,2,4
2024,2024-wimbledon-1118,M,1,5,2,Cumul. Game Winner,1,3
2024,2024-wimbledon-1118,M,1,5,3,Cumul. Game Winner,1,2
2024,2024-wimbledon-1118,M,1,5,4,Cumul. Game Winner,1,1
2024,2024-wimbledon-1118,M,1,5,5,Cumul. Game Winner,1,0
2024,2024-wimbledon-1118,M,1,5,1,Set Winner,2,4
2024,2024-wimbledon-1118,M,1,5,2,Set Winner,1,3
2024,2024-wimbledon-1118,M,1,5,3,Set Winner,1,2
2024,2024-wimbledon-1118,M,1,5,4,Set Winner,2,1
2024,2024-wimbledon-1118,M,1,5,5,Set Winner,1,0
2024,2024-wimbledon-1118,M,1,5,1,Cumul. Set Winner,2,4
2024,2024-wimbledon-1118,M,1,5,2,Cumul. Set Winner,2,3
2024,2024-wimbledon-1118,M,1,5,3,Cumul. Set Winner,1,2
2024,2024-wimbledon-1118,M,1,5,4,Cumul. Set Winner,1,1
2024,2024-wimbledon-1118,M,1,5,5,Cumul. Set Winner,1,0
2024,2024-wimbledon-1118,M,1,5,1,Cumul. Unf. Error,2,4
2024,2024-wimbledon-1118,M,1,5,2,Cumul. Unf. Error,1,3
2024,2024-wimbledon-1118,M,1,5,3,Cumul. Unf. Error,1,2
2024,2024-wimbledon-1118,M,1,5,4,Cumul. Unf. Error,1,1
2024,2024-wimbledon-1118,M,1,5,5,Cumul. Unf. Error,1,0
2024,2024-wimbledon-1118,M,1,5,1,Dynamic Model,2,4
2024,2024-wimbledon-1118,M,1,5,2,Dynamic Model,2,3
2024,2024-wimbledon-1118,M,1,5,3,Dynamic Model,1,2
2024,2024-wimbledon-1118,M,1,5,4,Dynamic Model,1,1
2024,2024-wimbledon-1118,M,1,5,5,Dynamic Model,1,0
2024,2024-wimbledon-1119,M,1,3,1,Cumul. Point Winner,1,2
2024,2024-wimbledon-1119,M,1,3,2,Cumul. Point Winner,1,1
2024,2024-wimbledon-1119,M,1,3,3,Cumul. Point Winner,1,0
2024,2024-wimbledon-1119,M,1,3,1,Cumul. Game Winner,1,2
2024,2024-wimbledon-1119,M,1,3,2,Cumul. Game Winner,1,1
2024,2024-wimbledon-1119,M,1,3,3,Cumul. Game Winner,1,0
2024,2024-wimbledon-1119,M,1,3,1,Set Winner,1,2
2024,2024-wimbledon-1119,M,1,3,2,Set Winner,1,1
2024,2024-wimbledon-1119,M,1,3,3,Set Winner,1,0
2024,2024-wimbledon-1119,M,1,3,1,Cumul. Set Winner,1,2
2024,2024-wimbledon-1119,M,1,3,2,Cumul. Set Winner,1,1
2024,2024-wimbledon-1119,M,1,3,3,Cumul. Set Winner,1,0
2024,2024-wimbledon-1119,M,1,3,1,Cumul. Unf. Error,2,2
2024,2024-wimbledon-1119,M,1,3,2,Cumul. Unf. Error,1,1
2024,2024-wimbledon-1119,M,1,3,3,Cumul. Unf. Error,1,0
2024,2024-wimbledon-1119,M,1,3,1,Dynamic Model,1,2
2024,2024-wimbledon-1119,M,1,3,2,Dynamic Model,1,1
2024,2024-wimbledon-1119,M,1,3,3,Dynamic Model,1,0
2024,2024-wimbledon-1120,M,2,5,1,Cumul. Point Winner,1,4
2024,2024-wimbledon-1120,M,2,5,2,Cumul. Point Winner,1,3
2024,2024-wimbledon-1120,M,2,5,3,Cumul. Point Winner,1,2
2024,2024-wimbledon-1120,M,2,5,4,Cumul. Point Winner,2,1
2024,2024-wimbledon-1120,M,2,5,5,Cumul. Point Winner,2,0
2024,2024-wimbledon-1120,M,2,5,1,Cumul. Game Winner,1,4
2024,2024-wimbledon-1120,M,2,5,2,Cumul. Game Winner,1,3
2024,2024-wimbledon-1120,M,2,5,3,Cumul. Game Winner,1,2
2024,2024-wimbledon-1120,M,2,5,4,Cumul. Game Winner,2,1
2024,2024-wimbledon-1120,M,2,5,5,Cumul. Game Winner,2,0
2024,2024-wimbledon-1120,M,2,5,1,Set Winner,1,4
2024,2024-wimbledon-1120,M,2,5,2,Set Winner,1,3
2024,2024-wimbledon-1120,M,2,5,3,Set Winner,2,2
2024,2024-wimbledon-1120,M,2,5,4,Set Winner,2,1
2024,2024-wimbledon-1120,M,2,5,5,Set Winner,2,0
2024,2024-wimbledon-1120,M,2,5,1,Cumul. Set Winner,1,4
2024,2024-wimbledon-1120,M,2,5,2,Cumul. Set Winner,1,3
2024,2024-wimbledon-1120,M,2,5,3,Cumul. Set Winner,1,2
2024,2024-wimbledon-1120,M,2,5,4,Cumul. Set Winner,1,1
2024,2024-wimbledon-1120,M,2,5,5,Cumul. Set Winner,2,0
2024,2024-wimbledon-1120,M,2,5,1,Cumul. Unf. Error,2,4
2024,2024-wimbledon-1120,M,2,5,2,Cumul. Unf. Error,1,3
2024,2024-wimbledon-1120,M,2,5,3,Cumul. Unf. Error,2,2
2024,2024-wimbledon-1120,M,2,5,4,Cumul. Unf. Error,2,1
2024,2024-wimbledon-1120,M,2,5,5,Cumul. Unf. Error,2,0
2024,2024-wimbledon-1120,M,2,5,1,Dynamic Model,1,4
2024,2024-wimbledon-1120,M,2,5,2,Dynamic Model,1,3
2024,2024-wimbledon-1120,M,2,5,3,Dynamic Model,1,2
2024,2024-wimbledon-1120,M,2,5,4,Dynamic Model,2,1
2024,2024-wimbledon-1120,M,2,5,5,Dynamic Model,2,0
2024,2024-wimbledon-1121,M,2,3,1,Cumul. Point Winner,2,2
2024,2024-wimbledon-1121,M,2,3,2,Cumul. Point Winner,2,1
2024,2024-wimbledon-1121,M,2,3,3,Cumul. Point Winner,2,0
2024,2024-wimbledon-1121,M,2,3,1,Cumul. Game Winner,2,2
2024,2024-wimbledon-1121,M,2,3,2,Cumul. Game Winner,2,1
2024,2024-wimbledon-1121,M,2,3,3,Cumul. Game Winner,2,0
2024,2024-wimbledon-1121,M,2,3,1,Set Winner,2,2
2024,2024-wimbledon-1121,M,2,3,2,Set Winner,2,1
2024,2024-wimbledon-1121,M,2,3,3,Set Winner,2,0
2024,2024-wimbledon-1121,M,2,3,1,Cumul. Set Winner,2,2
2024,2024-wimbledon-1121,M,2,3,2,Cumul. Set Winner,2,1
2024,2024-wimbledon-1121,M,2,3,3,Cumul. Set Winner,2,0
2024,2024-wimbledon-1121,M,2,3,1,Cumul. Unf. Error,2,2
2024,2024-wimbledon-1121,M,2,3,2,Cumul. Unf. Error,2,1
2024,2024-wimbledon-1121,M,2,3,3,Cumul. Unf. Error,2,0
2024,2024-wimbledon-1121,M,2,3,1,Dynamic Model,2,2
2024,2024-wimbledon-1121,M,2,3,2,Dynamic Model,2,1
2024,2024-wimbledon-1121,M,2,3,3,Dynamic Model,2,0
2024,2024-wimbledon-1122,M,2,5,1,Cumul. Point Winner,2,4
2024,2024-wimbledon-1122,M,2,5,2,Cumul. Point Winner,1,3
2024,2024-wimbledon-1122,M,2,5,3,Cumul. Point Winner,1,2
2024,2024-wimbledon-1122,M,2,5,4,Cumul. Point Winner,2,1
2024,2024-wimbledon-1122,M,2,5,5,Cumul. Point Winner,2,0
2024,2024-wimbledon-1122,M,2,5,1,Cumul. Game Winner,1,4
2024,2024-wimbledon-1122,M,2,5,2,Cumul. Game Winner,1,3
2024,2024-wimbledon-1122,M,2,5,3,Cumul. Game Winner,1,2
2024,2024-wimbledon-1122,M,2,5,4,Cumul. Game Winner,1,1
2024,2024-wimbledon-1122,M,2,5,5,Cumul. Game Winner,2,0
2024,2024-wimbledon-1122,M,2,5,1,Set Winner,1,4
2024,2024-wimbledon-1122,M,2,5,2,Set Winner,1,3
2024,2024-wimbledon-1122,M,2,5,3,Set Winner,2,2
2024,2024-wimbledon-1122,M,2,5,4,Set Winner,2,1
2024,2024-wimbledon-1122,M,2,5,5,Set Winner,2,0
2024,2024-wimbledon-1122,M,2,5,1,Cumul. Set Winner,1,4
2024,2024-wimbledon-1122,M,2,5,2,Cumul. Set Winner,1,3
2024,2024-wimbledon-1122,M,2,5,3,Cumul. Set Winner,1,2
2024,2024-wimbledon-1122,M,2,5,4,Cumul. Set Winner,1,1
2024,2024-wimbledon-1122,M,2,5,5,Cumul. Set Winner,2,0
2024,2024-wimbledon-1122,M,2,5,1,Cumul. Unf. Error,2,4
2024,2024-wimbledon-1122,M,2,5,2,Cumul. Unf. Error,2,3
2024,2024-wimbledon-1122,M,2,5,3,Cumul. Unf. Error,1,2
2024,2024-wimbledon-1122,M,2,5,4,Cumul. Unf. Error,2,1
2024,2024-wimbledon-1122,M,2,5,5,Cumul. Unf. Error,2,0
2024,2024-wimbledon-1122,M,2,5,1,Dynamic Model,2,4
2024,2024-wimbledon-1122,M,2,5,2,Dynamic Model,1,3
2024,2024-wimbledon-1122,M,2,5,3,Dynamic Model,1,2
2024,2024-wimbledon-1122,M,2,5,4,Dynamic Model,2,1
2024,2024-wimbledon-1122,M,2,5,5,Dynamic Model,2,0
2024,2024-wimbledon-1123,M,1,4,1,Cumul. Point Winner,1,3
2024,2024-wimbledon-1123,M,1,4,2,Cumul. Point Winner,1,2
2024,2024-wimbledon-1123,M,1,4,3,Cumul. Point Winner,1,1
2024,2024-wimbledon-1123,M,1,4,4,Cumul. Point Winner,1,0
2024,2024-wimbledon-1123,M,1,4,1,Cumul. Game Winner,1,3
2024,2024-wimbledon-1123,M,1,4,2,Cumul. Game Winner,1,2
2024,2024-wimbledon-1123,M,1,4,3,Cumul. Game Winner,1,1
2024,2024-wimbledon-1123,M,1,4,4,Cumul. Game Winner,1,0
2024,2024-wimbledon-1123,M,1,4,1,Set Winner,1,3
2024,2024-wimbledon-1123,M,1,4,2,Set Winner,2,2
2024,2024-wimbledon-1123,M,1,4,3,Set Winner,1,1
2024,2024-wimbledon-1123,M,1,4,4,Set Winner,1,0
2024,2024-wimbledon-1123,M,1,4,1,Cumul. Set Winner,1,3
2024,2024-wimbledon-1123,M,1,4,2,Cumul. Set Winner,1,2
2024,2024-wimbledon-1123,M,1,4,3,Cumul. Set Winner,1,1
2024,2024-wimbledon-1123,M,1,4,4,Cumul. Set Winner,1,0
2024,2024-wimbledon-1123,M,1,4,1,Cumul. Unf. Error,2,3
2024,2024-wimbledon-1123,M,1,4,2,Cumul. Unf. Error,2,2
2024,2024-wimbledon-1123,M,1,4,3,Cumul. Unf. Error,2,1
2024,2024-wimbledon-1123,M,1,4,4,Cumul. Unf. Error,1,0
2024,2024-wimbledon-1123,M,1,4,1,Dynamic Model,1,3
2024,2024-wimbledon-1123,M,1,4,2,Dynamic Model,1,2
2024,2024-wimbledon-1123,M,1,4,3,Dynamic Model,1,1
2024,2024-wimbledon-1123,M,1,4,4,Dynamic Model,1,0
2024,2024-wimbledon-1124,M,2,5,1,Cumul. Point Winner,2,4
2024,2024-wimbledon-1124,M,2,5,2,Cumul. Point Winner,2,3
2024,2024-wimbledon-1124,M,2,5,3,Cumul. Point Winner,2,2
2024,2024-wimbledon-1124,M,2,5,4,Cumul. Point Winner,2,1
2024,2024-wimbledon-1124,M,2,5,5,Cumul. Point Winner,2,0
2024,2024-wimbledon-1124,M,2,5,1,Cumul. Game Winner,2,4
2024,2024-wimbledon-1124,M,2,5,2,Cumul. Game Winner,2,3
2024,2024-wimbledon-1124,M,2,5,3,Cumul. Game Winner,2,2
2024,2024-wimbledon-1124,M,2,5,4,Cumul. Game Winner,2,1
2024,2024-wimbledon-1124,M,2,5,5,Cumul. Game Winner,2,0
2024,2024-wimbledon-1124,M,2,5,1,Set Winner,2,4
2024,2024-wimbledon-1124,M,2,5,2,Set Winner,1,3
2024,2024-wimbledon-1124,M,2,5,3,Set Winner,2,2
2024,2024-wimbledon-1124,M,2,5,4,Set Winner,1,1
2024,2024-wimbledon-1124,M,2,5,5,Set Winner,2,0
2024,2024-wimbledon-1124,M,2,5,1,Cumul. Set Winner,2,4
2024,2024-wimbledon-1124,M,2,5,2,Cumul. Set Winner,2,3
2024,2024-wimbledon-1124,M,2,5,3,Cumul. Set Winner,2,2
2024,2024-wimbledon-1124,M,2,5,4,Cumul. Set Winner,2,1
2024,2024-wimbledon-1124,M,2,5,5,Cumul. Set Winner,2,0
2024,2024-wimbledon-1124,M,2,5,1,Cumul. Unf. Error,2,4
2024,2024-wimbledon-1124,M,2,5,2,Cumul. Unf. Error,2,3
2024,2024-wimbledon-1124,M,2,5,3,Cumul. Unf. Error,2,2
2024,2024-wimbledon-1124,M,2,5,4,Cumul. Unf. Error,2,1
2024,2024-wimbledon-1124,M,2,5,5,Cumul. Unf. Error,2,0
2024,2024-wimbledon-1124,M,2,5,1,Dynamic Model,2,4
2024,2024-wimbledon-1124,M,2,5,2,Dynamic Model,2,3
2024,2024-wimbledon-1124,M,2,5,3,Dynamic Model,2,2
2024,2024-wimbledon-1124,M,2,5,4,Dynamic Model,2,1
2024,2024-wimbledon-1124,M,2,5,5,Dynamic Model,2,0
2024,2024-wimbledon-1125,M,1,4,1,Cumul. Point Winner,1,3
2024,2024-wimbledon-1125,M,1,4,2,Cumul. Point Winner,1,2
2024,2024-wimbledon-1125,M,1,4,3,Cumul. Point Winner,1,1
2024,2024-wimbledon-1125,M,1,4,4,Cumul. Point Winner,1,0
2024,2024-wimbledon-1125,M,1,4,1,Cumul. Game Winner,1,3
2024,2024-wimbledon-1125,M,1,4,2,Cumul. Game Winner,1,2
2024,2024-wimbledon-1125,M,1,4,3,Cumul. Game Winner,1,1
2024,2024-wimbledon-1125,M,1,4,4,Cumul. Game Winner,1,0
2024,2024-wimbledon-1125,M,1,4,1,Set Winner,1,3
2024,2024-wimbledon-1125,M,1,4,2,Set Winner,1,2
2024,2024-wimbledon-1125,M,1,4,3,Set Winner,2,1
2024,2024-wimbledon-1125,M,1,4,4,Set Winner,1,0
2024,2024-wimbledon-1125,M,1,4,1,Cumul. Set Winner,1,3
2024,2024-wimbledon-1125,M,1,4,2,Cumul. Set Winner,1,2
2024,2024-wimbledon-1125,M,1,4,3,Cumul. Set Winner,1,1
2024,2024-wimbledon-1125,M,1,4,4,Cumul. Set Winner,1,0
2024,2024-wimbledon-1125,M,1,4,1,Cumul. Unf. Error,1,3
2024,2024-wimbledon-1125,M,1,4,2,Cumul. Unf. Error,1,2
2024,2024-wimbledon-1125,M,1,4,3,Cumul. Unf. Error,1,1
2024,2024-wimbledon-1125,M,1,4,4,Cumul. Unf. Error,1,0
2024,2024-wimbledon-1125,M,1,4,1,Dynamic Model,1,3
2024,2024-wimbledon-1125,M,1,4,2,Dynamic Model,1,2
2024,2024-wimbledon-1125,M,1,4,3,Dynamic Model,1,1
2024,2024-wimbledon-1125,M,1,4,4,Dynamic Model,1,0
2024,2024-wimbledon-1126,M,1,3,1,Cumul. Point Winner,1,2
2024,2024-wimbledon-1126,M,1,3,2,Cumul. Point Winner,1,1
2024,2024-wimbledon-1126,M,1,3,3,Cumul. Point Winner,1,0
2024,2024-wimbledon-1126,M,1,3,1,Cumul. Game Winner,1,2
2024,2024-wimbledon-1126,M,1,3,2,Cumul. Game Winner,1,1
2024,2024-wimbledon-1126,M,1,3,3,Cumul. Game Winner,1,0
2024,2024-wimbledon-1126,M,1,3,1,Set Winner,1,2
2024,2024-wimbledon-1126,M,1,3,2,Set Winner,1,1
2024,2024-wimbledon-1126,M,1,3,3,Set Winner,1,0
2024,2024-wimbledon-1126,M,1,3,1,Cumul. Set Winner,1,2
2024,2024-wimbledon-1126,M,1,3,2,Cumul. Set Winner,1,1
2024,2024-wimbledon-1126,M,1,3,3,Cumul. Set Winner,1,0
2024,2024-wimbledon-1126,M,1,3,1,Cumul. Unf. Error,2,2
2024,2024-wimbledon-1126,M,1,3,2,Cumul. Unf. Error,1,1
2024,2024-wimbledon-1126,M,1,3,3,Cumul. Unf. Error,2,0
2024,2024-wimbledon-1126,M,1,3,1,Dynamic Model,1,2
2024,2024-wimbledon-1126,M,1,3,2,Dynamic Model,1,1
2024,2024-wimbledon-1126,M,1,3,3,Dynamic Model,1,0
2024,2024-wimbledon-1127,M,2,5,1,Cumul. Point Winner,2,4
2024,2024-wimbledon-1127,M,2,5,2,Cumul. Point Winner,2,3
2024,2024-wimbledon-1127,M,2,5,3,Cumul. Point Winner,2,2
2024,2024-wimbledon-1127,M,2,5,4,Cumul. Point Winner,2,1
2024,2024-wimbledon-1127,M,2,5,5,Cumul. Point Winner,2,0
2024,2024-wimbledon-1127,M,2,5,1,Cumul. Game Winner,2,4
2024,2024-wimbledon-1127,M,2,5,2,Cumul. Game Winner,2,3
2024,2024-wimbledon-1127,M,2,5,3,Cumul. Game Winner,2,2
2024,2024-wimbledon-1127,M,2,5,4,Cumul. Game Winner,2,1
2024,2024-wimbledon-1127,M,2,5,5,Cumul. Game Winner,2,0
2024,2024-wimbledon-1127,M,2,5,1,Set Winner,2,4
2024,2024-wimbledon-1127,M,2,5,2,Set Winner,2,3
2024,2024-wimbledon-1127,M,2,5,3,Set Winner,1,2
2024,2024-wimbledon-1127,M,2,5,4,Set Winner,1,1
2024,2024-wimbledon-1127,M,2,5,5,Set Winner,2,0
2024,2024-wimbledon-1127,M,2,5,1,Cumul. Set Winner,2,4
2024,2024-wimbledon-1127,M,2,5,2,Cumul. Set Winner,2,3
2024,2024-wimbledon-1127,M,2,5,3,Cumul. Set Winner,2,2
2024,2024-wimbledon-1127,M,2,5,4,Cumul. Set Winner,2,1
2024,2024-wimbledon-1127,M,2,5,5,Cumul. Set Winner,2,0
2024,2024-wimbledon-1127,M,2,5,1,Cumul. Unf. Error,1,4
2024,2024-wimbledon-1127,M,2,5,2,Cumul. Unf. Error,1,3
2024,2024-wimbledon-1127,M,2,5,3,Cumul. Unf. Error,1,2
2024,2024-wimbledon-1127,M,2,5,4,Cumul. Unf. Error,1,1
2024,2024-wimbledon-1127,M,2,5,5,Cumul. Unf. Error,1,0
2024,2024-wimbledon-1127,M,2,5,1,Dynamic Model,2,4
2024,2024-wimbledon-1127,M,2,5,2,Dynamic Model,2,3
2024,2024-wimbledon-1127,M,2,5,3,Dynamic Model,2,2
2024,2024-wimbledon-1127,M,2,5,4,Dynamic Model,1,1
2024,2024-wimbledon-1127,M,2,5,5,Dynamic Model,1,0
2024,2024-wimbledon-1128,M,2,5,1,Cumul. Point Winner,1,4
2024,2024-wimbledon-1128,M,2,5,2,Cumul. Point Winner,1,3
2024,2024-wimbledon-1128,M,2,5,3,Cumul. Point Winner,1,2
2024,2024-wimbledon-1128,M,2,5,4,Cumul. Point Winner,2,1
2024,2024-wimbledon-1128,M,2,5,5,Cumul. Point Winner,2,0
2024,2024-wimbledon-1128,M,2,5,1,Cumul. Game Winner,1,4
2024,2024-wimbledon-1128,M,2,5,2,Cumul. Game Winner,1,3
2024,2024-wimbledon-1128,M,2,5,3,Cumul. Game Winner,1,2
2024,2024-wimbledon-1128,M,2,5,4,Cumul. Game Winner,2,1
2024,2024-wimbledon-1128,M,2,5,5,Cumul. Game Winner,2,0
2024,2024-wimbledon-1128,M,2,5,1,Set Winner,1,4
2024,2024-wimbledon-1128,M,2,5,2,Set Winner,1,3
2024,2024-wimbledon-1128,M,2,5,3,Set Winner,2,2
2024,2024-wimbledon-1128,M,2,5,4,Set Winner,2,1
2024,2024-wimbledon-1128,M,2,5,5,Set Winner,2,0
2024,2024-wimbledon-1128,M,2,5,1,Cumul. Set Winner,1,4
2024,2024-wimbledon-1128,M,2,5,2,Cumul. Set Winner,1,3
2024,2024-wimbledon-1128,M,2,5,3,Cumul. Set Winner,1,2
2024,2024-wimbledon-1128,M,2,5,4,Cumul. Set Winner,1,1
2024,2024-wimbledon-1128,M,2,5,5,Cumul. Set Winner,2,0
2024,2024-wimbledon-1128,M,2,5,1,Cumul. Unf. Error,2,4
2024,2024-wimbledon-1128,M,2,5,2,Cumul. Unf. Error,2,3
2024,2024-wimbledon-1128,M,2,5,3,Cumul. Unf. Error,2,2
2024,2024-wimbledon-1128,M,2,5,4,Cumul. Unf. Error,2,1
2024,2024-wimbledon-1128,M,2,5,5,Cumul. Unf. Error,2,0
2024,2024-wimbledon-1128,M,2,5,1,Dynamic Model,1,4
2024,2024-wimbledon-1128,M,2,5,2,Dynamic Model,1,3
2024,2024-wimbledon-1128,M,2,5,3,Dynamic Model,1,2
2024,2024-wimbledon-1128,M,2,5,4,Dynamic Model,2,1
2024,2024-wimbledon-1128,M,2,5,5,Dynamic Model,2,0
2024,2024-wimbledon-1129,M,2,3,1,Cumul. Point Winner,2,2
2024,2024-wimbledon-1129,M,2,3,2,Cumul. Point Winner,2,1
2024,2024-wimbledon-1129,M,2,3,3,Cumul. Point Winner,2,0
2024,2024-wimbledon-1129,M,2,3,1,Cumul. Game Winner,2,2
2024,2024-wimbledon-1129,M,2,3,2,Cumul. Game Winner,2,1
2024,2024-wimbledon-1129,M,2,3,3,Cumul. Game Winner,2,0
2024,2024-wimbledon-1129,M,2,3,1,Set Winner,2,2
2024,2024-wimbledon-1129,M,2,3,2,Set Winner,2,1
2024,2024-wimbledon-1129,M,2,3,3,Set Winner,2,0
2024,2024-wimbledon-1129,M,2,3,1,Cumul. Set Winner,2,2
2024,2024-wimbledon-1129,M,2,3,2,Cumul. Set Winner,2,1
2024,2024-wimbledon-1129,M,2,3,3,Cumul. Set Winner,2,0
2024,2024-wimbledon-1129,M,2,3,1,Cumul. Unf. Error,2,2
2024,2024-wimbledon-1129,M,2,3,2,Cumul. Unf. Error,2,1
2024,2024-wimbledon-1129,M,2,3,3,Cumul. Unf. Error,2,0
2024,2024-wimbledon-1129,M,2,3,1,Dynamic Model,2,2
2024,2024-wimbledon-1129,M,2,3,2,Dynamic Model,2,1
2024,2024-wimbledon-1129,M,2,3,3,Dynamic Model,2,0
2024,2024-wimbledon-1130,M,1,3,1,Cumul. Point Winner,1,2
2024,2024-wimbledon-1130,M,1,3,2,Cumul. Point Winner,1,1
2024,2024-wimbledon-1130,M,1,3,3,Cumul. Point Winner,1,0
2024,2024-wimbledon-1130,M,1,3,1,Cumul. Game Winner,1,2
2024,2024-wimbledon-1130,M,1,3,2,Cumul. Game Winner,1,1
2024,2024-wimbledon-1130,M,1,3,3,Cumul. Game Winner,1,0
2024,2024-wimbledon-1130,M,1,3,1,Set Winner,1,2
2024,2024-wimbledon-1130,M,1,3,2,Set Winner,1,1
2024,2024-wimbledon-1130,M,1,3,3,Set Winner,1,0
2024,2024-wimbledon-1130,M,1,3,1,Cumul. Set Winner,1,2
2024,2024-wimbledon-1130,M,1,3,2,Cumul. Set Winner,1,1
2024,2024-wimbledon-1130,M,1,3,3,Cumul. Set Winner,1,0
2024,2024-wimbledon-1130,M,1,3,1,Cumul. Unf. Error,2,2
2024,2024-wimbledon-1130,M,1,3,2,Cumul. Unf. Error,1,1
2024,2024-wimbledon-1130,M,1,3,3,Cumul. Unf. Error,1,0
2024,2024-wimbledon-1130,M,1,3,1,Dynamic Model,1,2
2024,2024-wimbledon-1130,M,1,3,2,Dynamic Model,1,1
2024,2024-wimbledon-1130,M,1,3,3,Dynamic Model,1,0
2024,2024-wimbledon-1131,M,2,3,1,Cumul. Point Winner,2,2
2024,2024-wimbledon-1131,M,2,3,2,Cumul. Point Winner,2,1
2024,2024-wimbledon-1131,M,2,3,3,Cumul. Point Winner,2,0
2024,2024-wimbledon-1131,M,2,3,1,Cumul. Game Winner,2,2
2024,2024-wimbledon-1131,M,2,3,2,Cumul. Game Winner,2,1
2024,2024-wimbledon-1131,M,2,3,3,Cumul. Game Winner,2,0
2024,2024-wimbledon-1131,M,2,3,1,Set Winner,2,2
2024,2024-wimbledon-1131,M,2,3,2,Set Winner,2,1
2024,2024-wimbledon-1131,M,2,3,3,Set Winner,2,0
2024,2024-wimbledon-1131,M,2,3,1,Cumul. Set Winner,2,2
2024,2024-wimbledon-1131,M,2,3,2,Cumul. Set Winner,2,1
2024,2024-wimbledon-1131,M,2,3,3,Cumul. Set Winner,2,0
2024,2024-wimbledon-1131,M,2,3,1,Cumul. Unf. Error,2,2
2024,2024-wimbledon-1131,M,2,3,2,Cumul. Unf. Error,2,1
2024,2024-wimbledon-1131,M,2,3,3,Cumul. Unf. Error,2,0
2024,2024-wimbledon-1131,M,2,3,1,Dynamic Model,2,2
2024,2024-wimbledon-1131,M,2,3,2,Dynamic Model,2,1
2024,2024-wimbledon-1131,M,2,3,3,Dynamic Model,2,0
2024,2024-wimbledon-1132,M,2,3,1,Cumul. Point Winner,2,2
2024,2024-wimbledon-1132,M,2,3,2,Cumul. Point Winner,2,1
2024,2024-wimbledon-1132,M,2,3,3,Cumul. Point Winner,2,0
2024,2024-wimbledon-1132,M,2,3,1,Cumul. Game Winner,2,2
2024,2024-wimbledon-1132,M,2,3,2,Cumul. Game Winner,2,1
2024,2024-wimbledon-1132,M,2,3,3,Cumul. Game Winner,2,0
2024,2024-wimbledon-1132,M,2,3,1,Set Winner,2,2
2024,2024-wimbledon-1132,M,2,3,2,Set Winner,2,1
2024,2024-wimbledon-1132,M,2,3,3,Set Winner,2,0
2024,2024-wimbledon-1132,M,2,3,1,Cumul. Set Winner,2,2
2024,2024-wimbledon-1132,M,2,3,2,Cumul. Set Winner,2,1
2024,2024-wimbledon-1132,M,2,3,3,Cumul. Set Winner,2,0
2024,2024-wimbledon-1132,M,2,3,1,Cumul. Unf. Error,2,2
2024,2024-wimbledon-1132,M,2,3,2,Cumul. Unf. Error,2,1
2024,2024-wimbledon-1132,M,2,3,3,Cumul. Unf. Error,2,0
2024,2024-wimbledon-1132,M,2,3,1,Dynamic Model,2,2
2024,2024-wimbledon-1132,M,2,3,2,Dynamic Model,2,1
2024,2024-wimbledon-1132,M,2,3,3,Dynamic Model,2,0
2024,2024-wimbledon-1133,M,2,4,1,Cumul. Point Winner,2,3
2024,2024-wimbledon-1133,M,2,4,2,Cumul. Point Winner,1,2
2024,2024-wimbledon-1133,M,2,4,3,Cumul. Point Winner,2,1
2024,2024-wimbledon-1133,M,2,4,4,Cumul. Point Winner,2,0
2024,2024-wimbledon-1133,M,2,4,1,Cumul. Game Winner,2,3
2024,2024-wimbledon-1133,M,2,4,2,Cumul. Game Winner,2,2
2024,2024-wimbledon-1133,M,2,4,3,Cumul. Game Winner,2,1
2024,2024-wimbledon-1133,M,2,4,4,Cumul. Game Winner,2,0
2024,2024-wimbledon-1133,M,2,4,1,Set Winner,2,3
2024,2024-wimbledon-1133,M,2,4,2,Set Winner,1,2
2024,2024-wimbledon-1133,M,2,4,3,Set Winner,2,1
2024,2024-wimbledon-1133,M,2,4,4,Set Winner,2,0
2024,2024-wimbledon-1133,M,2,4,1,Cumul. Set Winner,2,3
2024,2024-wimbledon-1133,M,2,4,2,Cumul. Set Winner,2,2
2024,2024-wimbledon-1133,M,2,4,3,Cumul. Set Winner,2,1
2024,2024-wimbledon-1133,M,2,4,4,Cumul. Set Winner,2,0
2024,2024-wimbledon-1133,M,2,4,1,Cumul. Unf. Error,2,3
2024,2024-wimbledon-1133,M,2,4,2,Cumul. Unf. Error,2,2
2024,2024-wimbledon-1133,M,2,4,3,Cumul. Unf. Error,2,1
2024,2024-wimbledon-1133,M,2,4,4,Cumul. Unf. Error,2,0
2024,2024-wimbledon-1133,M,2,4,1,Dynamic Model,2,3
2024,2024-wimbledon-1133,M,2,4,2,Dynamic Model,1,2
2024,2024-wimbledon-1133,M,2,4,3,Dynamic Model,2,1
2024,2024-wimbledon-1133,M,2,4,4,Dynamic Model,2,0
2024,2024-wimbledon-1134,M,2,3,1,Cumul. Point Winner,2,2
2024,2024-wimbledon-1134,M,2,3,2,Cumul. Point Winner,2,1
2024,2024-wimbledon-1134,M,2,3,3,Cumul. Point Winner,2,0
2024,2024-wimbledon-1134,M,2,3,1,Cumul. Game Winner,2,2
2024,2024-wimbledon-1134,M,2,3,2,Cumul. Game Winner,2,1
2024,2024-wimbledon-1134,M,2,3,3,Cumul. Game Winner,2,0
2024,2024-wimbledon-1134,M,2,3,1,Set Winner,2,2
2024,2024-wimbledon-1134,M,2,3,2,Set Winner,2,1
2024,2024-wimbledon-1134,M,2,3,3,Set Winner,2,0
2024,2024-wimbledon-1134,M,2,3,1,Cumul. Set Winner,2,2
2024,2024-wimbledon-1134,M,2,3,2,Cumul. Set Winner,2,1
2024,2024-wimbledon-1134,M,2,3,3,Cumul. Set Winner,2,0
2024,2024-wimbledon-1134,M,2,3,1,Cumul. Unf. Error,2,2
2024,2024-wimbledon-1134,M,2,3,2,Cumul. Unf. Error,2,1
2024,2024-wimbledon-1134,M,2,3,3,Cumul. Unf. Error,2,0
2024,2024-wimbledon-1134,M,2,3,1,Dynamic Model,2,2
2024,2024-wimbledon-1134,M,2,3,2,Dynamic Model,2,1
2024,2024-wimbledon-1134,M,2,3,3,Dynamic Model,2,0
2024,2024-wimbledon-1135,M,1,5,1,Cumul. Point Winner,1,4
2024,2024-wimbledon-1135,M,1,5,2,Cumul. Point Winner,1,3
2024,2024-wimbledon-1135,M,1,5,3,Cumul. Point Winner,2,2
2024,2024-wimbledon-1135,M,1,5,4,Cumul. Point Winner,2,1
2024,2024-wimbledon-1135,M,1,5,5,Cumul. Point Winner,1,0
2024,2024-wimbledon-1135,M,1,5,1,Cumul. Game Winner,1,4
2024,2024-wimbledon-1135,M,1,5,2,Cumul. Game Winner,1,3
2024,2024-wimbledon-1135,M,1,5,3,Cumul. Game Winner,2,2
2024,2024-wimbledon-1135,M,1,5,4,Cumul. Game Winner,2,1
2024,2024-wimbledon-1135,M,1,5,5,Cumul. Game Winner,1,0
2024,2024-wimbledon-1135,M,1,5,1,Set Winner,1,4
2024,2024-wimbledon-1135,M,1,5,2,Set Winner,2,3
2024,2024-wimbledon-1135,M,1,5,3,Set Winner,2,2
2024,2024-wimbledon-1135,M,1,5,4,Set Winner,1,1
2024,2024-wimbledon-1135,M,1,5,5,Set Winner,1,0
2024,2024-wimbledon-1135,M,1,5,1,Cumul. Set Winner,1,4
2024,2024-wimbledon-1135,M,1,5,2,Cumul. Set Winner,1,3
2024,2024-wimbledon-1135,M,1,5,3,Cumul. Set Winner,2,2
2024,2024-wimbledon-1135,M,1,5,4,Cumul. Set Winner,2,1
2024,2024-wimbledon-1135,M,1,5,5,Cumul. Set Winner,1,0
2024,2024-wimbledon-1135,M,1,5,1,Cumul. Unf. Error,2,4
2024,2024-wimbledon-1135,M,1,5,2,Cumul. Unf. Error,1,3
2024,2024-wimbledon-1135,M,1,5,3,Cumul. Unf. Error,2,2
2024,2024-wimbledon-1135,M,1,5,4,Cumul. Unf. Error,2,1
2024,2024-wimbledon-1135,M,1,5,5,Cumul. Unf. Error,1,0
2024,2024-wimbledon-1135,M,1,5,1,Dynamic Model,1,4
2024,2024-wimbledon-1135,M,1,5,2,Dynamic Model,1,3
2024,2024-wimbledon-1135,M,1,5,3,Dynamic Model,2,2
2024,2024-wimbledon-1135,M,1,5,4,Dynamic Model,1,1
2024,2024-wimbledon-1135,M,1,5,5,Dynamic Model,1,0
2024,2024-wimbledon-1136,M,2,4,1,Cumul. Point Winner,1,3
2024,2024-wimbledon-1136,M,2,4,2,Cumul. Point Winner,1,2
2024,2024-wimbledon-1136,M,2,4,3,Cumul. Point Winner,2,1
2024,2024-wimbledon-1136,M,2,4,4,Cumul. Point Winner,2,0
2024,2024-wimbledon-1136,M,2,4,1,Cumul. Game Winner,1,3
2024,2024-wimbledon-1136,M,2,4,2,Cumul. Game Winner,1,2
2024,2024-wimbledon-1136,M,2,4,3,Cumul. Game Winner,2,1
2024,2024-wimbledon-1136,M,2,4,4,Cumul. Game Winner,2,0
2024,2024-wimbledon-1136,M,2,4,1,Set Winner,1,3
2024,2024-wimbledon-1136,M,2,4,2,Set Winner,2,2
2024,2024-wimbledon-1136,M,2,4,3,Set Winner,2,1
2024,2024-wimbledon-1136,M,2,4,4,Set Winner,2,0
2024,2024-wimbledon-1136,M,2,4,1,Cumul. Set Winner,1,3
2024,2024-wimbledon-1136,M,2,4,2,Cumul. Set Winner,1,2
2024,2024-wimbledon-1136,M,2,4,3,Cumul. Set Winner,2,1
2024,2024-wimbledon-1136,M,2,4,4,Cumul. Set Winner,2,0
2024,2024-wimbledon-1136,M,2,4,1,Cumul. Unf. Error,1,3
2024,2024-wimbledon-1136,M,2,4,2,Cumul. Unf. Error,2,2
2024,2024-wimbledon-1136,M,2,4,3,Cumul. Unf. Error,2,1
2024,2024-wimbledon-1136,M,2,4,4,Cumul. Unf. Error,2,0
2024,2024-wimbledon-1136,M,2,4,1,Dynamic Model,1,3
2024,2024-wimbledon-1136,M,2,4,2,Dynamic Model,1,2
2024,2024-wimbledon-1136,M,2,4,3,Dynamic Model,2,1
2024,2024-wimbledon-1136,M,2,4,4,Dynamic Model,2,0
2024,2024-wimbledon-1137,M,2,5,1,Cumul. Point Winner,2,4
2024,2024-wimbledon-1137,M,2,5,2,Cumul. Point Winner,2,3
2024,2024-wimbledon-1137,M,2,5,3,Cumul. Point Winner,2,2
2024,2024-wimbledon-1137,M,2,5,4,Cumul. Point Winner,1,1
2024,2024-wimbledon-1137,M,2,5,5,Cumul. Point Winner,2,0
2024,2024-wimbledon-1137,M,2,5,1,Cumul. Game Winner,2,4
2024,2024-wimbledon-1137,M,2,5,2,Cumul. Game Winner,2,3
2024,2024-wimbledon-1137,M,2,5,3,Cumul. Game Winner,2,2
2024,2024-wimbledon-1137,M,2,5,4,Cumul. Game Winner,2,1
2024,2024-wimbledon-1137,M,2,5,5,Cumul. Game Winner,2,0
2024,2024-wimbledon-1137,M,2,5,1,Set Winner,2,4
2024,2024-wimbledon-1137,M,2,5,2,Set Winner,1,3
2024,2024-wimbledon-1137,M,2,5,3,Set Winner,2,2
2024,2024-wimbledon-1137,M,2,5,4,Set Winner,1,1
2024,2024-wimbledon-1137,M,2,5,5,Set Winner,2,0
2024,2024-wimbledon-1137,M,2,5,1,Cumul. Set Winner,2,4
2024,2024-wimbledon-1137,M,2,5,2,Cumul. Set Winner,2,3
2024,2024-wimbledon-1137,M,2,5,3,Cumul. Set Winner,2,2
2024,2024-wimbledon-1137,M,2,5,4,Cumul. Set Winner,2,1
2024,2024-wimbledon-1137,M,2,5,5,Cumul. Set Winner,2,0
2024,2024-wimbledon-1137,M,2,5,1,Cumul. Unf. Error,2,4
2024,2024-wimbledon-1137,M,2,5,2,Cumul. Unf. Error,1,3
2024,2024-wimbledon-1137,M,2,5,3,Cumul. Unf. Error,1,2
2024,2024-wimbledon-1137,M,2,5,4,Cumul. Unf. Error,1,1
2024,2024-wimbledon-1137,M,2,5,5,Cumul. Unf. Error,1,0
2024,2024-wimbledon-1137,M,2,5,1,Dynamic Model,2,4
2024,2024-wimbledon-1137,M,2,5,2,Dynamic Model,2,3
2024,2024-wimbledon-1137,M,2,5,3,Dynamic Model,2,2
2024,2024-wimbledon-1137,M,2,5,4,Dynamic Model,1,1
2024,2024-wimbledon-1137,M,2,5,5,Dynamic Model,1,0
2024,2024-wimbledon-1138,M,1,4,1,Cumul. Point Winner,1,3
2024,2024-wimbledon-1138,M,1,4,2,Cumul. Point Winner,1,2
2024,2024-wimbledon-1138,M,1,4,3,Cumul. Point Winner,2,1
2024,2024-wimbledon-1138,M,1,4,4,Cumul. Point Winner,1,0
2024,2024-wimbledon-1138,M,1,4,1,Cumul. Game Winner,1,3
2024,2024-wimbledon-1138,M,1,4,2,Cumul. Game Winner,1,2
2024,2024-wimbledon-1138,M,1,4,3,Cumul. Game Winner,1,1
2024,2024-wimbledon-1138,M,1,4,4,Cumul. Game Winner,1,0
2024,2024-wimbledon-1138,M,1,4,1,Set Winner,1,3
2024,2024-wimbledon-1138,M,1,4,2,Set Winner,1,2
2024,2024-wimbledon-1138,M,1,4,3,Set Winner,2,1
2024,2024-wimbledon-1138,M,1,4,4,Set Winner,1,0
2024,2024-wimbledon-1138,M,1,4,1,Cumul. Set Winner,1,3
2024,2024-wimbledon-1138,M,1,4,2,Cumul. Set Winner,1,2
2024,2024-wimbledon-1138,M,1,4,3,Cumul. Set Winner,1,1
2024,2024-wimbledon-1138,M,1,4,4,Cumul. Set Winner,1,0
2024,2024-wimbledon-1138,M,1,4,1,Cumul. Unf. Error,1,3
2024,2024-wimbledon-1138,M,1,4,2,Cumul. Unf. Error,1,2
2024,2024-wimbledon-1138,M,1,4,3,Cumul. Unf. Error,1,1
2024,2024-wimbledon-1138,M,1,4,4,Cumul. Unf. Error,1,0
2024,2024-wimbledon-1138,M,1,4,1,Dynamic Model,1,3
2024,2024-wimbledon-1138,M,1,4,2,Dynamic Model,1,2
2024,2024-wimbledon-1138,M,1,4,3,Dynamic Model,1,1
2024,2024-wimbledon-1138,M,1,4,4,Dynamic Model,1,0
2024,2024-wimbledon-1139,M,1,5,1,Cumul. Point Winner,1,4
2024,2024-wimbledon-1139,M,1,5,2,Cumul. Point Winner,2,3
2024,2024-wimbledon-1139,M,1,5,3,Cumul. Point Winner,2,2
2024,2024-wimbledon-1139,M,1,5,4,Cumul. Point Winner,2,1
2024,2024-wimbledon-1139,M,1,5,5,Cumul. Point Winner,2,0
2024,2024-wimbledon-1139,M,1,5,1,Cumul. Game Winner,1,4
2024,2024-wimbledon-1139,M,1,5,2,Cumul. Game Winner,2,3
2024,2024-wimbledon-1139,M,1,5,3,Cumul. Game Winner,2,2
2024,2024-wimbledon-1139,M,1,5,4,Cumul. Game Winner,2,1
2024,2024-wimbledon-1139,M,1,5,5,Cumul. Game Winner,1,0
2024,2024-wimbledon-1139,M,1,5,1,Set Winner,1,4
2024,2024-wimbledon-1139,M,1,5,2,Set Winner,2,3
2024,2024-wimbledon-1139,M,1,5,3,Set Winner,2,2
2024,2024-wimbledon-1139,M,1,5,4,Set Winner,1,1
2024,2024-wimbledon-1139,M,1,5,5,Set Winner,1,0
2024,2024-wimbledon-1139,M,1,5,1,Cumul. Set Winner,1,4
2024,2024-wimbledon-1139,M,1,5,2,Cumul. Set Winner,1,3
2024,2024-wimbledon-1139,M,1,5,3,Cumul. Set Winner,2,2
2024,2024-wimbledon-1139,M,1,5,4,Cumul. Set Winner,2,1
2024,2024-wimbledon-1139,M,1,5,5,Cumul. Set Winner,1,0
2024,2024-wimbledon-1139,M,1,5,1,Cumul. Unf. Error,2,4
2024,2024-wimbledon-1139,M,1,5,2,Cumul. Unf. Error,2,3
2024,2024-wimbledon-1139,M,1,5,3,Cumul. Unf. Error,2,2
2024,2024-wimbledon-1139,M,1,5,4,Cumul. Unf. Error,2,1
2024,2024-wimbledon-1139,M,1,5,5,Cumul. Unf. Error,2,0
2024,2024-wimbledon-1139,M,1,5,1,Dynamic Model,1,4
2024,2024-wimbledon-1139,M,1,5,2,Dynamic Model,2,3
2024,2024-wimbledon-1139,M,1,5,3,Dynamic Model,2,2
2024,2024-wimbledon-1139,M,1,5,4,Dynamic Model,2,1
2024,2024-wimbledon-1139,M,1,5,5,Dynamic Model,2,0
2024,2024-wimbledon-1140,M,2,3,1,Cumul. Point Winner,2,2
2024,2024-wimbledon-1140,M,2,3,2,Cumul. Point Winner,2,1
2024,2024-wimbledon-1140,M,2,3,3,Cumul. Point Winner,2,0
2024,2024-wimbledon-1140,M,2,3,1,Cumul. Game Winner,2,2
2024,2024-wimbledon-1140,M,2,3,2,Cumul. Game Winner,2,1
2024,2024-wimbledon-1140,M,2,3,3,Cumul. Game Winner,2,0
2024,2024-wimbledon-1140,M,2,3,1,Set Winner,2,2
2024,2024-wimbledon-1140,M,2,3,2,Set Winner,2,1
2024,2024-wimbledon-1140,M,2,3,3,Set Winner,2,0
2024,2024-wimbledon-1140,M,2,3,1,Cumul. Set Winner,2,2
2024,2024-wimbledon-1140,M,2,3,2,Cumul. Set Winner,2,1
2024,2024-wimbledon-1140,M,2,3,3,Cumul. Set Winner,2,0
2024,2024-wimbledon-1140,M,2,3,1,Cumul. Unf. Error,2,2
2024,2024-wimbledon-1140,M,2,3,2,Cumul. Unf. Error,1,1
2024,2024-wimbledon-1140,M,2,3,3,Cumul. Unf. Error,1,0
2024,2024-wimbledon-1140,M,2,3,1,Dynamic Model,2,2
2024,2024-wimbledon-1140,M,2,3,2,Dynamic Model,2,1
2024,2024-wimbledon-1140,M,2,3,3,Dynamic Model,2,0
2024,2024-wimbledon-1141,M,1,3,1,Cumul. Point Winner,1,2
2024,2024-wimbledon-1141,M,1,3,2,Cumul. Point Winner,1,1
2024,2024-wimbledon-1141,M,1,3,3,Cumul. Point Winner,1,0
2024,2024-wimbledon-1141,M,1,3,1,Cumul. Game Winner,1,2
2024,2024-wimbledon-1141,M,1,3,2,Cumul. Game Winner,1,1
2024,2024-wimbledon-1141,M,1,3,3,Cumul. Game Winner,1,0
2024,2024-wimbledon-1141,M,1,3,1,Set Winner,1,2
2024,2024-wimbledon-1141,M,1,3,2,Set Winner,1,1
2024,2024-wimbledon-1141,M,1,3,3,Set Winner,1,0
2024,2024-wimbledon-1141,M,1,3,1,Cumul. Set Winner,1,2
2024,2024-wimbledon-1141,M,1,3,2,Cumul. Set Winner,1,1
2024,2024-wimbledon-1141,M,1,3,3,Cumul. Set Winner,1,0
2024,2024-wimbledon-1141,M,1,3,1,Cumul. Unf. Error,1,2
2024,2024-wimbledon-1141,M,1,3,2,Cumul. Unf. Error,1,1
2024,2024-wimbledon-1141,M,1,3,3,Cumul. Unf. Error,1,0
2024,2024-wimbledon-1141,M,1,3,1,Dynamic Model,1,2
2024,2024-wimbledon-1141,M,1,3,2,Dynamic Model,1,1
2024,2024-wimbledon-1141,M,1,3,3,Dynamic Model,1,0
2024,2024-wimbledon-1142,M,2,5,1,Cumul. Point Winner,1,4
2024,2024-wimbledon-1142,M,2,5,2,Cumul. Point Winner,2,3
2024,2024-wimbledon-1142,M,2,5,3,Cumul. Point Winner,1,2
2024,2024-wimbledon-1142,M,2,5,4,Cumul. Point Winner,2,1
2024,2024-wimbledon-1142,M,2,5,5,Cumul. Point Winner,2,0
2024,2024-wimbledon-1142,M,2,5,1,Cumul. Game Winner,1,4
2024,2024-wimbledon-1142,M,2,5,2,Cumul. Game Winner,1,3
2024,2024-wimbledon-1142,M,2,5,3,Cumul. Game Winner,1,2
2024,2024-wimbledon-1142,M,2,5,4,Cumul. Game Winner,2,1
2024,2024-wimbledon-1142,M,2,5,5,Cumul. Game Winner,2,0
2024,2024-wimbledon-1142,M,2,5,1,Set Winner,1,4
2024,2024-wimbledon-1142,M,2,5,2,Set Winner,2,3
2024,2024-wimbledon-1142,M,2,5,3,Set Winner,1,2
2024,2024-wimbledon-1142,M,2,5,4,Set Winner,2,1
2024,2024-wimbledon-1142,M,2,5,5,Set Winner,2,0
2024,2024-wimbledon-1142,M,2,5,1,Cumul. Set Winner,1,4
2024,2024-wimbledon-1142,M,2,5,2,Cumul. Set Winner,1,3
2024,2024-wimbledon-1142,M,2,5,3,Cumul. Set Winner,1,2
2024,2024-wimbledon-1142,M,2,5,4,Cumul. Set Winner,1,1
2024,2024-wimbledon-1142,M,2,5,5,Cumul. Set Winner,2,0
2024,2024-wimbledon-1142,M,2,5,1,Cumul. Unf. Error,1,4
2024,2024-wimbledon-1142,M,2,5,2,Cumul. Unf. Error,2,3
2024,2024-wimbledon-1142,M,2,5,3,Cumul. Unf. Error,2,2
2024,2024-wimbledon-1142,M,2,5,4,Cumul. Unf. Error,2,1
2024,2024-wimbledon-1142,M,2,5,5,Cumul. Unf. Error,2,0
2024,2024-wimbledon-1142,M,2,5,1,Dynamic Model,1,4
2024,2024-wimbledon-1142,M,2,5,2,Dynamic Model,2,3
2024,2024-wimbledon-1142,M,2,5,3,Dynamic Model,1,2
2024,2024-wimbledon-1142,M,2,5,4,Dynamic Model,2,1
2024,2024-wimbledon-1142,M,2,5,5,Dynamic Model,2,0
2024,2024-wimbledon-1143,M,1,4,1,Cumul. Point Winner,1,3
2024,2024-wimbledon-1143,M,1,4,2,Cumul. Point Winner,2,2
2024,2024-wimbledon-1143,M,1,4,3,Cumul. Point Winner,1,1
2024,2024-wimbledon-1143,M,1,4,4,Cumul. Point Winner,1,0
2024,2024-wimbledon-1143,M,1,4,1,Cumul. Game Winner,1,3
2024,2024-wimbledon-1143,M,1,4,2,Cumul. Game Winner,1,2
2024,2024-wimbledon-1143,M,1,4,3,Cumul. Game Winner,1,1
2024,2024-wimbledon-1143,M,1,4,4,Cumul. Game Winner,1,0
2024,2024-wimbledon-1143,M,1,4,1,Set Winner,1,3
2024,2024-wimbledon-1143,M,1,4,2,Set Winner,2,2
2024,2024-wimbledon-1143,M,1,4,3,Set Winner,1,1
2024,2024-wimbledon-1143,M,1,4,4,Set Winner,1,0
2024,2024-wimbledon-1143,M,1,4,1,Cumul. Set Winner,1,3
2024,2024-wimbledon-1143,M,1,4,2,Cumul. Set Winner,1,2
2024,2024-wimbledon-1143,M,1,4,3,Cumul. Set Winner,1,1
2024,2024-wimbledon-1143,M,1,4,4,Cumul. Set Winner,1,0
2024,2024-wimbledon-1143,M,1,4,1,Cumul. Unf. Error,1,3
2024,2024-wimbledon-1143,M,1,4,2,Cumul. Unf. Error,1,2
2024,2024-wimbledon-1143,M,1,4,3,Cumul. Unf. Error,1,1
2024,2024-wimbledon-1143,M,1,4,4,Cumul. Unf. Error,1,0
2024,2024-wimbledon-1143,M,1,4,1,Dynamic Model,1,3
2024,2024-wimbledon-1143,M,1,4,2,Dynamic Model,2,2
2024,2024-wimbledon-1143,M,1,4,3,Dynamic Model,1,1
2024,2024-wimbledon-1143,M,1,4,4,Dynamic Model,1,0
2024,2024-wimbledon-1144,M,2,3,1,Cumul. Point Winner,2,2
2024,2024-wimbledon-1144,M,2,3,2,Cumul. Point Winner,2,1
2024,2024-wimbledon-1144,M,2,3,3,Cumul. Point Winner,2,0
2024,2024-wimbledon-1144,M,2,3,1,Cumul. Game Winner,2,2
2024,2024-wimbledon-1144,M,2,3,2,Cumul. Game Winner,2,1
2024,2024-wimbledon-1144,M,2,3,3,Cumul. Game Winner,2,0
2024,2024-wimbledon-1144,M,2,3,1,Set Winner,2,2
2024,2024-wimbledon-1144,M,2,3,2,Set Winner,2,1
2024,2024-wimbledon-1144,M,2,3,3,Set Winner,2,0
2024,2024-wimbledon-1144,M,2,3,1,Cumul. Set Winner,2,2
2024,2024-wimbledon-1144,M,2,3,2,Cumul. Set Winner,2,1
2024,2024-wimbledon-1144,M,2,3,3,Cumul. Set Winner,2,0
2024,2024-wimbledon-1144,M,2,3,1,Cumul. Unf. Error,2,2
2024,2024-wimbledon-1144,M,2,3,2,Cumul. Unf. Error,2,1
2024,2024-wimbledon-1144,M,2,3,3,Cumul. Unf. Error,2,0
2024,2024-wimbledon-1144,M,2,3,1,Dynamic Model,2,2
2024,2024-wimbledon-1144,M,2,3,2,Dynamic Model,2,1
2024,2024-wimbledon-1144,M,2,3,3,Dynamic Model,2,0
2024,2024-wimbledon-1145,M,1,5,1,Cumul. Point Winner,2,4
2024,2024-wimbledon-1145,M,1,5,2,Cumul. Point Winner,1,3
2024,2024-wimbledon-1145,M,1,5,3,Cumul. Point Winner,1,2
2024,2024-wimbledon-1145,M,1,5,4,Cumul. Point Winner,1,1
2024,2024-wimbledon-1145,M,1,5,5,Cumul. Point Winner,1,0
2024,2024-wimbledon-1145,M,1,5,1,Cumul. Game Winner,2,4
2024,2024-wimbledon-1145,M,1,5,2,Cumul. Game Winner,2,3
2024,2024-wimbledon-1145,M,1,5,3,Cumul. Game Winner,1,2
2024,2024-wimbledon-1145,M,1,5,4,Cumul. Game Winner,1,1
2024,2024-wimbledon-1145,M,1,5,5,Cumul. Game Winner,1,0
2024,2024-wimbledon-1145,M,1,5,1,Set Winner,2,4
2024,2024-wimbledon-1145,M,1,5,2,Set Winner,1,3
2024,2024-wimbledon-1145,M,1,5,3,Set Winner,1,2
2024,2024-wimbledon-1145,M,1,5,4,Set Winner,2,1
2024,2024-wimbledon-1145,M,1,5,5,Set Winner,1,0
2024,2024-wimbledon-1145,M,1,5,1,Cumul. Set Winner,2,4
2024,2024-wimbledon-1145,M,1,5,2,Cumul. Set Winner,2,3
2024,2024-wimbledon-1145,M,1,5,3,Cumul. Set Winner,1,2
2024,2024-wimbledon-1145,M,1,5,4,Cumul. Set Winner,1,1
2024,2024-wimbledon-1145,M,1,5,5,Cumul. Set Winner,1,0
2024,2024-wimbledon-1145,M,1,5,1,Cumul. Unf. Error,2,4
2024,2024-wimbledon-1145,M,1,5,2,Cumul. Unf. Error,2,3
2024,2024-wimbledon-1145,M,1,5,3,Cumul. Unf. Error,2,2
2024,2024-wimbledon-1145,M,1,5,4,Cumul. Unf. Error,2,1
2024,2024-wimbledon-1145,M,1,5,5,Cumul. Unf. Error,2,0
2024,2024-wimbledon-1145,M,1,5,1,Dynamic Model,2,4
2024,2024-wimbledon-1145,M,1,5,2,Dynamic Model,2,3
2024,2024-wimbledon-1145,M,1,5,3,Dynamic Model,1,2
2024,2024-wimbledon-1145,M,1,5,4,Dynamic Model,1,1
2024,2024-wimbledon-1145,M,1,5,5,Dynamic Model,1,0
2024,2024-wimbledon-1146,M,1,3,1,Cumul. Point Winner,1,2
2024,2024-wimbledon-1146,M,1,3,2,Cumul. Point Winner,1,1
2024,2024-wimbledon-1146,M,1,3,3,Cumul. Point Winner,1,0
2024,2024-wimbledon-1146,M,1,3,1,Cumul. Game Winner,1,2
2024,2024-wimbledon-1146,M,1,3,2,Cumul. Game Winner,1,1
2024,2024-wimbledon-1146,M,1,3,3,Cumul. Game Winner,1,0
2024,2024-wimbledon-1146,M,1,3,1,Set Winner,1,2
2024,2024-wimbledon-1146,M,1,3,2,Set Winner,1,1
2024,2024-wimbledon-1146,M,1,3,3,Set Winner,1,0
2024,2024-wimbledon-1146,M,1,3,1,Cumul. Set Winner,1,2
2024,2024-wimbledon-1146,M,1,3,2,Cumul. Set Winner,1,1
2024,2024-wimbledon-1146,M,1,3,3,Cumul. Set Winner,1,0
2024,2024-wimbledon-1146,M,1,3,1,Cumul. Unf. Error,1,2
2024,2024-wimbledon-1146,M,1,3,2,Cumul. Unf. Error,1,1
2024,2024-wimbledon-1146,M,1,3,3,Cumul. Unf. Error,1,0
2024,2024-wimbledon-1146,M,1,3,1,Dynamic Model,1,2
2024,2024-wimbledon-1146,M,1,3,2,Dynamic Model,1,1
2024,2024-wimbledon-1146,M,1,3,3,Dynamic Model,1,0
2024,2024-wimbledon-1147,M,2,4,1,Cumul. Point Winner,1,3
2024,2024-wimbledon-1147,M,2,4,2,Cumul. Point Winner,2,2
2024,2024-wimbledon-1147,M,2,4,3,Cumul. Point Winner,2,1
2024,2024-wimbledon-1147,M,2,4,4,Cumul. Point Winner,2,0
2024,2024-wimbledon-1147,M,2,4,1,Cumul. Game Winner,1,3
2024,2024-wimbledon-1147,M,2,4,2,Cumul. Game Winner,1,2
2024,2024-wimbledon-1147,M,2,4,3,Cumul. Game Winner,2,1
2024,2024-wimbledon-1147,M,2,4,4,Cumul. Game Winner,2,0
2024,2024-wimbledon-1147,M,2,4,1,Set Winner,1,3
2024,2024-wimbledon-1147,M,2,4,2,Set Winner,2,2
2024,2024-wimbledon-1147,M,2,4,3,Set Winner,2,1
2024,2024-wimbledon-1147,M,2,4,4,Set Winner,2,0
2024,2024-wimbledon-1147,M,2,4,1,Cumul. Set Winner,1,3
2024,2024-wimbledon-1147,M,2,4,2,Cumul. Set Winner,1,2
2024,2024-wimbledon-1147,M,2,4,3,Cumul. Set Winner,2,1
2024,2024-wimbledon-1147,M,2,4,4,Cumul. Set Winner,2,0
2024,2024-wimbledon-1147,M,2,4,1,Cumul. Unf. Error,1,3
2024,2024-wimbledon-1147,M,2,4,2,Cumul. Unf. Error,2,2
2024,2024-wimbledon-1147,M,2,4,3,Cumul. Unf. Error,2,1
2024,2024-wimbledon-1147,M,2,4,4,Cumul. Unf. Error,2,0
2024,2024-wimbledon-1147,M,2,4,1,Dynamic Model,1,3
2024,2024-wimbledon-1147,M,2,4,2,Dynamic Model,2,2
2024,2024-wimbledon-1147,M,2,4,3,Dynamic Model,2,1
2024,2024-wimbledon-1147,M,2,4,4,Dynamic Model,2,0
2024,2024-wimbledon-1148,M,2,3,1,Cumul. Point Winner,2,2
2024,2024-wimbledon-1148,M,2,3,2,Cumul. Point Winner,2,1
2024,2024-wimbledon-1148,M,2,3,3,Cumul. Point Winner,2,0
2024,2024-wimbledon-1148,M,2,3,1,Cumul. Game Winner,2,2
2024,2024-wimbledon-1148,M,2,3,2,Cumul. Game Winner,2,1
2024,2024-wimbledon-1148,M,2,3,3,Cumul. Game Winner,2,0
2024,2024-wimbledon-1148,M,2,3,1,Set Winner,2,2
2024,2024-wimbledon-1148,M,2,3,2,Set Winner,2,1
2024,2024-wimbledon-1148,M,2,3,3,Set Winner,2,0
2024,2024-wimbledon-1148,M,2,3,1,Cumul. Set Winner,2,2
2024,2024-wimbledon-1148,M,2,3,2,Cumul. Set Winner,2,1
2024,2024-wimbledon-1148,M,2,3,3,Cumul. Set Winner,2,0
2024,2024-wimbledon-1148,M,2,3,1,Cumul. Unf. Error,2,2
2024,2024-wimbledon-1148,M,2,3,2,Cumul. Unf. Error,2,1
2024,2024-wimbledon-1148,M,2,3,3,Cumul. Unf. Error,1,0
2024,2024-wimbledon-1148,M,2,3,1,Dynamic Model,2,2
2024,2024-wimbledon-1148,M,2,3,2,Dynamic Model,2,1
2024,2024-wimbledon-1148,M,2,3,3,Dynamic Model,2,0
2024,2024-wimbledon-1149,M,1,4,1,Cumul. Point Winner,2,3
2024,2024-wimbledon-1149,M,1,4,2,Cumul. Point Winner,1,2
2024,2024-wimbledon-1149,M,1,4,3,Cumul. Point Winner,1,1
2024,2024-wimbledon-1149,M,1,4,4,Cumul. Point Winner,1,0
2024,2024-wimbledon-1149,M,1,4,1,Cumul. Game Winner,2,3
2024,2024-wimbledon-1149,M,1,4,2,Cumul. Game Winner,2,2
2024,2024-wimbledon-1149,M,1,4,3,Cumul. Game Winner,1,1
2024,2024-wimbledon-1149,M,1,4,4,Cumul. Game Winner,1,0
2024,2024-wimbledon-1149,M,1,4,1,Set Winner,2,3
2024,2024-wimbledon-1149,M,1,4,2,Set Winner,1,2
2024,2024-wimbledon-1149,M,1,4,3,Set Winner,1,1
2024,2024-wimbledon-1149,M,1,4,4,Set Winner,1,0
2024,2024-wimbledon-1149,M,1,4,1,Cumul. Set Winner,2,3
2024,2024-wimbledon-1149,M,1,4,2,Cumul. Set Winner,2,2
2024,2024-wimbledon-1149,M,1,4,3,Cumul. Set Winner,1,1
2024,2024-wimbledon-1149,M,1,4,4,Cumul. Set Winner,1,0
2024,2024-wimbledon-1149,M,1,4,1,Cumul. Unf. Error,2,3
2024,2024-wimbledon-1149,M,1,4,2,Cumul. Unf. Error,2,2
2024,2024-wimbledon-1149,M,1,4,3,Cumul. Unf. Error,2,1
2024,2024-wimbledon-1149,M,1,4,4,Cumul. Unf. Error,2,0
2024,2024-wimbledon-1149,M,1,4,1,Dynamic Model,2,3
2024,2024-wimbledon-1149,M,1,4,2,Dynamic Model,1,2
2024,2024-wimbledon-1149,M,1,4,3,Dynamic Model,1,1
2024,2024-wimbledon-1149,M,1,4,4,Dynamic Model,1,0
2024,2024-wimbledon-1150,M,1,4,1,Cumul. Point Winner,1,3
2024,2024-wimbledon-1150,M,1,4,2,Cumul. Point Winner,1,2
2024,2024-wimbledon-1150,M,1,4,3,Cumul. Point Winner,1,1
2024,2024-wimbledon-1150,M,1,4,4,Cumul. Point Winner,1,0
2024,2024-wimbledon-1150,M,1,4,1,Cumul. Game Winner,1,3
2024,2024-wimbledon-1150,M,1,4,2,Cumul. Game Winner,1,2
2024,2024-wimbledon-1150,M,1,4,3,Cumul. Game Winner,1,1
2024,2024-wimbledon-1150,M,1,4,4,Cumul. Game Winner,1,0
2024,2024-wimbledon-1150,M,1,4,1,Set Winner,1,3
2024,2024-wimbledon-1150,M,1,4,2,Set Winner,1,2
2024,2024-wimbledon-1150,M,1,4,3,Set Winner,2,1
2024,2024-wimbledon-1150,M,1,4,4,Set Winner,1,0
2024,2024-wimbledon-1150,M,1,4,1,Cumul. Set Winner,1,3
2024,2024-wimbledon-1150,M,1,4,2,Cumul. Set Winner,1,2
2024,2024-wimbledon-1150,M,1,4,3,Cumul. Set Winner,1,1
2024,2024-wimbledon-1150,M,1,4,4,Cumul. Set Winner,1,0
2024,2024-wimbledon-1150,M,1,4,1,Cumul. Unf. Error,2,3
2024,2024-wimbledon-1150,M,1,4,2,Cumul. Unf. Error,1,2
2024,2024-wimbledon-1150,M,1,4,3,Cumul. Unf. Error,1,1
2024,2024-wimbledon-1150,M,1,4,4,Cumul. Unf. Error,1,0
2024,2024-wimbledon-1150,M,1,4,1,Dynamic Model,1,3
2024,2024-wimbledon-1150,M,1,4,2,Dynamic Model,1,2
2024,2024-wimbledon-1150,M,1,4,3,Dynamic Model,1,1
2024,2024-wimbledon-1150,M,1,4,4,Dynamic Model,1,0
2024,2024-wimbledon-1151,M,2,5,1,Cumul. Point Winner,1,4
2024,2024-wimbledon-1151,M,2,5,2,Cumul. Point Winner,1,3
2024,2024-wimbledon-1151,M,2,5,3,Cumul. Point Winner,1,2
2024,2024-wimbledon-1151,M,2,5,4,Cumul. Point Winner,2,1
2024,2024-wimbledon-1151,M,2,5,5,Cumul. Point Winner,2,0
2024,2024-wimbledon-1151,M,2,5,1,Cumul. Game Winner,1,4
2024,2024-wimbledon-1151,M,2,5,2,Cumul. Game Winner,1,3
2024,2024-wimbledon-1151,M,2,5,3,Cumul. Game Winner,1,2
2024,2024-wimbledon-1151,M,2,5,4,Cumul. Game Winner,2,1
2024,2024-wimbledon-1151,M,2,5,5,Cumul. Game Winner,2,0
2024,2024-wimbledon-1151,M,2,5,1,Set Winner,1,4
2024,2024-wimbledon-1151,M,2,5,2,Set Winner,1,3
2024,2024-wimbledon-1151,M,2,5,3,Set Winner,2,2
2024,2024-wimbledon-1151,M,2,5,4,Set Winner,2,1
2024,2024-wimbledon-1151,M,2,5,5,Set Winner,2,0
2024,2024-wimbledon-1151,M,2,5,1,Cumul. Set Winner,1,4
2024,2024-wimbledon-1151,M,2,5,2,Cumul. Set Winner,1,3
2024,2024-wimbledon-1151,M,2,5,3,Cumul. Set Winner,1,2
2024,2024-wimbledon-1151,M,2,5,4,Cumul. Set Winner,1,1
2024,2024-wimbledon-1151,M,2,5,5,Cumul. Set Winner,2,0
2024,2024-wimbledon-1151,M,2,5,1,Cumul. Unf. Error,1,4
2024,2024-wimbledon-1151,M,2,5,2,Cumul. Unf. Error,1,3
2024,2024-wimbledon-1151,M,2,5,3,Cumul. Unf. Error,1,2
2024,2024-wimbledon-1151,M,2,5,4,Cumul. Unf. Error,1,1
2024,2024-wimbledon-1151,M,2,5,5,Cumul. Unf. Error,1,0
2024,2024-wimbledon-1151,M,2,5,1,Dynamic Model,1,4
2024,2024-wimbledon-1151,M,2,5,2,Dynamic Model,1,3
2024,2024-wimbledon-1151,M,2,5,3,Dynamic Model,1,2
2024,2024-wimbledon-1151,M,2,5,4,Dynamic Model,1,1
2024,2024-wimbledon-1151,M,2,5,5,Dynamic Model,2,0
2024,2024-wimbledon-1152,M,1,5,1,Cumul. Point Winner,1,4
2024,2024-wimbledon-1152,M,1,5,2,Cumul. Point Winner,2,3
2024,2024-wimbledon-1152,M,1,5,3,Cumul. Point Winner,2,2
2024,2024-wimbledon-1152,M,1,5,4,Cumul. Point Winner,1,1
2024,2024-wimbledon-1152,M,1,5,5,Cumul. Point Winner,1,0
2024,2024-wimbledon-1152,M,1,5,1,Cumul. Game Winner,2,4
2024,2024-wimbledon-1152,M,1,5,2,Cumul. Game Winner,2,3
2024,2024-wimbledon-1152,M,1,5,3,Cumul. Game Winner,2,2
2024,2024-wimbledon-1152,M,1,5,4,Cumul. Game Winner,1,1
2024,2024-wimbledon-1152,M,1,5,5,Cumul. Game Winner,1,0
2024,2024-wimbledon-1152,M,1,5,1,Set Winner,2,4
2024,2024-wimbledon-1152,M,1,5,2,Set Winner,2,3
2024,2024-wimbledon-1152,M,1,5,3,Set Winner,1,2
2024,2024-wimbledon-1152,M,1,5,4,Set Winner,1,1
2024,2024-wimbledon-1152,M,1,5,5,Set Winner,1,0
2024,2024-wimbledon-1152,M,1,5,1,Cumul. Set Winner,2,4
2024,2024-wimbledon-1152,M,1,5,2,Cumul. Set Winner,2,3
2024,2024-wimbledon-1152,M,1,5,3,Cumul. Set Winner,2,2
2024,2024-wimbledon-1152,M,1,5,4,Cumul. Set Winner,2,1
2024,2024-wimbledon-1152,M,1,5,5,Cumul. Set Winner,1,0
2024,2024-wimbledon-1152,M,1,5,1,Cumul. Unf. Error,1,4
2024,2024-wimbledon-1152,M,1,5,2,Cumul. Unf. Error,1,3
2024,2024-wimbledon-1152,M,1,5,3,Cumul. Unf. Error,1,2
2024,2024-wimbledon-1152,M,1,5,4,Cumul. Unf. Error,1,1
2024,2024-wimbledon-1152,M,1,5,5,Cumul. Unf. Error,1,0
2024,2024-wimbledon-1152,M,1,5,1,Dynamic Model,2,4
2024,2024-wimbledon-1152,M,1,5,2,Dynamic Model,2,3
2024,2024-wimbledon-1152,M,1,5,3,Dynamic Model,1,2
2024,2024-wimbledon-1152,M,1,5,4,Dynamic Model,1,1
2024,2024-wimbledon-1152,M,1,5,5,Dynamic Model,1,0
2024,2024-wimbledon-1153,M,2,5,1,Cumul. Point Winner,1,4
2024,2024-wimbledon-1153,M,2,5,2,Cumul. Point Winner,1,3
2024,2024-wimbledon-1153,M,2,5,3,Cumul. Point Winner,1,2
2024,2024-wimbledon-1153,M,2,5,4,Cumul. Point Winner,1,1
2024,2024-wimbledon-1153,M,2,5,5,Cumul. Point Winner,1,0
2024,2024-wimbledon-1153,M,2,5,1,Cumul. Game Winner,1,4
2024,2024-wimbledon-1153,M,2,5,2,Cumul. Game Winner,1,3
2024,2024-wimbledon-1153,M,2,5,3,Cumul. Game Winner,1,2
2024,2024-wimbledon-1153,M,2,5,4,Cumul. Game Winner,1,1
2024,2024-wimbledon-1153,M,2,5,5,Cumul. Game Winner,2,0
2024,2024-wimbledon-1153,M,2,5,1,Set Winner,1,4
2024,2024-wimbledon-1153,M,2,5,2,Set Winner,1,3
2024,2024-wimbledon-1153,M,2,5,3,Set Winner,2,2
2024,2024-wimbledon-1153,M,2,5,4,Set Winner,2,1
2024,2024-wimbledon-1153,M,2,5,5,Set Winner,2,0
2024,2024-wimbledon-1153,M,2,5,1,Cumul. Set Winner,1,4
2024,2024-wimbledon-1153,M,2,5,2,Cumul. Set Winner,1,3
2024,2024-wimbledon-1153,M,2,5,3,Cumul. Set Winner,1,2
2024,2024-wimbledon-1153,M,2,5,4,Cumul. Set Winner,1,1
2024,2024-wimbledon-1153,M,2,5,5,Cumul. Set Winner,2,0
2024,2024-wimbledon-1153,M,2,5,1,Cumul. Unf. Error,2,4
2024,2024-wimbledon-1153,M,2,5,2,Cumul. Unf. Error,1,3
2024,2024-wimbledon-1153,M,2,5,3,Cumul. Unf. Error,2,2
2024,2024-wimbledon-1153,M,2,5,4,Cumul. Unf. Error,2,1
2024,2024-wimbledon-1153,M,2,5,5,Cumul. Unf. Error,2,0
2024,2024-wimbledon-1153,M,2,5,1,Dynamic Model,1,4
2024,2024-wimbledon-1153,M,2,5,2,Dynamic Model,1,3
2024,2024-wimbledon-1153,M,2,5,3,Dynamic Model,1,2
2024,2024-wimbledon-1153,M,2,5,4,Dynamic Model,2,1
2024,2024-wimbledon-1153,M,2,5,5,Dynamic Model,2,0
2024,2024-wimbledon-1154,M,1,5,1,Cumul. Point Winner,2,4
2024,2024-wimbledon-1154,M,1,5,2,Cumul. Point Winner,2,3
2024,2024-wimbledon-1154,M,1,5,3,Cumul. Point Winner,2,2
2024,2024-wimbledon-1154,M,1,5,4,Cumul. Point Winner,2,1
2024,2024-wimbledon-1154,M,1,5,5,Cumul. Point Winner,1,0
2024,2024-wimbledon-1154,M,1,5,1,Cumul. Game Winner,2,4
2024,2024-wimbledon-1154,M,1,5,2,Cumul. Game Winner,2,3
2024,2024-wimbledon-1154,M,1,5,3,Cumul. Game Winner,2,2
2024,2024-wimbledon-1154,M,1,5,4,Cumul. Game Winner,2,1
2024,2024-wimbledon-1154,M,1,5,5,Cumul. Game Winner,1,0
2024,2024-wimbledon-1154,M,1,5,1,Set Winner,2,4
2024,2024-wimbledon-1154,M,1,5,2,Set Winner,1,3
2024,2024-wimbledon-1154,M,1,5,3,Set Winner,2,2
2024,2024-wimbledon-1154,M,1,5,4,Set Winner,1,1
2024,2024-wimbledon-1154,M,1,5,5,Set Winner,1,0
2024,2024-wimbledon-1154,M,1,5,1,Cumul. Set Winner,2,4
2024,2024-wimbledon-1154,M,1,5,2,Cumul. Set Winner,2,3
2024,2024-wimbledon-1154,M,1,5,3,Cumul. Set Winner,2,2
2024,2024-wimbledon-1154,M,1,5,4,Cumul. Set Winner,2,1
2024,2024-wimbledon-1154,M,1,5,5,Cumul. Set Winner,1,0
2024,2024-wimbledon-1154,M,1,5,1,Cumul. Unf. Error,2,4
2024,2024-wimbledon-1154,M,1,5,2,Cumul. Unf. Error,2,3
2024,2024-wimbledon-1154,M,1,5,3,Cumul. Unf. Error,2,2
2024,2024-wimbledon-1154,M,1,5,4,Cumul. Unf. Error,2,1
2024,2024-wimbledon-1154,M,1,5,5,Cumul. Unf. Error,1,0
2024,2024-wimbledon-1154,M,1,5,1,Dynamic Model,2,4
2024,2024-wimbledon-1154,M,1,5,2,Dynamic Model,2,3
2024,2024-wimbledon-1154,M,1,5,3,Dynamic Model,2,2
2024,2024-wimbledon-1154,M,1,5,4,Dynamic Model,2,1
2024,2024-wimbledon-1154,M,1,5,5,Dynamic Model,1,0
2024,2024-wimbledon-1155,M,1,4,1,Cumul. Point Winner,1,3
2024,2024-wimbledon-1155,M,1,4,2,Cumul. Point Winner,1,2
2024,2024-wimbledon-1155,M,1,4,3,Cumul. Point Winner,1,1
2024,2024-wimbledon-1155,M,1,4,4,Cumul. Point Winner,1,0
2024,2024-wimbledon-1155,M,1,4,1,Cumul. Game Winner,1,3
2024,2024-wimbledon-1155,M,1,4,2,Cumul. Game Winner,1,2
2024,2024-wimbledon-1155,M,1,4,3,Cumul. Game Winner,1,1
2024,2024-wimbledon-1155,M,1,4,4,Cumul. Game Winner,1,0
2024,2024-wimbledon-1155,M,1,4,1,Set Winner,1,3
2024,2024-wimbledon-1155,M,1,4,2,Set Winner,1,2
2024,2024-wimbledon-1155,M,1,4,3,Set Winner,2,1
2024,2024-wimbledon-1155,M,1,4,4,Set Winner,1,0
2024,2024-wimbledon-1155,M,1,4,1,Cumul. Set Winner,1,3
2024,2024-wimbledon-1155,M,1,4,2,Cumul. Set Winner,1,2
2024,2024-wimbledon-1155,M,1,4,3,Cumul. Set Winner,1,1
2024,2024-wimbledon-1155,M,1,4,4,Cumul. Set Winner,1,0
2024,2024-wimbledon-1155,M,1,4,1,Cumul. Unf. Error,1,3
2024,2024-wimbledon-1155,M,1,4,2,Cumul. Unf. Error,1,2
2024,2024-wimbledon-1155,M,1,4,3,Cumul. Unf. Error,1,1
2024,2024-wimbledon-1155,M,1,4,4,Cumul. Unf. Error,1,0
2024,2024-wimbledon-1155,M,1,4,1,Dynamic Model,1,3
2024,2024-wimbledon-1155,M,1,4,2,Dynamic Model,1,2
2024,2024-wimbledon-1155,M,1,4,3,Dynamic Model,1,1
2024,2024-wimbledon-1155,M,1,4,4,Dynamic Model,1,0
2024,2024-wimbledon-1156,M,2,3,1,Cumul. Point Winner,2,2
2024,2024-wimbledon-1156,M,2,3,2,Cumul. Point Winner,2,1
2024,2024-wimbledon-1156,M,2,3,3,Cumul. Point Winner,2,0
2024,2024-wimbledon-1156,M,2,3,1,Cumul. Game Winner,2,2
2024,2024-wimbledon-1156,M,2,3,2,Cumul. Game Winner,2,1
2024,2024-wimbledon-1156,M,2,3,3,Cumul. Game Winner,2,0
2024,2024-wimbledon-1156,M,2,3,1,Set Winner,2,2
2024,2024-wimbledon-1156,M,2,3,2,Set Winner,2,1
2024,2024-wimbledon-1156,M,2,3,3,Set Winner,2,0
2024,2024-wimbledon-1156,M,2,3,1,Cumul. Set Winner,2,2
2024,2024-wimbledon-1156,M,2,3,2,Cumul. Set Winner,2,1
2024,2024-wimbledon-1156,M,2,3,3,Cumul. Set Winner,2,0
2024,2024-wimbledon-1156,M,2,3,1,Cumul. Unf. Error,2,2
2024,2024-wimbledon-1156,M,2,3,2,Cumul. Unf. Error,2,1
2024,2024-wimbledon-1156,M,2,3,3,Cumul. Unf. Error,2,0
2024,2024-wimbledon-1156,M,2,3,1,Dynamic Model,2,2
2024,2024-wimbledon-1156,M,2,3,2,Dynamic Model,2,1
2024,2024-wimbledon-1156,M,2,3,3,Dynamic Model,2,0
2024,2024-wimbledon-1157,M,1,3,1,Cumul. Point Winner,1,2
2024,2024-wimbledon-1157,M,1,3,2,Cumul. Point Winner,1,1
2024,2024-wimbledon-1157,M,1,3,3,Cumul. Point Winner,1,0
2024,2024-wimbledon-1157,M,1,3,1,Cumul. Game Winner,1,2
2024,2024-wimbledon-1157,M,1,3,2,Cumul. Game Winner,1,1
2024,2024-wimbledon-1157,M,1,3,3,Cumul. Game Winner,1,0
2024,2024-wimbledon-1157,M,1,3,1,Set Winner,1,2
2024,2024-wimbledon-1157,M,1,3,2,Set Winner,1,1
2024,2024-wimbledon-1157,M,1,3,3,Set Winner,1,0
2024,2024-wimbledon-1157,M,1,3,1,Cumul. Set Winner,1,2
2024,2024-wimbledon-1157,M,1,3,2,Cumul. Set Winner,1,1
2024,2024-wimbledon-1157,M,1,3,3,Cumul. Set Winner,1,0
2024,2024-wimbledon-1157,M,1,3,1,Cumul. Unf. Error,1,2
2024,2024-wimbledon-1157,M,1,3,2,Cumul. Unf. Error,1,1
2024,2024-wimbledon-1157,M,1,3,3,Cumul. Unf. Error,1,0
2024,2024-wimbledon-1157,M,1,3,1,Dynamic Model,1,2
2024,2024-wimbledon-1157,M,1,3,2,Dynamic Model,1,1
2024,2024-wimbledon-1157,M,1,3,3,Dynamic Model,1,0
2024,2024-wimbledon-1158,M,2,5,1,Cumul. Point Winner,1,4
2024,2024-wimbledon-1158,M,2,5,2,Cumul. Point Winner,1,3
2024,2024-wimbledon-1158,M,2,5,3,Cumul. Point Winner,1,2
2024,2024-wimbledon-1158,M,2,5,4,Cumul. Point Winner,1,1
2024,2024-wimbledon-1158,M,2,5,5,Cumul. Point Winner,1,0
2024,2024-wimbledon-1158,M,2,5,1,Cumul. Game Winner,1,4
2024,2024-wimbledon-1158,M,2,5,2,Cumul. Game Winner,1,3
2024,2024-wimbledon-1158,M,2,5,3,Cumul. Game Winner,1,2
2024,2024-wimbledon-1158,M,2,5,4,Cumul. Game Winner,1,1
2024,2024-wimbledon-1158,M,2,5,5,Cumul. Game Winner,1,0
2024,2024-wimbledon-1158,M,2,5,1,Set Winner,1,4
2024,2024-wimbledon-1158,M,2,5,2,Set Winner,1,3
2024,2024-wimbledon-1158,M,2,5,3,Set Winner,2,2
2024,2024-wimbledon-1158,M,2,5,4,Set Winner,2,1
2024,2024-wimbledon-1158,M,2,5,5,Set Winner,2,0
2024,2024-wimbledon-1158,M,2,5,1,Cumul. Set Winner,1,4
2024,2024-wimbledon-1158,M,2,5,2,Cumul. Set Winner,1,3
2024,2024-wimbledon-1158,M,2,5,3,Cumul. Set Winner,1,2
2024,2024-wimbledon-1158,M,2,5,4,Cumul. Set Winner,1,1
2024,2024-wimbledon-1158,M,2,5,5,Cumul. Set Winner,2,0
2024,2024-wimbledon-1158,M,2,5,1,Cumul. Unf. Error,1,4
2024,2024-wimbledon-1158,M,2,5,2,Cumul. Unf. Error,1,3
2024,2024-wimbledon-1158,M,2,5,3,Cumul. Unf. Error,1,2
2024,2024-wimbledon-1158,M,2,5,4,Cumul. Unf. Error,1,1
2024,2024-wimbledon-1158,M,2,5,5,Cumul. Unf. Error,2,0
2024,2024-wimbledon-1158,M,2,5,1,Dynamic Model,1,4
2024,2024-wimbledon-1158,M,2,5,2,Dynamic Model,1,3
2024,2024-wimbledon-1158,M,2,5,3,Dynamic Model,1,2
2024,2024-wimbledon-1158,M,2,5,4,Dynamic Model,1,1
2024,2024-wimbledon-1158,M,2,5,5,Dynamic Model,2,0
2024,2024-wimbledon-1159,M,1,3,1,Cumul. Point Winner,1,2
2024,2024-wimbledon-1159,M,1,3,2,Cumul. Point Winner,1,1
2024,2024-wimbledon-1159,M,1,3,3,Cumul. Point Winner,1,0
2024,2024-wimbledon-1159,M,1,3,1,Cumul. Game Winner,1,2
2024,2024-wimbledon-1159,M,1,3,2,Cumul. Game Winner,1,1
2024,2024-wimbledon-1159,M,1,3,3,Cumul. Game Winner,1,0
2024,2024-wimbledon-1159,M,1,3,1,Set Winner,1,2
2024,2024-wimbledon-1159,M,1,3,2,Set Winner,1,1
2024,2024-wimbledon-1159,M,1,3,3,Set Winner,1,0
2024,2024-wimbledon-1159,M,1,3,1,Cumul. Set Winner,1,2
2024,2024-wimbledon-1159,M,1,3,2,Cumul. Set Winner,1,1
2024,2024-wimbledon-1159,M,1,3,3,Cumul. Set Winner,1,0
2024,2024-wimbledon-1159,M,1,3,1,Cumul. Unf. Error,2,2
2024,2024-wimbledon-1159,M,1,3,2,Cumul. Unf. Error,2,1
2024,2024-wimbledon-1159,M,1,3,3,Cumul. Unf. Error,1,0
2024,2024-wimbledon-1159,M,1,3,1,Dynamic Model,1,2
2024,2024-wimbledon-1159,M,1,3,2,Dynamic Model,1,1
2024,2024-wimbledon-1159,M,1,3,3,Dynamic Model,1,0
2024,2024-wimbledon-1160,M,2,4,1,Cumul. Point Winner,2,3
2024,2024-wimbledon-1160,M,2,4,2,Cumul. Point Winner,2,2
2024,2024-wimbledon-1160,M,2,4,3,Cumul. Point Winner,2,1
2024,2024-wimbledon-1160,M,2,4,4,Cumul. Point Winner,2,0
2024,2024-wimbledon-1160,M,2,4,1,Cumul. Game Winner,2,3
2024,2024-wimbledon-1160,M,2,4,2,Cumul. Game Winner,2,2
2024,2024-wimbledon-1160,M,2,4,3,Cumul. Game Winner,2,1
2024,2024-wimbledon-1160,M,2,4,4,Cumul. Game Winner,2,0
2024,2024-wimbledon-1160,M,2,4,1,Set Winner,2,3
2024,2024-wimbledon-1160,M,2,4,2,Set Winner,1,2
2024,2024-wimbledon-1160,M,2,4,3,Set Winner,2,1
2024,2024-wimbledon-1160,M,2,4,4,Set Winner,2,0
2024,2024-wimbledon-1160,M,2,4,1,Cumul. Set Winner,2,3
2024,2024-wimbledon-1160,M,2,4,2,Cumul. Set Winner,2,2
2024,2024-wimbledon-1160,M,2,4,3,Cumul. Set Winner,2,1
2024,2024-wimbledon-1160,M,2,4,4,Cumul. Set Winner,2,0
2024,2024-wimbledon-1160,M,2,4,1,Cumul. Unf. Error,2,3
2024,2024-wimbledon-1160,M,2,4,2,Cumul. Unf. Error,2,2
2024,2024-wimbledon-1160,M,2,4,3,Cumul. Unf. Error,2,1
2024,2024-wimbledon-1160,M,2,4,4,Cumul. Unf. Error,2,0
2024,2024-wimbledon-1160,M,2,4,1,Dynamic Model,2,3
2024,2024-wimbledon-1160,M,2,4,2,Dynamic Model,2,2
2024,2024-wimbledon-1160,M,2,4,3,Dynamic Model,2,1
2024,2024-wimbledon-1160,M,2,4,4,Dynamic Model,2,0
2024,2024-wimbledon-1161,M,1,3,1,Cumul. Point Winner,1,2
2024,2024-wimbledon-1161,M,1,3,2,Cumul. Point Winner,1,1
2024,2024-wimbledon-1161,M,1,3,3,Cumul. Point Winner,1,0
2024,2024-wimbledon-1161,M,1,3,1,Cumul. Game Winner,1,2
2024,2024-wimbledon-1161,M,1,3,2,Cumul. Game Winner,1,1
2024,2024-wimbledon-1161,M,1,3,3,Cumul. Game Winner,1,0
2024,2024-wimbledon-1161,M,1,3,1,Set Winner,1,2
2024,2024-wimbledon-1161,M,1,3,2,Set Winner,1,1
2024,2024-wimbledon-1161,M,1,3,3,Set Winner,1,0
2024,2024-wimbledon-1161,M,1,3,1,Cumul. Set Winner,1,2
2024,2024-wimbledon-1161,M,1,3,2,Cumul. Set Winner,1,1
2024,2024-wimbledon-1161,M,1,3,3,Cumul. Set Winner,1,0
2024,2024-wimbledon-1161,M,1,3,1,Cumul. Unf. Error,1,2
2024,2024-wimbledon-1161,M,1,3,2,Cumul. Unf. Error,1,1
2024,2024-wimbledon-1161,M,1,3,3,Cumul. Unf. Error,1,0
2024,2024-wimbledon-1161,M,1,3,1,Dynamic Model,1,2
2024,2024-wimbledon-1161,M,1,3,2,Dynamic Model,1,1
2024,2024-wimbledon-1161,M,1,3,3,Dynamic Model,1,0
2024,2024-wimbledon-1162,M,1,4,1,Cumul. Point Winner,1,3
2024,2024-wimbledon-1162,M,1,4,2,Cumul. Point Winner,1,2
2024,2024-wimbledon-1162,M,1,4,3,Cumul. Point Winner,1,1
2024,2024-wimbledon-1162,M,1,4,4,Cumul. Point Winner,1,0
2024,2024-wimbledon-1162,M,1,4,1,Cumul. Game Winner,1,3
2024,2024-wimbledon-1162,M,1,4,2,Cumul. Game Winner,1,2
2024,2024-wimbledon-1162,M,1,4,3,Cumul. Game Winner,1,1
2024,2024-wimbledon-1162,M,1,4,4,Cumul. Game Winner,1,0
2024,2024-wimbledon-1162,M,1,4,1,Set Winner,1,3
2024,2024-wimbledon-1162,M,1,4,2,Set Winner,2,2
2024,2024-wimbledon-1162,M,1,4,3,Set Winner,1,1
2024,2024-wimbledon-1162,M,1,4,4,Set Winner,1,0
2024,2024-wimbledon-1162,M,1,4,1,Cumul. Set Winner,1,3
2024,2024-wimbledon-1162,M,1,4,2,Cumul. Set Winner,1,2
2024,2024-wimbledon-1162,M,1,4,3,Cumul. Set Winner,1,1
2024,2024-wimbledon-1162,M,1,4,4,Cumul. Set Winner,1,0
2024,2024-wimbledon-1162,M,1,4,1,Cumul. Unf. Error,1,3
2024,2024-wimbledon-1162,M,1,4,2,Cumul. Unf. Error,1,2
2024,2024-wimbledon-1162,M,1,4,3,Cumul. Unf. Error,2,1
2024,2024-wimbledon-1162,M,1,4,4,Cumul. Unf. Error,2,0
2024,2024-wimbledon-1162,M,1,4,1,Dynamic Model,1,3
2024,2024-wimbledon-1162,M,1,4,2,Dynamic Model,1,2
2024,2024-wimbledon-1162,M,1,4,3,Dynamic Model,1,1
2024,2024-wimbledon-1162,M,1,4,4,Dynamic Model,1,0
2024,2024-wimbledon-1163,M,1,3,1,Cumul. Point Winner,1,2
2024,2024-wimbledon-1163,M,1,3,2,Cumul. Point Winner,1,1
2024,2024-wimbledon-1163,M,1,3,3,Cumul. Point Winner,1,0
2024,2024-wimbledon-1163,M,1,3,1,Cumul. Game Winner,1,2
2024,2024-wimbledon-1163,M,1,3,2,Cumul. Game Winner,1,1
2024,2024-wimbledon-1163,M,1,3,3,Cumul. Game Winner,1,0
2024,2024-wimbledon-1163,M,1,3,1,Set Winner,1,2
2024,2024-wimbledon-1163,M,1,3,2,Set Winner,1,1
2024,2024-wimbledon-1163,M,1,3,3,Set Winner,1,0
2024,2024-wimbledon-1163,M,1,3,1,Cumul. Set Winner,1,2
2024,2024-wimbledon-1163,M,1,3,2,Cumul. Set Winner,1,1
2024,2024-wimbledon-1163,M,1,3,3,Cumul. Set Winner,1,0
2024,2024-wimbledon-1163,M,1,3,1,Cumul. Unf. Error,1,2
2024,2024-wimbledon-1163,M,1,3,2,Cumul. Unf. Error,1,1
2024,2024-wimbledon-1163,M,1,3,3,Cumul. Unf. Error,1,0
2024,2024-wimbledon-1163,M,1,3,1,Dynamic Model,1,2
2024,2024-wimbledon-1163,M,1,3,2,Dynamic Model,1,1
2024,2024-wimbledon-1163,M,1,3,3,Dynamic Model,1,0
2024,2024-wimbledon-1164,M,2,3,1,Cumul. Point Winner,2,2
2024,2024-wimbledon-1164,M,2,3,2,Cumul. Point Winner,2,1
2024,2024-wimbledon-1164,M,2,3,3,Cumul. Point Winner,2,0
2024,2024-wimbledon-1164,M,2,3,1,Cumul. Game Winner,2,2
2024,2024-wimbledon-1164,M,2,3,2,Cumul. Game Winner,2,1
2024,2024-wimbledon-1164,M,2,3,3,Cumul. Game Winner,2,0
2024,2024-wimbledon-1164,M,2,3,1,Set Winner,2,2
2024,2024-wimbledon-1164,M,2,3,2,Set Winner,2,1
2024,2024-wimbledon-1164,M,2,3,3,Set Winner,2,0
2024,2024-wimbledon-1164,M,2,3,1,Cumul. Set Winner,2,2
2024,2024-wimbledon-1164,M,2,3,2,Cumul. Set Winner,2,1
2024,2024-wimbledon-1164,M,2,3,3,Cumul. Set Winner,2,0
2024,2024-wimbledon-1164,M,2,3,1,Cumul. Unf. Error,2,2
2024,2024-wimbledon-1164,M,2,3,2,Cumul. Unf. Error,2,1
2024,2024-wimbledon-1164,M,2,3,3,Cumul. Unf. Error,2,0
2024,2024-wimbledon-1164,M,2,3,1,Dynamic Model,2,2
2024,2024-wimbledon-1164,M,2,3,2,Dynamic Model,2,1
2024,2024-wimbledon-1164,M,2,3,3,Dynamic Model,2,0
2024,2024-wimbledon-1201,M,1,4,1,Cumul. Point Winner,1,3
2024,2024-wimbledon-1201,M,1,4,2,Cumul. Point Winner,1,2
2024,2024-wimbledon-1201,M,1,4,3,Cumul. Point Winner,1,1
2024,2024-wimbledon-1201,M,1,4,4,Cumul. Point Winner,1,0
2024,2024-wimbledon-1201,M,1,4,1,Cumul. Game Winner,1,3
2024,2024-wimbledon-1201,M,1,4,2,Cumul. Game Winner,1,2
2024,2024-wimbledon-1201,M,1,4,3,Cumul. Game Winner,2,1
2024,2024-wimbledon-1201,M,1,4,4,Cumul. Game Winner,2,0
2024,2024-wimbledon-1201,M,1,4,1,Set Winner,1,3
2024,2024-wimbledon-1201,M,1,4,2,Set Winner,1,2
2024,2024-wimbledon-1201,M,1,4,3,Set Winner,2,1
2024,2024-wimbledon-1201,M,1,4,4,Set Winner,1,0
2024,2024-wimbledon-1201,M,1,4,1,Cumul. Set Winner,1,3
2024,2024-wimbledon-1201,M,1,4,2,Cumul. Set Winner,1,2
2024,2024-wimbledon-1201,M,1,4,3,Cumul. Set Winner,1,1
2024,2024-wimbledon-1201,M,1,4,4,Cumul. Set Winner,1,0
2024,2024-wimbledon-1201,M,1,4,1,Cumul. Unf. Error,1,3
2024,2024-wimbledon-1201,M,1,4,2,Cumul. Unf. Error,1,2
2024,2024-wimbledon-1201,M,1,4,3,Cumul. Unf. Error,1,1
2024,2024-wimbledon-1201,M,1,4,4,Cumul. Unf. Error,1,0
2024,2024-wimbledon-1201,M,1,4,1,Dynamic Model,1,3
2024,2024-wimbledon-1201,M,1,4,2,Dynamic Model,1,2
2024,2024-wimbledon-1201,M,1,4,3,Dynamic Model,1,1
2024,2024-wimbledon-1201,M,1,4,4,Dynamic Model,1,0
2024,2024-wimbledon-1202,M,1,5,1,Cumul. Point Winner,2,4
2024,2024-wimbledon-1202,M,1,5,2,Cumul. Point Winner,1,3
2024,2024-wimbledon-1202,M,1,5,3,Cumul. Point Winner,2,2
2024,2024-wimbledon-1202,M,1,5,4,Cumul. Point Winner,1,1
2024,2024-wimbledon-1202,M,1,5,5,Cumul. Point Winner,1,0
2024,2024-wimbledon-1202,M,1,5,1,Cumul. Game Winner,2,4
2024,2024-wimbledon-1202,M,1,5,2,Cumul. Game Winner,2,3
2024,2024-wimbledon-1202,M,1,5,3,Cumul. Game Winner,2,2
2024,2024-wimbledon-1202,M,1,5,4,Cumul. Game Winner,2,1
2024,2024-wimbledon-1202,M,1,5,5,Cumul. Game Winner,1,0
2024,2024-wimbledon-1202,M,1,5,1,Set Winner,2,4
2024,2024-wimbledon-1202,M,1,5,2,Set Winner,1,3
2024,2024-wimbledon-1202,M,1,5,3,Set Winner,2,2
2024,2024-wimbledon-1202,M,1,5,4,Set Winner,1,1
2024,2024-wimbledon-1202,M,1,5,5,Set Winner,1,0
2024,2024-wimbledon-1202,M,1,5,1,Cumul. Set Winner,2,4
2024,2024-wimbledon-1202,M,1,5,2,Cumul. Set Winner,2,3
2024,2024-wimbledon-1202,M,1,5,3,Cumul. Set Winner,2,2
2024,2024-wimbledon-1202,M,1,5,4,Cumul. Set Winner,2,1
2024,2024-wimbledon-1202,M,1,5,5,Cumul. Set Winner,1,0
2024,2024-wimbledon-1202,M,1,5,1,Cumul. Unf. Error,2,4
2024,2024-wimbledon-1202,M,1,5,2,Cumul. Unf. Error,1,3
2024,2024-wimbledon-1202,M,1,5,3,Cumul. Unf. Error,1,2
2024,2024-wimbledon-1202,M,1,5,4,Cumul. Unf. Error,1,1
2024,2024-wimbledon-1202,M,1,5,5,Cumul. Unf. Error,1,0
2024,2024-wimbledon-1202,M,1,5,1,Dynamic Model,2,4
2024,2024-wimbledon-1202,M,1,5,2,Dynamic Model,1,3
2024,2024-wimbledon-1202,M,1,5,3,Dynamic Model,2,2
2024,2024-wimbledon-1202,M,1,5,4,Dynamic Model,1,1
2024,2024-wimbledon-1202,M,1,5,5,Dynamic Model,1,0
2024,2024-wimbledon-1203,M,1,5,1,Cumul. Point Winner,1,4
2024,2024-wimbledon-1203,M,1,5,2,Cumul. Point Winner,1,3
2024,2024-wimbledon-1203,M,1,5,3,Cumul. Point Winner,2,2
2024,2024-wimbledon-1203,M,1,5,4,Cumul. Point Winner,2,1
2024,2024-wimbledon-1203,M,1,5,5,Cumul. Point Winner,2,0
2024,2024-wimbledon-1203,M,1,5,1,Cumul. Game Winner,1,4
2024,2024-wimbledon-1203,M,1,5,2,Cumul. Game Winner,1,3
2024,2024-wimbledon-1203,M,1,5,3,Cumul. Game Winner,2,2
2024,2024-wimbledon-1203,M,1,5,4,Cumul. Game Winner,2,1
2024,2024-wimbledon-1203,M,1,5,5,Cumul. Game Winner,2,0
2024,2024-wimbledon-1203,M,1,5,1,Set Winner,1,4
2024,2024-wimbledon-1203,M,1,5,2,Set Winner,1,3
2024,2024-wimbledon-1203,M,1,5,3,Set Winner,2,2
2024,2024-wimbledon-1203,M,1,5,4,Set Winner,2,1
2024,2024-wimbledon-1203,M,1,5,5,Set Winner,1,0
2024,2024-wimbledon-1203,M,1,5,1,Cumul. Set Winner,1,4
2024,2024-wimbledon-1203,M,1,5,2,Cumul. Set Winner,1,3
2024,2024-wimbledon-1203,M,1,5,3,Cumul. Set Winner,1,2
2024,2024-wimbledon-1203,M,1,5,4,Cumul. Set Winner,1,1
2024,2024-wimbledon-1203,M,1,5,5,Cumul. Set Winner,1,0
2024,2024-wimbledon-1203,M,1,5,1,Cumul. Unf. Error,2,4
2024,2024-wimbledon-1203,M,1,5,2,Cumul. Unf. Error,2,3
2024,2024-wimbledon-1203,M,1,5,3,Cumul. Unf. Error,2,2
2024,2024-wimbledon-1203,M,1,5,4,Cumul. Unf. Error,2,1
2024,2024-wimbledon-1203,M,1,5,5,Cumul. Unf. Error,2,0
2024,2024-wimbledon-1203,M,1,5,1,Dynamic Model,1,4
2024,2024-wimbledon-1203,M,1,5,2,Dynamic Model,1,3
2024,2024-wimbledon-1203,M,1,5,3,Dynamic Model,2,2
2024,2024-wimbledon-1203,M,1,5,4,Dynamic Model,2,1
2024,2024-wimbledon-1203,M,1,5,5,Dynamic Model,2,0
2024,2024-wimbledon-1204,M,2,5,1,Cumul. Point Winner,1,4
2024,2024-wimbledon-1204,M,2,5,2,Cumul. Point Winner,1,3
2024,2024-wimbledon-1204,M,2,5,3,Cumul. Point Winner,1,2
2024,2024-wimbledon-1204,M,2,5,4,Cumul. Point Winner,2,1
2024,2024-wimbledon-1204,M,2,5,5,Cumul. Point Winner,2,0
2024,2024-wimbledon-1204,M,2,5,1,Cumul. Game Winner,1,4
2024,2024-wimbledon-1204,M,2,5,2,Cumul. Game Winner,1,3
2024,2024-wimbledon-1204,M,2,5,3,Cumul. Game Winner,1,2
2024,2024-wimbledon-1204,M,2,5,4,Cumul. Game Winner,2,1
2024,2024-wimbledon-1204,M,2,5,5,Cumul. Game Winner,2,0
2024,2024-wimbledon-1204,M,2,5,1,Set Winner,1,4
2024,2024-wimbledon-1204,M,2,5,2,Set Winner,2,3
2024,2024-wimbledon-1204,M,2,5,3,Set Winner,1,2
2024,2024-wimbledon-1204,M,2,5,4,Set Winner,2,1
2024,2024-wimbledon-1204,M,2,5,5,Set Winner,2,0
2024,2024-wimbledon-1204,M,2,5,1,Cumul. Set Winner,1,4
2024,2024-wimbledon-1204,M,2,5,2,Cumul. Set Winner,1,3
2024,2024-wimbledon-1204,M,2,5,3,Cumul. Set Winner,1,2
2024,2024-wimbledon-1204,M,2,5,4,Cumul. Set Winner,1,1
2024,2024-wimbledon-1204,M,2,5,5,Cumul. Set Winner,2,0
2024,2024-wimbledon-1204,M,2,5,1,Cumul. Unf. Error,1,4
2024,2024-wimbledon-1204,M,2,5,2,Cumul. Unf. Error,1,3
2024,2024-wimbledon-1204,M,2,5,3,Cumul. Unf. Error,1,2
2024,2024-wimbledon-1204,M,2,5,4,Cumul. Unf. Error,1,1
2024,2024-wimbledon-1204,M,2,5,5,Cumul. Unf. Error,1,0
2024,2024-wimbledon-1204,M,2,5,1,Dynamic Model,1,4
2024,2024-wimbledon-1204,M,2,5,2,Dynamic Model,1,3
2024,2024-wimbledon-1204,M,2,5,3,Dynamic Model,1,2
2024,2024-wimbledon-1204,M,2,5,4,Dynamic Model,1,1
2024,2024-wimbledon-1204,M,2,5,5,Dynamic Model,2,0
2024,2024-wimbledon-1205,M,1,5,1,Cumul. Point Winner,2,4
2024,2024-wimbledon-1205,M,1,5,2,Cumul. Point Winner,2,3
2024,2024-wimbledon-1205,M,1,5,3,Cumul. Point Winner,2,2
2024,2024-wimbledon-1205,M,1,5,4,Cumul. Point Winner,1,1
2024,2024-wimbledon-1205,M,1,5,5,Cumul. Point Winner,1,0
2024,2024-wimbledon-1205,M,1,5,1,Cumul. Game Winner,2,4
2024,2024-wimbledon-1205,M,1,5,2,Cumul. Game Winner,2,3
2024,2024-wimbledon-1205,M,1,5,3,Cumul. Game Winner,2,2
2024,2024-wimbledon-1205,M,1,5,4,Cumul. Game Winner,1,1
2024,2024-wimbledon-1205,M,1,5,5,Cumul. Game Winner,1,0
2024,2024-wimbledon-1205,M,1,5,1,Set Winner,2,4
2024,2024-wimbledon-1205,M,1,5,2,Set Winner,2,3
2024,2024-wimbledon-1205,M,1,5,3,Set Winner,1,2
2024,2024-wimbledon-1205,M,1,5,4,Set Winner,1,1
2024,2024-wimbledon-1205,M,1,5,5,Set Winner,1,0
2024,2024-wimbledon-1205,M,1,5,1,Cumul. Set Winner,2,4
2024,2024-wimbledon-1205,M,1,5,2,Cumul. Set Winner,2,3
2024,2024-wimbledon-1205,M,1,5,3,Cumul. Set Winner,2,2
2024,2024-wimbledon-1205,M,1,5,4,Cumul. Set Winner,2,1
2024,2024-wimbledon-1205,M,1,5,5,Cumul. Set Winner,1,0
2024,2024-wimbledon-1205,M,1,5,1,Cumul. Unf. Error,1,4
2024,2024-wimbledon-1205,M,1,5,2,Cumul. Unf. Error,2,3
2024,2024-wimbledon-1205,M,1,5,3,Cumul. Unf. Error,2,2
2024,2024-wimbledon-1205,M,1,5,4,Cumul. Unf. Error,1,1
2024,2024-wimbledon-1205,M,1,5,5,Cumul. Unf. Error,1,0
2024,2024-wimbledon-1205,M,1,5,1,Dynamic Model,2,4
2024,2024-wimbledon-1205,M,1,5,2,Dynamic Model,2,3
2024,2024-wimbledon-1205,M,1,5,3,Dynamic Model,2,2
2024,2024-wimbledon-1205,M,1,5,4,Dynamic Model,1,1
2024,2024-wimbledon-1205,M,1,5,5,Dynamic Model,1,0
2024,2024-wimbledon-1206,M,2,3,1,Cumul. Point Winner,2,2
2024,2024-wimbledon-1206,M,2,3,2,Cumul. Point Winner,2,1
2024,2024-wimbledon-1206,M,2,3,3,Cumul. Point Winner,2,0
2024,2024-wimbledon-1206,M,2,3,1,Cumul. Game Winner,2,2
2024,2024-wimbledon-1206,M,2,3,2,Cumul. Game Winner,2,1
2024,2024-wimbledon-1206,M,2,3,3,Cumul. Game Winner,2,0
2024,2024-wimbledon-1206,M,2,3,1,Set Winner,2,2
2024,2024-wimbledon-1206,M,2,3,2,Set Winner,2,1
2024,2024-wimbledon-1206,M,2,3,3,Set Winner,2,0
2024,2024-wimbledon-1206,M,2,3,1,Cumul. Set Winner,2,2
2024,2024-wimbledon-1206,M,2,3,2,Cumul. Set Winner,2,1
2024,2024-wimbledon-1206,M,2,3,3,Cumul. Set Winner,2,0
2024,2024-wimbledon-1206,M,2,3,1,Cumul. Unf. Error,2,2
2024,2024-wimbledon-1206,M,2,3,2,Cumul. Unf. Error,2,1
2024,2024-wimbledon-1206,M,2,3,3,Cumul. Unf. Error,2,0
2024,2024-wimbledon-1206,M,2,3,1,Dynamic Model,2,2
2024,2024-wimbledon-1206,M,2,3,2,Dynamic Model,2,1
2024,2024-wimbledon-1206,M,2,3,3,Dynamic Model,2,0
2024,2024-wimbledon-1207,M,2,4,1,Cumul. Point Winner,1,3
2024,2024-wimbledon-1207,M,2,4,2,Cumul. Point Winner,2,2
2024,2024-wimbledon-1207,M,2,4,3,Cumul. Point Winner,2,1
2024,2024-wimbledon-1207,M,2,4,4,Cumul. Point Winner,2,0
2024,2024-wimbledon-1207,M,2,4,1,Cumul. Game Winner,1,3
2024,2024-wimbledon-1207,M,2,4,2,Cumul. Game Winner,2,2
2024,2024-wimbledon-1207,M,2,4,3,Cumul. Game Winner,2,1
2024,2024-wimbledon-1207,M,2,4,4,Cumul. Game Winner,2,0
2024,2024-wimbledon-1207,M,2,4,1,Set Winner,1,3
2024,2024-wimbledon-1207,M,2,4,2,Set Winner,2,2
2024,2024-wimbledon-1207,M,2,4,3,Set Winner,2,1
2024,2024-wimbledon-1207,M,2,4,4,Set Winner,2,0
2024,2024-wimbledon-1207,M,2,4,1,Cumul. Set Winner,1,3
2024,2024-wimbledon-1207,M,2,4,2,Cumul. Set Winner,1,2
2024,2024-wimbledon-1207,M,2,4,3,Cumul. Set Winner,2,1
2024,2024-wimbledon-1207,M,2,4,4,Cumul. Set Winner,2,0
2024,2024-wimbledon-1207,M,2,4,1,Cumul. Unf. Error,1,3
2024,2024-wimbledon-1207,M,2,4,2,Cumul. Unf. Error,1,2
2024,2024-wimbledon-1207,M,2,4,3,Cumul. Unf. Error,1,1
2024,2024-wimbledon-1207,M,2,4,4,Cumul. Unf. Error,1,0
2024,2024-wimbledon-1207,M,2,4,1,Dynamic Model,1,3
2024,2024-wimbledon-1207,M,2,4,2,Dynamic Model,2,2
2024,2024-wimbledon-1207,M,2,4,3,Dynamic Model,2,1
2024,2024-wimbledon-1207,M,2,4,4,Dynamic Model,2,0
2024,2024-wimbledon-1208,M,2,4,1,Cumul. Point Winner,1,3
2024,2024-wimbledon-1208,M,2,4,2,Cumul. Point Winner,2,2
2024,2024-wimbledon-1208,M,2,4,3,Cumul. Point Winner,2,1
2024,2024-wimbledon-1208,M,2,4,4,Cumul. Point Winner,2,0
2024,2024-wimbledon-1208,M,2,4,1,Cumul. Game Winner,1,3
2024,2024-wimbledon-1208,M,2,4,2,Cumul. Game Winner,1,2
2024,2024-wimbledon-1208,M,2,4,3,Cumul. Game Winner,2,1
2024,2024-wimbledon-1208,M,2,4,4,Cumul. Game Winner,2,0
2024,2024-wimbledon-1208,M,2,4,1,Set Winner,1,3
2024,2024-wimbledon-1208,M,2,4,2,Set Winner,2,2
2024,2024-wimbledon-1208,M,2,4,3,Set Winner,2,1
2024,2024-wimbledon-1208,M,2,4,4,Set Winner,2,0
2024,2024-wimbledon-1208,M,2,4,1,Cumul. Set Winner,1,3
2024,2024-wimbledon-1208,M,2,4,2,Cumul. Set Winner,1,2
2024,2024-wimbledon-1208,M,2,4,3,Cumul. Set Winner,2,1
2024,2024-wimbledon-1208,M,2,4,4,Cumul. Set Winner,2,0
2024,2024-wimbledon-1208,M,2,4,1,Cumul. Unf. Error,2,3
2024,2024-wimbledon-1208,M,2,4,2,Cumul. Unf. Error,2,2
2024,2024-wimbledon-1208,M,2,4,3,Cumul. Unf. Error,2,1
2024,2024-wimbledon-1208,M,2,4,4,Cumul. Unf. Error,2,0
2024,2024-wimbledon-1208,M,2,4,1,Dynamic Model,1,3
2024,2024-wimbledon-1208,M,2,4,2,Dynamic Model,2,2
2024,2024-wimbledon-1208,M,2,4,3,Dynamic Model,2,1
2024,2024-wimbledon-1208,M,2,4,4,Dynamic Model,2,0
2024,2024-wimbledon-1209,M,1,3,1,Cumul. Point Winner,1,2
2024,2024-wimbledon-1209,M,1,3,2,Cumul. Point Winner,1,1
2024,2024-wimbledon-1209,M,1,3,3,Cumul. Point Winner,1,0
2024,2024-wimbledon-1209,M,1,3,1,Cumul. Game Winner,1,2
2024,2024-wimbledon-1209,M,1,3,2,Cumul. Game Winner,1,1
2024,2024-wimbledon-1209,M,1,3,3,Cumul. Game Winner,1,0
2024,2024-wimbledon-1209,M,1,3,1,Set Winner,1,2
2024,2024-wimbledon-1209,M,1,3,2,Set Winner,1,1
2024,2024-wimbledon-1209,M,1,3,3,Set Winner,1,0
2024,2024-wimbledon-1209,M,1,3,1,Cumul. Set Winner,1,2
2024,2024-wimbledon-1209,M,1,3,2,Cumul. Set Winner,1,1
2024,2024-wimbledon-1209,M,1,3,3,Cumul. Set Winner,1,0
2024,2024-wimbledon-1209,M,1,3,1,Cumul. Unf. Error,1,2
2024,2024-wimbledon-1209,M,1,3,2,Cumul. Unf. Error,1,1
2024,2024-wimbledon-1209,M,1,3,3,Cumul. Unf. Error,1,0
2024,2024-wimbledon-1209,M,1,3,1,Dynamic Model,1,2
2024,2024-wimbledon-1209,M,1,3,2,Dynamic Model,1,1
2024,2024-wimbledon-1209,M,1,3,3,Dynamic Model,1,0
2024,2024-wimbledon-1210,M,2,3,1,Cumul. Point Winner,2,2
2024,2024-wimbledon-1210,M,2,3,2,Cumul. Point Winner,2,1
2024,2024-wimbledon-1210,M,2,3,3,Cumul. Point Winner,2,0
2024,2024-wimbledon-1210,M,2,3,1,Cumul. Game Winner,2,2
2024,2024-wimbledon-1210,M,2,3,2,Cumul. Game Winner,2,1
2024,2024-wimbledon-1210,M,2,3,3,Cumul. Game Winner,2,0
2024,2024-wimbledon-1210,M,2,3,1,Set Winner,2,2
2024,2024-wimbledon-1210,M,2,3,2,Set Winner,2,1
2024,2024-wimbledon-1210,M,2,3,3,Set Winner,2,0
2024,2024-wimbledon-1210,M,2,3,1,Cumul. Set Winner,2,2
2024,2024-wimbledon-1210,M,2,3,2,Cumul. Set Winner,2,1
2024,2024-wimbledon-1210,M,2,3,3,Cumul. Set Winner,2,0
2024,2024-wimbledon-1210,M,2,3,1,Cumul. Unf. Error,2,2
2024,2024-wimbledon-1210,M,2,3,2,Cumul. Unf. Error,2,1
2024,2024-wimbledon-1210,M,2,3,3,Cumul. Unf. Error,2,0
2024,2024-wimbledon-1210,M,2,3,1,Dynamic Model,2,2
2024,2024-wimbledon-1210,M,2,3,2,Dynamic Model,2,1
2024,2024-wimbledon-1210,M,2,3,3,Dynamic Model,2,0
2024,2024-wimbledon-1211,M,1,3,1,Cumul. Point Winner,1,2
2024,2024-wimbledon-1211,M,1,3,2,Cumul. Point Winner,1,1
2024,2024-wimbledon-1211,M,1,3,3,Cumul. Point Winner,1,0
2024,2024-wimbledon-1211,M,1,3,1,Cumul. Game Winner,1,2
2024,2024-wimbledon-1211,M,1,3,2,Cumul. Game Winner,1,1
2024,2024-wimbledon-1211,M,1,3,3,Cumul. Game Winner,1,0
2024,2024-wimbledon-1211,M,1,3,1,Set Winner,1,2
2024,2024-wimbledon-1211,M,1,3,2,Set Winner,1,1
2024,2024-wimbledon-1211,M,1,3,3,Set Winner,1,0
2024,2024-wimbledon-1211,M,1,3,1,Cumul. Set Winner,1,2
2024,2024-wimbledon-1211,M,1,3,2,Cumul. Set Winner,1,1
2024,2024-wimbledon-1211,M,1,3,3,Cumul. Set Winner,1,0
2024,2024-wimbledon-1211,M,1,3,1,Cumul. Unf. Error,1,2
2024,2024-wimbledon-1211,M,1,3,2,Cumul. Unf. Error,1,1
2024,2024-wimbledon-1211,M,1,3,3,Cumul. Unf. Error,1,0
2024,2024-wimbledon-1211,M,1,3,1,Dynamic Model,1,2
2024,2024-wimbledon-1211,M,1,3,2,Dynamic Model,1,1
2024,2024-wimbledon-1211,M,1,3,3,Dynamic Model,1,0
2024,2024-wimbledon-1212,M,2,3,1,Cumul. Point Winner,2,2
2024,2024-wimbledon-1212,M,2,3,2,Cumul. Point Winner,2,1
2024,2024-wimbledon-1212,M,2,3,3,Cumul. Point Winner,2,0
2024,2024-wimbledon-1212,M,2,3,1,Cumul. Game Winner,2,2
2024,2024-wimbledon-1212,M,2,3,2,Cumul. Game Winner,2,1
2024,2024-wimbledon-1212,M,2,3,3,Cumul. Game Winner,2,0
2024,2024-wimbledon-1212,M,2,3,1,Set Winner,2,2
2024,2024-wimbledon-1212,M,2,3,2,Set Winner,2,1
2024,2024-wimbledon-1212,M,2,3,3,Set Winner,2,0
2024,2024-wimbledon-1212,M,2,3,1,Cumul. Set Winner,2,2
2024,2024-wimbledon-1212,M,2,3,2,Cumul. Set Winner,2,1
2024,2024-wimbledon-1212,M,2,3,3,Cumul. Set Winner,2,0
2024,2024-wimbledon-1212,M,2,3,1,Cumul. Unf. Error,2,2
2024,2024-wimbledon-1212,M,2,3,2,Cumul. Unf. Error,2,1
2024,2024-wimbledon-1212,M,2,3,3,Cumul. Unf. Error,2,0
2024,2024-wimbledon-1212,M,2,3,1,Dynamic Model,2,2
2024,2024-wimbledon-1212,M,2,3,2,Dynamic Model,2,1
2024,2024-wimbledon-1212,M,2,3,3,Dynamic Model,2,0
2024,2024-wimbledon-1213,M,1,5,1,Cumul. Point Winner,2,4
2024,2024-wimbledon-1213,M,1,5,2,Cumul. Point Winner,1,3
2024,2024-wimbledon-1213,M,1,5,3,Cumul. Point Winner,1,2
2024,2024-wimbledon-1213,M,1,5,4,Cumul. Point Winner,1,1
2024,2024-wimbledon-1213,M,1,5,5,Cumul. Point Winner,1,0
2024,2024-wimbledon-1213,M,1,5,1,Cumul. Game Winner,2,4
2024,2024-wimbledon-1213,M,1,5,2,Cumul. Game Winner,1,3
2024,2024-wimbledon-1213,M,1,5,3,Cumul. Game Winner,2,2
2024,2024-wimbledon-1213,M,1,5,4,Cumul. Game Winner,1,1
2024,2024-wimbledon-1213,M,1,5,5,Cumul. Game Winner,1,0
2024,2024-wimbledon-1213,M,1,5,1,Set Winner,2,4
2024,2024-wimbledon-1213,M,1,5,2,Set Winner,1,3
2024,2024-wimbledon-1213,M,1,5,3,Set Winner,2,2
2024,2024-wimbledon-1213,M,1,5,4,Set Winner,1,1
2024,2024-wimbledon-1213,M,1,5,5,Set Winner,1,0
2024,2024-wimbledon-1213,M,1,5,1,Cumul. Set Winner,2,4
2024,2024-wimbledon-1213,M,1,5,2,Cumul. Set Winner,2,3
2024,2024-wimbledon-1213,M,1,5,3,Cumul. Set Winner,2,2
2024,2024-wimbledon-1213,M,1,5,4,Cumul. Set Winner,2,1
2024,2024-wimbledon-1213,M,1,5,5,Cumul. Set Winner,1,0
2024,2024-wimbledon-1213,M,1,5,1,Cumul. Unf. Error,1,4
2024,2024-wimbledon-1213,M,1,5,2,Cumul. Unf. Error,1,3
2024,2024-wimbledon-1213,M,1,5,3,Cumul. Unf. Error,1,2
2024,2024-wimbledon-1213,M,1,5,4,Cumul. Unf. Error,1,1
2024,2024-wimbledon-1213,M,1,5,5,Cumul. Unf. Error,1,0
2024,2024-wimbledon-1213,M,1,5,1,Dynamic Model,2,4
2024,2024-wimbledon-1213,M,1,5,2,Dynamic Model,2,3
2024,2024-wimbledon-1213,M,1,5,3,Dynamic Model,2,2
2024,2024-wimbledon-1213,M,1,5,4,Dynamic Model,1,1
2024,2024-wimbledon-1213,M,1,5,5,Dynamic Model,1,0
2024,2024-wimbledon-1214,M,2,3,1,Cumul. Point Winner,2,2
2024,2024-wimbledon-1214,M,2,3,2,Cumul. Point Winner,2,1
2024,2024-wimbledon-1214,M,2,3,3,Cumul. Point Winner,2,0
2024,2024-wimbledon-1214,M,2,3,1,Cumul. Game Winner,2,2
2024,2024-wimbledon-1214,M,2,3,2,Cumul. Game Winner,2,1
2024,2024-wimbledon-1214,M,2,3,3,Cumul. Game Winner,2,0
2024,2024-wimbledon-1214,M,2,3,1,Set Winner,2,2
2024,2024-wimbledon-1214,M,2,3,2,Set Winner,2,1
2024,2024-wimbledon-1214,M,2,3,3,Set Winner,2,0
2024,2024-wimbledon-1214,M,2,3,1,Cumul. Set Winner,2,2
2024,2024-wimbledon-1214,M,2,3,2,Cumul. Set Winner,2,1
2024,2024-wimbledon-1214,M,2,3,3,Cumul. Set Winner,2,0
2024,2024-wimbledon-1214,M,2,3,1,Cumul. Unf. Error,1,2
2024,2024-wimbledon-1214,M,2,3,2,Cumul. Unf. Error,2,1
2024,2024-wimbledon-1214,M,2,3,3,Cumul. Unf. Error,2,0
2024,2024-wimbledon-1214,M,2,3,1,Dynamic Model,2,2
2024,2024-wimbledon-1214,M,2,3,2,Dynamic Model,2,1
2024,2024-wimbledon-1214,M,2,3,3,Dynamic Model,2,0
2024,2024-wimbledon-1215,M,2,4,1,Cumul. Point Winner,2,3
2024,2024-wimbledon-1215,M,2,4,2,Cumul. Point Winner,2,2
2024,2024-wimbledon-1215,M,2,4,3,Cumul. Point Winner,2,1
2024,2024-wimbledon-1215,M,2,4,4,Cumul. Point Winner,2,0
2024,2024-wimbledon-1215,M,2,4,1,Cumul. Game Winner,2,3
2024,2024-wimbledon-1215,M,2,4,2,Cumul. Game Winner,2,2
2024,2024-wimbledon-1215,M,2,4,3,Cumul. Game Winner,2,1
2024,2024-wimbledon-1215,M,2,4,4,Cumul. Game Winner,2,0
2024,2024-wimbledon-1215,M,2,4,1,Set Winner,2,3
2024,2024-wimbledon-1215,M,2,4,2,Set Winner,1,2
2024,2024-wimbledon-1215,M,2,4,3,Set Winner,2,1
2024,2024-wimbledon-1215,M,2,4,4,Set Winner,2,0
2024,2024-wimbledon-1215,M,2,4,1,Cumul. Set Winner,2,3
2024,2024-wimbledon-1215,M,2,4,2,Cumul. Set Winner,2,2
2024,2024-wimbledon-1215,M,2,4,3,Cumul. Set Winner,2,1
2024,2024-wimbledon-1215,M,2,4,4,Cumul. Set Winner,2,0
2024,2024-wimbledon-1215,M,2,4,1,Cumul. Unf. Error,2,3
2024,2024-wimbledon-1215,M,2,4,2,Cumul. Unf. Error,2,2
2024,2024-wimbledon-1215,M,2,4,3,Cumul. Unf. Error,2,1
2024,2024-wimbledon-1215,M,2,4,4,Cumul. Unf. Error,2,0
2024,2024-wimbledon-1215,M,2,4,1,Dynamic Model,2,3
2024,2024-wimbledon-1215,M,2,4,2,Dynamic Model,2,2
2024,2024-wimbledon-1215,M,2,4,3,Dynamic Model,2,1
2024,2024-wimbledon-1215,M,2,4,4,Dynamic Model,2,0
2024,2024-wimbledon-1216,M,1,4,1,Cumul. Point Winner,1,3
2024,2024-wimbledon-1216,M,1,4,2,Cumul. Point Winner,1,2
2024,2024-wimbledon-1216,M,1,4,3,Cumul. Point Winner,2,1
2024,2024-wimbledon-1216,M,1,4,4,Cumul. Point Winner,1,0
2024,2024-wimbledon-1216,M,1,4,1,Cumul. Game Winner,1,3
2024,2024-wimbledon-1216,M,1,4,2,Cumul. Game Winner,1,2
2024,2024-wimbledon-1216,M,1,4,3,Cumul. Game Winner,1,1
2024,2024-wimbledon-1216,M,1,4,4,Cumul. Game Winner,1,0
2024,2024-wimbledon-1216,M,1,4,1,Set Winner,1,3
2024,2024-wimbledon-1216,M,1,4,2,Set Winner,1,2
2024,2024-wimbledon-1216,M,1,4,3,Set Winner,2,1
2024,2024-wimbledon-1216,M,1,4,4,Set Winner,1,0
2024,2024-wimbledon-1216,M,1,4,1,Cumul. Set Winner,1,3
2024,2024-wimbledon-1216,M,1,4,2,Cumul. Set Winner,1,2
2024,2024-wimbledon-1216,M,1,4,3,Cumul. Set Winner,1,1
2024,2024-wimbledon-1216,M,1,4,4,Cumul. Set Winner,1,0
2024,2024-wimbledon-1216,M,1,4,1,Cumul. Unf. Error,1,3
2024,2024-wimbledon-1216,M,1,4,2,Cumul. Unf. Error,1,2
2024,2024-wimbledon-1216,M,1,4,3,Cumul. Unf. Error,1,1
2024,2024-wimbledon-1216,M,1,4,4,Cumul. Unf. Error,2,0
2024,2024-wimbledon-1216,M,1,4,1,Dynamic Model,1,3
2024,2024-wimbledon-1216,M,1,4,2,Dynamic Model,1,2
2024,2024-wimbledon-1216,M,1,4,3,Dynamic Model,2,1
2024,2024-wimbledon-1216,M,1,4,4,Dynamic Model,1,0
2024,2024-wimbledon-1217,M,1,5,1,Cumul. Point Winner,1,4
2024,2024-wimbledon-1217,M,1,5,2,Cumul. Point Winner,2,3
2024,2024-wimbledon-1217,M,1,5,3,Cumul. Point Winner,2,2
2024,2024-wimbledon-1217,M,1,5,4,Cumul. Point Winner,1,1
2024,2024-wimbledon-1217,M,1,5,5,Cumul. Point Winner,1,0
2024,2024-wimbledon-1217,M,1,5,1,Cumul. Game Winner,1,4
2024,2024-wimbledon-1217,M,1,5,2,Cumul. Game Winner,2,3
2024,2024-wimbledon-1217,M,1,5,3,Cumul. Game Winner,2,2
2024,2024-wimbledon-1217,M,1,5,4,Cumul. Game Winner,1,1
2024,2024-wimbledon-1217,M,1,5,5,Cumul. Game Winner,1,0
2024,2024-wimbledon-1217,M,1,5,1,Set Winner,1,4
2024,2024-wimbledon-1217,M,1,5,2,Set Winner,2,3
2024,2024-wimbledon-1217,M,1,5,3,Set Winner,2,2
2024,2024-wimbledon-1217,M,1,5,4,Set Winner,1,1
2024,2024-wimbledon-1217,M,1,5,5,Set Winner,1,0
2024,2024-wimbledon-1217,M,1,5,1,Cumul. Set Winner,1,4
2024,2024-wimbledon-1217,M,1,5,2,Cumul. Set Winner,1,3
2024,2024-wimbledon-1217,M,1,5,3,Cumul. Set Winner,2,2
2024,2024-wimbledon-1217,M,1,5,4,Cumul. Set Winner,2,1
2024,2024-wimbledon-1217,M,1,5,5,Cumul. Set Winner,1,0
2024,2024-wimbledon-1217,M,1,5,1,Cumul. Unf. Error,1,4
2024,2024-wimbledon-1217,M,1,5,2,Cumul. Unf. Error,1,3
2024,2024-wimbledon-1217,M,1,5,3,Cumul. Unf. Error,2,2
2024,2024-wimbledon-1217,M,1,5,4,Cumul. Unf. Error,2,1
2024,2024-wimbledon-1217,M,1,5,5,Cumul. Unf. Error,2,0
2024,2024-wimbledon-1217,M,1,5,1,Dynamic Model,1,4
2024,2024-wimbledon-1217,M,1,5,2,Dynamic Model,2,3
2024,2024-wimbledon-1217,M,1,5,3,Dynamic Model,2,2
2024,2024-wimbledon-1217,M,1,5,4,Dynamic Model,1,1
2024,2024-wimbledon-1217,M,1,5,5,Dynamic Model,1,0
2024,2024-wimbledon-1218,M,2,5,1,Cumul. Point Winner,2,4
2024,2024-wimbledon-1218,M,2,5,2,Cumul. Point Winner,2,3
2024,2024-wimbledon-1218,M,2,5,3,Cumul. Point Winner,2,2
2024,2024-wimbledon-1218,M,2,5,4,Cumul. Point Winner,2,1
2024,2024-wimbledon-1218,M,2,5,5,Cumul. Point Winner,2,0
2024,2024-wimbledon-1218,M,2,5,1,Cumul. Game Winner,2,4
2024,2024-wimbledon-1218,M,2,5,2,Cumul. Game Winner,2,3
2024,2024-wimbledon-1218,M,2,5,3,Cumul. Game Winner,1,2
2024,2024-wimbledon-1218,M,2,5,4,Cumul. Game Winner,2,1
2024,2024-wimbledon-1218,M,2,5,5,Cumul. Game Winner,2,0
2024,2024-wimbledon-1218,M,2,5,1,Set Winner,2,4
2024,2024-wimbledon-1218,M,2,5,2,Set Winner,1,3
2024,2024-wimbledon-1218,M,2,5,3,Set Winner,1,2
2024,2024-wimbledon-1218,M,2,5,4,Set Winner,2,1
2024,2024-wimbledon-1218,M,2,5,5,Set Winner,2,0
2024,2024-wimbledon-1218,M,2,5,1,Cumul. Set Winner,2,4
2024,2024-wimbledon-1218,M,2,5,2,Cumul. Set Winner,2,3
2024,2024-wimbledon-1218,M,2,5,3,Cumul. Set Winner,1,2
2024,2024-wimbledon-1218,M,2,5,4,Cumul. Set Winner,1,1
2024,2024-wimbledon-1218,M,2,5,5,Cumul. Set Winner,2,0
2024,2024-wimbledon-1218,M,2,5,1,Cumul. Unf. Error,1,4
2024,2024-wimbledon-1218,M,2,5,2,Cumul. Unf. Error,2,3
2024,2024-wimbledon-1218,M,2,5,3,Cumul. Unf. Error,2,2
2024,2024-wimbledon-1218,M,2,5,4,Cumul. Unf. Error,2,1
2024,2024-wimbledon-1218,M,2,5,5,Cumul. Unf. Error,2,0
2024,2024-wimbledon-1218,M,2,5,1,Dynamic Model,2,4
2024,2024-wimbledon-1218,M,2,5,2,Dynamic Model,2,3
2024,2024-wimbledon-1218,M,2,5,3,Dynamic Model,2,2
2024,2024-wimbledon-1218,M,2,5,4,Dynamic Model,2,1
2024,2024-wimbledon-1218,M,2,5,5,Dynamic Model,2,0
2024,2024-wimbledon-1219,M,1,3,1,Cumul. Point Winner,1,2
2024,2024-wimbledon-1219,M,1,3,2,Cumul. Point Winner,1,1
2024,2024-wimbledon-1219,M,1,3,3,Cumul. Point Winner,1,0
2024,2024-wimbledon-1219,M,1,3,1,Cumul. Game Winner,1,2
2024,2024-wimbledon-1219,M,1,3,2,Cumul. Game Winner,1,1
2024,2024-wimbledon-1219,M,1,3,3,Cumul. Game Winner,1,0
2024,2024-wimbledon-1219,M,1,3,1,Set Winner,1,2
2024,2024-wimbledon-1219,M,1,3,2,Set Winner,1,1
2024,2024-wimbledon-1219,M,1,3,3,Set Winner,1,0
2024,2024-wimbledon-1219,M,1,3,1,Cumul. Set Winner,1,2
2024,2024-wimbledon-1219,M,1,3,2,Cumul. Set Winner,1,1
2024,2024-wimbledon-1219,M,1,3,3,Cumul. Set Winner,1,0
2024,2024-wimbledon-1219,M,1,3,1,Cumul. Unf. Error,2,2
2024,2024-wimbledon-1219,M,1,3,2,Cumul. Unf. Error,2,1
2024,2024-wimbledon-1219,M,1,3,3,Cumul. Unf. Error,2,0
2024,2024-wimbledon-1219,M,1,3,1,Dynamic Model,1,2
2024,2024-wimbledon-1219,M,1,3,2,Dynamic Model,1,1
2024,2024-wimbledon-1219,M,1,3,3,Dynamic Model,1,0
2024,2024-wimbledon-1220,M,1,4,1,Cumul. Point Winner,2,3
2024,2024-wimbledon-1220,M,1,4,2,Cumul. Point Winner,2,2
2024,2024-wimbledon-1220,M,1,4,3,Cumul. Point Winner,2,1
2024,2024-wimbledon-1220,M,1,4,4,Cumul. Point Winner,1,0
2024,2024-wimbledon-1220,M,1,4,1,Set Winner,1,3
2024,2024-wimbledon-1220,M,1,4,2,Set Winner,1,2
2024,2024-wimbledon-1220,M,1,4,3,Set Winner,2,1
2024,2024-wimbledon-1220,M,1,4,4,Set Winner,1,0
2024,2024-wimbledon-1220,M,1,4,1,Cumul. Set Winner,1,3
2024,2024-wimbledon-1220,M,1,4,2,Cumul. Set Winner,1,2
2024,2024-wimbledon-1220,M,1,4,3,Cumul. Set Winner,1,1
2024,2024-wimbledon-1220,M,1,4,4,Cumul. Set Winner,1,0
2024,2024-wimbledon-1220,M,1,4,1,Cumul. Unf. Error,1,3
2024,2024-wimbledon-1220,M,1,4,2,Cumul. Unf. Error,1,2
2024,2024-wimbledon-1220,M,1,4,3,Cumul. Unf. Error,1,1
2024,2024-wimbledon-1220,M,1,4,4,Cumul. Unf. Error,1,0
2024,2024-wimbledon-1220,M,1,4,1,Dynamic Model,1,3
2024,2024-wimbledon-1220,M,1,4,2,Dynamic Model,1,2
2024,2024-wimbledon-1220,M,1,4,3,Dynamic Model,2,1
2024,2024-wimbledon-1220,M,1,4,4,Dynamic Model,1,0
2024,2024-wimbledon-1222,M,2,5,1,Cumul. Point Winner,2,4
2024,2024-wimbledon-1222,M,2,5,2,Cumul. Point Winner,2,3
2024,2024-wimbledon-1222,M,2,5,3,Cumul. Point Winner,2,2
2024,2024-wimbledon-1222,M,2,5,4,Cumul. Point Winner,1,1
2024,2024-wimbledon-1222,M,2,5,5,Cumul. Point Winner,2,0
2024,2024-wimbledon-1222,M,2,5,1,Cumul. Game Winner,2,4
2024,2024-wimbledon-1222,M,2,5,2,Cumul. Game Winner,2,3
2024,2024-wimbledon-1222,M,2,5,3,Cumul. Game Winner,2,2
2024,2024-wimbledon-1222,M,2,5,4,Cumul. Game Winner,1,1
2024,2024-wimbledon-1222,M,2,5,5,Cumul. Game Winner,1,0
2024,2024-wimbledon-1222,M,2,5,1,Set Winner,2,4
2024,2024-wimbledon-1222,M,2,5,2,Set Winner,2,3
2024,2024-wimbledon-1222,M,2,5,3,Set Winner,1,2
2024,2024-wimbledon-1222,M,2,5,4,Set Winner,1,1
2024,2024-wimbledon-1222,M,2,5,5,Set Winner,2,0
2024,2024-wimbledon-1222,M,2,5,1,Cumul. Set Winner,2,4
2024,2024-wimbledon-1222,M,2,5,2,Cumul. Set Winner,2,3
2024,2024-wimbledon-1222,M,2,5,3,Cumul. Set Winner,2,2
2024,2024-wimbledon-1222,M,2,5,4,Cumul. Set Winner,2,1
2024,2024-wimbledon-1222,M,2,5,5,Cumul. Set Winner,2,0
2024,2024-wimbledon-1222,M,2,5,1,Cumul. Unf. Error,1,4
2024,2024-wimbledon-1222,M,2,5,2,Cumul. Unf. Error,2,3
2024,2024-wimbledon-1222,M,2,5,3,Cumul. Unf. Error,2,2
2024,2024-wimbledon-1222,M,2,5,4,Cumul. Unf. Error,1,1
2024,2024-wimbledon-1222,M,2,5,5,Cumul. Unf. Error,1,0
2024,2024-wimbledon-1222,M,2,5,1,Dynamic Model,2,4
2024,2024-wimbledon-1222,M,2,5,2,Dynamic Model,2,3
2024,2024-wimbledon-1222,M,2,5,3,Dynamic Model,2,2
2024,2024-wimbledon-1222,M,2,5,4,Dynamic Model,1,1
2024,2024-wimbledon-1222,M,2,5,5,Dynamic Model,2,0
2024,2024-wimbledon-1223,M,2,3,1,Cumul. Point Winner,2,2
2024,2024-wimbledon-1223,M,2,3,2,Cumul. Point Winner,2,1
2024,2024-wimbledon-1223,M,2,3,3,Cumul. Point Winner,2,0
2024,2024-wimbledon-1223,M,2,3,1,Cumul. Game Winner,2,2
2024,2024-wimbledon-1223,M,2,3,2,Cumul. Game Winner,2,1
2024,2024-wimbledon-1223,M,2,3,3,Cumul. Game Winner,2,0
2024,2024-wimbledon-1223,M,2,3,1,Set Winner,2,2
2024,2024-wimbledon-1223,M,2,3,2,Set Winner,2,1
2024,2024-wimbledon-1223,M,2,3,3,Set Winner,2,0
2024,2024-wimbledon-1223,M,2,3,1,Cumul. Set Winner,2,2
2024,2024-wimbledon-1223,M,2,3,2,Cumul. Set Winner,2,1
2024,2024-wimbledon-1223,M,2,3,3,Cumul. Set Winner,2,0
2024,2024-wimbledon-1223,M,2,3,1,Cumul. Unf. Error,2,2
2024,2024-wimbledon-1223,M,2,3,2,Cumul. Unf. Error,2,1
2024,2024-wimbledon-1223,M,2,3,3,Cumul. Unf. Error,2,0
2024,2024-wimbledon-1223,M,2,3,1,Dynamic Model,2,2
2024,2024-wimbledon-1223,M,2,3,2,Dynamic Model,2,1
2024,2024-wimbledon-1223,M,2,3,3,Dynamic Model,2,0
2024,2024-wimbledon-1224,M,2,3,1,Cumul. Point Winner,2,2
2024,2024-wimbledon-1224,M,2,3,2,Cumul. Point Winner,2,1
2024,2024-wimbledon-1224,M,2,3,3,Cumul. Point Winner,2,0
2024,2024-wimbledon-1224,M,2,3,1,Cumul. Game Winner,2,2
2024,2024-wimbledon-1224,M,2,3,2,Cumul. Game Winner,2,1
2024,2024-wimbledon-1224,M,2,3,3,Cumul. Game Winner,2,0
2024,2024-wimbledon-1224,M,2,3,1,Set Winner,2,2
2024,2024-wimbledon-1224,M,2,3,2,Set Winner,2,1
2024,2024-wimbledon-1224,M,2,3,3,Set Winner,2,0
2024,2024-wimbledon-1224,M,2,3,1,Cumul. Set Winner,2,2
2024,2024-wimbledon-1224,M,2,3,2,Cumul. Set Winner,2,1
2024,2024-wimbledon-1224,M,2,3,3,Cumul. Set Winner,2,0
2024,2024-wimbledon-1224,M,2,3,1,Cumul. Unf. Error,1,2
2024,2024-wimbledon-1224,M,2,3,2,Cumul. Unf. Error,1,1
2024,2024-wimbledon-1224,M,2,3,3,Cumul. Unf. Error,1,0
2024,2024-wimbledon-1224,M,2,3,1,Dynamic Model,2,2
2024,2024-wimbledon-1224,M,2,3,2,Dynamic Model,2,1
2024,2024-wimbledon-1224,M,2,3,3,Dynamic Model,2,0
2024,2024-wimbledon-1225,M,2,4,1,Cumul. Point Winner,2,3
2024,2024-wimbledon-1225,M,2,4,2,Cumul. Point Winner,2,2
2024,2024-wimbledon-1225,M,2,4,3,Cumul. Point Winner,1,1
2024,2024-wimbledon-1225,M,2,4,4,Cumul. Point Winner,1,0
2024,2024-wimbledon-1225,M,2,4,1,Cumul. Game Winner,2,3
2024,2024-wimbledon-1225,M,2,4,2,Cumul. Game Winner,2,2
2024,2024-wimbledon-1225,M,2,4,3,Cumul. Game Winner,1,1
2024,2024-wimbledon-1225,M,2,4,4,Cumul. Game Winner,1,0
2024,2024-wimbledon-1225,M,2,4,1,Set Winner,2,3
2024,2024-wimbledon-1225,M,2,4,2,Set Winner,2,2
2024,2024-wimbledon-1225,M,2,4,3,Set Winner,1,1
2024,2024-wimbledon-1225,M,2,4,4,Set Winner,2,0
2024,2024-wimbledon-1225,M,2,4,1,Cumul. Set Winner,2,3
2024,2024-wimbledon-1225,M,2,4,2,Cumul. Set Winner,2,2
2024,2024-wimbledon-1225,M,2,4,3,Cumul. Set Winner,2,1
2024,2024-wimbledon-1225,M,2,4,4,Cumul. Set Winner,2,0
2024,2024-wimbledon-1225,M,2,4,1,Cumul. Unf. Error,2,3
2024,2024-wimbledon-1225,M,2,4,2,Cumul. Unf. Error,2,2
2024,2024-wimbledon-1225,M,2,4,3,Cumul. Unf. Error,2,1
2024,2024-wimbledon-1225,M,2,4,4,Cumul. Unf. Error,1,0
2024,2024-wimbledon-1225,M,2,4,1,Dynamic Model,2,3
2024,2024-wimbledon-1225,M,2,4,2,Dynamic Model,2,2
2024,2024-wimbledon-1225,M,2,4,3,Dynamic Model,2,1
2024,2024-wimbledon-1225,M,2,4,4,Dynamic Model,2,0
2024,2024-wimbledon-1226,M,2,4,1,Cumul. Point Winner,2,3
2024,2024-wimbledon-1226,M,2,4,2,Cumul. Point Winner,2,2
2024,2024-wimbledon-1226,M,2,4,3,Cumul. Point Winner,2,1
2024,2024-wimbledon-1226,M,2,4,4,Cumul. Point Winner,2,0
2024,2024-wimbledon-1226,M,2,4,1,Cumul. Game Winner,2,3
2024,2024-wimbledon-1226,M,2,4,2,Cumul. Game Winner,2,2
2024,2024-wimbledon-1226,M,2,4,3,Cumul. Game Winner,2,1
2024,2024-wimbledon-1226,M,2,4,4,Cumul. Game Winner,2,0
2024,2024-wimbledon-1226,M,2,4,1,Set Winner,2,3
2024,2024-wimbledon-1226,M,2,4,2,Set Winner,2,2
2024,2024-wimbledon-1226,M,2,4,3,Set Winner,1,1
2024,2024-wimbledon-1226,M,2,4,4,Set Winner,2,0
2024,2024-wimbledon-1226,M,2,4,1,Cumul. Set Winner,2,3
2024,2024-wimbledon-1226,M,2,4,2,Cumul. Set Winner,2,2
2024,2024-wimbledon-1226,M,2,4,3,Cumul. Set Winner,2,1
2024,2024-wimbledon-1226,M,2,4,4,Cumul. Set Winner,2,0
2024,2024-wimbledon-1226,M,2,4,1,Cumul. Unf. Error,1,3
2024,2024-wimbledon-1226,M,2,4,2,Cumul. Unf. Error,1,2
2024,2024-wimbledon-1226,M,2,4,3,Cumul. Unf. Error,2,1
2024,2024-wimbledon-1226,M,2,4,4,Cumul. Unf. Error,2,0
2024,2024-wimbledon-1226,M,2,4,1,Dynamic Model,2,3
2024,2024-wimbledon-1226,M,2,4,2,Dynamic Model,2,2
2024,2024-wimbledon-1226,M,2,4,3,Dynamic Model,2,1
2024,2024-wimbledon-1226,M,2,4,4,Dynamic Model,2,0
2024,2024-wimbledon-1227,M,2,3,1,Cumul. Point Winner,1,2
2024,2024-wimbledon-1227,M,2,3,2,Cumul. Point Winner,1,1
2024,2024-wimbledon-1227,M,2,3,3,Cumul. Point Winner,1,0
2024,2024-wimbledon-1227,M,2,3,1,Cumul. Game Winner,1,2
2024,2024-wimbledon-1227,M,2,3,2,Cumul. Game Winner,1,1
2024,2024-wimbledon-1227,M,2,3,3,Cumul. Game Winner,2,0
2024,2024-wimbledon-1227,M,2,3,1,Set Winner,1,2
2024,2024-wimbledon-1227,M,2,3,2,Set Winner,2,1
2024,2024-wimbledon-1227,M,2,3,3,Set Winner,2,0
2024,2024-wimbledon-1227,M,2,3,1,Cumul. Set Winner,1,2
2024,2024-wimbledon-1227,M,2,3,2,Cumul. Set Winner,1,1
2024,2024-wimbledon-1227,M,2,3,3,Cumul. Set Winner,2,0
2024,2024-wimbledon-1227,M,2,3,1,Cumul. Unf. Error,1,2
2024,2024-wimbledon-1227,M,2,3,2,Cumul. Unf. Error,1,1
2024,2024-wimbledon-1227,M,2,3,3,Cumul. Unf. Error,1,0
2024,2024-wimbledon-1227,M,2,3,1,Dynamic Model,1,2
2024,2024-wimbledon-1227,M,2,3,2,Dynamic Model,1,1
2024,2024-wimbledon-1227,M,2,3,3,Dynamic Model,1,0
2024,2024-wimbledon-1228,M,2,3,1,Cumul. Point Winner,2,2
2024,2024-wimbledon-1228,M,2,3,2,Cumul. Point Winner,2,1
2024,2024-wimbledon-1228,M,2,3,3,Cumul. Point Winner,2,0
2024,2024-wimbledon-1228,M,2,3,1,Cumul. Game Winner,2,2
2024,2024-wimbledon-1228,M,2,3,2,Cumul. Game Winner,2,1
2024,2024-wimbledon-1228,M,2,3,3,Cumul. Game Winner,2,0
2024,2024-wimbledon-1228,M,2,3,1,Set Winner,2,2
2024,2024-wimbledon-1228,M,2,3,2,Set Winner,2,1
2024,2024-wimbledon-1228,M,2,3,3,Set Winner,2,0
2024,2024-wimbledon-1228,M,2,3,1,Cumul. Set Winner,2,2
2024,2024-wimbledon-1228,M,2,3,2,Cumul. Set Winner,2,1
2024,2024-wimbledon-1228,M,2,3,3,Cumul. Set Winner,2,0
2024,2024-wimbledon-1228,M,2,3,1,Cumul. Unf. Error,2,2
2024,2024-wimbledon-1228,M,2,3,2,Cumul. Unf. Error,2,1
2024,2024-wimbledon-1228,M,2,3,3,Cumul. Unf. Error,2,0
2024,2024-wimbledon-1228,M,2,3,1,Dynamic Model,2,2
2024,2024-wimbledon-1228,M,2,3,2,Dynamic Model,2,1
2024,2024-wimbledon-1228,M,2,3,3,Dynamic Model,2,0
2024,2024-wimbledon-1231,M,2,5,1,Cumul. Point Winner,1,4
2024,2024-wimbledon-1231,M,2,5,2,Cumul. Point Winner,1,3
2024,2024-wimbledon-1231,M,2,5,3,Cumul. Point Winner,1,2
2024,2024-wimbledon-1231,M,2,5,4,Cumul. Point Winner,1,1
2024,2024-wimbledon-1231,M,2,5,5,Cumul. Point Winner,2,0
2024,2024-wimbledon-1231,M,2,5,1,Cumul. Game Winner,1,4
2024,2024-wimbledon-1231,M,2,5,2,Cumul. Game Winner,1,3
2024,2024-wimbledon-1231,M,2,5,3,Cumul. Game Winner,1,2
2024,2024-wimbledon-1231,M,2,5,4,Cumul. Game Winner,1,1
2024,2024-wimbledon-1231,M,2,5,5,Cumul. Game Winner,2,0
2024,2024-wimbledon-1231,M,2,5,1,Set Winner,1,4
2024,2024-wimbledon-1231,M,2,5,2,Set Winner,2,3
2024,2024-wimbledon-1231,M,2,5,3,Set Winner,1,2
2024,2024-wimbledon-1231,M,2,5,4,Set Winner,2,1
2024,2024-wimbledon-1231,M,2,5,5,Set Winner,2,0
2024,2024-wimbledon-1231,M,2,5,1,Cumul. Set Winner,1,4
2024,2024-wimbledon-1231,M,2,5,2,Cumul. Set Winner,1,3
2024,2024-wimbledon-1231,M,2,5,3,Cumul. Set Winner,1,2
2024,2024-wimbledon-1231,M,2,5,4,Cumul. Set Winner,1,1
2024,2024-wimbledon-1231,M,2,5,5,Cumul. Set Winner,2,0
2024,2024-wimbledon-1231,M,2,5,1,Cumul. Unf. Error,1,4
2024,2024-wimbledon-1231,M,2,5,2,Cumul. Unf. Error,1,3
2024,2024-wimbledon-1231,M,2,5,3,Cumul. Unf. Error,1,2
2024,2024-wimbledon-1231,M,2,5,4,Cumul. Unf. Error,1,1
2024,2024-wimbledon-1231,M,2,5,5,Cumul. Unf. Error,1,0
2024,2024-wimbledon-1231,M,2,5,1,Dynamic Model,1,4
2024,2024-wimbledon-1231,M,2,5,2,Dynamic Model,1,3
2024,2024-wimbledon-1231,M,2,5,3,Dynamic Model,1,2
2024,2024-wimbledon-1231,M,2,5,4,Dynamic Model,1,1
2024,2024-wimbledon-1231,M,2,5,5,Dynamic Model,2,0
2024,2024-wimbledon-1232,M,2,4,1,Cumul. Point Winner,2,3
2024,2024-wimbledon-1232,M,2,4,2,Cumul. Point Winner,2,2
2024,2024-wimbledon-1232,M,2,4,3,Cumul. Point Winner,2,1
2024,2024-wimbledon-1232,M,2,4,4,Cumul. Point Winner,2,0
2024,2024-wimbledon-1232,M,2,4,1,Cumul. Game Winner,2,3
2024,2024-wimbledon-1232,M,2,4,2,Cumul. Game Winner,2,2
2024,2024-wimbledon-1232,M,2,4,3,Cumul. Game Winner,2,1
2024,2024-wimbledon-1232,M,2,4,4,Cumul. Game Winner,2,0
2024,2024-wimbledon-1232,M,2,4,1,Set Winner,2,3
2024,2024-wimbledon-1232,M,2,4,2,Set Winner,2,2
2024,2024-wimbledon-1232,M,2,4,3,Set Winner,1,1
2024,2024-wimbledon-1232,M,2,4,4,Set Winner,2,0
2024,2024-wimbledon-1232,M,2,4,1,Cumul. Set Winner,2,3
2024,2024-wimbledon-1232,M,2,4,2,Cumul. Set Winner,2,2
2024,2024-wimbledon-1232,M,2,4,3,Cumul. Set Winner,2,1
2024,2024-wimbledon-1232,M,2,4,4,Cumul. Set Winner,2,0
2024,2024-wimbledon-1232,M,2,4,1,Cumul. Unf. Error,1,3
2024,2024-wimbledon-1232,M,2,4,2,Cumul. Unf. Error,2,2
2024,2024-wimbledon-1232,M,2,4,3,Cumul. Unf. Error,2,1
2024,2024-wimbledon-1232,M,2,4,4,Cumul. Unf. Error,2,0
2024,2024-wimbledon-1232,M,2,4,1,Dynamic Model,2,3
2024,2024-wimbledon-1232,M,2,4,2,Dynamic Model,2,2
2024,2024-wimbledon-1232,M,2,4,3,Dynamic Model,2,1
2024,2024-wimbledon-1232,M,2,4,4,Dynamic Model,2,0
2024,2024-wimbledon-1301,M,1,3,1,Cumul. Point Winner,1,2
2024,2024-wimbledon-1301,M,1,3,2,Cumul. Point Winner,1,1
2024,2024-wimbledon-1301,M,1,3,3,Cumul. Point Winner,1,0
2024,2024-wimbledon-1301,M,1,3,1,Cumul. Game Winner,1,2
2024,2024-wimbledon-1301,M,1,3,2,Cumul. Game Winner,1,1
2024,2024-wimbledon-1301,M,1,3,3,Cumul. Game Winner,1,0
2024,2024-wimbledon-1301,M,1,3,1,Set Winner,1,2
2024,2024-wimbledon-1301,M,1,3,2,Set Winner,1,1
2024,2024-wimbledon-1301,M,1,3,3,Set Winner,1,0
2024,2024-wimbledon-1301,M,1,3,1,Cumul. Set Winner,1,2
2024,2024-wimbledon-1301,M,1,3,2,Cumul. Set Winner,1,1
2024,2024-wimbledon-1301,M,1,3,3,Cumul. Set Winner,1,0
2024,2024-wimbledon-1301,M,1,3,1,Cumul. Unf. Error,2,2
2024,2024-wimbledon-1301,M,1,3,2,Cumul. Unf. Error,2,1
2024,2024-wimbledon-1301,M,1,3,3,Cumul. Unf. Error,1,0
2024,2024-wimbledon-1301,M,1,3,1,Dynamic Model,1,2
2024,2024-wimbledon-1301,M,1,3,2,Dynamic Model,1,1
2024,2024-wimbledon-1301,M,1,3,3,Dynamic Model,1,0
2024,2024-wimbledon-1302,M,2,5,1,Cumul. Point Winner,1,4
2024,2024-wimbledon-1302,M,2,5,2,Cumul. Point Winner,2,3
2024,2024-wimbledon-1302,M,2,5,3,Cumul. Point Winner,2,2
2024,2024-wimbledon-1302,M,2,5,4,Cumul. Point Winner,2,1
2024,2024-wimbledon-1302,M,2,5,5,Cumul. Point Winner,2,0
2024,2024-wimbledon-1302,M,2,5,1,Cumul. Game Winner,1,4
2024,2024-wimbledon-1302,M,2,5,2,Cumul. Game Winner,2,3
2024,2024-wimbledon-1302,M,2,5,3,Cumul. Game Winner,2,2
2024,2024-wimbledon-1302,M,2,5,4,Cumul. Game Winner,2,1
2024,2024-wimbledon-1302,M,2,5,5,Cumul. Game Winner,2,0
2024,2024-wimbledon-1302,M,2,5,1,Set Winner,1,4
2024,2024-wimbledon-1302,M,2,5,2,Set Winner,2,3
2024,2024-wimbledon-1302,M,2,5,3,Set Winner,2,2
2024,2024-wimbledon-1302,M,2,5,4,Set Winner,1,1
2024,2024-wimbledon-1302,M,2,5,5,Set Winner,2,0
2024,2024-wimbledon-1302,M,2,5,1,Cumul. Set Winner,1,4
2024,2024-wimbledon-1302,M,2,5,2,Cumul. Set Winner,1,3
2024,2024-wimbledon-1302,M,2,5,3,Cumul. Set Winner,2,2
2024,2024-wimbledon-1302,M,2,5,4,Cumul. Set Winner,2,1
2024,2024-wimbledon-1302,M,2,5,5,Cumul. Set Winner,2,0
2024,2024-wimbledon-1302,M,2,5,1,Cumul. Unf. Error,1,4
2024,2024-wimbledon-1302,M,2,5,2,Cumul. Unf. Error,2,3
2024,2024-wimbledon-1302,M,2,5,3,Cumul. Unf. Error,2,2
2024,2024-wimbledon-1302,M,2,5,4,Cumul. Unf. Error,2,1
2024,2024-wimbledon-1302,M,2,5,5,Cumul. Unf. Error,2,0
2024,2024-wimbledon-1302,M,2,5,1,Dynamic Model,1,4
2024,2024-wimbledon-1302,M,2,5,2,Dynamic Model,2,3
2024,2024-wimbledon-1302,M,2,5,3,Dynamic Model,2,2
2024,2024-wimbledon-1302,M,2,5,4,Dynamic Model,2,1
2024,2024-wimbledon-1302,M,2,5,5,Dynamic Model,2,0
2024,2024-wimbledon-1303,M,1,3,1,Cumul. Point Winner,1,2
2024,2024-wimbledon-1303,M,1,3,2,Cumul. Point Winner,1,1
2024,2024-wimbledon-1303,M,1,3,3,Cumul. Point Winner,1,0
2024,2024-wimbledon-1303,M,1,3,1,Cumul. Game Winner,1,2
2024,2024-wimbledon-1303,M,1,3,2,Cumul. Game Winner,1,1
2024,2024-wimbledon-1303,M,1,3,3,Cumul. Game Winner,1,0
2024,2024-wimbledon-1303,M,1,3,1,Set Winner,1,2
2024,2024-wimbledon-1303,M,1,3,2,Set Winner,1,1
2024,2024-wimbledon-1303,M,1,3,3,Set Winner,1,0
2024,2024-wimbledon-1303,M,1,3,1,Cumul. Set Winner,1,2
2024,2024-wimbledon-1303,M,1,3,2,Cumul. Set Winner,1,1
2024,2024-wimbledon-1303,M,1,3,3,Cumul. Set Winner,1,0
2024,2024-wimbledon-1303,M,1,3,1,Cumul. Unf. Error,1,2
2024,2024-wimbledon-1303,M,1,3,2,Cumul. Unf. Error,1,1
2024,2024-wimbledon-1303,M,1,3,3,Cumul. Unf. Error,1,0
2024,2024-wimbledon-1303,M,1,3,1,Dynamic Model,1,2
2024,2024-wimbledon-1303,M,1,3,2,Dynamic Model,1,1
2024,2024-wimbledon-1303,M,1,3,3,Dynamic Model,1,0
2024,2024-wimbledon-1304,M,2,4,1,Cumul. Point Winner,2,3
2024,2024-wimbledon-1304,M,2,4,2,Cumul. Point Winner,2,2
2024,2024-wimbledon-1304,M,2,4,3,Cumul. Point Winner,2,1
2024,2024-wimbledon-1304,M,2,4,4,Cumul. Point Winner,2,0
2024,2024-wimbledon-1304,M,2,4,1,Cumul. Game Winner,2,3
2024,2024-wimbledon-1304,M,2,4,2,Cumul. Game Winner,2,2
2024,2024-wimbledon-1304,M,2,4,3,Cumul. Game Winner,2,1
2024,2024-wimbledon-1304,M,2,4,4,Cumul. Game Winner,2,0
2024,2024-wimbledon-1304,M,2,4,1,Set Winner,2,3
2024,2024-wimbledon-1304,M,2,4,2,Set Winner,2,2
2024,2024-wimbledon-1304,M,2,4,3,Set Winner,1,1
2024,2024-wimbledon-1304,M,2,4,4,Set Winner,2,0
2024,2024-wimbledon-1304,M,2,4,1,Cumul. Set Winner,2,3
2024,2024-wimbledon-1304,M,2,4,2,Cumul. Set Winner,2,2
2024,2024-wimbledon-1304,M,2,4,3,Cumul. Set Winner,2,1
2024,2024-wimbledon-1304,M,2,4,4,Cumul. Set Winner,2,0
2024,2024-wimbledon-1304,M,2,4,1,Cumul. Unf. Error,2,3
2024,2024-wimbledon-1304,M,2,4,2,Cumul. Unf. Error,2,2
2024,2024-wimbledon-1304,M,2,4,3,Cumul. Unf. Error,2,1
2024,2024-wimbledon-1304,M,2,4,4,Cumul. Unf. Error,2,0
2024,2024-wimbledon-1304,M,2,4,1,Dynamic Model,2,3
2024,2024-wimbledon-1304,M,2,4,2,Dynamic Model,2,2
2024,2024-wimbledon-1304,M,2,4,3,Dynamic Model,2,1
2024,2024-wimbledon-1304,M,2,4,4,Dynamic Model,2,0
2024,2024-wimbledon-1305,M,1,5,1,Cumul. Point Winner,2,4
2024,2024-wimbledon-1305,M,1,5,2,Cumul. Point Winner,2,3
2024,2024-wimbledon-1305,M,1,5,3,Cumul. Point Winner,2,2
2024,2024-wimbledon-1305,M,1,5,4,Cumul. Point Winner,2,1
2024,2024-wimbledon-1305,M,1,5,5,Cumul. Point Winner,1,0
2024,2024-wimbledon-1305,M,1,5,1,Cumul. Game Winner,2,4
2024,2024-wimbledon-1305,M,1,5,2,Cumul. Game Winner,1,3
2024,2024-wimbledon-1305,M,1,5,3,Cumul. Game Winner,1,2
2024,2024-wimbledon-1305,M,1,5,4,Cumul. Game Winner,1,1
2024,2024-wimbledon-1305,M,1,5,5,Cumul. Game Winner,1,0
2024,2024-wimbledon-1305,M,1,5,1,Set Winner,2,4
2024,2024-wimbledon-1305,M,1,5,2,Set Winner,1,3
2024,2024-wimbledon-1305,M,1,5,3,Set Winner,2,2
2024,2024-wimbledon-1305,M,1,5,4,Set Winner,1,1
2024,2024-wimbledon-1305,M,1,5,5,Set Winner,1,0
2024,2024-wimbledon-1305,M,1,5,1,Cumul. Set Winner,2,4
2024,2024-wimbledon-1305,M,1,5,2,Cumul. Set Winner,2,3
2024,2024-wimbledon-1305,M,1,5,3,Cumul. Set Winner,2,2
2024,2024-wimbledon-1305,M,1,5,4,Cumul. Set Winner,2,1
2024,2024-wimbledon-1305,M,1,5,5,Cumul. Set Winner,1,0
2024,2024-wimbledon-1305,M,1,5,1,Cumul. Unf. Error,2,4
2024,2024-wimbledon-1305,M,1,5,2,Cumul. Unf. Error,2,3
2024,2024-wimbledon-1305,M,1,5,3,Cumul. Unf. Error,2,2
2024,2024-wimbledon-1305,M,1,5,4,Cumul. Unf. Error,2,1
2024,2024-wimbledon-1305,M,1,5,5,Cumul. Unf. Error,2,0
2024,2024-wimbledon-1305,M,1,5,1,Dynamic Model,2,4
2024,2024-wimbledon-1305,M,1,5,2,Dynamic Model,2,3
2024,2024-wimbledon-1305,M,1,5,3,Dynamic Model,2,2
2024,2024-wimbledon-1305,M,1,5,4,Dynamic Model,2,1
2024,2024-wimbledon-1305,M,1,5,5,Dynamic Model,1,0
2024,2024-wimbledon-1306,M,2,4,1,Cumul. Point Winner,2,3
2024,2024-wimbledon-1306,M,2,4,2,Cumul. Point Winner,2,2
2024,2024-wimbledon-1306,M,2,4,3,Cumul. Point Winner,2,1
2024,2024-wimbledon-1306,M,2,4,4,Cumul. Point Winner,2,0
2024,2024-wimbledon-1306,M,2,4,1,Cumul. Game Winner,2,3
2024,2024-wimbledon-1306,M,2,4,2,Cumul. Game Winner,2,2
2024,2024-wimbledon-1306,M,2,4,3,Cumul. Game Winner,2,1
2024,2024-wimbledon-1306,M,2,4,4,Cumul. Game Winner,2,0
2024,2024-wimbledon-1306,M,2,4,1,Set Winner,2,3
2024,2024-wimbledon-1306,M,2,4,2,Set Winner,2,2
2024,2024-wimbledon-1306,M,2,4,3,Set Winner,1,1
2024,2024-wimbledon-1306,M,2,4,4,Set Winner,2,0
2024,2024-wimbledon-1306,M,2,4,1,Cumul. Set Winner,2,3
2024,2024-wimbledon-1306,M,2,4,2,Cumul. Set Winner,2,2
2024,2024-wimbledon-1306,M,2,4,3,Cumul. Set Winner,2,1
2024,2024-wimbledon-1306,M,2,4,4,Cumul. Set Winner,2,0
2024,2024-wimbledon-1306,M,2,4,1,Cumul. Unf. Error,1,3
2024,2024-wimbledon-1306,M,2,4,2,Cumul. Unf. Error,1,2
2024,2024-wimbledon-1306,M,2,4,3,Cumul. Unf. Error,1,1
2024,2024-wimbledon-1306,M,2,4,4,Cumul. Unf. Error,1,0
2024,2024-wimbledon-1306,M,2,4,1,Dynamic Model,2,3
2024,2024-wimbledon-1306,M,2,4,2,Dynamic Model,2,2
2024,2024-wimbledon-1306,M,2,4,3,Dynamic Model,2,1
2024,2024-wimbledon-1306,M,2,4,4,Dynamic Model,2,0
2024,2024-wimbledon-1307,M,1,3,1,Cumul. Point Winner,1,2
2024,2024-wimbledon-1307,M,1,3,2,Cumul. Point Winner,1,1
2024,2024-wimbledon-1307,M,1,3,3,Cumul. Point Winner,1,0
2024,2024-wimbledon-1307,M,1,3,1,Cumul. Game Winner,1,2
2024,2024-wimbledon-1307,M,1,3,2,Cumul. Game Winner,1,1
2024,2024-wimbledon-1307,M,1,3,3,Cumul. Game Winner,1,0
2024,2024-wimbledon-1307,M,1,3,1,Set Winner,1,2
2024,2024-wimbledon-1307,M,1,3,2,Set Winner,1,1
2024,2024-wimbledon-1307,M,1,3,3,Set Winner,1,0
2024,2024-wimbledon-1307,M,1,3,1,Cumul. Set Winner,1,2
2024,2024-wimbledon-1307,M,1,3,2,Cumul. Set Winner,1,1
2024,2024-wimbledon-1307,M,1,3,3,Cumul. Set Winner,1,0
2024,2024-wimbledon-1307,M,1,3,1,Cumul. Unf. Error,1,2
2024,2024-wimbledon-1307,M,1,3,2,Cumul. Unf. Error,1,1
2024,2024-wimbledon-1307,M,1,3,3,Cumul. Unf. Error,1,0
2024,2024-wimbledon-1307,M,1,3,1,Dynamic Model,1,2
2024,2024-wimbledon-1307,M,1,3,2,Dynamic Model,1,1
2024,2024-wimbledon-1307,M,1,3,3,Dynamic Model,1,0
2024,2024-wimbledon-1308,M,1,5,1,Cumul. Point Winner,1,4
2024,2024-wimbledon-1308,M,1,5,2,Cumul. Point Winner,2,3
2024,2024-wimbledon-1308,M,1,5,3,Cumul. Point Winner,2,2
2024,2024-wimbledon-1308,M,1,5,4,Cumul. Point Winner,2,1
2024,2024-wimbledon-1308,M,1,5,5,Cumul. Point Winner,1,0
2024,2024-wimbledon-1308,M,1,5,1,Cumul. Game Winner,1,4
2024,2024-wimbledon-1308,M,1,5,2,Cumul. Game Winner,2,3
2024,2024-wimbledon-1308,M,1,5,3,Cumul. Game Winner,2,2
2024,2024-wimbledon-1308,M,1,5,4,Cumul. Game Winner,2,1
2024,2024-wimbledon-1308,M,1,5,5,Cumul. Game Winner,2,0
2024,2024-wimbledon-1308,M,1,5,1,Set Winner,1,4
2024,2024-wimbledon-1308,M,1,5,2,Set Winner,2,3
2024,2024-wimbledon-1308,M,1,5,3,Set Winner,2,2
2024,2024-wimbledon-1308,M,1,5,4,Set Winner,1,1
2024,2024-wimbledon-1308,M,1,5,5,Set Winner,1,0
2024,2024-wimbledon-1308,M,1,5,1,Cumul. Set Winner,1,4
2024,2024-wimbledon-1308,M,1,5,2,Cumul. Set Winner,1,3
2024,2024-wimbledon-1308,M,1,5,3,Cumul. Set Winner,2,2
2024,2024-wimbledon-1308,M,1,5,4,Cumul. Set Winner,2,1
2024,2024-wimbledon-1308,M,1,5,5,Cumul. Set Winner,1,0
2024,2024-wimbledon-1308,M,1,5,1,Cumul. Unf. Error,1,4
2024,2024-wimbledon-1308,M,1,5,2,Cumul. Unf. Error,1,3
2024,2024-wimbledon-1308,M,1,5,3,Cumul. Unf. Error,1,2
2024,2024-wimbledon-1308,M,1,5,4,Cumul. Unf. Error,1,1
2024,2024-wimbledon-1308,M,1,5,5,Cumul. Unf. Error,1,0
2024,2024-wimbledon-1308,M,1,5,1,Dynamic Model,1,4
2024,2024-wimbledon-1308,M,1,5,2,Dynamic Model,2,3
2024,2024-wimbledon-1308,M,1,5,3,Dynamic Model,2,2
2024,2024-wimbledon-1308,M,1,5,4,Dynamic Model,1,1
2024,2024-wimbledon-1308,M,1,5,5,Dynamic Model,1,0
2024,2024-wimbledon-1309,M,2,4,1,Cumul. Point Winner,2,3
2024,2024-wimbledon-1309,M,2,4,2,Cumul. Point Winner,2,2
2024,2024-wimbledon-1309,M,2,4,3,Cumul. Point Winner,2,1
2024,2024-wimbledon-1309,M,2,4,4,Cumul. Point Winner,2,0
2024,2024-wimbledon-1309,M,2,4,1,Cumul. Game Winner,2,3
2024,2024-wimbledon-1309,M,2,4,2,Cumul. Game Winner,2,2
2024,2024-wimbledon-1309,M,2,4,3,Cumul. Game Winner,2,1
2024,2024-wimbledon-1309,M,2,4,4,Cumul. Game Winner,2,0
2024,2024-wimbledon-1309,M,2,4,1,Set Winner,2,3
2024,2024-wimbledon-1309,M,2,4,2,Set Winner,1,2
2024,2024-wimbledon-1309,M,2,4,3,Set Winner,2,1
2024,2024-wimbledon-1309,M,2,4,4,Set Winner,2,0
2024,2024-wimbledon-1309,M,2,4,1,Cumul. Set Winner,2,3
2024,2024-wimbledon-1309,M,2,4,2,Cumul. Set Winner,2,2
2024,2024-wimbledon-1309,M,2,4,3,Cumul. Set Winner,2,1
2024,2024-wimbledon-1309,M,2,4,4,Cumul. Set Winner,2,0
2024,2024-wimbledon-1309,M,2,4,1,Cumul. Unf. Error,2,3
2024,2024-wimbledon-1309,M,2,4,2,Cumul. Unf. Error,2,2
2024,2024-wimbledon-1309,M,2,4,3,Cumul. Unf. Error,2,1
2024,2024-wimbledon-1309,M,2,4,4,Cumul. Unf. Error,2,0
2024,2024-wimbledon-1309,M,2,4,1,Dynamic Model,2,3
2024,2024-wimbledon-1309,M,2,4,2,Dynamic Model,2,2
2024,2024-wimbledon-1309,M,2,4,3,Dynamic Model,2,1
2024,2024-wimbledon-1309,M,2,4,4,Dynamic Model,2,0
2024,2024-wimbledon-1310,M,1,4,1,Cumul. Point Winner,2,3
2024,2024-wimbledon-1310,M,1,4,2,Cumul. Point Winner,1,2
2024,2024-wimbledon-1310,M,1,4,3,Cumul. Point Winner,1,1
2024,2024-wimbledon-1310,M,1,4,4,Cumul. Point Winner,1,0
2024,2024-wimbledon-1310,M,1,4,1,Cumul. Game Winner,2,3
2024,2024-wimbledon-1310,M,1,4,2,Cumul. Game Winner,1,2
2024,2024-wimbledon-1310,M,1,4,3,Cumul. Game Winner,1,1
2024,2024-wimbledon-1310,M,1,4,4,Cumul. Game Winner,1,0
2024,2024-wimbledon-1310,M,1,4,1,Set Winner,2,3
2024,2024-wimbledon-1310,M,1,4,2,Set Winner,1,2
2024,2024-wimbledon-1310,M,1,4,3,Set Winner,1,1
2024,2024-wimbledon-1310,M,1,4,4,Set Winner,1,0
2024,2024-wimbledon-1310,M,1,4,1,Cumul. Set Winner,2,3
2024,2024-wimbledon-1310,M,1,4,2,Cumul. Set Winner,2,2
2024,2024-wimbledon-1310,M,1,4,3,Cumul. Set Winner,1,1
2024,2024-wimbledon-1310,M,1,4,4,Cumul. Set Winner,1,0
2024,2024-wimbledon-1310,M,1,4,1,Cumul. Unf. Error,1,3
2024,2024-wimbledon-1310,M,1,4,2,Cumul. Unf. Error,1,2
2024,2024-wimbledon-1310,M,1,4,3,Cumul. Unf. Error,2,1
2024,2024-wimbledon-1310,M,1,4,4,Cumul. Unf. Error,2,0
2024,2024-wimbledon-1310,M,1,4,1,Dynamic Model,2,3
2024,2024-wimbledon-1310,M,1,4,2,Dynamic Model,1,2
2024,2024-wimbledon-1310,M,1,4,3,Dynamic Model,1,1
2024,2024-wimbledon-1310,M,1,4,4,Dynamic Model,1,0
2024,2024-wimbledon-1311,M,1,3,1,Cumul. Point Winner,1,2
2024,2024-wimbledon-1311,M,1,3,2,Cumul. Point Winner,1,1
2024,2024-wimbledon-1311,M,1,3,3,Cumul. Point Winner,1,0
2024,2024-wimbledon-1311,M,1,3,1,Cumul. Game Winner,1,2
2024,2024-wimbledon-1311,M,1,3,2,Cumul. Game Winner,1,1
2024,2024-wimbledon-1311,M,1,3,3,Cumul. Game Winner,1,0
2024,2024-wimbledon-1311,M,1,3,1,Set Winner,1,2
2024,2024-wimbledon-1311,M,1,3,2,Set Winner,1,1
2024,2024-wimbledon-1311,M,1,3,3,Set Winner,1,0
2024,2024-wimbledon-1311,M,1,3,1,Cumul. Set Winner,1,2
2024,2024-wimbledon-1311,M,1,3,2,Cumul. Set Winner,1,1
2024,2024-wimbledon-1311,M,1,3,3,Cumul. Set Winner,1,0
2024,2024-wimbledon-1311,M,1,3,1,Cumul. Unf. Error,1,2
2024,2024-wimbledon-1311,M,1,3,2,Cumul. Unf. Error,1,1
2024,2024-wimbledon-1311,M,1,3,3,Cumul. Unf. Error,1,0
2024,2024-wimbledon-1311,M,1,3,1,Dynamic Model,1,2
2024,2024-wimbledon-1311,M,1,3,2,Dynamic Model,1,1
2024,2024-wimbledon-1311,M,1,3,3,Dynamic Model,1,0
2024,2024-wimbledon-1312,M,2,3,1,Cumul. Point Winner,2,2
2024,2024-wimbledon-1312,M,2,3,2,Cumul. Point Winner,2,1
2024,2024-wimbledon-1312,M,2,3,3,Cumul. Point Winner,2,0
2024,2024-wimbledon-1312,M,2,3,1,Cumul. Game Winner,2,2
2024,2024-wimbledon-1312,M,2,3,2,Cumul. Game Winner,2,1
2024,2024-wimbledon-1312,M,2,3,3,Cumul. Game Winner,2,0
2024,2024-wimbledon-1312,M,2,3,1,Set Winner,2,2
2024,2024-wimbledon-1312,M,2,3,2,Set Winner,2,1
2024,2024-wimbledon-1312,M,2,3,3,Set Winner,2,0
2024,2024-wimbledon-1312,M,2,3,1,Cumul. Set Winner,2,2
2024,2024-wimbledon-1312,M,2,3,2,Cumul. Set Winner,2,1
2024,2024-wimbledon-1312,M,2,3,3,Cumul. Set Winner,2,0
2024,2024-wimbledon-1312,M,2,3,1,Cumul. Unf. Error,1,2
2024,2024-wimbledon-1312,M,2,3,2,Cumul. Unf. Error,1,1
2024,2024-wimbledon-1312,M,2,3,3,Cumul. Unf. Error,1,0
2024,2024-wimbledon-1312,M,2,3,1,Dynamic Model,2,2
2024,2024-wimbledon-1312,M,2,3,2,Dynamic Model,2,1
2024,2024-wimbledon-1312,M,2,3,3,Dynamic Model,2,0
2024,2024-wimbledon-1313,M,1,5,1,Cumul. Point Winner,2,4
2024,2024-wimbledon-1313,M,1,5,2,Cumul. Point Winner,1,3
2024,2024-wimbledon-1313,M,1,5,3,Cumul. Point Winner,2,2
2024,2024-wimbledon-1313,M,1,5,4,Cumul. Point Winner,2,1
2024,2024-wimbledon-1313,M,1,5,5,Cumul. Point Winner,1,0
2024,2024-wimbledon-1313,M,1,5,1,Cumul. Game Winner,2,4
2024,2024-wimbledon-1313,M,1,5,2,Cumul. Game Winner,1,3
2024,2024-wimbledon-1313,M,1,5,3,Cumul. Game Winner,2,2
2024,2024-wimbledon-1313,M,1,5,4,Cumul. Game Winner,2,1
2024,2024-wimbledon-1313,M,1,5,5,Cumul. Game Winner,1,0
2024,2024-wimbledon-1313,M,1,5,1,Set Winner,2,4
2024,2024-wimbledon-1313,M,1,5,2,Set Winner,1,3
2024,2024-wimbledon-1313,M,1,5,3,Set Winner,2,2
2024,2024-wimbledon-1313,M,1,5,4,Set Winner,1,1
2024,2024-wimbledon-1313,M,1,5,5,Set Winner,1,0
2024,2024-wimbledon-1313,M,1,5,1,Cumul. Set Winner,2,4
2024,2024-wimbledon-1313,M,1,5,2,Cumul. Set Winner,2,3
2024,2024-wimbledon-1313,M,1,5,3,Cumul. Set Winner,2,2
2024,2024-wimbledon-1313,M,1,5,4,Cumul. Set Winner,2,1
2024,2024-wimbledon-1313,M,1,5,5,Cumul. Set Winner,1,0
2024,2024-wimbledon-1313,M,1,5,1,Cumul. Unf. Error,2,4
2024,2024-wimbledon-1313,M,1,5,2,Cumul. Unf. Error,2,3
2024,2024-wimbledon-1313,M,1,5,3,Cumul. Unf. Error,2,2
2024,2024-wimbledon-1313,M,1,5,4,Cumul. Unf. Error,2,1
2024,2024-wimbledon-1313,M,1,5,5,Cumul. Unf. Error,2,0
2024,2024-wimbledon-1313,M,1,5,1,Dynamic Model,2,4
2024,2024-wimbledon-1313,M,1,5,2,Dynamic Model,2,3
2024,2024-wimbledon-1313,M,1,5,3,Dynamic Model,2,2
2024,2024-wimbledon-1313,M,1,5,4,Dynamic Model,2,1
2024,2024-wimbledon-1313,M,1,5,5,Dynamic Model,1,0
2024,2024-wimbledon-1315,M,1,5,1,Cumul. Point Winner,2,4
2024,2024-wimbledon-1315,M,1,5,2,Cumul. Point Winner,2,3
2024,2024-wimbledon-1315,M,1,5,3,Cumul. Point Winner,2,2
2024,2024-wimbledon-1315,M,1,5,4,Cumul. Point Winner,2,1
2024,2024-wimbledon-1315,M,1,5,5,Cumul. Point Winner,1,0
2024,2024-wimbledon-1315,M,1,5,1,Cumul. Game Winner,2,4
2024,2024-wimbledon-1315,M,1,5,2,Cumul. Game Winner,2,3
2024,2024-wimbledon-1315,M,1,5,3,Cumul. Game Winner,2,2
2024,2024-wimbledon-1315,M,1,5,4,Cumul. Game Winner,2,1
2024,2024-wimbledon-1315,M,1,5,5,Cumul. Game Winner,1,0
2024,2024-wimbledon-1315,M,1,5,1,Set Winner,2,4
2024,2024-wimbledon-1315,M,1,5,2,Set Winner,2,3
2024,2024-wimbledon-1315,M,1,5,3,Set Winner,1,2
2024,2024-wimbledon-1315,M,1,5,4,Set Winner,1,1
2024,2024-wimbledon-1315,M,1,5,5,Set Winner,1,0
2024,2024-wimbledon-1315,M,1,5,1,Cumul. Set Winner,2,4
2024,2024-wimbledon-1315,M,1,5,2,Cumul. Set Winner,2,3
2024,2024-wimbledon-1315,M,1,5,3,Cumul. Set Winner,2,2
2024,2024-wimbledon-1315,M,1,5,4,Cumul. Set Winner,2,1
2024,2024-wimbledon-1315,M,1,5,5,Cumul. Set Winner,1,0
2024,2024-wimbledon-1315,M,1,5,1,Cumul. Unf. Error,1,4
2024,2024-wimbledon-1315,M,1,5,2,Cumul. Unf. Error,1,3
2024,2024-wimbledon-1315,M,1,5,3,Cumul. Unf. Error,1,2
2024,2024-wimbledon-1315,M,1,5,4,Cumul. Unf. Error,1,1
2024,2024-wimbledon-1315,M,1,5,5,Cumul. Unf. Error,1,0
2024,2024-wimbledon-1315,M,1,5,1,Dynamic Model,2,4
2024,2024-wimbledon-1315,M,1,5,2,Dynamic Model,2,3
2024,2024-wimbledon-1315,M,1,5,3,Dynamic Model,2,2
2024,2024-wimbledon-1315,M,1,5,4,Dynamic Model,2,1
2024,2024-wimbledon-1315,M,1,5,5,Dynamic Model,1,0
2024,2024-wimbledon-1316,M,2,4,1,Cumul. Point Winner,1,3
2024,2024-wimbledon-1316,M,2,4,2,Cumul. Point Winner,2,2
2024,2024-wimbledon-1316,M,2,4,3,Cumul. Point Winner,2,1
2024,2024-wimbledon-1316,M,2,4,4,Cumul. Point Winner,2,0
2024,2024-wimbledon-1316,M,2,4,1,Cumul. Game Winner,1,3
2024,2024-wimbledon-1316,M,2,4,2,Cumul. Game Winner,2,2
2024,2024-wimbledon-1316,M,2,4,3,Cumul. Game Winner,2,1
2024,2024-wimbledon-1316,M,2,4,4,Cumul. Game Winner,2,0
2024,2024-wimbledon-1316,M,2,4,1,Set Winner,1,3
2024,2024-wimbledon-1316,M,2,4,2,Set Winner,2,2
2024,2024-wimbledon-1316,M,2,4,3,Set Winner,2,1
2024,2024-wimbledon-1316,M,2,4,4,Set Winner,2,0
2024,2024-wimbledon-1316,M,2,4,1,Cumul. Set Winner,1,3
2024,2024-wimbledon-1316,M,2,4,2,Cumul. Set Winner,1,2
2024,2024-wimbledon-1316,M,2,4,3,Cumul. Set Winner,2,1
2024,2024-wimbledon-1316,M,2,4,4,Cumul. Set Winner,2,0
2024,2024-wimbledon-1316,M,2,4,1,Cumul. Unf. Error,2,3
2024,2024-wimbledon-1316,M,2,4,2,Cumul. Unf. Error,2,2
2024,2024-wimbledon-1316,M,2,4,3,Cumul. Unf. Error,2,1
2024,2024-wimbledon-1316,M,2,4,4,Cumul. Unf. Error,2,0
2024,2024-wimbledon-1316,M,2,4,1,Dynamic Model,1,3
2024,2024-wimbledon-1316,M,2,4,2,Dynamic Model,2,2
2024,2024-wimbledon-1316,M,2,4,3,Dynamic Model,2,1
2024,2024-wimbledon-1316,M,2,4,4,Dynamic Model,2,0
2024,2024-wimbledon-1401,M,1,3,1,Cumul. Point Winner,1,2
2024,2024-wimbledon-1401,M,1,3,2,Cumul. Point Winner,1,1
2024,2024-wimbledon-1401,M,1,3,3,Cumul. Point Winner,1,0
2024,2024-wimbledon-1401,M,1,3,1,Cumul. Game Winner,1,2
2024,2024-wimbledon-1401,M,1,3,2,Cumul. Game Winner,1,1
2024,2024-wimbledon-1401,M,1,3,3,Cumul. Game Winner,1,0
2024,2024-wimbledon-1401,M,1,3,1,Set Winner,1,2
2024,2024-wimbledon-1401,M,1,3,2,Set Winner,1,1
2024,2024-wimbledon-1401,M,1,3,3,Set Winner,1,0
2024,2024-wimbledon-1401,M,1,3,1,Cumul. Set Winner,1,2
2024,2024-wimbledon-1401,M,1,3,2,Cumul. Set Winner,1,1
2024,2024-wimbledon-1401,M,1,3,3,Cumul. Set Winner,1,0
2024,2024-wimbledon-1401,M,1,3,1,Cumul. Unf. Error,1,2
2024,2024-wimbledon-1401,M,1,3,2,Cumul. Unf. Error,1,1
2024,2024-wimbledon-1401,M,1,3,3,Cumul. Unf. Error,1,0
2024,2024-wimbledon-1401,M,1,3,1,Dynamic Model,1,2
2024,2024-wimbledon-1401,M,1,3,2,Dynamic Model,1,1
2024,2024-wimbledon-1401,M,1,3,3,Dynamic Model,1,0
2024,2024-wimbledon-1403,M,1,4,1,Cumul. Point Winner,1,3
2024,2024-wimbledon-1403,M,1,4,2,Cumul. Point Winner,1,2
2024,2024-wimbledon-1403,M,1,4,3,Cumul. Point Winner,2,1
2024,2024-wimbledon-1403,M,1,4,4,Cumul. Point Winner,1,0
2024,2024-wimbledon-1403,M,1,4,1,Cumul. Game Winner,1,3
2024,2024-wimbledon-1403,M,1,4,2,Cumul. Game Winner,1,2
2024,2024-wimbledon-1403,M,1,4,3,Cumul. Game Winner,1,1
2024,2024-wimbledon-1403,M,1,4,4,Cumul. Game Winner,1,0
2024,2024-wimbledon-1403,M,1,4,1,Set Winner,1,3
2024,2024-wimbledon-1403,M,1,4,2,Set Winner,1,2
2024,2024-wimbledon-1403,M,1,4,3,Set Winner,2,1
2024,2024-wimbledon-1403,M,1,4,4,Set Winner,1,0
2024,2024-wimbledon-1403,M,1,4,1,Cumul. Set Winner,1,3
2024,2024-wimbledon-1403,M,1,4,2,Cumul. Set Winner,1,2
2024,2024-wimbledon-1403,M,1,4,3,Cumul. Set Winner,1,1
2024,2024-wimbledon-1403,M,1,4,4,Cumul. Set Winner,1,0
2024,2024-wimbledon-1403,M,1,4,1,Cumul. Unf. Error,1,3
2024,2024-wimbledon-1403,M,1,4,2,Cumul. Unf. Error,1,2
2024,2024-wimbledon-1403,M,1,4,3,Cumul. Unf. Error,1,1
2024,2024-wimbledon-1403,M,1,4,4,Cumul. Unf. Error,1,0
2024,2024-wimbledon-1403,M,1,4,1,Dynamic Model,1,3
2024,2024-wimbledon-1403,M,1,4,2,Dynamic Model,1,2
2024,2024-wimbledon-1403,M,1,4,3,Dynamic Model,1,1
2024,2024-wimbledon-1403,M,1,4,4,Dynamic Model,1,0
2024,2024-wimbledon-1404,M,1,3,1,Cumul. Point Winner,1,2
2024,2024-wimbledon-1404,M,1,3,2,Cumul. Point Winner,1,1
2024,2024-wimbledon-1404,M,1,3,3,Cumul. Point Winner,1,0
2024,2024-wimbledon-1404,M,1,3,1,Cumul. Game Winner,1,2
2024,2024-wimbledon-1404,M,1,3,2,Cumul. Game Winner,1,1
2024,2024-wimbledon-1404,M,1,3,3,Cumul. Game Winner,1,0
2024,2024-wimbledon-1404,M,1,3,1,Set Winner,1,2
2024,2024-wimbledon-1404,M,1,3,2,Set Winner,1,1
2024,2024-wimbledon-1404,M,1,3,3,Set Winner,1,0
2024,2024-wimbledon-1404,M,1,3,1,Cumul. Set Winner,1,2
2024,2024-wimbledon-1404,M,1,3,2,Cumul. Set Winner,1,1
2024,2024-wimbledon-1404,M,1,3,3,Cumul. Set Winner,1,0
2024,2024-wimbledon-1404,M,1,3,1,Cumul. Unf. Error,1,2
2024,2024-wimbledon-1404,M,1,3,2,Cumul. Unf. Error,1,1
2024,2024-wimbledon-1404,M,1,3,3,Cumul. Unf. Error,1,0
2024,2024-wimbledon-1404,M,1,3,1,Dynamic Model,1,2
2024,2024-wimbledon-1404,M,1,3,2,Dynamic Model,1,1
2024,2024-wimbledon-1404,M,1,3,3,Dynamic Model,1,0
2024,2024-wimbledon-1405,M,1,4,1,Cumul. Point Winner,2,3
2024,2024-wimbledon-1405,M,1,4,2,Cumul. Point Winner,1,2
2024,2024-wimbledon-1405,M,1,4,3,Cumul. Point Winner,1,1
2024,2024-wimbledon-1405,M,1,4,4,Cumul. Point Winner,1,0
2024,2024-wimbledon-1405,M,1,4,1,Cumul. Game Winner,2,3
2024,2024-wimbledon-1405,M,1,4,2,Cumul. Game Winner,1,2
2024,2024-wimbledon-1405,M,1,4,3,Cumul. Game Winner,1,1
2024,2024-wimbledon-1405,M,1,4,4,Cumul. Game Winner,1,0
2024,2024-wimbledon-1405,M,1,4,1,Set Winner,2,3
2024,2024-wimbledon-1405,M,1,4,2,Set Winner,1,2
2024,2024-wimbledon-1405,M,1,4,3,Set Winner,1,1
2024,2024-wimbledon-1405,M,1,4,4,Set Winner,1,0
2024,2024-wimbledon-1405,M,1,4,1,Cumul. Set Winner,2,3
2024,2024-wimbledon-1405,M,1,4,2,Cumul. Set Winner,2,2
2024,2024-wimbledon-1405,M,1,4,3,Cumul. Set Winner,1,1
2024,2024-wimbledon-1405,M,1,4,4,Cumul. Set Winner,1,0
2024,2024-wimbledon-1405,M,1,4,1,Cumul. Unf. Error,1,3
2024,2024-wimbledon-1405,M,1,4,2,Cumul. Unf. Error,1,2
2024,2024-wimbledon-1405,M,1,4,3,Cumul. Unf. Error,1,1
2024,2024-wimbledon-1405,M,1,4,4,Cumul. Unf. Error,1,0
2024,2024-wimbledon-1405,M,1,4,1,Dynamic Model,2,3
2024,2024-wimbledon-1405,M,1,4,2,Dynamic Model,1,2
2024,2024-wimbledon-1405,M,1,4,3,Dynamic Model,1,1
2024,2024-wimbledon-1405,M,1,4,4,Dynamic Model,1,0
2024,2024-wimbledon-1406,M,1,5,1,Cumul. Point Winner,2,4
2024,2024-wimbledon-1406,M,1,5,2,Cumul. Point Winner,2,3
2024,2024-wimbledon-1406,M,1,5,3,Cumul. Point Winner,1,2
2024,2024-wimbledon-1406,M,1,5,4,Cumul. Point Winner,1,1
2024,2024-wimbledon-1406,M,1,5,5,Cumul. Point Winner,1,0
2024,2024-wimbledon-1406,M,1,5,1,Cumul. Game Winner,2,4
2024,2024-wimbledon-1406,M,1,5,2,Cumul. Game Winner,2,3
2024,2024-wimbledon-1406,M,1,5,3,Cumul. Game Winner,2,2
2024,2024-wimbledon-1406,M,1,5,4,Cumul. Game Winner,2,1
2024,2024-wimbledon-1406,M,1,5,5,Cumul. Game Winner,1,0
2024,2024-wimbledon-1406,M,1,5,1,Set Winner,2,4
2024,2024-wimbledon-1406,M,1,5,2,Set Winner,2,3
2024,2024-wimbledon-1406,M,1,5,3,Set Winner,1,2
2024,2024-wimbledon-1406,M,1,5,4,Set Winner,1,1
2024,2024-wimbledon-1406,M,1,5,5,Set Winner,1,0
2024,2024-wimbledon-1406,M,1,5,1,Cumul. Set Winner,2,4
2024,2024-wimbledon-1406,M,1,5,2,Cumul. Set Winner,2,3
2024,2024-wimbledon-1406,M,1,5,3,Cumul. Set Winner,2,2
2024,2024-wimbledon-1406,M,1,5,4,Cumul. Set Winner,2,1
2024,2024-wimbledon-1406,M,1,5,5,Cumul. Set Winner,1,0
2024,2024-wimbledon-1406,M,1,5,1,Cumul. Unf. Error,1,4
2024,2024-wimbledon-1406,M,1,5,2,Cumul. Unf. Error,1,3
2024,2024-wimbledon-1406,M,1,5,3,Cumul. Unf. Error,1,2
2024,2024-wimbledon-1406,M,1,5,4,Cumul. Unf. Error,1,1
2024,2024-wimbledon-1406,M,1,5,5,Cumul. Unf. Error,1,0
2024,2024-wimbledon-1406,M,1,5,1,Dynamic Model,2,4
2024,2024-wimbledon-1406,M,1,5,2,Dynamic Model,2,3
2024,2024-wimbledon-1406,M,1,5,3,Dynamic Model,1,2
2024,2024-wimbledon-1406,M,1,5,4,Dynamic Model,1,1
2024,2024-wimbledon-1406,M,1,5,5,Dynamic Model,1,0
2024,2024-wimbledon-1407,M,2,4,1,Cumul. Point Winner,2,3
2024,2024-wimbledon-1407,M,2,4,2,Cumul. Point Winner,2,2
2024,2024-wimbledon-1407,M,2,4,3,Cumul. Point Winner,2,1
2024,2024-wimbledon-1407,M,2,4,4,Cumul. Point Winner,2,0
2024,2024-wimbledon-1407,M,2,4,1,Cumul. Game Winner,2,3
2024,2024-wimbledon-1407,M,2,4,2,Cumul. Game Winner,2,2
2024,2024-wimbledon-1407,M,2,4,3,Cumul. Game Winner,2,1
2024,2024-wimbledon-1407,M,2,4,4,Cumul. Game Winner,2,0
2024,2024-wimbledon-1407,M,2,4,1,Set Winner,2,3
2024,2024-wimbledon-1407,M,2,4,2,Set Winner,2,2
2024,2024-wimbledon-1407,M,2,4,3,Set Winner,1,1
2024,2024-wimbledon-1407,M,2,4,4,Set Winner,2,0
2024,2024-wimbledon-1407,M,2,4,1,Cumul. Set Winner,2,3
2024,2024-wimbledon-1407,M,2,4,2,Cumul. Set Winner,2,2
2024,2024-wimbledon-1407,M,2,4,3,Cumul. Set Winner,2,1
2024,2024-wimbledon-1407,M,2,4,4,Cumul. Set Winner,2,0
2024,2024-wimbledon-1407,M,2,4,1,Cumul. Unf. Error,2,3
2024,2024-wimbledon-1407,M,2,4,2,Cumul. Unf. Error,2,2
2024,2024-wimbledon-1407,M,2,4,3,Cumul. Unf. Error,2,1
2024,2024-wimbledon-1407,M,2,4,4,Cumul. Unf. Error,2,0
2024,2024-wimbledon-1407,M,2,4,1,Dynamic Model,2,3
2024,2024-wimbledon-1407,M,2,4,2,Dynamic Model,2,2
2024,2024-wimbledon-1407,M,2,4,3,Dynamic Model,2,1
2024,2024-wimbledon-1407,M,2,4,4,Dynamic Model,2,0
2024,2024-wimbledon-1408,M,2,3,1,Cumul. Point Winner,2,2
2024,2024-wimbledon-1408,M,2,3,2,Cumul. Point Winner,2,1
2024,2024-wimbledon-1408,M,2,3,3,Cumul. Point Winner,2,0
2024,2024-wimbledon-1408,M,2,3,1,Cumul. Game Winner,2,2
2024,2024-wimbledon-1408,M,2,3,2,Cumul. Game Winner,2,1
2024,2024-wimbledon-1408,M,2,3,3,Cumul. Game Winner,2,0
2024,2024-wimbledon-1408,M,2,3,1,Set Winner,2,2
2024,2024-wimbledon-1408,M,2,3,2,Set Winner,2,1
2024,2024-wimbledon-1408,M,2,3,3,Set Winner,2,0
2024,2024-wimbledon-1408,M,2,3,1,Cumul. Set Winner,2,2
2024,2024-wimbledon-1408,M,2,3,2,Cumul. Set Winner,2,1
2024,2024-wimbledon-1408,M,2,3,3,Cumul. Set Winner,2,0
2024,2024-wimbledon-1408,M,2,3,1,Cumul. Unf. Error,2,2
2024,2024-wimbledon-1408,M,2,3,2,Cumul. Unf. Error,2,1
2024,2024-wimbledon-1408,M,2,3,3,Cumul. Unf. Error,2,0
2024,2024-wimbledon-1408,M,2,3,1,Dynamic Model,2,2
2024,2024-wimbledon-1408,M,2,3,2,Dynamic Model,2,1
2024,2024-wimbledon-1408,M,2,3,3,Dynamic Model,2,0
2024,2024-wimbledon-1501,M,2,5,1,Cumul. Point Winner,1,4
2024,2024-wimbledon-1501,M,2,5,2,Cumul. Point Winner,2,3
2024,2024-wimbledon-1501,M,2,5,3,Cumul. Point Winner,2,2
2024,2024-wimbledon-1501,M,2,5,4,Cumul. Point Winner,1,1
2024,2024-wimbledon-1501,M,2,5,5,Cumul. Point Winner,1,0
2024,2024-wimbledon-1501,M,2,5,1,Cumul. Game Winner,1,4
2024,2024-wimbledon-1501,M,2,5,2,Cumul. Game Winner,2,3
2024,2024-wimbledon-1501,M,2,5,3,Cumul. Game Winner,2,2
2024,2024-wimbledon-1501,M,2,5,4,Cumul. Game Winner,1,1
2024,2024-wimbledon-1501,M,2,5,5,Cumul. Game Winner,2,0
2024,2024-wimbledon-1501,M,2,5,1,Set Winner,1,4
2024,2024-wimbledon-1501,M,2,5,2,Set Winner,2,3
2024,2024-wimbledon-1501,M,2,5,3,Set Winner,2,2
2024,2024-wimbledon-1501,M,2,5,4,Set Winner,1,1
2024,2024-wimbledon-1501,M,2,5,5,Set Winner,2,0
2024,2024-wimbledon-1501,M,2,5,1,Cumul. Set Winner,1,4
2024,2024-wimbledon-1501,M,2,5,2,Cumul. Set Winner,1,3
2024,2024-wimbledon-1501,M,2,5,3,Cumul. Set Winner,2,2
2024,2024-wimbledon-1501,M,2,5,4,Cumul. Set Winner,2,1
2024,2024-wimbledon-1501,M,2,5,5,Cumul. Set Winner,2,0
2024,2024-wimbledon-1501,M,2,5,1,Cumul. Unf. Error,1,4
2024,2024-wimbledon-1501,M,2,5,2,Cumul. Unf. Error,2,3
2024,2024-wimbledon-1501,M,2,5,3,Cumul. Unf. Error,2,2
2024,2024-wimbledon-1501,M,2,5,4,Cumul. Unf. Error,1,1
2024,2024-wimbledon-1501,M,2,5,5,Cumul. Unf. Error,1,0
2024,2024-wimbledon-1501,M,2,5,1,Dynamic Model,1,4
2024,2024-wimbledon-1501,M,2,5,2,Dynamic Model,2,3
2024,2024-wimbledon-1501,M,2,5,3,Dynamic Model,2,2
2024,2024-wimbledon-1501,M,2,5,4,Dynamic Model,1,1
2024,2024-wimbledon-1501,M,2,5,5,Dynamic Model,1,0
2024,2024-wimbledon-1502,M,1,4,1,Cumul. Point Winner,2,3
2024,2024-wimbledon-1502,M,1,4,2,Cumul. Point Winner,2,2
2024,2024-wimbledon-1502,M,1,4,3,Cumul. Point Winner,1,1
2024,2024-wimbledon-1502,M,1,4,4,Cumul. Point Winner,1,0
2024,2024-wimbledon-1502,M,1,4,1,Cumul. Game Winner,2,3
2024,2024-wimbledon-1502,M,1,4,2,Cumul. Game Winner,2,2
2024,2024-wimbledon-1502,M,1,4,3,Cumul. Game Winner,1,1
2024,2024-wimbledon-1502,M,1,4,4,Cumul. Game Winner,1,0
2024,2024-wimbledon-1502,M,1,4,1,Set Winner,2,3
2024,2024-wimbledon-1502,M,1,4,2,Set Winner,1,2
2024,2024-wimbledon-1502,M,1,4,3,Set Winner,1,1
2024,2024-wimbledon-1502,M,1,4,4,Set Winner,1,0
2024,2024-wimbledon-1502,M,1,4,1,Cumul. Set Winner,2,3
2024,2024-wimbledon-1502,M,1,4,2,Cumul. Set Winner,2,2
2024,2024-wimbledon-1502,M,1,4,3,Cumul. Set Winner,1,1
2024,2024-wimbledon-1502,M,1,4,4,Cumul. Set Winner,1,0
2024,2024-wimbledon-1502,M,1,4,1,Cumul. Unf. Error,1,3
2024,2024-wimbledon-1502,M,1,4,2,Cumul. Unf. Error,1,2
2024,2024-wimbledon-1502,M,1,4,3,Cumul. Unf. Error,1,1
2024,2024-wimbledon-1502,M,1,4,4,Cumul. Unf. Error,1,0
2024,2024-wimbledon-1502,M,1,4,1,Dynamic Model,2,3
2024,2024-wimbledon-1502,M,1,4,2,Dynamic Model,2,2
2024,2024-wimbledon-1502,M,1,4,3,Dynamic Model,1,1
2024,2024-wimbledon-1502,M,1,4,4,Dynamic Model,1,0
2024,2024-wimbledon-1503,M,1,5,1,Cumul. Point Winner,2,4
2024,2024-wimbledon-1503,M,1,5,2,Cumul. Point Winner,2,3
2024,2024-wimbledon-1503,M,1,5,3,Cumul. Point Winner,1,2
2024,2024-wimbledon-1503,M,1,5,4,Cumul. Point Winner,2,1
2024,2024-wimbledon-1503,M,1,5,5,Cumul. Point Winner,1,0
2024,2024-wimbledon-1503,M,1,5,1,Cumul. Game Winner,2,4
2024,2024-wimbledon-1503,M,1,5,2,Cumul. Game Winner,2,3
2024,2024-wimbledon-1503,M,1,5,3,Cumul. Game Winner,1,2
2024,2024-wimbledon-1503,M,1,5,4,Cumul. Game Winner,2,1
2024,2024-wimbledon-1503,M,1,5,5,Cumul. Game Winner,1,0
2024,2024-wimbledon-1503,M,1,5,1,Set Winner,2,4
2024,2024-wimbledon-1503,M,1,5,2,Set Winner,1,3
2024,2024-wimbledon-1503,M,1,5,3,Set Winner,1,2
2024,2024-wimbledon-1503,M,1,5,4,Set Winner,2,1
2024,2024-wimbledon-1503,M,1,5,5,Set Winner,1,0
2024,2024-wimbledon-1503,M,1,5,1,Cumul. Set Winner,2,4
2024,2024-wimbledon-1503,M,1,5,2,Cumul. Set Winner,2,3
2024,2024-wimbledon-1503,M,1,5,3,Cumul. Set Winner,1,2
2024,2024-wimbledon-1503,M,1,5,4,Cumul. Set Winner,1,1
2024,2024-wimbledon-1503,M,1,5,5,Cumul. Set Winner,1,0
2024,2024-wimbledon-1503,M,1,5,1,Cumul. Unf. Error,2,4
2024,2024-wimbledon-1503,M,1,5,2,Cumul. Unf. Error,1,3
2024,2024-wimbledon-1503,M,1,5,3,Cumul. Unf. Error,1,2
2024,2024-wimbledon-1503,M,1,5,4,Cumul. Unf. Error,1,1
2024,2024-wimbledon-1503,M,1,5,5,Cumul. Unf. Error,1,0
2024,2024-wimbledon-1503,M,1,5,1,Dynamic Model,2,4
2024,2024-wimbledon-1503,M,1,5,2,Dynamic Model,2,3
2024,2024-wimbledon-1503,M,1,5,3,Dynamic Model,1,2
2024,2024-wimbledon-1503,M,1,5,4,Dynamic Model,1,1
2024,2024-wimbledon-1503,M,1,5,5,Dynamic Model,1,0
2024,2024-wimbledon-1601,M,2,4,1,Cumul. Point Winner,1,3
2024,2024-wimbledon-1601,M,2,4,2,Cumul. Point Winner,1,2
2024,2024-wimbledon-1601,M,2,4,3,Cumul. Point Winner,2,1
2024,2024-wimbledon-1601,M,2,4,4,Cumul. Point Winner,2,0
2024,2024-wimbledon-1601,M,2,4,1,Cumul. Game Winner,1,3
2024,2024-wimbledon-1601,M,2,4,2,Cumul. Game Winner,2,2
2024,2024-wimbledon-1601,M,2,4,3,Cumul. Game Winner,2,1
2024,2024-wimbledon-1601,M,2,4,4,Cumul. Game Winner,2,0
2024,2024-wimbledon-1601,M,2,4,1,Set Winner,1,3
2024,2024-wimbledon-1601,M,2,4,2,Set Winner,2,2
2024,2024-wimbledon-1601,M,2,4,3,Set Winner,2,1
2024,2024-wimbledon-1601,M,2,4,4,Set Winner,2,0
2024,2024-wimbledon-1601,M,2,4,1,Cumul. Set Winner,1,3
2024,2024-wimbledon-1601,M,2,4,2,Cumul. Set Winner,1,2
2024,2024-wimbledon-1601,M,2,4,3,Cumul. Set Winner,2,1
2024,2024-wimbledon-1601,M,2,4,4,Cumul. Set Winner,2,0
2024,2024-wimbledon-1601,M,2,4,1,Cumul. Unf. Error,1,3
2024,2024-wimbledon-1601,M,2,4,2,Cumul. Unf. Error,1,2
2024,2024-wimbledon-1601,M,2,4,3,Cumul. Unf. Error,1,1
2024,2024-wimbledon-1601,M,2,4,4,Cumul. Unf. Error,1,0
2024,2024-wimbledon-1601,M,2,4,1,Dynamic Model,1,3
2024,2024-wimbledon-1601,M,2,4,2,Dynamic Model,1,2
2024,2024-wimbledon-1601,M,2,4,3,Dynamic Model,2,1
2024,2024-wimbledon-1601,M,2,4,4,Dynamic Model,2,0
2024,2024-wimbledon-1602,M,2,3,1,Cumul. Point Winner,2,2
2024,2024-wimbledon-1602,M,2,3,2,Cumul. Point Winner,2,1
2024,2024-wimbledon-1602,M,2,3,3,Cumul. Point Winner,2,0
2024,2024-wimbledon-1602,M,2,3,1,Cumul. Game Winner,2,2
2024,2024-wimbledon-1602,M,2,3,2,Cumul. Game Winner,2,1
2024,2024-wimbledon-1602,M,2,3,3,Cumul. Game Winner,2,0
2024,2024-wimbledon-1602,M,2,3,1,Set Winner,2,2
2024,2024-wimbledon-1602,M,2,3,2,Set Winner,2,1
2024,2024-wimbledon-1602,M,2,3,3,Set Winner,2,0
2024,2024-wimbledon-1602,M,2,3,1,Cumul. Set Winner,2,2
2024,2024-wimbledon-1602,M,2,3,2,Cumul. Set Winner,2,1
2024,2024-wimbledon-1602,M,2,3,3,Cumul. Set Winner,2,0
2024,2024-wimbledon-1602,M,2,3,1,Cumul. Unf. Error,1,2
2024,2024-wimbledon-1602,M,2,3,2,Cumul. Unf. Error,1,1
2024,2024-wimbledon-1602,M,2,3,3,Cumul. Unf. Error,1,0
2024,2024-wimbledon-1602,M,2,3,1,Dynamic Model,2,2
2024,2024-wimbledon-1602,M,2,3,2,Dynamic Model,2,1
2024,2024-wimbledon-1602,M,2,3,3,Dynamic Model,2,0
2024,2024-wimbledon-1701,M,1,3,1,Cumul. Point Winner,1,2
2024,2024-wimbledon-1701,M,1,3,2,Cumul. Point Winner,1,1
2024,2024-wimbledon-1701,M,1,3,3,Cumul. Point Winner,1,0
2024,2024-wimbledon-1701,M,1,3,1,Cumul. Game Winner,1,2
2024,2024-wimbledon-1701,M,1,3,2,Cumul. Game Winner,1,1
2024,2024-wimbledon-1701,M,1,3,3,Cumul. Game Winner,1,0
2024,2024-wimbledon-1701,M,1,3,1,Set Winner,1,2
2024,2024-wimbledon-1701,M,1,3,2,Set Winner,1,1
2024,2024-wimbledon-1701,M,1,3,3,Set Winner,1,0
2024,2024-wimbledon-1701,M,1,3,1,Cumul. Set Winner,1,2
2024,2024-wimbledon-1701,M,1,3,2,Cumul. Set Winner,1,1
2024,2024-wimbledon-1701,M,1,3,3,Cumul. Set Winner,1,0
2024,2024-wimbledon-1701,M,1,3,1,Cumul. Unf. Error,1,2
2024,2024-wimbledon-1701,M,1,3,2,Cumul. Unf. Error,1,1
2024,2024-wimbledon-1701,M,1,3,3,Cumul. Unf. Error,1,0
2024,2024-wimbledon-1701,M,1,3,1,Dynamic Model,1,2
2024,2024-wimbledon-1701,M,1,3,2,Dynamic Model,1,1
2024,2024-wimbledon-1701,M,1,3,3,Dynamic Model,1,0
2024,2024-wimbledon-2101,W,1,2,1,Cumul. Point Winner,1,1
2024,2024-wimbledon-2101,W,1,2,2,Cumul. Point Winner,1,0
2024,2024-wimbledon-2101,W,1,2,1,Cumul. Game Winner,1,1
2024,2024-wimbledon-2101,W,1,2,2,Cumul. Game Winner,1,0
2024,2024-wimbledon-2101,W,1,2,1,Set Winner,1,1
2024,2024-wimbledon-2101,W,1,2,2,Set Winner,1,0
2024,2024-wimbledon-2101,W,1,2,1,Cumul. Set Winner,1,1
2024,2024-wimbledon-2101,W,1,2,2,Cumul. Set Winner,1,0
2024,2024-wimbledon-2101,W,1,2,1,Cumul. Unf. Error,1,1
2024,2024-wimbledon-2101,W,1,2,2,Cumul. Unf. Error,1,0
2024,2024-wimbledon-2101,W,1,2,1,Dynamic Model,1,1
2024,2024-wimbledon-2101,W,1,2,2,Dynamic Model,1,0
2024,2024-wimbledon-2102,W,2,3,1,Cumul. Point Winner,1,2
2024,2024-wimbledon-2102,W,2,3,2,Cumul. Point Winner,1,1
2024,2024-wimbledon-2102,W,2,3,3,Cumul. Point Winner,2,0
2024,2024-wimbledon-2102,W,2,3,1,Cumul. Game Winner,1,2
2024,2024-wimbledon-2102,W,2,3,2,Cumul. Game Winner,2,1
2024,2024-wimbledon-2102,W,2,3,3,Cumul. Game Winner,2,0
2024,2024-wimbledon-2102,W,2,3,1,Set Winner,1,2
2024,2024-wimbledon-2102,W,2,3,2,Set Winner,2,1
2024,2024-wimbledon-2102,W,2,3,3,Set Winner,2,0
2024,2024-wimbledon-2102,W,2,3,1,Cumul. Set Winner,1,2
2024,2024-wimbledon-2102,W,2,3,2,Cumul. Set Winner,1,1
2024,2024-wimbledon-2102,W,2,3,3,Cumul. Set Winner,2,0
2024,2024-wimbledon-2102,W,2,3,1,Cumul. Unf. Error,1,2
2024,2024-wimbledon-2102,W,2,3,2,Cumul. Unf. Error,1,1
2024,2024-wimbledon-2102,W,2,3,3,Cumul. Unf. Error,1,0
2024,2024-wimbledon-2102,W,2,3,1,Dynamic Model,1,2
2024,2024-wimbledon-2102,W,2,3,2,Dynamic Model,1,1
2024,2024-wimbledon-2102,W,2,3,3,Dynamic Model,2,0
2024,2024-wimbledon-2103,W,1,2,1,Cumul. Point Winner,1,1
2024,2024-wimbledon-2103,W,1,2,2,Cumul. Point Winner,1,0
2024,2024-wimbledon-2103,W,1,2,1,Cumul. Game Winner,1,1
2024,2024-wimbledon-2103,W,1,2,2,Cumul. Game Winner,1,0
2024,2024-wimbledon-2103,W,1,2,1,Set Winner,1,1
2024,2024-wimbledon-2103,W,1,2,2,Set Winner,1,0
2024,2024-wimbledon-2103,W,1,2,1,Cumul. Set Winner,1,1
2024,2024-wimbledon-2103,W,1,2,2,Cumul. Set Winner,1,0
2024,2024-wimbledon-2103,W,1,2,1,Cumul. Unf. Error,2,1
2024,2024-wimbledon-2103,W,1,2,2,Cumul. Unf. Error,2,0
2024,2024-wimbledon-2103,W,1,2,1,Dynamic Model,1,1
2024,2024-wimbledon-2103,W,1,2,2,Dynamic Model,1,0
2024,2024-wimbledon-2104,W,2,2,1,Cumul. Point Winner,2,1
2024,2024-wimbledon-2104,W,2,2,2,Cumul. Point Winner,2,0
2024,2024-wimbledon-2104,W,2,2,1,Cumul. Game Winner,2,1
2024,2024-wimbledon-2104,W,2,2,2,Cumul. Game Winner,2,0
2024,2024-wimbledon-2104,W,2,2,1,Set Winner,2,1
2024,2024-wimbledon-2104,W,2,2,2,Set Winner,2,0
2024,2024-wimbledon-2104,W,2,2,1,Cumul. Set Winner,2,1
2024,2024-wimbledon-2104,W,2,2,2,Cumul. Set Winner,2,0
2024,2024-wimbledon-2104,W,2,2,1,Cumul. Unf. Error,1,1
2024,2024-wimbledon-2104,W,2,2,2,Cumul. Unf. Error,1,0
2024,2024-wimbledon-2104,W,2,2,1,Dynamic Model,2,1
2024,2024-wimbledon-2104,W,2,2,2,Dynamic Model,2,0
2024,2024-wimbledon-2105,W,1,2,1,Cumul. Point Winner,1,1
2024,2024-wimbledon-2105,W,1,2,2,Cumul. Point Winner,1,0
2024,2024-wimbledon-2105,W,1,2,1,Cumul. Game Winner,1,1
2024,2024-wimbledon-2105,W,1,2,2,Cumul. Game Winner,1,0
2024,2024-wimbledon-2105,W,1,2,1,Set Winner,1,1
2024,2024-wimbledon-2105,W,1,2,2,Set Winner,1,0
2024,2024-wimbledon-2105,W,1,2,1,Cumul. Set Winner,1,1
2024,2024-wimbledon-2105,W,1,2,2,Cumul. Set Winner,1,0
2024,2024-wimbledon-2105,W,1,2,1,Cumul. Unf. Error,2,1
2024,2024-wimbledon-2105,W,1,2,2,Cumul. Unf. Error,2,0
2024,2024-wimbledon-2105,W,1,2,1,Dynamic Model,1,1
2024,2024-wimbledon-2105,W,1,2,2,Dynamic Model,1,0
2024,2024-wimbledon-2106,W,1,3,1,Cumul. Point Winner,2,2
2024,2024-wimbledon-2106,W,1,3,2,Cumul. Point Winner,2,1
2024,2024-wimbledon-2106,W,1,3,3,Cumul. Point Winner,1,0
2024,2024-wimbledon-2106,W,1,3,1,Cumul. Game Winner,2,2
2024,2024-wimbledon-2106,W,1,3,2,Cumul. Game Winner,1,1
2024,2024-wimbledon-2106,W,1,3,3,Cumul. Game Winner,1,0
2024,2024-wimbledon-2106,W,1,3,1,Set Winner,2,2
2024,2024-wimbledon-2106,W,1,3,2,Set Winner,1,1
2024,2024-wimbledon-2106,W,1,3,3,Set Winner,1,0
2024,2024-wimbledon-2106,W,1,3,1,Cumul. Set Winner,2,2
2024,2024-wimbledon-2106,W,1,3,2,Cumul. Set Winner,2,1
2024,2024-wimbledon-2106,W,1,3,3,Cumul. Set Winner,1,0
2024,2024-wimbledon-2106,W,1,3,1,Cumul. Unf. Error,2,2
2024,2024-wimbledon-2106,W,1,3,2,Cumul. Unf. Error,2,1
2024,2024-wimbledon-2106,W,1,3,3,Cumul. Unf. Error,2,0
2024,2024-wimbledon-2106,W,1,3,1,Dynamic Model,2,2
2024,2024-wimbledon-2106,W,1,3,2,Dynamic Model,2,1
2024,2024-wimbledon-2106,W,1,3,3,Dynamic Model,1,0
2024,2024-wimbledon-2107,W,2,2,1,Cumul. Point Winner,2,1
2024,2024-wimbledon-2107,W,2,2,2,Cumul. Point Winner,2,0
2024,2024-wimbledon-2107,W,2,2,1,Cumul. Game Winner,2,1
2024,2024-wimbledon-2107,W,2,2,2,Cumul. Game Winner,2,0
2024,2024-wimbledon-2107,W,2,2,1,Set Winner,2,1
2024,2024-wimbledon-2107,W,2,2,2,Set Winner,2,0
2024,2024-wimbledon-2107,W,2,2,1,Cumul. Set Winner,2,1
2024,2024-wimbledon-2107,W,2,2,2,Cumul. Set Winner,2,0
2024,2024-wimbledon-2107,W,2,2,1,Cumul. Unf. Error,2,1
2024,2024-wimbledon-2107,W,2,2,2,Cumul. Unf. Error,2,0
2024,2024-wimbledon-2107,W,2,2,1,Dynamic Model,2,1
2024,2024-wimbledon-2107,W,2,2,2,Dynamic Model,2,0
2024,2024-wimbledon-2108,W,2,2,1,Cumul. Point Winner,2,1
2024,2024-wimbledon-2108,W,2,2,2,Cumul. Point Winner,2,0
2024,2024-wimbledon-2108,W,2,2,1,Cumul. Game Winner,2,1
2024,2024-wimbledon-2108,W,2,2,2,Cumul. Game Winner,2,0
2024,2024-wimbledon-2108,W,2,2,1,Set Winner,2,1
2024,2024-wimbledon-2108,W,2,2,2,Set Winner,2,0
2024,2024-wimbledon-2108,W,2,2,1,Cumul. Set Winner,2,1
2024,2024-wimbledon-2108,W,2,2,2,Cumul. Set Winner,2,0
2024,2024-wimbledon-2108,W,2,2,1,Cumul. Unf. Error,1,1
2024,2024-wimbledon-2108,W,2,2,2,Cumul. Unf. Error,1,0
2024,2024-wimbledon-2108,W,2,2,1,Dynamic Model,2,1
2024,2024-wimbledon-2108,W,2,2,2,Dynamic Model,2,0
2024,2024-wimbledon-2109,W,1,2,1,Cumul. Point Winner,1,1
2024,2024-wimbledon-2109,W,1,2,2,Cumul. Point Winner,1,0
2024,2024-wimbledon-2109,W,1,2,1,Cumul. Game Winner,1,1
2024,2024-wimbledon-2109,W,1,2,2,Cumul. Game Winner,1,0
2024,2024-wimbledon-2109,W,1,2,1,Set Winner,1,1
2024,2024-wimbledon-2109,W,1,2,2,Set Winner,1,0
2024,2024-wimbledon-2109,W,1,2,1,Cumul. Set Winner,1,1
2024,2024-wimbledon-2109,W,1,2,2,Cumul. Set Winner,1,0
2024,2024-wimbledon-2109,W,1,2,1,Cumul. Unf. Error,2,1
2024,2024-wimbledon-2109,W,1,2,2,Cumul. Unf. Error,2,0
2024,2024-wimbledon-2109,W,1,2,1,Dynamic Model,1,1
2024,2024-wimbledon-2109,W,1,2,2,Dynamic Model,1,0
2024,2024-wimbledon-2110,W,2,2,1,Cumul. Point Winner,2,1
2024,2024-wimbledon-2110,W,2,2,2,Cumul. Point Winner,2,0
2024,2024-wimbledon-2110,W,2,2,1,Cumul. Game Winner,2,1
2024,2024-wimbledon-2110,W,2,2,2,Cumul. Game Winner,2,0
2024,2024-wimbledon-2110,W,2,2,1,Set Winner,2,1
2024,2024-wimbledon-2110,W,2,2,2,Set Winner,2,0
2024,2024-wimbledon-2110,W,2,2,1,Cumul. Set Winner,2,1
2024,2024-wimbledon-2110,W,2,2,2,Cumul. Set Winner,2,0
2024,2024-wimbledon-2110,W,2,2,1,Cumul. Unf. Error,2,1
2024,2024-wimbledon-2110,W,2,2,2,Cumul. Unf. Error,2,0
2024,2024-wimbledon-2110,W,2,2,1,Dynamic Model,2,1
2024,2024-wimbledon-2110,W,2,2,2,Dynamic Model,2,0
2024,2024-wimbledon-2111,W,1,2,1,Cumul. Point Winner,1,1
2024,2024-wimbledon-2111,W,1,2,2,Cumul. Point Winner,1,0
2024,2024-wimbledon-2111,W,1,2,1,Cumul. Game Winner,1,1
2024,2024-wimbledon-2111,W,1,2,2,Cumul. Game Winner,1,0
2024,2024-wimbledon-2111,W,1,2,1,Set Winner,1,1
2024,2024-wimbledon-2111,W,1,2,2,Set Winner,1,0
2024,2024-wimbledon-2111,W,1,2,1,Cumul. Set Winner,1,1
2024,2024-wimbledon-2111,W,1,2,2,Cumul. Set Winner,1,0
2024,2024-wimbledon-2111,W,1,2,1,Cumul. Unf. Error,2,1
2024,2024-wimbledon-2111,W,1,2,2,Cumul. Unf. Error,1,0
2024,2024-wimbledon-2111,W,1,2,1,Dynamic Model,1,1
2024,2024-wimbledon-2111,W,1,2,2,Dynamic Model,1,0
2024,2024-wimbledon-2112,W,2,2,1,Cumul. Point Winner,2,1
2024,2024-wimbledon-2112,W,2,2,2,Cumul. Point Winner,2,0
2024,2024-wimbledon-2112,W,2,2,1,Cumul. Game Winner,2,1
2024,2024-wimbledon-2112,W,2,2,2,Cumul. Game Winner,2,0
2024,2024-wimbledon-2112,W,2,2,1,Set Winner,2,1
2024,2024-wimbledon-2112,W,2,2,2,Set Winner,2,0
2024,2024-wimbledon-2112,W,2,2,1,Cumul. Set Winner,2,1
2024,2024-wimbledon-2112,W,2,2,2,Cumul. Set Winner,2,0
2024,2024-wimbledon-2112,W,2,2,1,Cumul. Unf. Error,1,1
2024,2024-wimbledon-2112,W,2,2,2,Cumul. Unf. Error,1,0
2024,2024-wimbledon-2112,W,2,2,1,Dynamic Model,2,1
2024,2024-wimbledon-2112,W,2,2,2,Dynamic Model,2,0
2024,2024-wimbledon-2113,W,1,3,1,Cumul. Point Winner,1,2
2024,2024-wimbledon-2113,W,1,3,2,Cumul. Point Winner,2,1
2024,2024-wimbledon-2113,W,1,3,3,Cumul. Point Winner,2,0
2024,2024-wimbledon-2113,W,1,3,1,Cumul. Game Winner,1,2
2024,2024-wimbledon-2113,W,1,3,2,Cumul. Game Winner,1,1
2024,2024-wimbledon-2113,W,1,3,3,Cumul. Game Winner,1,0
2024,2024-wimbledon-2113,W,1,3,1,Set Winner,1,2
2024,2024-wimbledon-2113,W,1,3,2,Set Winner,2,1
2024,2024-wimbledon-2113,W,1,3,3,Set Winner,1,0
2024,2024-wimbledon-2113,W,1,3,1,Cumul. Set Winner,1,2
2024,2024-wimbledon-2113,W,1,3,2,Cumul. Set Winner,1,1
2024,2024-wimbledon-2113,W,1,3,3,Cumul. Set Winner,1,0
2024,2024-wimbledon-2113,W,1,3,1,Cumul. Unf. Error,1,2
2024,2024-wimbledon-2113,W,1,3,2,Cumul. Unf. Error,1,1
2024,2024-wimbledon-2113,W,1,3,3,Cumul. Unf. Error,1,0
2024,2024-wimbledon-2113,W,1,3,1,Dynamic Model,1,2
2024,2024-wimbledon-2113,W,1,3,2,Dynamic Model,2,1
2024,2024-wimbledon-2113,W,1,3,3,Dynamic Model,1,0
2024,2024-wimbledon-2114,W,2,2,1,Cumul. Point Winner,2,1
2024,2024-wimbledon-2114,W,2,2,2,Cumul. Point Winner,2,0
2024,2024-wimbledon-2114,W,2,2,1,Cumul. Game Winner,2,1
2024,2024-wimbledon-2114,W,2,2,2,Cumul. Game Winner,2,0
2024,2024-wimbledon-2114,W,2,2,1,Set Winner,2,1
2024,2024-wimbledon-2114,W,2,2,2,Set Winner,2,0
2024,2024-wimbledon-2114,W,2,2,1,Cumul. Set Winner,2,1
2024,2024-wimbledon-2114,W,2,2,2,Cumul. Set Winner,2,0
2024,2024-wimbledon-2114,W,2,2,1,Cumul. Unf. Error,2,1
2024,2024-wimbledon-2114,W,2,2,2,Cumul. Unf. Error,2,0
2024,2024-wimbledon-2114,W,2,2,1,Dynamic Model,2,1
2024,2024-wimbledon-2114,W,2,2,2,Dynamic Model,2,0
2024,2024-wimbledon-2115,W,1,3,1,Cumul. Point Winner,1,2
2024,2024-wimbledon-2115,W,1,3,2,Cumul. Point Winner,2,1
2024,2024-wimbledon-2115,W,1,3,3,Cumul. Point Winner,1,0
2024,2024-wimbledon-2115,W,1,3,1,Cumul. Game Winner,1,2
2024,2024-wimbledon-2115,W,1,3,2,Cumul. Game Winner,1,1
2024,2024-wimbledon-2115,W,1,3,3,Cumul. Game Winner,1,0
2024,2024-wimbledon-2115,W,1,3,1,Set Winner,1,2
2024,2024-wimbledon-2115,W,1,3,2,Set Winner,2,1
2024,2024-wimbledon-2115,W,1,3,3,Set Winner,1,0
2024,2024-wimbledon-2115,W,1,3,1,Cumul. Set Winner,1,2
2024,2024-wimbledon-2115,W,1,3,2,Cumul. Set Winner,1,1
2024,2024-wimbledon-2115,W,1,3,3,Cumul. Set Winner,1,0
2024,2024-wimbledon-2115,W,1,3,1,Cumul. Unf. Error,2,2
2024,2024-wimbledon-2115,W,1,3,2,Cumul. Unf. Error,2,1
2024,2024-wimbledon-2115,W,1,3,3,Cumul. Unf. Error,1,0
2024,2024-wimbledon-2115,W,1,3,1,Dynamic Model,1,2
2024,2024-wimbledon-2115,W,1,3,2,Dynamic Model,2,1
2024,2024-wimbledon-2115,W,1,3,3,Dynamic Model,1,0
2024,2024-wimbledon-2116,W,1,2,1,Cumul. Point Winner,1,1
2024,2024-wimbledon-2116,W,1,2,2,Cumul. Point Winner,1,0
2024,2024-wimbledon-2116,W,1,2,1,Cumul. Game Winner,1,1
2024,2024-wimbledon-2116,W,1,2,2,Cumul. Game Winner,1,0
2024,2024-wimbledon-2116,W,1,2,1,Set Winner,1,1
2024,2024-wimbledon-2116,W,1,2,2,Set Winner,1,0
2024,2024-wimbledon-2116,W,1,2,1,Cumul. Set Winner,1,1
2024,2024-wimbledon-2116,W,1,2,2,Cumul. Set Winner,1,0
2024,2024-wimbledon-2116,W,1,2,1,Cumul. Unf. Error,1,1
2024,2024-wimbledon-2116,W,1,2,2,Cumul. Unf. Error,1,0
2024,2024-wimbledon-2116,W,1,2,1,Dynamic Model,1,1
2024,2024-wimbledon-2116,W,1,2,2,Dynamic Model,1,0
2024,2024-wimbledon-2117,W,1,2,1,Cumul. Point Winner,1,1
2024,2024-wimbledon-2117,W,1,2,2,Cumul. Point Winner,1,0
2024,2024-wimbledon-2117,W,1,2,1,Cumul. Game Winner,1,1
2024,2024-wimbledon-2117,W,1,2,2,Cumul. Game Winner,1,0
2024,2024-wimbledon-2117,W,1,2,1,Set Winner,1,1
2024,2024-wimbledon-2117,W,1,2,2,Set Winner,1,0
2024,2024-wimbledon-2117,W,1,2,1,Cumul. Set Winner,1,1
2024,2024-wimbledon-2117,W,1,2,2,Cumul. Set Winner,1,0
2024,2024-wimbledon-2117,W,1,2,1,Cumul. Unf. Error,1,1
2024,2024-wimbledon-2117,W,1,2,2,Cumul. Unf. Error,1,0
2024,2024-wimbledon-2117,W,1,2,1,Dynamic Model,1,1
2024,2024-wimbledon-2117,W,1,2,2,Dynamic Model,1,0
2024,2024-wimbledon-2118,W,1,2,1,Cumul. Point Winner,1,1
2024,2024-wimbledon-2118,W,1,2,2,Cumul. Point Winner,1,0
2024,2024-wimbledon-2118,W,1,2,1,Cumul. Game Winner,1,1
2024,2024-wimbledon-2118,W,1,2,2,Cumul. Game Winner,1,0
2024,2024-wimbledon-2118,W,1,2,1,Set Winner,1,1
2024,2024-wimbledon-2118,W,1,2,2,Set Winner,1,0
2024,2024-wimbledon-2118,W,1,2,1,Cumul. Set Winner,1,1
2024,2024-wimbledon-2118,W,1,2,2,Cumul. Set Winner,1,0
2024,2024-wimbledon-2118,W,1,2,1,Cumul. Unf. Error,2,1
2024,2024-wimbledon-2118,W,1,2,2,Cumul. Unf. Error,1,0
2024,2024-wimbledon-2118,W,1,2,1,Dynamic Model,1,1
2024,2024-wimbledon-2118,W,1,2,2,Dynamic Model,1,0
2024,2024-wimbledon-2119,W,1,2,1,Cumul. Point Winner,1,1
2024,2024-wimbledon-2119,W,1,2,2,Cumul. Point Winner,1,0
2024,2024-wimbledon-2119,W,1,2,1,Cumul. Game Winner,1,1
2024,2024-wimbledon-2119,W,1,2,2,Cumul. Game Winner,1,0
2024,2024-wimbledon-2119,W,1,2,1,Set Winner,1,1
2024,2024-wimbledon-2119,W,1,2,2,Set Winner,1,0
2024,2024-wimbledon-2119,W,1,2,1,Cumul. Set Winner,1,1
2024,2024-wimbledon-2119,W,1,2,2,Cumul. Set Winner,1,0
2024,2024-wimbledon-2119,W,1,2,1,Cumul. Unf. Error,1,1
2024,2024-wimbledon-2119,W,1,2,2,Cumul. Unf. Error,1,0
2024,2024-wimbledon-2119,W,1,2,1,Dynamic Model,1,1
2024,2024-wimbledon-2119,W,1,2,2,Dynamic Model,1,0
2024,2024-wimbledon-2120,W,2,2,1,Cumul. Point Winner,2,1
2024,2024-wimbledon-2120,W,2,2,2,Cumul. Point Winner,2,0
2024,2024-wimbledon-2120,W,2,2,1,Cumul. Game Winner,2,1
2024,2024-wimbledon-2120,W,2,2,2,Cumul. Game Winner,2,0
2024,2024-wimbledon-2120,W,2,2,1,Set Winner,2,1
2024,2024-wimbledon-2120,W,2,2,2,Set Winner,2,0
2024,2024-wimbledon-2120,W,2,2,1,Cumul. Set Winner,2,1
2024,2024-wimbledon-2120,W,2,2,2,Cumul. Set Winner,2,0
2024,2024-wimbledon-2120,W,2,2,1,Cumul. Unf. Error,1,1
2024,2024-wimbledon-2120,W,2,2,2,Cumul. Unf. Error,1,0
2024,2024-wimbledon-2120,W,2,2,1,Dynamic Model,2,1
2024,2024-wimbledon-2120,W,2,2,2,Dynamic Model,2,0
2024,2024-wimbledon-2121,W,1,2,1,Cumul. Point Winner,1,1
2024,2024-wimbledon-2121,W,1,2,2,Cumul. Point Winner,1,0
2024,2024-wimbledon-2121,W,1,2,1,Cumul. Game Winner,1,1
2024,2024-wimbledon-2121,W,1,2,2,Cumul. Game Winner,1,0
2024,2024-wimbledon-2121,W,1,2,1,Set Winner,1,1
2024,2024-wimbledon-2121,W,1,2,2,Set Winner,1,0
2024,2024-wimbledon-2121,W,1,2,1,Cumul. Set Winner,1,1
2024,2024-wimbledon-2121,W,1,2,2,Cumul. Set Winner,1,0
2024,2024-wimbledon-2121,W,1,2,1,Cumul. Unf. Error,1,1
2024,2024-wimbledon-2121,W,1,2,2,Cumul. Unf. Error,1,0
2024,2024-wimbledon-2121,W,1,2,1,Dynamic Model,1,1
2024,2024-wimbledon-2121,W,1,2,2,Dynamic Model,1,0
2024,2024-wimbledon-2122,W,1,2,1,Cumul. Point Winner,1,1
2024,2024-wimbledon-2122,W,1,2,2,Cumul. Point Winner,1,0
2024,2024-wimbledon-2122,W,1,2,1,Cumul. Game Winner,1,1
2024,2024-wimbledon-2122,W,1,2,2,Cumul. Game Winner,1,0
2024,2024-wimbledon-2122,W,1,2,1,Set Winner,1,1
2024,2024-wimbledon-2122,W,1,2,2,Set Winner,1,0
2024,2024-wimbledon-2122,W,1,2,1,Cumul. Set Winner,1,1
2024,2024-wimbledon-2122,W,1,2,2,Cumul. Set Winner,1,0
2024,2024-wimbledon-2122,W,1,2,1,Cumul. Unf. Error,1,1
2024,2024-wimbledon-2122,W,1,2,2,Cumul. Unf. Error,1,0
2024,2024-wimbledon-2122,W,1,2,1,Dynamic Model,1,1
2024,2024-wimbledon-2122,W,1,2,2,Dynamic Model,1,0
2024,2024-wimbledon-2123,W,2,2,1,Cumul. Point Winner,2,1
2024,2024-wimbledon-2123,W,2,2,2,Cumul. Point Winner,2,0
2024,2024-wimbledon-2123,W,2,2,1,Cumul. Game Winner,2,1
2024,2024-wimbledon-2123,W,2,2,2,Cumul. Game Winner,2,0
2024,2024-wimbledon-2123,W,2,2,1,Set Winner,2,1
2024,2024-wimbledon-2123,W,2,2,2,Set Winner,2,0
2024,2024-wimbledon-2123,W,2,2,1,Cumul. Set Winner,2,1
2024,2024-wimbledon-2123,W,2,2,2,Cumul. Set Winner,2,0
2024,2024-wimbledon-2123,W,2,2,1,Cumul. Unf. Error,2,1
2024,2024-wimbledon-2123,W,2,2,2,Cumul. Unf. Error,2,0
2024,2024-wimbledon-2123,W,2,2,1,Dynamic Model,2,1
2024,2024-wimbledon-2123,W,2,2,2,Dynamic Model,2,0
2024,2024-wimbledon-2124,W,2,3,1,Cumul. Point Winner,2,2
2024,2024-wimbledon-2124,W,2,3,2,Cumul. Point Winner,2,1
2024,2024-wimbledon-2124,W,2,3,3,Cumul. Point Winner,2,0
2024,2024-wimbledon-2124,W,2,3,1,Cumul. Game Winner,2,2
2024,2024-wimbledon-2124,W,2,3,2,Cumul. Game Winner,2,1
2024,2024-wimbledon-2124,W,2,3,3,Cumul. Game Winner,2,0
2024,2024-wimbledon-2124,W,2,3,1,Set Winner,2,2
2024,2024-wimbledon-2124,W,2,3,2,Set Winner,1,1
2024,2024-wimbledon-2124,W,2,3,3,Set Winner,2,0
2024,2024-wimbledon-2124,W,2,3,1,Cumul. Set Winner,2,2
2024,2024-wimbledon-2124,W,2,3,2,Cumul. Set Winner,2,1
2024,2024-wimbledon-2124,W,2,3,3,Cumul. Set Winner,2,0
2024,2024-wimbledon-2124,W,2,3,1,Cumul. Unf. Error,2,2
2024,2024-wimbledon-2124,W,2,3,2,Cumul. Unf. Error,2,1
2024,2024-wimbledon-2124,W,2,3,3,Cumul. Unf. Error,2,0
2024,2024-wimbledon-2124,W,2,3,1,Dynamic Model,2,2
2024,2024-wimbledon-2124,W,2,3,2,Dynamic Model,2,1
2024,2024-wimbledon-2124,W,2,3,3,Dynamic Model,2,0
2024,2024-wimbledon-2125,W,1,2,1,Cumul. Point Winner,1,1
2024,2024-wimbledon-2125,W,1,2,2,Cumul. Point Winner,1,0
2024,2024-wimbledon-2125,W,1,2,1,Cumul. Game Winner,1,1
2024,2024-wimbledon-2125,W,1,2,2,Cumul. Game Winner,1,0
2024,2024-wimbledon-2125,W,1,2,1,Set Winner,1,1
2024,2024-wimbledon-2125,W,1,2,2,Set Winner,1,0
2024,2024-wimbledon-2125,W,1,2,1,Cumul. Set Winner,1,1
2024,2024-wimbledon-2125,W,1,2,2,Cumul. Set Winner,1,0
2024,2024-wimbledon-2125,W,1,2,1,Cumul. Unf. Error,1,1
2024,2024-wimbledon-2125,W,1,2,2,Cumul. Unf. Error,1,0
2024,2024-wimbledon-2125,W,1,2,1,Dynamic Model,1,1
2024,2024-wimbledon-2125,W,1,2,2,Dynamic Model,1,0
2024,2024-wimbledon-2126,W,1,2,1,Cumul. Point Winner,1,1
2024,2024-wimbledon-2126,W,1,2,2,Cumul. Point Winner,1,0
2024,2024-wimbledon-2126,W,1,2,1,Cumul. Game Winner,1,1
2024,2024-wimbledon-2126,W,1,2,2,Cumul. Game Winner,1,0
2024,2024-wimbledon-2126,W,1,2,1,Set Winner,1,1
2024,2024-wimbledon-2126,W,1,2,2,Set Winner,1,0
2024,2024-wimbledon-2126,W,1,2,1,Cumul. Set Winner,1,1
2024,2024-wimbledon-2126,W,1,2,2,Cumul. Set Winner,1,0
2024,2024-wimbledon-2126,W,1,2,1,Cumul. Unf. Error,1,1
2024,2024-wimbledon-2126,W,1,2,2,Cumul. Unf. Error,1,0
2024,2024-wimbledon-2126,W,1,2,1,Dynamic Model,1,1
2024,2024-wimbledon-2126,W,1,2,2,Dynamic Model,1,0
2024,2024-wimbledon-2127,W,2,2,1,Cumul. Point Winner,2,1
2024,2024-wimbledon-2127,W,2,2,2,Cumul. Point Winner,2,0
2024,2024-wimbledon-2127,W,2,2,1,Cumul. Game Winner,2,1
2024,2024-wimbledon-2127,W,2,2,2,Cumul. Game Winner,2,0
2024,2024-wimbledon-2127,W,2,2,1,Set Winner,2,1
2024,2024-wimbledon-2127,W,2,2,2,Set Winner,2,0
2024,2024-wimbledon-2127,W,2,2,1,Cumul. Set Winner,2,1
2024,2024-wimbledon-2127,W,2,2,2,Cumul. Set Winner,2,0
2024,2024-wimbledon-2127,W,2,2,1,Cumul. Unf. Error,1,1
2024,2024-wimbledon-2127,W,2,2,2,Cumul. Unf. Error,2,0
2024,2024-wimbledon-2127,W,2,2,1,Dynamic Model,2,1
2024,2024-wimbledon-2127,W,2,2,2,Dynamic Model,2,0
2024,2024-wimbledon-2128,W,2,3,1,Cumul. Point Winner,2,2
2024,2024-wimbledon-2128,W,2,3,2,Cumul. Point Winner,2,1
2024,2024-wimbledon-2128,W,2,3,3,Cumul. Point Winner,2,0
2024,2024-wimbledon-2128,W,2,3,1,Cumul. Game Winner,2,2
2024,2024-wimbledon-2128,W,2,3,2,Cumul. Game Winner,2,1
2024,2024-wimbledon-2128,W,2,3,3,Cumul. Game Winner,2,0
2024,2024-wimbledon-2128,W,2,3,1,Set Winner,2,2
2024,2024-wimbledon-2128,W,2,3,2,Set Winner,1,1
2024,2024-wimbledon-2128,W,2,3,3,Set Winner,2,0
2024,2024-wimbledon-2128,W,2,3,1,Cumul. Set Winner,2,2
2024,2024-wimbledon-2128,W,2,3,2,Cumul. Set Winner,2,1
2024,2024-wimbledon-2128,W,2,3,3,Cumul. Set Winner,2,0
2024,2024-wimbledon-2128,W,2,3,1,Cumul. Unf. Error,1,2
2024,2024-wimbledon-2128,W,2,3,2,Cumul. Unf. Error,2,1
2024,2024-wimbledon-2128,W,2,3,3,Cumul. Unf. Error,2,0
2024,2024-wimbledon-2128,W,2,3,1,Dynamic Model,2,2
2024,2024-wimbledon-2128,W,2,3,2,Dynamic Model,2,1
2024,2024-wimbledon-2128,W,2,3,3,Dynamic Model,2,0
2024,2024-wimbledon-2129,W,1,2,1,Cumul. Point Winner,2,1
2024,2024-wimbledon-2129,W,1,2,2,Cumul. Point Winner,1,0
2024,2024-wimbledon-2129,W,1,2,1,Cumul. Game Winner,1,1
2024,2024-wimbledon-2129,W,1,2,2,Cumul. Game Winner,1,0
2024,2024-wimbledon-2129,W,1,2,1,Set Winner,1,1
2024,2024-wimbledon-2129,W,1,2,2,Set Winner,1,0
2024,2024-wimbledon-2129,W,1,2,1,Cumul. Set Winner,1,1
2024,2024-wimbledon-2129,W,1,2,2,Cumul. Set Winner,1,0
2024,2024-wimbledon-2129,W,1,2,1,Cumul. Unf. Error,2,1
2024,2024-wimbledon-2129,W,1,2,2,Cumul. Unf. Error,2,0
2024,2024-wimbledon-2129,W,1,2,1,Dynamic Model,2,1
2024,2024-wimbledon-2129,W,1,2,2,Dynamic Model,1,0
2024,2024-wimbledon-2130,W,1,2,1,Cumul. Point Winner,1,1
2024,2024-wimbledon-2130,W,1,2,2,Cumul. Point Winner,1,0
2024,2024-wimbledon-2130,W,1,2,1,Cumul. Game Winner,1,1
2024,2024-wimbledon-2130,W,1,2,2,Cumul. Game Winner,1,0
2024,2024-wimbledon-2130,W,1,2,1,Set Winner,1,1
2024,2024-wimbledon-2130,W,1,2,2,Set Winner,1,0
2024,2024-wimbledon-2130,W,1,2,1,Cumul. Set Winner,1,1
2024,2024-wimbledon-2130,W,1,2,2,Cumul. Set Winner,1,0
2024,2024-wimbledon-2130,W,1,2,1,Cumul. Unf. Error,1,1
2024,2024-wimbledon-2130,W,1,2,2,Cumul. Unf. Error,1,0
2024,2024-wimbledon-2130,W,1,2,1,Dynamic Model,1,1
2024,2024-wimbledon-2130,W,1,2,2,Dynamic Model,1,0
2024,2024-wimbledon-2131,W,1,3,1,Cumul. Point Winner,2,2
2024,2024-wimbledon-2131,W,1,3,2,Cumul. Point Winner,2,1
2024,2024-wimbledon-2131,W,1,3,3,Cumul. Point Winner,1,0
2024,2024-wimbledon-2131,W,1,3,1,Cumul. Game Winner,1,2
2024,2024-wimbledon-2131,W,1,3,2,Cumul. Game Winner,2,1
2024,2024-wimbledon-2131,W,1,3,3,Cumul. Game Winner,1,0
2024,2024-wimbledon-2131,W,1,3,1,Set Winner,1,2
2024,2024-wimbledon-2131,W,1,3,2,Set Winner,2,1
2024,2024-wimbledon-2131,W,1,3,3,Set Winner,1,0
2024,2024-wimbledon-2131,W,1,3,1,Cumul. Set Winner,1,2
2024,2024-wimbledon-2131,W,1,3,2,Cumul. Set Winner,1,1
2024,2024-wimbledon-2131,W,1,3,3,Cumul. Set Winner,1,0
2024,2024-wimbledon-2131,W,1,3,1,Cumul. Unf. Error,2,2
2024,2024-wimbledon-2131,W,1,3,2,Cumul. Unf. Error,2,1
2024,2024-wimbledon-2131,W,1,3,3,Cumul. Unf. Error,2,0
2024,2024-wimbledon-2131,W,1,3,1,Dynamic Model,1,2
2024,2024-wimbledon-2131,W,1,3,2,Dynamic Model,2,1
2024,2024-wimbledon-2131,W,1,3,3,Dynamic Model,1,0
2024,2024-wimbledon-2132,W,2,2,1,Cumul. Point Winner,2,1
2024,2024-wimbledon-2132,W,2,2,2,Cumul. Point Winner,2,0
2024,2024-wimbledon-2132,W,2,2,1,Cumul. Game Winner,2,1
2024,2024-wimbledon-2132,W,2,2,2,Cumul. Game Winner,2,0
2024,2024-wimbledon-2132,W,2,2,1,Set Winner,2,1
2024,2024-wimbledon-2132,W,2,2,2,Set Winner,2,0
2024,2024-wimbledon-2132,W,2,2,1,Cumul. Set Winner,2,1
2024,2024-wimbledon-2132,W,2,2,2,Cumul. Set Winner,2,0
2024,2024-wimbledon-2132,W,2,2,1,Cumul. Unf. Error,2,1
2024,2024-wimbledon-2132,W,2,2,2,Cumul. Unf. Error,2,0
2024,2024-wimbledon-2132,W,2,2,1,Dynamic Model,2,1
2024,2024-wimbledon-2132,W,2,2,2,Dynamic Model,2,0
2024,2024-wimbledon-2133,W,2,3,1,Cumul. Point Winner,1,2
2024,2024-wimbledon-2133,W,2,3,2,Cumul. Point Winner,2,1
2024,2024-wimbledon-2133,W,2,3,3,Cumul. Point Winner,2,0
2024,2024-wimbledon-2133,W,2,3,1,Cumul. Game Winner,1,2
2024,2024-wimbledon-2133,W,2,3,2,Cumul. Game Winner,2,1
2024,2024-wimbledon-2133,W,2,3,3,Cumul. Game Winner,2,0
2024,2024-wimbledon-2133,W,2,3,1,Set Winner,1,2
2024,2024-wimbledon-2133,W,2,3,2,Set Winner,2,1
2024,2024-wimbledon-2133,W,2,3,3,Set Winner,2,0
2024,2024-wimbledon-2133,W,2,3,1,Cumul. Set Winner,1,2
2024,2024-wimbledon-2133,W,2,3,2,Cumul. Set Winner,1,1
2024,2024-wimbledon-2133,W,2,3,3,Cumul. Set Winner,2,0
2024,2024-wimbledon-2133,W,2,3,1,Cumul. Unf. Error,1,2
2024,2024-wimbledon-2133,W,2,3,2,Cumul. Unf. Error,2,1
2024,2024-wimbledon-2133,W,2,3,3,Cumul. Unf. Error,2,0
2024,2024-wimbledon-2133,W,2,3,1,Dynamic Model,1,2
2024,2024-wimbledon-2133,W,2,3,2,Dynamic Model,2,1
2024,2024-wimbledon-2133,W,2,3,3,Dynamic Model,2,0
2024,2024-wimbledon-2134,W,2,2,1,Cumul. Point Winner,2,1
2024,2024-wimbledon-2134,W,2,2,2,Cumul. Point Winner,2,0
2024,2024-wimbledon-2134,W,2,2,1,Cumul. Game Winner,2,1
2024,2024-wimbledon-2134,W,2,2,2,Cumul. Game Winner,2,0
2024,2024-wimbledon-2134,W,2,2,1,Set Winner,2,1
2024,2024-wimbledon-2134,W,2,2,2,Set Winner,2,0
2024,2024-wimbledon-2134,W,2,2,1,Cumul. Set Winner,2,1
2024,2024-wimbledon-2134,W,2,2,2,Cumul. Set Winner,2,0
2024,2024-wimbledon-2134,W,2,2,1,Cumul. Unf. Error,1,1
2024,2024-wimbledon-2134,W,2,2,2,Cumul. Unf. Error,2,0
2024,2024-wimbledon-2134,W,2,2,1,Dynamic Model,2,1
2024,2024-wimbledon-2134,W,2,2,2,Dynamic Model,2,0
2024,2024-wimbledon-2135,W,2,2,1,Cumul. Point Winner,2,1
2024,2024-wimbledon-2135,W,2,2,2,Cumul. Point Winner,2,0
2024,2024-wimbledon-2135,W,2,2,1,Cumul. Game Winner,2,1
2024,2024-wimbledon-2135,W,2,2,2,Cumul. Game Winner,2,0
2024,2024-wimbledon-2135,W,2,2,1,Set Winner,2,1
2024,2024-wimbledon-2135,W,2,2,2,Set Winner,2,0
2024,2024-wimbledon-2135,W,2,2,1,Cumul. Set Winner,2,1
2024,2024-wimbledon-2135,W,2,2,2,Cumul. Set Winner,2,0
2024,2024-wimbledon-2135,W,2,2,1,Cumul. Unf. Error,2,1
2024,2024-wimbledon-2135,W,2,2,2,Cumul. Unf. Error,2,0
2024,2024-wimbledon-2135,W,2,2,1,Dynamic Model,2,1
2024,2024-wimbledon-2135,W,2,2,2,Dynamic Model,2,0
2024,2024-wimbledon-2136,W,2,2,1,Cumul. Point Winner,2,1
2024,2024-wimbledon-2136,W,2,2,2,Cumul. Point Winner,2,0
2024,2024-wimbledon-2136,W,2,2,1,Cumul. Game Winner,2,1
2024,2024-wimbledon-2136,W,2,2,2,Cumul. Game Winner,2,0
2024,2024-wimbledon-2136,W,2,2,1,Set Winner,2,1
2024,2024-wimbledon-2136,W,2,2,2,Set Winner,2,0
2024,2024-wimbledon-2136,W,2,2,1,Cumul. Set Winner,2,1
2024,2024-wimbledon-2136,W,2,2,2,Cumul. Set Winner,2,0
2024,2024-wimbledon-2136,W,2,2,1,Cumul. Unf. Error,1,1
2024,2024-wimbledon-2136,W,2,2,2,Cumul. Unf. Error,1,0
2024,2024-wimbledon-2136,W,2,2,1,Dynamic Model,2,1
2024,2024-wimbledon-2136,W,2,2,2,Dynamic Model,2,0
2024,2024-wimbledon-2137,W,2,2,1,Cumul. Point Winner,2,1
2024,2024-wimbledon-2137,W,2,2,2,Cumul. Point Winner,2,0
2024,2024-wimbledon-2137,W,2,2,1,Cumul. Game Winner,2,1
2024,2024-wimbledon-2137,W,2,2,2,Cumul. Game Winner,2,0
2024,2024-wimbledon-2137,W,2,2,1,Set Winner,2,1
2024,2024-wimbledon-2137,W,2,2,2,Set Winner,2,0
2024,2024-wimbledon-2137,W,2,2,1,Cumul. Set Winner,2,1
2024,2024-wimbledon-2137,W,2,2,2,Cumul. Set Winner,2,0
2024,2024-wimbledon-2137,W,2,2,1,Cumul. Unf. Error,1,1
2024,2024-wimbledon-2137,W,2,2,2,Cumul. Unf. Error,1,0
2024,2024-wimbledon-2137,W,2,2,1,Dynamic Model,2,1
2024,2024-wimbledon-2137,W,2,2,2,Dynamic Model,2,0
2024,2024-wimbledon-2138,W,2,3,1,Cumul. Point Winner,1,2
2024,2024-wimbledon-2138,W,2,3,2,Cumul. Point Winner,2,1
2024,2024-wimbledon-2138,W,2,3,3,Cumul. Point Winner,2,0
2024,2024-wimbledon-2138,W,2,3,1,Cumul. Game Winner,1,2
2024,2024-wimbledon-2138,W,2,3,2,Cumul. Game Winner,1,1
2024,2024-wimbledon-2138,W,2,3,3,Cumul. Game Winner,2,0
2024,2024-wimbledon-2138,W,2,3,1,Set Winner,1,2
2024,2024-wimbledon-2138,W,2,3,2,Set Winner,2,1
2024,2024-wimbledon-2138,W,2,3,3,Set Winner,2,0
2024,2024-wimbledon-2138,W,2,3,1,Cumul. Set Winner,1,2
2024,2024-wimbledon-2138,W,2,3,2,Cumul. Set Winner,1,1
2024,2024-wimbledon-2138,W,2,3,3,Cumul. Set Winner,2,0
2024,2024-wimbledon-2138,W,2,3,1,Cumul. Unf. Error,1,2
2024,2024-wimbledon-2138,W,2,3,2,Cumul. Unf. Error,2,1
2024,2024-wimbledon-2138,W,2,3,3,Cumul. Unf. Error,2,0
2024,2024-wimbledon-2138,W,2,3,1,Dynamic Model,1,2
2024,2024-wimbledon-2138,W,2,3,2,Dynamic Model,2,1
2024,2024-wimbledon-2138,W,2,3,3,Dynamic Model,2,0
2024,2024-wimbledon-2139,W,1,2,1,Cumul. Point Winner,1,1
2024,2024-wimbledon-2139,W,1,2,2,Cumul. Point Winner,1,0
2024,2024-wimbledon-2139,W,1,2,1,Cumul. Game Winner,1,1
2024,2024-wimbledon-2139,W,1,2,2,Cumul. Game Winner,1,0
2024,2024-wimbledon-2139,W,1,2,1,Set Winner,1,1
2024,2024-wimbledon-2139,W,1,2,2,Set Winner,1,0
2024,2024-wimbledon-2139,W,1,2,1,Cumul. Set Winner,1,1
2024,2024-wimbledon-2139,W,1,2,2,Cumul. Set Winner,1,0
2024,2024-wimbledon-2139,W,1,2,1,Cumul. Unf. Error,1,1
2024,2024-wimbledon-2139,W,1,2,2,Cumul. Unf. Error,1,0
2024,2024-wimbledon-2139,W,1,2,1,Dynamic Model,1,1
2024,2024-wimbledon-2139,W,1,2,2,Dynamic Model,1,0
2024,2024-wimbledon-2140,W,2,2,1,Cumul. Point Winner,2,1
2024,2024-wimbledon-2140,W,2,2,2,Cumul. Point Winner,2,0
2024,2024-wimbledon-2140,W,2,2,1,Cumul. Game Winner,2,1
2024,2024-wimbledon-2140,W,2,2,2,Cumul. Game Winner,2,0
2024,2024-wimbledon-2140,W,2,2,1,Set Winner,2,1
2024,2024-wimbledon-2140,W,2,2,2,Set Winner,2,0
2024,2024-wimbledon-2140,W,2,2,1,Cumul. Set Winner,2,1
2024,2024-wimbledon-2140,W,2,2,2,Cumul. Set Winner,2,0
2024,2024-wimbledon-2140,W,2,2,1,Cumul. Unf. Error,1,1
2024,2024-wimbledon-2140,W,2,2,2,Cumul. Unf. Error,1,0
2024,2024-wimbledon-2140,W,2,2,1,Dynamic Model,2,1
2024,2024-wimbledon-2140,W,2,2,2,Dynamic Model,2,0
2024,2024-wimbledon-2141,W,1,2,1,Cumul. Point Winner,1,1
2024,2024-wimbledon-2141,W,1,2,2,Cumul. Point Winner,1,0
2024,2024-wimbledon-2141,W,1,2,1,Cumul. Game Winner,1,1
2024,2024-wimbledon-2141,W,1,2,2,Cumul. Game Winner,1,0
2024,2024-wimbledon-2141,W,1,2,1,Set Winner,1,1
2024,2024-wimbledon-2141,W,1,2,2,Set Winner,1,0
2024,2024-wimbledon-2141,W,1,2,1,Cumul. Set Winner,1,1
2024,2024-wimbledon-2141,W,1,2,2,Cumul. Set Winner,1,0
2024,2024-wimbledon-2141,W,1,2,1,Cumul. Unf. Error,1,1
2024,2024-wimbledon-2141,W,1,2,2,Cumul. Unf. Error,1,0
2024,2024-wimbledon-2141,W,1,2,1,Dynamic Model,1,1
2024,2024-wimbledon-2141,W,1,2,2,Dynamic Model,1,0
2024,2024-wimbledon-2142,W,2,2,1,Cumul. Point Winner,2,1
2024,2024-wimbledon-2142,W,2,2,2,Cumul. Point Winner,2,0
2024,2024-wimbledon-2142,W,2,2,1,Cumul. Game Winner,2,1
2024,2024-wimbledon-2142,W,2,2,2,Cumul. Game Winner,2,0
2024,2024-wimbledon-2142,W,2,2,1,Set Winner,2,1
2024,2024-wimbledon-2142,W,2,2,2,Set Winner,2,0
2024,2024-wimbledon-2142,W,2,2,1,Cumul. Set Winner,2,1
2024,2024-wimbledon-2142,W,2,2,2,Cumul. Set Winner,2,0
2024,2024-wimbledon-2142,W,2,2,1,Cumul. Unf. Error,2,1
2024,2024-wimbledon-2142,W,2,2,2,Cumul. Unf. Error,2,0
2024,2024-wimbledon-2142,W,2,2,1,Dynamic Model,2,1
2024,2024-wimbledon-2142,W,2,2,2,Dynamic Model,2,0
2024,2024-wimbledon-2143,W,1,2,1,Cumul. Point Winner,1,1
2024,2024-wimbledon-2143,W,1,2,2,Cumul. Point Winner,1,0
2024,2024-wimbledon-2143,W,1,2,1,Cumul. Game Winner,1,1
2024,2024-wimbledon-2143,W,1,2,2,Cumul. Game Winner,1,0
2024,2024-wimbledon-2143,W,1,2,1,Set Winner,1,1
2024,2024-wimbledon-2143,W,1,2,2,Set Winner,1,0
2024,2024-wimbledon-2143,W,1,2,1,Cumul. Set Winner,1,1
2024,2024-wimbledon-2143,W,1,2,2,Cumul. Set Winner,1,0
2024,2024-wimbledon-2143,W,1,2,1,Cumul. Unf. Error,1,1
2024,2024-wimbledon-2143,W,1,2,2,Cumul. Unf. Error,1,0
2024,2024-wimbledon-2143,W,1,2,1,Dynamic Model,1,1
2024,2024-wimbledon-2143,W,1,2,2,Dynamic Model,1,0
2024,2024-wimbledon-2144,W,1,3,1,Cumul. Point Winner,2,2
2024,2024-wimbledon-2144,W,1,3,2,Cumul. Point Winner,2,1
2024,2024-wimbledon-2144,W,1,3,3,Cumul. Point Winner,1,0
2024,2024-wimbledon-2144,W,1,3,1,Cumul. Game Winner,2,2
2024,2024-wimbledon-2144,W,1,3,2,Cumul. Game Winner,2,1
2024,2024-wimbledon-2144,W,1,3,3,Cumul. Game Winner,1,0
2024,2024-wimbledon-2144,W,1,3,1,Set Winner,2,2
2024,2024-wimbledon-2144,W,1,3,2,Set Winner,1,1
2024,2024-wimbledon-2144,W,1,3,3,Set Winner,1,0
2024,2024-wimbledon-2144,W,1,3,1,Cumul. Set Winner,2,2
2024,2024-wimbledon-2144,W,1,3,2,Cumul. Set Winner,2,1
2024,2024-wimbledon-2144,W,1,3,3,Cumul. Set Winner,1,0
2024,2024-wimbledon-2144,W,1,3,1,Cumul. Unf. Error,2,2
2024,2024-wimbledon-2144,W,1,3,2,Cumul. Unf. Error,2,1
2024,2024-wimbledon-2144,W,1,3,3,Cumul. Unf. Error,2,0
2024,2024-wimbledon-2144,W,1,3,1,Dynamic Model,2,2
2024,2024-wimbledon-2144,W,1,3,2,Dynamic Model,2,1
2024,2024-wimbledon-2144,W,1,3,3,Dynamic Model,1,0
2024,2024-wimbledon-2145,W,1,2,1,Cumul. Point Winner,1,1
2024,2024-wimbledon-2145,W,1,2,2,Cumul. Point Winner,1,0
2024,2024-wimbledon-2145,W,1,2,1,Cumul. Game Winner,1,1
2024,2024-wimbledon-2145,W,1,2,2,Cumul. Game Winner,1,0
2024,2024-wimbledon-2145,W,1,2,1,Set Winner,1,1
2024,2024-wimbledon-2145,W,1,2,2,Set Winner,1,0
2024,2024-wimbledon-2145,W,1,2,1,Cumul. Set Winner,1,1
2024,2024-wimbledon-2145,W,1,2,2,Cumul. Set Winner,1,0
2024,2024-wimbledon-2145,W,1,2,1,Cumul. Unf. Error,1,1
2024,2024-wimbledon-2145,W,1,2,2,Cumul. Unf. Error,1,0
2024,2024-wimbledon-2145,W,1,2,1,Dynamic Model,1,1
2024,2024-wimbledon-2145,W,1,2,2,Dynamic Model,1,0
2024,2024-wimbledon-2146,W,2,2,1,Cumul. Point Winner,2,1
2024,2024-wimbledon-2146,W,2,2,2,Cumul. Point Winner,2,0
2024,2024-wimbledon-2146,W,2,2,1,Cumul. Game Winner,2,1
2024,2024-wimbledon-2146,W,2,2,2,Cumul. Game Winner,2,0
2024,2024-wimbledon-2146,W,2,2,1,Set Winner,2,1
2024,2024-wimbledon-2146,W,2,2,2,Set Winner,2,0
2024,2024-wimbledon-2146,W,2,2,1,Cumul. Set Winner,2,1
2024,2024-wimbledon-2146,W,2,2,2,Cumul. Set Winner,2,0
2024,2024-wimbledon-2146,W,2,2,1,Cumul. Unf. Error,2,1
2024,2024-wimbledon-2146,W,2,2,2,Cumul. Unf. Error,2,0
2024,2024-wimbledon-2146,W,2,2,1,Dynamic Model,2,1
2024,2024-wimbledon-2146,W,2,2,2,Dynamic Model,2,0
2024,2024-wimbledon-2147,W,1,3,1,Cumul. Point Winner,2,2
2024,2024-wimbledon-2147,W,1,3,2,Cumul. Point Winner,1,1
2024,2024-wimbledon-2147,W,1,3,3,Cumul. Point Winner,1,0
2024,2024-wimbledon-2147,W,1,3,1,Cumul. Game Winner,2,2
2024,2024-wimbledon-2147,W,1,3,2,Cumul. Game Winner,2,1
2024,2024-wimbledon-2147,W,1,3,3,Cumul. Game Winner,1,0
2024,2024-wimbledon-2147,W,1,3,1,Set Winner,2,2
2024,2024-wimbledon-2147,W,1,3,2,Set Winner,1,1
2024,2024-wimbledon-2147,W,1,3,3,Set Winner,1,0
2024,2024-wimbledon-2147,W,1,3,1,Cumul. Set Winner,2,2
2024,2024-wimbledon-2147,W,1,3,2,Cumul. Set Winner,2,1
2024,2024-wimbledon-2147,W,1,3,3,Cumul. Set Winner,1,0
2024,2024-wimbledon-2147,W,1,3,1,Cumul. Unf. Error,2,2
2024,2024-wimbledon-2147,W,1,3,2,Cumul. Unf. Error,2,1
2024,2024-wimbledon-2147,W,1,3,3,Cumul. Unf. Error,1,0
2024,2024-wimbledon-2147,W,1,3,1,Dynamic Model,2,2
2024,2024-wimbledon-2147,W,1,3,2,Dynamic Model,2,1
2024,2024-wimbledon-2147,W,1,3,3,Dynamic Model,1,0
2024,2024-wimbledon-2148,W,2,3,1,Cumul. Point Winner,2,2
2024,2024-wimbledon-2148,W,2,3,2,Cumul. Point Winner,1,1
2024,2024-wimbledon-2148,W,2,3,3,Cumul. Point Winner,2,0
2024,2024-wimbledon-2148,W,2,3,1,Cumul. Game Winner,2,2
2024,2024-wimbledon-2148,W,2,3,2,Cumul. Game Winner,1,1
2024,2024-wimbledon-2148,W,2,3,3,Cumul. Game Winner,2,0
2024,2024-wimbledon-2148,W,2,3,1,Set Winner,2,2
2024,2024-wimbledon-2148,W,2,3,2,Set Winner,1,1
2024,2024-wimbledon-2148,W,2,3,3,Set Winner,2,0
2024,2024-wimbledon-2148,W,2,3,1,Cumul. Set Winner,2,2
2024,2024-wimbledon-2148,W,2,3,2,Cumul. Set Winner,2,1
2024,2024-wimbledon-2148,W,2,3,3,Cumul. Set Winner,2,0
2024,2024-wimbledon-2148,W,2,3,1,Cumul. Unf. Error,2,2
2024,2024-wimbledon-2148,W,2,3,2,Cumul. Unf. Error,1,1
2024,2024-wimbledon-2148,W,2,3,3,Cumul. Unf. Error,2,0
2024,2024-wimbledon-2148,W,2,3,1,Dynamic Model,2,2
2024,2024-wimbledon-2148,W,2,3,2,Dynamic Model,1,1
2024,2024-wimbledon-2148,W,2,3,3,Dynamic Model,2,0
2024,2024-wimbledon-2149,W,1,2,1,Cumul. Point Winner,1,1
2024,2024-wimbledon-2149,W,1,2,2,Cumul. Point Winner,1,0
2024,2024-wimbledon-2149,W,1,2,1,Cumul. Game Winner,1,1
2024,2024-wimbledon-2149,W,1,2,2,Cumul. Game Winner,1,0
2024,2024-wimbledon-2149,W,1,2,1,Set Winner,1,1
2024,2024-wimbledon-2149,W,1,2,2,Set Winner,1,0
2024,2024-wimbledon-2149,W,1,2,1,Cumul. Set Winner,1,1
2024,2024-wimbledon-2149,W,1,2,2,Cumul. Set Winner,1,0
2024,2024-wimbledon-2149,W,1,2,1,Cumul. Unf. Error,2,1
2024,2024-wimbledon-2149,W,1,2,2,Cumul. Unf. Error,2,0
2024,2024-wimbledon-2149,W,1,2,1,Dynamic Model,1,1
2024,2024-wimbledon-2149,W,1,2,2,Dynamic Model,1,0
2024,2024-wimbledon-2150,W,1,2,1,Cumul. Point Winner,1,1
2024,2024-wimbledon-2150,W,1,2,2,Cumul. Point Winner,1,0
2024,2024-wimbledon-2150,W,1,2,1,Cumul. Game Winner,1,1
2024,2024-wimbledon-2150,W,1,2,2,Cumul. Game Winner,1,0
2024,2024-wimbledon-2150,W,1,2,1,Set Winner,1,1
2024,2024-wimbledon-2150,W,1,2,2,Set Winner,1,0
2024,2024-wimbledon-2150,W,1,2,1,Cumul. Set Winner,1,1
2024,2024-wimbledon-2150,W,1,2,2,Cumul. Set Winner,1,0
2024,2024-wimbledon-2150,W,1,2,1,Cumul. Unf. Error,1,1
2024,2024-wimbledon-2150,W,1,2,2,Cumul. Unf. Error,2,0
2024,2024-wimbledon-2150,W,1,2,1,Dynamic Model,1,1
2024,2024-wimbledon-2150,W,1,2,2,Dynamic Model,1,0
2024,2024-wimbledon-2151,W,1,2,1,Cumul. Point Winner,1,1
2024,2024-wimbledon-2151,W,1,2,2,Cumul. Point Winner,1,0
2024,2024-wimbledon-2151,W,1,2,1,Cumul. Game Winner,1,1
2024,2024-wimbledon-2151,W,1,2,2,Cumul. Game Winner,1,0
2024,2024-wimbledon-2151,W,1,2,1,Set Winner,1,1
2024,2024-wimbledon-2151,W,1,2,2,Set Winner,1,0
2024,2024-wimbledon-2151,W,1,2,1,Cumul. Set Winner,1,1
2024,2024-wimbledon-2151,W,1,2,2,Cumul. Set Winner,1,0
2024,2024-wimbledon-2151,W,1,2,1,Cumul. Unf. Error,1,1
2024,2024-wimbledon-2151,W,1,2,2,Cumul. Unf. Error,1,0
2024,2024-wimbledon-2151,W,1,2,1,Dynamic Model,1,1
2024,2024-wimbledon-2151,W,1,2,2,Dynamic Model,1,0
2024,2024-wimbledon-2152,W,2,2,1,Cumul. Point Winner,2,1
2024,2024-wimbledon-2152,W,2,2,2,Cumul. Point Winner,2,0
2024,2024-wimbledon-2152,W,2,2,1,Cumul. Game Winner,2,1
2024,2024-wimbledon-2152,W,2,2,2,Cumul. Game Winner,2,0
2024,2024-wimbledon-2152,W,2,2,1,Set Winner,2,1
2024,2024-wimbledon-2152,W,2,2,2,Set Winner,2,0
2024,2024-wimbledon-2152,W,2,2,1,Cumul. Set Winner,2,1
2024,2024-wimbledon-2152,W,2,2,2,Cumul. Set Winner,2,0
2024,2024-wimbledon-2152,W,2,2,1,Cumul. Unf. Error,1,1
2024,2024-wimbledon-2152,W,2,2,2,Cumul. Unf. Error,1,0
2024,2024-wimbledon-2152,W,2,2,1,Dynamic Model,2,1
2024,2024-wimbledon-2152,W,2,2,2,Dynamic Model,2,0
2024,2024-wimbledon-2153,W,1,2,1,Cumul. Point Winner,1,1
2024,2024-wimbledon-2153,W,1,2,2,Cumul. Point Winner,1,0
2024,2024-wimbledon-2153,W,1,2,1,Cumul. Game Winner,1,1
2024,2024-wimbledon-2153,W,1,2,2,Cumul. Game Winner,1,0
2024,2024-wimbledon-2153,W,1,2,1,Set Winner,1,1
2024,2024-wimbledon-2153,W,1,2,2,Set Winner,1,0
2024,2024-wimbledon-2153,W,1,2,1,Cumul. Set Winner,1,1
2024,2024-wimbledon-2153,W,1,2,2,Cumul. Set Winner,1,0
2024,2024-wimbledon-2153,W,1,2,1,Cumul. Unf. Error,2,1
2024,2024-wimbledon-2153,W,1,2,2,Cumul. Unf. Error,1,0
2024,2024-wimbledon-2153,W,1,2,1,Dynamic Model,1,1
2024,2024-wimbledon-2153,W,1,2,2,Dynamic Model,1,0
2024,2024-wimbledon-2154,W,1,2,1,Cumul. Point Winner,1,1
2024,2024-wimbledon-2154,W,1,2,2,Cumul. Point Winner,1,0
2024,2024-wimbledon-2154,W,1,2,1,Cumul. Game Winner,1,1
2024,2024-wimbledon-2154,W,1,2,2,Cumul. Game Winner,1,0
2024,2024-wimbledon-2154,W,1,2,1,Set Winner,1,1
2024,2024-wimbledon-2154,W,1,2,2,Set Winner,1,0
2024,2024-wimbledon-2154,W,1,2,1,Cumul. Set Winner,1,1
2024,2024-wimbledon-2154,W,1,2,2,Cumul. Set Winner,1,0
2024,2024-wimbledon-2154,W,1,2,1,Cumul. Unf. Error,1,1
2024,2024-wimbledon-2154,W,1,2,2,Cumul. Unf. Error,1,0
2024,2024-wimbledon-2154,W,1,2,1,Dynamic Model,1,1
2024,2024-wimbledon-2154,W,1,2,2,Dynamic Model,1,0
2024,2024-wimbledon-2155,W,2,3,1,Cumul. Point Winner,2,2
2024,2024-wimbledon-2155,W,2,3,2,Cumul. Point Winner,2,1
2024,2024-wimbledon-2155,W,2,3,3,Cumul. Point Winner,2,0
2024,2024-wimbledon-2155,W,2,3,1,Cumul. Game Winner,2,2
2024,2024-wimbledon-2155,W,2,3,2,Cumul. Game Winner,2,1
2024,2024-wimbledon-2155,W,2,3,3,Cumul. Game Winner,2,0
2024,2024-wimbledon-2155,W,2,3,1,Set Winner,2,2
2024,2024-wimbledon-2155,W,2,3,2,Set Winner,1,1
2024,2024-wimbledon-2155,W,2,3,3,Set Winner,2,0
2024,2024-wimbledon-2155,W,2,3,1,Cumul. Set Winner,2,2
2024,2024-wimbledon-2155,W,2,3,2,Cumul. Set Winner,2,1
2024,2024-wimbledon-2155,W,2,3,3,Cumul. Set Winner,2,0
2024,2024-wimbledon-2155,W,2,3,1,Cumul. Unf. Error,2,2
2024,2024-wimbledon-2155,W,2,3,2,Cumul. Unf. Error,2,1
2024,2024-wimbledon-2155,W,2,3,3,Cumul. Unf. Error,2,0
2024,2024-wimbledon-2155,W,2,3,1,Dynamic Model,2,2
2024,2024-wimbledon-2155,W,2,3,2,Dynamic Model,2,1
2024,2024-wimbledon-2155,W,2,3,3,Dynamic Model,2,0
2024,2024-wimbledon-2156,W,2,2,1,Cumul. Point Winner,2,1
2024,2024-wimbledon-2156,W,2,2,2,Cumul. Point Winner,2,0
2024,2024-wimbledon-2156,W,2,2,1,Cumul. Game Winner,2,1
2024,2024-wimbledon-2156,W,2,2,2,Cumul. Game Winner,2,0
2024,2024-wimbledon-2156,W,2,2,1,Set Winner,2,1
2024,2024-wimbledon-2156,W,2,2,2,Set Winner,2,0
2024,2024-wimbledon-2156,W,2,2,1,Cumul. Set Winner,2,1
2024,2024-wimbledon-2156,W,2,2,2,Cumul. Set Winner,2,0
2024,2024-wimbledon-2156,W,2,2,1,Cumul. Unf. Error,1,1
2024,2024-wimbledon-2156,W,2,2,2,Cumul. Unf. Error,1,0
2024,2024-wimbledon-2156,W,2,2,1,Dynamic Model,2,1
2024,2024-wimbledon-2156,W,2,2,2,Dynamic Model,2,0
2024,2024-wimbledon-2157,W,2,2,1,Cumul. Point Winner,2,1
2024,2024-wimbledon-2157,W,2,2,2,Cumul. Point Winner,2,0
2024,2024-wimbledon-2157,W,2,2,1,Cumul. Game Winner,2,1
2024,2024-wimbledon-2157,W,2,2,2,Cumul. Game Winner,2,0
2024,2024-wimbledon-2157,W,2,2,1,Set Winner,2,1
2024,2024-wimbledon-2157,W,2,2,2,Set Winner,2,0
2024,2024-wimbledon-2157,W,2,2,1,Cumul. Set Winner,2,1
2024,2024-wimbledon-2157,W,2,2,2,Cumul. Set Winner,2,0
2024,2024-wimbledon-2157,W,2,2,1,Cumul. Unf. Error,2,1
2024,2024-wimbledon-2157,W,2,2,2,Cumul. Unf. Error,2,0
2024,2024-wimbledon-2157,W,2,2,1,Dynamic Model,2,1
2024,2024-wimbledon-2157,W,2,2,2,Dynamic Model,2,0
2024,2024-wimbledon-2158,W,2,3,1,Cumul. Point Winner,1,2
2024,2024-wimbledon-2158,W,2,3,2,Cumul. Point Winner,1,1
2024,2024-wimbledon-2158,W,2,3,3,Cumul. Point Winner,2,0
2024,2024-wimbledon-2158,W,2,3,1,Cumul. Game Winner,1,2
2024,2024-wimbledon-2158,W,2,3,2,Cumul. Game Winner,1,1
2024,2024-wimbledon-2158,W,2,3,3,Cumul. Game Winner,2,0
2024,2024-wimbledon-2158,W,2,3,1,Set Winner,1,2
2024,2024-wimbledon-2158,W,2,3,2,Set Winner,2,1
2024,2024-wimbledon-2158,W,2,3,3,Set Winner,2,0
2024,2024-wimbledon-2158,W,2,3,1,Cumul. Set Winner,1,2
2024,2024-wimbledon-2158,W,2,3,2,Cumul. Set Winner,1,1
2024,2024-wimbledon-2158,W,2,3,3,Cumul. Set Winner,2,0
2024,2024-wimbledon-2158,W,2,3,1,Cumul. Unf. Error,1,2
2024,2024-wimbledon-2158,W,2,3,2,Cumul. Unf. Error,2,1
2024,2024-wimbledon-2158,W,2,3,3,Cumul. Unf. Error,2,0
2024,2024-wimbledon-2158,W,2,3,1,Dynamic Model,1,2
2024,2024-wimbledon-2158,W,2,3,2,Dynamic Model,1,1
2024,2024-wimbledon-2158,W,2,3,3,Dynamic Model,2,0
2024,2024-wimbledon-2159,W,1,3,1,Cumul. Point Winner,1,2
2024,2024-wimbledon-2159,W,1,3,2,Cumul. Point Winner,1,1
2024,2024-wimbledon-2159,W,1,3,3,Cumul. Point Winner,1,0
2024,2024-wimbledon-2159,W,1,3,1,Cumul. Game Winner,1,2
2024,2024-wimbledon-2159,W,1,3,2,Cumul. Game Winner,1,1
2024,2024-wimbledon-2159,W,1,3,3,Cumul. Game Winner,1,0
2024,2024-wimbledon-2159,W,1,3,1,Set Winner,1,2
2024,2024-wimbledon-2159,W,1,3,2,Set Winner,2,1
2024,2024-wimbledon-2159,W,1,3,3,Set Winner,1,0
2024,2024-wimbledon-2159,W,1,3,1,Cumul. Set Winner,1,2
2024,2024-wimbledon-2159,W,1,3,2,Cumul. Set Winner,1,1
2024,2024-wimbledon-2159,W,1,3,3,Cumul. Set Winner,1,0
2024,2024-wimbledon-2159,W,1,3,1,Cumul. Unf. Error,2,2
2024,2024-wimbledon-2159,W,1,3,2,Cumul. Unf. Error,2,1
2024,2024-wimbledon-2159,W,1,3,3,Cumul. Unf. Error,2,0
2024,2024-wimbledon-2159,W,1,3,1,Dynamic Model,1,2
2024,2024-wimbledon-2159,W,1,3,2,Dynamic Model,1,1
2024,2024-wimbledon-2159,W,1,3,3,Dynamic Model,1,0
2024,2024-wimbledon-2160,W,2,2,1,Cumul. Point Winner,2,1
2024,2024-wimbledon-2160,W,2,2,2,Cumul. Point Winner,2,0
2024,2024-wimbledon-2160,W,2,2,1,Cumul. Game Winner,2,1
2024,2024-wimbledon-2160,W,2,2,2,Cumul. Game Winner,2,0
2024,2024-wimbledon-2160,W,2,2,1,Set Winner,2,1
2024,2024-wimbledon-2160,W,2,2,2,Set Winner,2,0
2024,2024-wimbledon-2160,W,2,2,1,Cumul. Set Winner,2,1
2024,2024-wimbledon-2160,W,2,2,2,Cumul. Set Winner,2,0
2024,2024-wimbledon-2160,W,2,2,1,Cumul. Unf. Error,2,1
2024,2024-wimbledon-2160,W,2,2,2,Cumul. Unf. Error,2,0
2024,2024-wimbledon-2160,W,2,2,1,Dynamic Model,2,1
2024,2024-wimbledon-2160,W,2,2,2,Dynamic Model,2,0
2024,2024-wimbledon-2161,W,2,3,1,Cumul. Point Winner,1,2
2024,2024-wimbledon-2161,W,2,3,2,Cumul. Point Winner,2,1
2024,2024-wimbledon-2161,W,2,3,3,Cumul. Point Winner,2,0
2024,2024-wimbledon-2161,W,2,3,1,Cumul. Game Winner,1,2
2024,2024-wimbledon-2161,W,2,3,2,Cumul. Game Winner,2,1
2024,2024-wimbledon-2161,W,2,3,3,Cumul. Game Winner,2,0
2024,2024-wimbledon-2161,W,2,3,1,Set Winner,1,2
2024,2024-wimbledon-2161,W,2,3,2,Set Winner,2,1
2024,2024-wimbledon-2161,W,2,3,3,Set Winner,2,0
2024,2024-wimbledon-2161,W,2,3,1,Cumul. Set Winner,1,2
2024,2024-wimbledon-2161,W,2,3,2,Cumul. Set Winner,1,1
2024,2024-wimbledon-2161,W,2,3,3,Cumul. Set Winner,2,0
2024,2024-wimbledon-2161,W,2,3,1,Cumul. Unf. Error,2,2
2024,2024-wimbledon-2161,W,2,3,2,Cumul. Unf. Error,2,1
2024,2024-wimbledon-2161,W,2,3,3,Cumul. Unf. Error,2,0
2024,2024-wimbledon-2161,W,2,3,1,Dynamic Model,1,2
2024,2024-wimbledon-2161,W,2,3,2,Dynamic Model,2,1
2024,2024-wimbledon-2161,W,2,3,3,Dynamic Model,2,0
2024,2024-wimbledon-2162,W,2,2,1,Cumul. Point Winner,2,1
2024,2024-wimbledon-2162,W,2,2,2,Cumul. Point Winner,2,0
2024,2024-wimbledon-2162,W,2,2,1,Cumul. Game Winner,2,1
2024,2024-wimbledon-2162,W,2,2,2,Cumul. Game Winner,2,0
2024,2024-wimbledon-2162,W,2,2,1,Set Winner,2,1
2024,2024-wimbledon-2162,W,2,2,2,Set Winner,2,0
2024,2024-wimbledon-2162,W,2,2,1,Cumul. Set Winner,2,1
2024,2024-wimbledon-2162,W,2,2,2,Cumul. Set Winner,2,0
2024,2024-wimbledon-2162,W,2,2,1,Cumul. Unf. Error,2,1
2024,2024-wimbledon-2162,W,2,2,2,Cumul. Unf. Error,2,0
2024,2024-wimbledon-2162,W,2,2,1,Dynamic Model,2,1
2024,2024-wimbledon-2162,W,2,2,2,Dynamic Model,2,0
2024,2024-wimbledon-2163,W,2,2,1,Cumul. Point Winner,2,1
2024,2024-wimbledon-2163,W,2,2,2,Cumul. Point Winner,2,0
2024,2024-wimbledon-2163,W,2,2,1,Cumul. Game Winner,2,1
2024,2024-wimbledon-2163,W,2,2,2,Cumul. Game Winner,2,0
2024,2024-wimbledon-2163,W,2,2,1,Set Winner,2,1
2024,2024-wimbledon-2163,W,2,2,2,Set Winner,2,0
2024,2024-wimbledon-2163,W,2,2,1,Cumul. Set Winner,2,1
2024,2024-wimbledon-2163,W,2,2,2,Cumul. Set Winner,2,0
2024,2024-wimbledon-2163,W,2,2,1,Cumul. Unf. Error,2,1
2024,2024-wimbledon-2163,W,2,2,2,Cumul. Unf. Error,2,0
2024,2024-wimbledon-2163,W,2,2,1,Dynamic Model,2,1
2024,2024-wimbledon-2163,W,2,2,2,Dynamic Model,2,0
2024,2024-wimbledon-2164,W,2,2,1,Cumul. Point Winner,2,1
2024,2024-wimbledon-2164,W,2,2,2,Cumul. Point Winner,2,0
2024,2024-wimbledon-2164,W,2,2,1,Cumul. Game Winner,2,1
2024,2024-wimbledon-2164,W,2,2,2,Cumul. Game Winner,2,0
2024,2024-wimbledon-2164,W,2,2,1,Set Winner,2,1
2024,2024-wimbledon-2164,W,2,2,2,Set Winner,2,0
2024,2024-wimbledon-2164,W,2,2,1,Cumul. Set Winner,2,1
2024,2024-wimbledon-2164,W,2,2,2,Cumul. Set Winner,2,0
2024,2024-wimbledon-2164,W,2,2,1,Cumul. Unf. Error,2,1
2024,2024-wimbledon-2164,W,2,2,2,Cumul. Unf. Error,2,0
2024,2024-wimbledon-2164,W,2,2,1,Dynamic Model,2,1
2024,2024-wimbledon-2164,W,2,2,2,Dynamic Model,2,0
2024,2024-wimbledon-2201,W,1,2,1,Cumul. Point Winner,1,1
2024,2024-wimbledon-2201,W,1,2,2,Cumul. Point Winner,1,0
2024,2024-wimbledon-2201,W,1,2,1,Cumul. Game Winner,1,1
2024,2024-wimbledon-2201,W,1,2,2,Cumul. Game Winner,1,0
2024,2024-wimbledon-2201,W,1,2,1,Set Winner,1,1
2024,2024-wimbledon-2201,W,1,2,2,Set Winner,1,0
2024,2024-wimbledon-2201,W,1,2,1,Cumul. Set Winner,1,1
2024,2024-wimbledon-2201,W,1,2,2,Cumul. Set Winner,1,0
2024,2024-wimbledon-2201,W,1,2,1,Cumul. Unf. Error,2,1
2024,2024-wimbledon-2201,W,1,2,2,Cumul. Unf. Error,2,0
2024,2024-wimbledon-2201,W,1,2,1,Dynamic Model,1,1
2024,2024-wimbledon-2201,W,1,2,2,Dynamic Model,1,0
2024,2024-wimbledon-2202,W,1,3,1,Cumul. Point Winner,1,2
2024,2024-wimbledon-2202,W,1,3,2,Cumul. Point Winner,1,1
2024,2024-wimbledon-2202,W,1,3,3,Cumul. Point Winner,1,0
2024,2024-wimbledon-2202,W,1,3,1,Cumul. Game Winner,1,2
2024,2024-wimbledon-2202,W,1,3,2,Cumul. Game Winner,1,1
2024,2024-wimbledon-2202,W,1,3,3,Cumul. Game Winner,1,0
2024,2024-wimbledon-2202,W,1,3,1,Set Winner,1,2
2024,2024-wimbledon-2202,W,1,3,2,Set Winner,2,1
2024,2024-wimbledon-2202,W,1,3,3,Set Winner,1,0
2024,2024-wimbledon-2202,W,1,3,1,Cumul. Set Winner,1,2
2024,2024-wimbledon-2202,W,1,3,2,Cumul. Set Winner,1,1
2024,2024-wimbledon-2202,W,1,3,3,Cumul. Set Winner,1,0
2024,2024-wimbledon-2202,W,1,3,1,Cumul. Unf. Error,1,2
2024,2024-wimbledon-2202,W,1,3,2,Cumul. Unf. Error,1,1
2024,2024-wimbledon-2202,W,1,3,3,Cumul. Unf. Error,1,0
2024,2024-wimbledon-2202,W,1,3,1,Dynamic Model,1,2
2024,2024-wimbledon-2202,W,1,3,2,Dynamic Model,1,1
2024,2024-wimbledon-2202,W,1,3,3,Dynamic Model,1,0
2024,2024-wimbledon-2203,W,2,3,1,Cumul. Point Winner,1,2
2024,2024-wimbledon-2203,W,2,3,2,Cumul. Point Winner,1,1
2024,2024-wimbledon-2203,W,2,3,3,Cumul. Point Winner,1,0
2024,2024-wimbledon-2203,W,2,3,1,Cumul. Game Winner,1,2
2024,2024-wimbledon-2203,W,2,3,2,Cumul. Game Winner,1,1
2024,2024-wimbledon-2203,W,2,3,3,Cumul. Game Winner,2,0
2024,2024-wimbledon-2203,W,2,3,1,Set Winner,1,2
2024,2024-wimbledon-2203,W,2,3,2,Set Winner,2,1
2024,2024-wimbledon-2203,W,2,3,3,Set Winner,2,0
2024,2024-wimbledon-2203,W,2,3,1,Cumul. Set Winner,1,2
2024,2024-wimbledon-2203,W,2,3,2,Cumul. Set Winner,1,1
2024,2024-wimbledon-2203,W,2,3,3,Cumul. Set Winner,2,0
2024,2024-wimbledon-2203,W,2,3,1,Cumul. Unf. Error,1,2
2024,2024-wimbledon-2203,W,2,3,2,Cumul. Unf. Error,1,1
2024,2024-wimbledon-2203,W,2,3,3,Cumul. Unf. Error,1,0
2024,2024-wimbledon-2203,W,2,3,1,Dynamic Model,1,2
2024,2024-wimbledon-2203,W,2,3,2,Dynamic Model,1,1
2024,2024-wimbledon-2203,W,2,3,3,Dynamic Model,2,0
2024,2024-wimbledon-2204,W,2,2,1,Cumul. Point Winner,2,1
2024,2024-wimbledon-2204,W,2,2,2,Cumul. Point Winner,2,0
2024,2024-wimbledon-2204,W,2,2,1,Cumul. Game Winner,2,1
2024,2024-wimbledon-2204,W,2,2,2,Cumul. Game Winner,2,0
2024,2024-wimbledon-2204,W,2,2,1,Set Winner,2,1
2024,2024-wimbledon-2204,W,2,2,2,Set Winner,2,0
2024,2024-wimbledon-2204,W,2,2,1,Cumul. Set Winner,2,1
2024,2024-wimbledon-2204,W,2,2,2,Cumul. Set Winner,2,0
2024,2024-wimbledon-2204,W,2,2,1,Cumul. Unf. Error,1,1
2024,2024-wimbledon-2204,W,2,2,2,Cumul. Unf. Error,1,0
2024,2024-wimbledon-2204,W,2,2,1,Dynamic Model,2,1
2024,2024-wimbledon-2204,W,2,2,2,Dynamic Model,2,0
2024,2024-wimbledon-2205,W,1,2,1,Cumul. Point Winner,1,1
2024,2024-wimbledon-2205,W,1,2,2,Cumul. Point Winner,1,0
2024,2024-wimbledon-2205,W,1,2,1,Cumul. Game Winner,1,1
2024,2024-wimbledon-2205,W,1,2,2,Cumul. Game Winner,1,0
2024,2024-wimbledon-2205,W,1,2,1,Set Winner,1,1
2024,2024-wimbledon-2205,W,1,2,2,Set Winner,1,0
2024,2024-wimbledon-2205,W,1,2,1,Cumul. Set Winner,1,1
2024,2024-wimbledon-2205,W,1,2,2,Cumul. Set Winner,1,0
2024,2024-wimbledon-2205,W,1,2,1,Cumul. Unf. Error,2,1
2024,2024-wimbledon-2205,W,1,2,2,Cumul. Unf. Error,2,0
2024,2024-wimbledon-2205,W,1,2,1,Dynamic Model,1,1
2024,2024-wimbledon-2205,W,1,2,2,Dynamic Model,1,0
2024,2024-wimbledon-2207,W,1,2,1,Cumul. Point Winner,2,1
2024,2024-wimbledon-2207,W,1,2,2,Cumul. Point Winner,2,0
2024,2024-wimbledon-2207,W,1,2,1,Cumul. Game Winner,1,1
2024,2024-wimbledon-2207,W,1,2,2,Cumul. Game Winner,1,0
2024,2024-wimbledon-2207,W,1,2,1,Set Winner,1,1
2024,2024-wimbledon-2207,W,1,2,2,Set Winner,1,0
2024,2024-wimbledon-2207,W,1,2,1,Cumul. Set Winner,1,1
2024,2024-wimbledon-2207,W,1,2,2,Cumul. Set Winner,1,0
2024,2024-wimbledon-2207,W,1,2,1,Cumul. Unf. Error,2,1
2024,2024-wimbledon-2207,W,1,2,2,Cumul. Unf. Error,2,0
2024,2024-wimbledon-2207,W,1,2,1,Dynamic Model,2,1
2024,2024-wimbledon-2207,W,1,2,2,Dynamic Model,1,0
2024,2024-wimbledon-2208,W,2,2,1,Cumul. Point Winner,2,1
2024,2024-wimbledon-2208,W,2,2,2,Cumul. Point Winner,2,0
2024,2024-wimbledon-2208,W,2,2,1,Cumul. Game Winner,2,1
2024,2024-wimbledon-2208,W,2,2,2,Cumul. Game Winner,2,0
2024,2024-wimbledon-2208,W,2,2,1,Set Winner,2,1
2024,2024-wimbledon-2208,W,2,2,2,Set Winner,2,0
2024,2024-wimbledon-2208,W,2,2,1,Cumul. Set Winner,2,1
2024,2024-wimbledon-2208,W,2,2,2,Cumul. Set Winner,2,0
2024,2024-wimbledon-2208,W,2,2,1,Cumul. Unf. Error,1,1
2024,2024-wimbledon-2208,W,2,2,2,Cumul. Unf. Error,1,0
2024,2024-wimbledon-2208,W,2,2,1,Dynamic Model,2,1
2024,2024-wimbledon-2208,W,2,2,2,Dynamic Model,2,0
2024,2024-wimbledon-2209,W,1,3,1,Cumul. Point Winner,1,2
2024,2024-wimbledon-2209,W,1,3,2,Cumul. Point Winner,1,1
2024,2024-wimbledon-2209,W,1,3,3,Cumul. Point Winner,1,0
2024,2024-wimbledon-2209,W,1,3,1,Cumul. Game Winner,1,2
2024,2024-wimbledon-2209,W,1,3,2,Cumul. Game Winner,1,1
2024,2024-wimbledon-2209,W,1,3,3,Cumul. Game Winner,2,0
2024,2024-wimbledon-2209,W,1,3,1,Set Winner,1,2
2024,2024-wimbledon-2209,W,1,3,2,Set Winner,1,1
2024,2024-wimbledon-2209,W,1,3,3,Set Winner,1,0
2024,2024-wimbledon-2209,W,1,3,1,Cumul. Set Winner,1,2
2024,2024-wimbledon-2209,W,1,3,2,Cumul. Set Winner,1,1
2024,2024-wimbledon-2209,W,1,3,3,Cumul. Set Winner,1,0
2024,2024-wimbledon-2209,W,1,3,1,Cumul. Unf. Error,2,2
2024,2024-wimbledon-2209,W,1,3,2,Cumul. Unf. Error,2,1
2024,2024-wimbledon-2209,W,1,3,3,Cumul. Unf. Error,2,0
2024,2024-wimbledon-2209,W,1,3,1,Dynamic Model,1,2
2024,2024-wimbledon-2209,W,1,3,2,Dynamic Model,1,1
2024,2024-wimbledon-2209,W,1,3,3,Dynamic Model,1,0
2024,2024-wimbledon-2210,W,1,3,1,Cumul. Point Winner,1,2
2024,2024-wimbledon-2210,W,1,3,2,Cumul. Point Winner,2,1
2024,2024-wimbledon-2210,W,1,3,3,Cumul. Point Winner,1,0
2024,2024-wimbledon-2210,W,1,3,1,Cumul. Game Winner,1,2
2024,2024-wimbledon-2210,W,1,3,2,Cumul. Game Winner,2,1
2024,2024-wimbledon-2210,W,1,3,3,Cumul. Game Winner,1,0
2024,2024-wimbledon-2210,W,1,3,1,Set Winner,1,2
2024,2024-wimbledon-2210,W,1,3,2,Set Winner,2,1
2024,2024-wimbledon-2210,W,1,3,3,Set Winner,1,0
2024,2024-wimbledon-2210,W,1,3,1,Cumul. Set Winner,1,2
2024,2024-wimbledon-2210,W,1,3,2,Cumul. Set Winner,1,1
2024,2024-wimbledon-2210,W,1,3,3,Cumul. Set Winner,1,0
2024,2024-wimbledon-2210,W,1,3,1,Cumul. Unf. Error,1,2
2024,2024-wimbledon-2210,W,1,3,2,Cumul. Unf. Error,1,1
2024,2024-wimbledon-2210,W,1,3,3,Cumul. Unf. Error,1,0
2024,2024-wimbledon-2210,W,1,3,1,Dynamic Model,1,2
2024,2024-wimbledon-2210,W,1,3,2,Dynamic Model,2,1
2024,2024-wimbledon-2210,W,1,3,3,Dynamic Model,1,0
2024,2024-wimbledon-2211,W,1,2,1,Cumul. Point Winner,1,1
2024,2024-wimbledon-2211,W,1,2,2,Cumul. Point Winner,1,0
2024,2024-wimbledon-2211,W,1,2,1,Cumul. Game Winner,1,1
2024,2024-wimbledon-2211,W,1,2,2,Cumul. Game Winner,1,0
2024,2024-wimbledon-2211,W,1,2,1,Set Winner,1,1
2024,2024-wimbledon-2211,W,1,2,2,Set Winner,1,0
2024,2024-wimbledon-2211,W,1,2,1,Cumul. Set Winner,1,1
2024,2024-wimbledon-2211,W,1,2,2,Cumul. Set Winner,1,0
2024,2024-wimbledon-2211,W,1,2,1,Cumul. Unf. Error,2,1
2024,2024-wimbledon-2211,W,1,2,2,Cumul. Unf. Error,2,0
2024,2024-wimbledon-2211,W,1,2,1,Dynamic Model,1,1
2024,2024-wimbledon-2211,W,1,2,2,Dynamic Model,1,0
2024,2024-wimbledon-2212,W,2,2,1,Cumul. Point Winner,2,1
2024,2024-wimbledon-2212,W,2,2,2,Cumul. Point Winner,2,0
2024,2024-wimbledon-2212,W,2,2,1,Cumul. Game Winner,2,1
2024,2024-wimbledon-2212,W,2,2,2,Cumul. Game Winner,2,0
2024,2024-wimbledon-2212,W,2,2,1,Set Winner,2,1
2024,2024-wimbledon-2212,W,2,2,2,Set Winner,2,0
2024,2024-wimbledon-2212,W,2,2,1,Cumul. Set Winner,2,1
2024,2024-wimbledon-2212,W,2,2,2,Cumul. Set Winner,2,0
2024,2024-wimbledon-2212,W,2,2,1,Cumul. Unf. Error,2,1
2024,2024-wimbledon-2212,W,2,2,2,Cumul. Unf. Error,2,0
2024,2024-wimbledon-2212,W,2,2,1,Dynamic Model,2,1
2024,2024-wimbledon-2212,W,2,2,2,Dynamic Model,2,0
2024,2024-wimbledon-2213,W,1,2,1,Cumul. Point Winner,1,1
2024,2024-wimbledon-2213,W,1,2,2,Cumul. Point Winner,1,0
2024,2024-wimbledon-2213,W,1,2,1,Cumul. Game Winner,1,1
2024,2024-wimbledon-2213,W,1,2,2,Cumul. Game Winner,1,0
2024,2024-wimbledon-2213,W,1,2,1,Set Winner,1,1
2024,2024-wimbledon-2213,W,1,2,2,Set Winner,1,0
2024,2024-wimbledon-2213,W,1,2,1,Cumul. Set Winner,1,1
2024,2024-wimbledon-2213,W,1,2,2,Cumul. Set Winner,1,0
2024,2024-wimbledon-2213,W,1,2,1,Cumul. Unf. Error,1,1
2024,2024-wimbledon-2213,W,1,2,2,Cumul. Unf. Error,1,0
2024,2024-wimbledon-2213,W,1,2,1,Dynamic Model,1,1
2024,2024-wimbledon-2213,W,1,2,2,Dynamic Model,1,0
2024,2024-wimbledon-2214,W,2,2,1,Cumul. Point Winner,2,1
2024,2024-wimbledon-2214,W,2,2,2,Cumul. Point Winner,2,0
2024,2024-wimbledon-2214,W,2,2,1,Cumul. Game Winner,2,1
2024,2024-wimbledon-2214,W,2,2,2,Cumul. Game Winner,2,0
2024,2024-wimbledon-2214,W,2,2,1,Set Winner,2,1
2024,2024-wimbledon-2214,W,2,2,2,Set Winner,2,0
2024,2024-wimbledon-2214,W,2,2,1,Cumul. Set Winner,2,1
2024,2024-wimbledon-2214,W,2,2,2,Cumul. Set Winner,2,0
2024,2024-wimbledon-2214,W,2,2,1,Cumul. Unf. Error,2,1
2024,2024-wimbledon-2214,W,2,2,2,Cumul. Unf. Error,2,0
2024,2024-wimbledon-2214,W,2,2,1,Dynamic Model,2,1
2024,2024-wimbledon-2214,W,2,2,2,Dynamic Model,2,0
2024,2024-wimbledon-2215,W,2,3,1,Cumul. Point Winner,1,2
2024,2024-wimbledon-2215,W,2,3,2,Cumul. Point Winner,2,1
2024,2024-wimbledon-2215,W,2,3,3,Cumul. Point Winner,2,0
2024,2024-wimbledon-2215,W,2,3,1,Cumul. Game Winner,1,2
2024,2024-wimbledon-2215,W,2,3,2,Cumul. Game Winner,2,1
2024,2024-wimbledon-2215,W,2,3,3,Cumul. Game Winner,2,0
2024,2024-wimbledon-2215,W,2,3,1,Set Winner,1,2
2024,2024-wimbledon-2215,W,2,3,2,Set Winner,2,1
2024,2024-wimbledon-2215,W,2,3,3,Set Winner,2,0
2024,2024-wimbledon-2215,W,2,3,1,Cumul. Set Winner,1,2
2024,2024-wimbledon-2215,W,2,3,2,Cumul. Set Winner,1,1
2024,2024-wimbledon-2215,W,2,3,3,Cumul. Set Winner,2,0
2024,2024-wimbledon-2215,W,2,3,1,Cumul. Unf. Error,1,2
2024,2024-wimbledon-2215,W,2,3,2,Cumul. Unf. Error,2,1
2024,2024-wimbledon-2215,W,2,3,3,Cumul. Unf. Error,2,0
2024,2024-wimbledon-2215,W,2,3,1,Dynamic Model,1,2
2024,2024-wimbledon-2215,W,2,3,2,Dynamic Model,2,1
2024,2024-wimbledon-2215,W,2,3,3,Dynamic Model,2,0
2024,2024-wimbledon-2216,W,1,3,1,Cumul. Point Winner,1,2
2024,2024-wimbledon-2216,W,1,3,2,Cumul. Point Winner,1,1
2024,2024-wimbledon-2216,W,1,3,3,Cumul. Point Winner,1,0
2024,2024-wimbledon-2216,W,1,3,1,Cumul. Game Winner,1,2
2024,2024-wimbledon-2216,W,1,3,2,Cumul. Game Winner,1,1
2024,2024-wimbledon-2216,W,1,3,3,Cumul. Game Winner,1,0
2024,2024-wimbledon-2216,W,1,3,1,Set Winner,1,2
2024,2024-wimbledon-2216,W,1,3,2,Set Winner,2,1
2024,2024-wimbledon-2216,W,1,3,3,Set Winner,1,0
2024,2024-wimbledon-2216,W,1,3,1,Cumul. Set Winner,1,2
2024,2024-wimbledon-2216,W,1,3,2,Cumul. Set Winner,1,1
2024,2024-wimbledon-2216,W,1,3,3,Cumul. Set Winner,1,0
2024,2024-wimbledon-2216,W,1,3,1,Cumul. Unf. Error,2,2
2024,2024-wimbledon-2216,W,1,3,2,Cumul. Unf. Error,2,1
2024,2024-wimbledon-2216,W,1,3,3,Cumul. Unf. Error,2,0
2024,2024-wimbledon-2216,W,1,3,1,Dynamic Model,1,2
2024,2024-wimbledon-2216,W,1,3,2,Dynamic Model,1,1
2024,2024-wimbledon-2216,W,1,3,3,Dynamic Model,1,0
2024,2024-wimbledon-2217,W,1,3,1,Cumul. Point Winner,2,2
2024,2024-wimbledon-2217,W,1,3,2,Cumul. Point Winner,2,1
2024,2024-wimbledon-2217,W,1,3,3,Cumul. Point Winner,1,0
2024,2024-wimbledon-2217,W,1,3,1,Cumul. Game Winner,2,2
2024,2024-wimbledon-2217,W,1,3,2,Cumul. Game Winner,1,1
2024,2024-wimbledon-2217,W,1,3,3,Cumul. Game Winner,1,0
2024,2024-wimbledon-2217,W,1,3,1,Set Winner,2,2
2024,2024-wimbledon-2217,W,1,3,2,Set Winner,1,1
2024,2024-wimbledon-2217,W,1,3,3,Set Winner,1,0
2024,2024-wimbledon-2217,W,1,3,1,Cumul. Set Winner,2,2
2024,2024-wimbledon-2217,W,1,3,2,Cumul. Set Winner,2,1
2024,2024-wimbledon-2217,W,1,3,3,Cumul. Set Winner,1,0
2024,2024-wimbledon-2217,W,1,3,1,Cumul. Unf. Error,2,2
2024,2024-wimbledon-2217,W,1,3,2,Cumul. Unf. Error,2,1
2024,2024-wimbledon-2217,W,1,3,3,Cumul. Unf. Error,2,0
2024,2024-wimbledon-2217,W,1,3,1,Dynamic Model,2,2
2024,2024-wimbledon-2217,W,1,3,2,Dynamic Model,2,1
2024,2024-wimbledon-2217,W,1,3,3,Dynamic Model,1,0
2024,2024-wimbledon-2218,W,1,2,1,Cumul. Point Winner,1,1
2024,2024-wimbledon-2218,W,1,2,2,Cumul. Point Winner,1,0
2024,2024-wimbledon-2218,W,1,2,1,Cumul. Game Winner,1,1
2024,2024-wimbledon-2218,W,1,2,2,Cumul. Game Winner,1,0
2024,2024-wimbledon-2218,W,1,2,1,Set Winner,1,1
2024,2024-wimbledon-2218,W,1,2,2,Set Winner,1,0
2024,2024-wimbledon-2218,W,1,2,1,Cumul. Set Winner,1,1
2024,2024-wimbledon-2218,W,1,2,2,Cumul. Set Winner,1,0
2024,2024-wimbledon-2218,W,1,2,1,Cumul. Unf. Error,1,1
2024,2024-wimbledon-2218,W,1,2,2,Cumul. Unf. Error,1,0
2024,2024-wimbledon-2218,W,1,2,1,Dynamic Model,1,1
2024,2024-wimbledon-2218,W,1,2,2,Dynamic Model,1,0
2024,2024-wimbledon-2219,W,1,2,1,Cumul. Point Winner,1,1
2024,2024-wimbledon-2219,W,1,2,2,Cumul. Point Winner,1,0
2024,2024-wimbledon-2219,W,1,2,1,Cumul. Game Winner,1,1
2024,2024-wimbledon-2219,W,1,2,2,Cumul. Game Winner,1,0
2024,2024-wimbledon-2219,W,1,2,1,Set Winner,1,1
2024,2024-wimbledon-2219,W,1,2,2,Set Winner,1,0
2024,2024-wimbledon-2219,W,1,2,1,Cumul. Set Winner,1,1
2024,2024-wimbledon-2219,W,1,2,2,Cumul. Set Winner,1,0
2024,2024-wimbledon-2219,W,1,2,1,Cumul. Unf. Error,1,1
2024,2024-wimbledon-2219,W,1,2,2,Cumul. Unf. Error,1,0
2024,2024-wimbledon-2219,W,1,2,1,Dynamic Model,1,1
2024,2024-wimbledon-2219,W,1,2,2,Dynamic Model,1,0
2024,2024-wimbledon-2220,W,2,2,1,Cumul. Point Winner,2,1
2024,2024-wimbledon-2220,W,2,2,2,Cumul. Point Winner,2,0
2024,2024-wimbledon-2220,W,2,2,1,Cumul. Game Winner,2,1
2024,2024-wimbledon-2220,W,2,2,2,Cumul. Game Winner,2,0
2024,2024-wimbledon-2220,W,2,2,1,Set Winner,2,1
2024,2024-wimbledon-2220,W,2,2,2,Set Winner,2,0
2024,2024-wimbledon-2220,W,2,2,1,Cumul. Set Winner,2,1
2024,2024-wimbledon-2220,W,2,2,2,Cumul. Set Winner,2,0
2024,2024-wimbledon-2220,W,2,2,1,Cumul. Unf. Error,1,1
2024,2024-wimbledon-2220,W,2,2,2,Cumul. Unf. Error,2,0
2024,2024-wimbledon-2220,W,2,2,1,Dynamic Model,2,1
2024,2024-wimbledon-2220,W,2,2,2,Dynamic Model,2,0
2024,2024-wimbledon-2221,W,1,2,1,Cumul. Point Winner,1,1
2024,2024-wimbledon-2221,W,1,2,2,Cumul. Point Winner,1,0
2024,2024-wimbledon-2221,W,1,2,1,Cumul. Game Winner,1,1
2024,2024-wimbledon-2221,W,1,2,2,Cumul. Game Winner,1,0
2024,2024-wimbledon-2221,W,1,2,1,Set Winner,1,1
2024,2024-wimbledon-2221,W,1,2,2,Set Winner,1,0
2024,2024-wimbledon-2221,W,1,2,1,Cumul. Set Winner,1,1
2024,2024-wimbledon-2221,W,1,2,2,Cumul. Set Winner,1,0
2024,2024-wimbledon-2221,W,1,2,1,Cumul. Unf. Error,1,1
2024,2024-wimbledon-2221,W,1,2,2,Cumul. Unf. Error,1,0
2024,2024-wimbledon-2221,W,1,2,1,Dynamic Model,1,1
2024,2024-wimbledon-2221,W,1,2,2,Dynamic Model,1,0
2024,2024-wimbledon-2222,W,1,2,1,Cumul. Point Winner,1,1
2024,2024-wimbledon-2222,W,1,2,2,Cumul. Point Winner,1,0
2024,2024-wimbledon-2222,W,1,2,1,Cumul. Game Winner,1,1
2024,2024-wimbledon-2222,W,1,2,2,Cumul. Game Winner,1,0
2024,2024-wimbledon-2222,W,1,2,1,Set Winner,1,1
2024,2024-wimbledon-2222,W,1,2,2,Set Winner,1,0
2024,2024-wimbledon-2222,W,1,2,1,Cumul. Set Winner,1,1
2024,2024-wimbledon-2222,W,1,2,2,Cumul. Set Winner,1,0
2024,2024-wimbledon-2222,W,1,2,1,Cumul. Unf. Error,1,1
2024,2024-wimbledon-2222,W,1,2,2,Cumul. Unf. Error,1,0
2024,2024-wimbledon-2222,W,1,2,1,Dynamic Model,1,1
2024,2024-wimbledon-2222,W,1,2,2,Dynamic Model,1,0
2024,2024-wimbledon-2223,W,1,3,1,Cumul. Point Winner,2,2
2024,2024-wimbledon-2223,W,1,3,2,Cumul. Point Winner,2,1
2024,2024-wimbledon-2223,W,1,3,3,Cumul. Point Winner,2,0
2024,2024-wimbledon-2223,W,1,3,1,Cumul. Game Winner,2,2
2024,2024-wimbledon-2223,W,1,3,2,Cumul. Game Winner,2,1
2024,2024-wimbledon-2223,W,1,3,3,Cumul. Game Winner,2,0
2024,2024-wimbledon-2223,W,1,3,1,Set Winner,2,2
2024,2024-wimbledon-2223,W,1,3,2,Set Winner,1,1
2024,2024-wimbledon-2223,W,1,3,3,Set Winner,1,0
2024,2024-wimbledon-2223,W,1,3,1,Cumul. Set Winner,2,2
2024,2024-wimbledon-2223,W,1,3,2,Cumul. Set Winner,2,1
2024,2024-wimbledon-2223,W,1,3,3,Cumul. Set Winner,1,0
2024,2024-wimbledon-2223,W,1,3,1,Cumul. Unf. Error,2,2
2024,2024-wimbledon-2223,W,1,3,2,Cumul. Unf. Error,2,1
2024,2024-wimbledon-2223,W,1,3,3,Cumul. Unf. Error,2,0
2024,2024-wimbledon-2223,W,1,3,1,Dynamic Model,2,2
2024,2024-wimbledon-2223,W,1,3,2,Dynamic Model,2,1
2024,2024-wimbledon-2223,W,1,3,3,Dynamic Model,2,0
2024,2024-wimbledon-2224,W,1,2,1,Cumul. Point Winner,1,1
2024,2024-wimbledon-2224,W,1,2,2,Cumul. Point Winner,1,0
2024,2024-wimbledon-2224,W,1,2,1,Cumul. Game Winner,1,1
2024,2024-wimbledon-2224,W,1,2,2,Cumul. Game Winner,1,0
2024,2024-wimbledon-2224,W,1,2,1,Set Winner,1,1
2024,2024-wimbledon-2224,W,1,2,2,Set Winner,1,0
2024,2024-wimbledon-2224,W,1,2,1,Cumul. Set Winner,1,1
2024,2024-wimbledon-2224,W,1,2,2,Cumul. Set Winner,1,0
2024,2024-wimbledon-2224,W,1,2,1,Cumul. Unf. Error,1,1
2024,2024-wimbledon-2224,W,1,2,2,Cumul. Unf. Error,1,0
2024,2024-wimbledon-2224,W,1,2,1,Dynamic Model,1,1
2024,2024-wimbledon-2224,W,1,2,2,Dynamic Model,1,0
2024,2024-wimbledon-2225,W,1,2,1,Cumul. Point Winner,2,1
2024,2024-wimbledon-2225,W,1,2,2,Cumul. Point Winner,1,0
2024,2024-wimbledon-2225,W,1,2,1,Cumul. Game Winner,1,1
2024,2024-wimbledon-2225,W,1,2,2,Cumul. Game Winner,1,0
2024,2024-wimbledon-2225,W,1,2,1,Set Winner,1,1
2024,2024-wimbledon-2225,W,1,2,2,Set Winner,1,0
2024,2024-wimbledon-2225,W,1,2,1,Cumul. Set Winner,1,1
2024,2024-wimbledon-2225,W,1,2,2,Cumul. Set Winner,1,0
2024,2024-wimbledon-2225,W,1,2,1,Cumul. Unf. Error,2,1
2024,2024-wimbledon-2225,W,1,2,2,Cumul. Unf. Error,2,0
2024,2024-wimbledon-2225,W,1,2,1,Dynamic Model,1,1
2024,2024-wimbledon-2225,W,1,2,2,Dynamic Model,1,0
2024,2024-wimbledon-2226,W,1,2,1,Cumul. Point Winner,1,1
2024,2024-wimbledon-2226,W,1,2,2,Cumul. Point Winner,1,0
2024,2024-wimbledon-2226,W,1,2,1,Cumul. Game Winner,1,1
2024,2024-wimbledon-2226,W,1,2,2,Cumul. Game Winner,1,0
2024,2024-wimbledon-2226,W,1,2,1,Set Winner,1,1
2024,2024-wimbledon-2226,W,1,2,2,Set Winner,1,0
2024,2024-wimbledon-2226,W,1,2,1,Cumul. Set Winner,1,1
2024,2024-wimbledon-2226,W,1,2,2,Cumul. Set Winner,1,0
2024,2024-wimbledon-2226,W,1,2,1,Cumul. Unf. Error,1,1
2024,2024-wimbledon-2226,W,1,2,2,Cumul. Unf. Error,1,0
2024,2024-wimbledon-2226,W,1,2,1,Dynamic Model,1,1
2024,2024-wimbledon-2226,W,1,2,2,Dynamic Model,1,0
2024,2024-wimbledon-2227,W,1,3,1,Cumul. Point Winner,2,2
2024,2024-wimbledon-2227,W,1,3,2,Cumul. Point Winner,2,1
2024,2024-wimbledon-2227,W,1,3,3,Cumul. Point Winner,1,0
2024,2024-wimbledon-2227,W,1,3,1,Cumul. Game Winner,2,2
2024,2024-wimbledon-2227,W,1,3,2,Cumul. Game Winner,2,1
2024,2024-wimbledon-2227,W,1,3,3,Cumul. Game Winner,1,0
2024,2024-wimbledon-2227,W,1,3,1,Set Winner,2,2
2024,2024-wimbledon-2227,W,1,3,2,Set Winner,1,1
2024,2024-wimbledon-2227,W,1,3,3,Set Winner,1,0
2024,2024-wimbledon-2227,W,1,3,1,Cumul. Set Winner,2,2
2024,2024-wimbledon-2227,W,1,3,2,Cumul. Set Winner,2,1
2024,2024-wimbledon-2227,W,1,3,3,Cumul. Set Winner,1,0
2024,2024-wimbledon-2227,W,1,3,1,Cumul. Unf. Error,2,2
2024,2024-wimbledon-2227,W,1,3,2,Cumul. Unf. Error,2,1
2024,2024-wimbledon-2227,W,1,3,3,Cumul. Unf. Error,2,0
2024,2024-wimbledon-2227,W,1,3,1,Dynamic Model,2,2
2024,2024-wimbledon-2227,W,1,3,2,Dynamic Model,2,1
2024,2024-wimbledon-2227,W,1,3,3,Dynamic Model,1,0
2024,2024-wimbledon-2228,W,2,2,1,Cumul. Point Winner,2,1
2024,2024-wimbledon-2228,W,2,2,2,Cumul. Point Winner,2,0
2024,2024-wimbledon-2228,W,2,2,1,Cumul. Game Winner,2,1
2024,2024-wimbledon-2228,W,2,2,2,Cumul. Game Winner,2,0
2024,2024-wimbledon-2228,W,2,2,1,Set Winner,2,1
2024,2024-wimbledon-2228,W,2,2,2,Set Winner,2,0
2024,2024-wimbledon-2228,W,2,2,1,Cumul. Set Winner,2,1
2024,2024-wimbledon-2228,W,2,2,2,Cumul. Set Winner,2,0
2024,2024-wimbledon-2228,W,2,2,1,Cumul. Unf. Error,2,1
2024,2024-wimbledon-2228,W,2,2,2,Cumul. Unf. Error,2,0
2024,2024-wimbledon-2228,W,2,2,1,Dynamic Model,2,1
2024,2024-wimbledon-2228,W,2,2,2,Dynamic Model,2,0
2024,2024-wimbledon-2229,W,2,2,1,Cumul. Point Winner,2,1
2024,2024-wimbledon-2229,W,2,2,2,Cumul. Point Winner,2,0
2024,2024-wimbledon-2229,W,2,2,1,Cumul. Game Winner,2,1
2024,2024-wimbledon-2229,W,2,2,2,Cumul. Game Winner,2,0
2024,2024-wimbledon-2229,W,2,2,1,Set Winner,2,1
2024,2024-wimbledon-2229,W,2,2,2,Set Winner,2,0
2024,2024-wimbledon-2229,W,2,2,1,Cumul. Set Winner,2,1
2024,2024-wimbledon-2229,W,2,2,2,Cumul. Set Winner,2,0
2024,2024-wimbledon-2229,W,2,2,1,Cumul. Unf. Error,2,1
2024,2024-wimbledon-2229,W,2,2,2,Cumul. Unf. Error,2,0
2024,2024-wimbledon-2229,W,2,2,1,Dynamic Model,2,1
2024,2024-wimbledon-2229,W,2,2,2,Dynamic Model,2,0
2024,2024-wimbledon-2230,W,2,2,1,Cumul. Point Winner,2,1
2024,2024-wimbledon-2230,W,2,2,2,Cumul. Point Winner,2,0
2024,2024-wimbledon-2230,W,2,2,1,Cumul. Game Winner,2,1
2024,2024-wimbledon-2230,W,2,2,2,Cumul. Game Winner,2,0
2024,2024-wimbledon-2230,W,2,2,1,Set Winner,2,1
2024,2024-wimbledon-2230,W,2,2,2,Set Winner,2,0
2024,2024-wimbledon-2230,W,2,2,1,Cumul. Set Winner,2,1
2024,2024-wimbledon-2230,W,2,2,2,Cumul. Set Winner,2,0
2024,2024-wimbledon-2230,W,2,2,1,Cumul. Unf. Error,2,1
2024,2024-wimbledon-2230,W,2,2,2,Cumul. Unf. Error,2,0
2024,2024-wimbledon-2230,W,2,2,1,Dynamic Model,2,1
2024,2024-wimbledon-2230,W,2,2,2,Dynamic Model,2,0
2024,2024-wimbledon-2231,W,1,3,1,Cumul. Point Winner,1,2
2024,2024-wimbledon-2231,W,1,3,2,Cumul. Point Winner,1,1
2024,2024-wimbledon-2231,W,1,3,3,Cumul. Point Winner,1,0
2024,2024-wimbledon-2231,W,1,3,1,Cumul. Game Winner,1,2
2024,2024-wimbledon-2231,W,1,3,2,Cumul. Game Winner,1,1
2024,2024-wimbledon-2231,W,1,3,3,Cumul. Game Winner,1,0
2024,2024-wimbledon-2231,W,1,3,1,Set Winner,1,2
2024,2024-wimbledon-2231,W,1,3,2,Set Winner,2,1
2024,2024-wimbledon-2231,W,1,3,3,Set Winner,1,0
2024,2024-wimbledon-2231,W,1,3,1,Cumul. Set Winner,1,2
2024,2024-wimbledon-2231,W,1,3,2,Cumul. Set Winner,1,1
2024,2024-wimbledon-2231,W,1,3,3,Cumul. Set Winner,1,0
2024,2024-wimbledon-2231,W,1,3,1,Cumul. Unf. Error,1,2
2024,2024-wimbledon-2231,W,1,3,2,Cumul. Unf. Error,1,1
2024,2024-wimbledon-2231,W,1,3,3,Cumul. Unf. Error,1,0
2024,2024-wimbledon-2231,W,1,3,1,Dynamic Model,1,2
2024,2024-wimbledon-2231,W,1,3,2,Dynamic Model,1,1
2024,2024-wimbledon-2231,W,1,3,3,Dynamic Model,1,0
2024,2024-wimbledon-2232,W,2,2,1,Cumul. Point Winner,2,1
2024,2024-wimbledon-2232,W,2,2,2,Cumul. Point Winner,2,0
2024,2024-wimbledon-2232,W,2,2,1,Cumul. Game Winner,2,1
2024,2024-wimbledon-2232,W,2,2,2,Cumul. Game Winner,2,0
2024,2024-wimbledon-2232,W,2,2,1,Set Winner,2,1
2024,2024-wimbledon-2232,W,2,2,2,Set Winner,2,0
2024,2024-wimbledon-2232,W,2,2,1,Cumul. Set Winner,2,1
2024,2024-wimbledon-2232,W,2,2,2,Cumul. Set Winner,2,0
2024,2024-wimbledon-2232,W,2,2,1,Cumul. Unf. Error,1,1
2024,2024-wimbledon-2232,W,2,2,2,Cumul. Unf. Error,2,0
2024,2024-wimbledon-2232,W,2,2,1,Dynamic Model,2,1
2024,2024-wimbledon-2232,W,2,2,2,Dynamic Model,2,0
2024,2024-wimbledon-2301,W,2,3,1,Cumul. Point Winner,1,2
2024,2024-wimbledon-2301,W,2,3,2,Cumul. Point Winner,1,1
2024,2024-wimbledon-2301,W,2,3,3,Cumul. Point Winner,2,0
2024,2024-wimbledon-2301,W,2,3,1,Cumul. Game Winner,1,2
2024,2024-wimbledon-2301,W,2,3,2,Cumul. Game Winner,2,1
2024,2024-wimbledon-2301,W,2,3,3,Cumul. Game Winner,2,0
2024,2024-wimbledon-2301,W,2,3,1,Set Winner,1,2
2024,2024-wimbledon-2301,W,2,3,2,Set Winner,2,1
2024,2024-wimbledon-2301,W,2,3,3,Set Winner,2,0
2024,2024-wimbledon-2301,W,2,3,1,Cumul. Set Winner,1,2
2024,2024-wimbledon-2301,W,2,3,2,Cumul. Set Winner,1,1
2024,2024-wimbledon-2301,W,2,3,3,Cumul. Set Winner,2,0
2024,2024-wimbledon-2301,W,2,3,1,Cumul. Unf. Error,2,2
2024,2024-wimbledon-2301,W,2,3,2,Cumul. Unf. Error,2,1
2024,2024-wimbledon-2301,W,2,3,3,Cumul. Unf. Error,2,0
2024,2024-wimbledon-2301,W,2,3,1,Dynamic Model,1,2
2024,2024-wimbledon-2301,W,2,3,2,Dynamic Model,2,1
2024,2024-wimbledon-2301,W,2,3,3,Dynamic Model,2,0
2024,2024-wimbledon-2302,W,2,2,1,Cumul. Point Winner,2,1
2024,2024-wimbledon-2302,W,2,2,2,Cumul. Point Winner,2,0
2024,2024-wimbledon-2302,W,2,2,1,Cumul. Game Winner,2,1
2024,2024-wimbledon-2302,W,2,2,2,Cumul. Game Winner,2,0
2024,2024-wimbledon-2302,W,2,2,1,Set Winner,2,1
2024,2024-wimbledon-2302,W,2,2,2,Set Winner,2,0
2024,2024-wimbledon-2302,W,2,2,1,Cumul. Set Winner,2,1
2024,2024-wimbledon-2302,W,2,2,2,Cumul. Set Winner,2,0
2024,2024-wimbledon-2302,W,2,2,1,Cumul. Unf. Error,2,1
2024,2024-wimbledon-2302,W,2,2,2,Cumul. Unf. Error,2,0
2024,2024-wimbledon-2302,W,2,2,1,Dynamic Model,2,1
2024,2024-wimbledon-2302,W,2,2,2,Dynamic Model,2,0
2024,2024-wimbledon-2303,W,1,2,1,Cumul. Point Winner,1,1
2024,2024-wimbledon-2303,W,1,2,2,Cumul. Point Winner,1,0
2024,2024-wimbledon-2303,W,1,2,1,Cumul. Game Winner,1,1
2024,2024-wimbledon-2303,W,1,2,2,Cumul. Game Winner,1,0
2024,2024-wimbledon-2303,W,1,2,1,Set Winner,1,1
2024,2024-wimbledon-2303,W,1,2,2,Set Winner,1,0
2024,2024-wimbledon-2303,W,1,2,1,Cumul. Set Winner,1,1
2024,2024-wimbledon-2303,W,1,2,2,Cumul. Set Winner,1,0
2024,2024-wimbledon-2303,W,1,2,1,Cumul. Unf. Error,1,1
2024,2024-wimbledon-2303,W,1,2,2,Cumul. Unf. Error,2,0
2024,2024-wimbledon-2303,W,1,2,1,Dynamic Model,1,1
2024,2024-wimbledon-2303,W,1,2,2,Dynamic Model,1,0
2024,2024-wimbledon-2304,W,1,2,1,Cumul. Point Winner,1,1
2024,2024-wimbledon-2304,W,1,2,2,Cumul. Point Winner,1,0
2024,2024-wimbledon-2304,W,1,2,1,Cumul. Game Winner,1,1
2024,2024-wimbledon-2304,W,1,2,2,Cumul. Game Winner,1,0
2024,2024-wimbledon-2304,W,1,2,1,Set Winner,1,1
2024,2024-wimbledon-2304,W,1,2,2,Set Winner,1,0
2024,2024-wimbledon-2304,W,1,2,1,Cumul. Set Winner,1,1
2024,2024-wimbledon-2304,W,1,2,2,Cumul. Set Winner,1,0
2024,2024-wimbledon-2304,W,1,2,1,Cumul. Unf. Error,1,1
2024,2024-wimbledon-2304,W,1,2,2,Cumul. Unf. Error,1,0
2024,2024-wimbledon-2304,W,1,2,1,Dynamic Model,1,1
2024,2024-wimbledon-2304,W,1,2,2,Dynamic Model,1,0
2024,2024-wimbledon-2305,W,1,2,1,Cumul. Point Winner,1,1
2024,2024-wimbledon-2305,W,1,2,2,Cumul. Point Winner,1,0
2024,2024-wimbledon-2305,W,1,2,1,Cumul. Game Winner,1,1
2024,2024-wimbledon-2305,W,1,2,2,Cumul. Game Winner,1,0
2024,2024-wimbledon-2305,W,1,2,1,Set Winner,1,1
2024,2024-wimbledon-2305,W,1,2,2,Set Winner,1,0
2024,2024-wimbledon-2305,W,1,2,1,Cumul. Set Winner,1,1
2024,2024-wimbledon-2305,W,1,2,2,Cumul. Set Winner,1,0
2024,2024-wimbledon-2305,W,1,2,1,Cumul. Unf. Error,2,1
2024,2024-wimbledon-2305,W,1,2,2,Cumul. Unf. Error,2,0
2024,2024-wimbledon-2305,W,1,2,1,Dynamic Model,1,1
2024,2024-wimbledon-2305,W,1,2,2,Dynamic Model,1,0
2024,2024-wimbledon-2306,W,1,2,1,Cumul. Point Winner,1,1
2024,2024-wimbledon-2306,W,1,2,2,Cumul. Point Winner,1,0
2024,2024-wimbledon-2306,W,1,2,1,Cumul. Game Winner,1,1
2024,2024-wimbledon-2306,W,1,2,2,Cumul. Game Winner,1,0
2024,2024-wimbledon-2306,W,1,2,1,Set Winner,1,1
2024,2024-wimbledon-2306,W,1,2,2,Set Winner,1,0
2024,2024-wimbledon-2306,W,1,2,1,Cumul. Set Winner,1,1
2024,2024-wimbledon-2306,W,1,2,2,Cumul. Set Winner,1,0
2024,2024-wimbledon-2306,W,1,2,1,Cumul. Unf. Error,1,1
2024,2024-wimbledon-2306,W,1,2,2,Cumul. Unf. Error,1,0
2024,2024-wimbledon-2306,W,1,2,1,Dynamic Model,1,1
2024,2024-wimbledon-2306,W,1,2,2,Dynamic Model,1,0
2024,2024-wimbledon-2307,W,2,2,1,Cumul. Point Winner,2,1
2024,2024-wimbledon-2307,W,2,2,2,Cumul. Point Winner,2,0
2024,2024-wimbledon-2307,W,2,2,1,Cumul. Game Winner,2,1
2024,2024-wimbledon-2307,W,2,2,2,Cumul. Game Winner,2,0
2024,2024-wimbledon-2307,W,2,2,1,Set Winner,2,1
2024,2024-wimbledon-2307,W,2,2,2,Set Winner,2,0
2024,2024-wimbledon-2307,W,2,2,1,Cumul. Set Winner,2,1
2024,2024-wimbledon-2307,W,2,2,2,Cumul. Set Winner,2,0
2024,2024-wimbledon-2307,W,2,2,1,Cumul. Unf. Error,2,1
2024,2024-wimbledon-2307,W,2,2,2,Cumul. Unf. Error,2,0
2024,2024-wimbledon-2307,W,2,2,1,Dynamic Model,2,1
2024,2024-wimbledon-2307,W,2,2,2,Dynamic Model,2,0
2024,2024-wimbledon-2308,W,2,3,1,Cumul. Point Winner,1,2
2024,2024-wimbledon-2308,W,2,3,2,Cumul. Point Winner,1,1
2024,2024-wimbledon-2308,W,2,3,3,Cumul. Point Winner,1,0
2024,2024-wimbledon-2308,W,2,3,1,Cumul. Game Winner,1,2
2024,2024-wimbledon-2308,W,2,3,2,Cumul. Game Winner,1,1
2024,2024-wimbledon-2308,W,2,3,3,Cumul. Game Winner,2,0
2024,2024-wimbledon-2308,W,2,3,1,Set Winner,1,2
2024,2024-wimbledon-2308,W,2,3,2,Set Winner,2,1
2024,2024-wimbledon-2308,W,2,3,3,Set Winner,2,0
2024,2024-wimbledon-2308,W,2,3,1,Cumul. Set Winner,1,2
2024,2024-wimbledon-2308,W,2,3,2,Cumul. Set Winner,1,1
2024,2024-wimbledon-2308,W,2,3,3,Cumul. Set Winner,2,0
2024,2024-wimbledon-2308,W,2,3,1,Cumul. Unf. Error,1,2
2024,2024-wimbledon-2308,W,2,3,2,Cumul. Unf. Error,1,1
2024,2024-wimbledon-2308,W,2,3,3,Cumul. Unf. Error,1,0
2024,2024-wimbledon-2308,W,2,3,1,Dynamic Model,1,2
2024,2024-wimbledon-2308,W,2,3,2,Dynamic Model,1,1
2024,2024-wimbledon-2308,W,2,3,3,Dynamic Model,2,0
2024,2024-wimbledon-2309,W,1,2,1,Cumul. Point Winner,1,1
2024,2024-wimbledon-2309,W,1,2,2,Cumul. Point Winner,1,0
2024,2024-wimbledon-2309,W,1,2,1,Cumul. Game Winner,1,1
2024,2024-wimbledon-2309,W,1,2,2,Cumul. Game Winner,1,0
2024,2024-wimbledon-2309,W,1,2,1,Set Winner,1,1
2024,2024-wimbledon-2309,W,1,2,2,Set Winner,1,0
2024,2024-wimbledon-2309,W,1,2,1,Cumul. Set Winner,1,1
2024,2024-wimbledon-2309,W,1,2,2,Cumul. Set Winner,1,0
2024,2024-wimbledon-2309,W,1,2,1,Cumul. Unf. Error,2,1
2024,2024-wimbledon-2309,W,1,2,2,Cumul. Unf. Error,2,0
2024,2024-wimbledon-2309,W,1,2,1,Dynamic Model,1,1
2024,2024-wimbledon-2309,W,1,2,2,Dynamic Model,1,0
2024,2024-wimbledon-2310,W,1,2,1,Cumul. Point Winner,1,1
2024,2024-wimbledon-2310,W,1,2,2,Cumul. Point Winner,1,0
2024,2024-wimbledon-2310,W,1,2,1,Cumul. Game Winner,1,1
2024,2024-wimbledon-2310,W,1,2,2,Cumul. Game Winner,1,0
2024,2024-wimbledon-2310,W,1,2,1,Set Winner,1,1
2024,2024-wimbledon-2310,W,1,2,2,Set Winner,1,0
2024,2024-wimbledon-2310,W,1,2,1,Cumul. Set Winner,1,1
2024,2024-wimbledon-2310,W,1,2,2,Cumul. Set Winner,1,0
2024,2024-wimbledon-2310,W,1,2,1,Cumul. Unf. Error,1,1
2024,2024-wimbledon-2310,W,1,2,2,Cumul. Unf. Error,1,0
2024,2024-wimbledon-2310,W,1,2,1,Dynamic Model,1,1
2024,2024-wimbledon-2310,W,1,2,2,Dynamic Model,1,0
2024,2024-wimbledon-2311,W,2,3,1,Cumul. Point Winner,2,2
2024,2024-wimbledon-2311,W,2,3,2,Cumul. Point Winner,1,1
2024,2024-wimbledon-2311,W,2,3,3,Cumul. Point Winner,2,0
2024,2024-wimbledon-2311,W,2,3,1,Cumul. Game Winner,2,2
2024,2024-wimbledon-2311,W,2,3,2,Cumul. Game Winner,1,1
2024,2024-wimbledon-2311,W,2,3,3,Cumul. Game Winner,2,0
2024,2024-wimbledon-2311,W,2,3,1,Set Winner,2,2
2024,2024-wimbledon-2311,W,2,3,2,Set Winner,1,1
2024,2024-wimbledon-2311,W,2,3,3,Set Winner,2,0
2024,2024-wimbledon-2311,W,2,3,1,Cumul. Set Winner,2,2
2024,2024-wimbledon-2311,W,2,3,2,Cumul. Set Winner,2,1
2024,2024-wimbledon-2311,W,2,3,3,Cumul. Set Winner,2,0
2024,2024-wimbledon-2311,W,2,3,1,Cumul. Unf. Error,1,2
2024,2024-wimbledon-2311,W,2,3,2,Cumul. Unf. Error,1,1
2024,2024-wimbledon-2311,W,2,3,3,Cumul. Unf. Error,1,0
2024,2024-wimbledon-2311,W,2,3,1,Dynamic Model,2,2
2024,2024-wimbledon-2311,W,2,3,2,Dynamic Model,1,1
2024,2024-wimbledon-2311,W,2,3,3,Dynamic Model,2,0
2024,2024-wimbledon-2312,W,2,3,1,Cumul. Point Winner,2,2
2024,2024-wimbledon-2312,W,2,3,2,Cumul. Point Winner,2,1
2024,2024-wimbledon-2312,W,2,3,3,Cumul. Point Winner,2,0
2024,2024-wimbledon-2312,W,2,3,1,Cumul. Game Winner,2,2
2024,2024-wimbledon-2312,W,2,3,2,Cumul. Game Winner,2,1
2024,2024-wimbledon-2312,W,2,3,3,Cumul. Game Winner,2,0
2024,2024-wimbledon-2312,W,2,3,1,Set Winner,2,2
2024,2024-wimbledon-2312,W,2,3,2,Set Winner,1,1
2024,2024-wimbledon-2312,W,2,3,3,Set Winner,2,0
2024,2024-wimbledon-2312,W,2,3,1,Cumul. Set Winner,2,2
2024,2024-wimbledon-2312,W,2,3,2,Cumul. Set Winner,2,1
2024,2024-wimbledon-2312,W,2,3,3,Cumul. Set Winner,2,0
2024,2024-wimbledon-2312,W,2,3,1,Cumul. Unf. Error,1,2
2024,2024-wimbledon-2312,W,2,3,2,Cumul. Unf. Error,1,1
2024,2024-wimbledon-2312,W,2,3,3,Cumul. Unf. Error,1,0
2024,2024-wimbledon-2312,W,2,3,1,Dynamic Model,2,2
2024,2024-wimbledon-2312,W,2,3,2,Dynamic Model,1,1
2024,2024-wimbledon-2312,W,2,3,3,Dynamic Model,2,0
2024,2024-wimbledon-2313,W,1,2,1,Cumul. Point Winner,1,1
2024,2024-wimbledon-2313,W,1,2,2,Cumul. Point Winner,1,0
2024,2024-wimbledon-2313,W,1,2,1,Cumul. Game Winner,1,1
2024,2024-wimbledon-2313,W,1,2,2,Cumul. Game Winner,1,0
2024,2024-wimbledon-2313,W,1,2,1,Set Winner,1,1
2024,2024-wimbledon-2313,W,1,2,2,Set Winner,1,0
2024,2024-wimbledon-2313,W,1,2,1,Cumul. Set Winner,1,1
2024,2024-wimbledon-2313,W,1,2,2,Cumul. Set Winner,1,0
2024,2024-wimbledon-2313,W,1,2,1,Cumul. Unf. Error,1,1
2024,2024-wimbledon-2313,W,1,2,2,Cumul. Unf. Error,1,0
2024,2024-wimbledon-2313,W,1,2,1,Dynamic Model,1,1
2024,2024-wimbledon-2313,W,1,2,2,Dynamic Model,1,0
2024,2024-wimbledon-2314,W,2,2,1,Cumul. Point Winner,2,1
2024,2024-wimbledon-2314,W,2,2,2,Cumul. Point Winner,2,0
2024,2024-wimbledon-2314,W,2,2,1,Cumul. Game Winner,2,1
2024,2024-wimbledon-2314,W,2,2,2,Cumul. Game Winner,2,0
2024,2024-wimbledon-2314,W,2,2,1,Set Winner,2,1
2024,2024-wimbledon-2314,W,2,2,2,Set Winner,2,0
2024,2024-wimbledon-2314,W,2,2,1,Cumul. Set Winner,2,1
2024,2024-wimbledon-2314,W,2,2,2,Cumul. Set Winner,2,0
2024,2024-wimbledon-2314,W,2,2,1,Cumul. Unf. Error,1,1
2024,2024-wimbledon-2314,W,2,2,2,Cumul. Unf. Error,1,0
2024,2024-wimbledon-2314,W,2,2,1,Dynamic Model,2,1
2024,2024-wimbledon-2314,W,2,2,2,Dynamic Model,2,0
2024,2024-wimbledon-2315,W,2,3,1,Cumul. Point Winner,1,2
2024,2024-wimbledon-2315,W,2,3,2,Cumul. Point Winner,1,1
2024,2024-wimbledon-2315,W,2,3,3,Cumul. Point Winner,2,0
2024,2024-wimbledon-2315,W,2,3,1,Cumul. Game Winner,1,2
2024,2024-wimbledon-2315,W,2,3,2,Cumul. Game Winner,1,1
2024,2024-wimbledon-2315,W,2,3,3,Cumul. Game Winner,2,0
2024,2024-wimbledon-2315,W,2,3,1,Set Winner,1,2
2024,2024-wimbledon-2315,W,2,3,2,Set Winner,2,1
2024,2024-wimbledon-2315,W,2,3,3,Set Winner,2,0
2024,2024-wimbledon-2315,W,2,3,1,Cumul. Set Winner,1,2
2024,2024-wimbledon-2315,W,2,3,2,Cumul. Set Winner,1,1
2024,2024-wimbledon-2315,W,2,3,3,Cumul. Set Winner,2,0
2024,2024-wimbledon-2315,W,2,3,1,Cumul. Unf. Error,1,2
2024,2024-wimbledon-2315,W,2,3,2,Cumul. Unf. Error,2,1
2024,2024-wimbledon-2315,W,2,3,3,Cumul. Unf. Error,2,0
2024,2024-wimbledon-2315,W,2,3,1,Dynamic Model,1,2
2024,2024-wimbledon-2315,W,2,3,2,Dynamic Model,1,1
2024,2024-wimbledon-2315,W,2,3,3,Dynamic Model,2,0
2024,2024-wimbledon-2316,W,2,2,1,Cumul. Point Winner,2,1
2024,2024-wimbledon-2316,W,2,2,2,Cumul. Point Winner,2,0
2024,2024-wimbledon-2316,W,2,2,1,Cumul. Game Winner,2,1
2024,2024-wimbledon-2316,W,2,2,2,Cumul. Game Winner,2,0
2024,2024-wimbledon-2316,W,2,2,1,Set Winner,2,1
2024,2024-wimbledon-2316,W,2,2,2,Set Winner,2,0
2024,2024-wimbledon-2316,W,2,2,1,Cumul. Set Winner,2,1
2024,2024-wimbledon-2316,W,2,2,2,Cumul. Set Winner,2,0
2024,2024-wimbledon-2316,W,2,2,1,Cumul. Unf. Error,1,1
2024,2024-wimbledon-2316,W,2,2,2,Cumul. Unf. Error,2,0
2024,2024-wimbledon-2316,W,2,2,1,Dynamic Model,2,1
2024,2024-wimbledon-2316,W,2,2,2,Dynamic Model,2,0
2024,2024-wimbledon-2401,W,2,2,1,Cumul. Point Winner,2,1
2024,2024-wimbledon-2401,W,2,2,2,Cumul. Point Winner,2,0
2024,2024-wimbledon-2401,W,2,2,1,Cumul. Game Winner,2,1
2024,2024-wimbledon-2401,W,2,2,2,Cumul. Game Winner,2,0
2024,2024-wimbledon-2401,W,2,2,1,Set Winner,2,1
2024,2024-wimbledon-2401,W,2,2,2,Set Winner,2,0
2024,2024-wimbledon-2401,W,2,2,1,Cumul. Set Winner,2,1
2024,2024-wimbledon-2401,W,2,2,2,Cumul. Set Winner,2,0
2024,2024-wimbledon-2401,W,2,2,1,Cumul. Unf. Error,1,1
2024,2024-wimbledon-2401,W,2,2,2,Cumul. Unf. Error,1,0
2024,2024-wimbledon-2401,W,2,2,1,Dynamic Model,2,1
2024,2024-wimbledon-2401,W,2,2,2,Dynamic Model,2,0
2024,2024-wimbledon-2402,W,2,2,1,Cumul. Point Winner,2,1
2024,2024-wimbledon-2402,W,2,2,2,Cumul. Point Winner,2,0
2024,2024-wimbledon-2402,W,2,2,1,Cumul. Game Winner,2,1
2024,2024-wimbledon-2402,W,2,2,2,Cumul. Game Winner,2,0
2024,2024-wimbledon-2402,W,2,2,1,Set Winner,2,1
2024,2024-wimbledon-2402,W,2,2,2,Set Winner,2,0
2024,2024-wimbledon-2402,W,2,2,1,Cumul. Set Winner,2,1
2024,2024-wimbledon-2402,W,2,2,2,Cumul. Set Winner,2,0
2024,2024-wimbledon-2402,W,2,2,1,Cumul. Unf. Error,2,1
2024,2024-wimbledon-2402,W,2,2,2,Cumul. Unf. Error,2,0
2024,2024-wimbledon-2402,W,2,2,1,Dynamic Model,2,1
2024,2024-wimbledon-2402,W,2,2,2,Dynamic Model,2,0
2024,2024-wimbledon-2403,W,1,2,1,Cumul. Point Winner,1,1
2024,2024-wimbledon-2403,W,1,2,2,Cumul. Point Winner,1,0
2024,2024-wimbledon-2403,W,1,2,1,Cumul. Game Winner,1,1
2024,2024-wimbledon-2403,W,1,2,2,Cumul. Game Winner,1,0
2024,2024-wimbledon-2403,W,1,2,1,Set Winner,1,1
2024,2024-wimbledon-2403,W,1,2,2,Set Winner,1,0
2024,2024-wimbledon-2403,W,1,2,1,Cumul. Set Winner,1,1
2024,2024-wimbledon-2403,W,1,2,2,Cumul. Set Winner,1,0
2024,2024-wimbledon-2403,W,1,2,1,Cumul. Unf. Error,2,1
2024,2024-wimbledon-2403,W,1,2,2,Cumul. Unf. Error,2,0
2024,2024-wimbledon-2403,W,1,2,1,Dynamic Model,1,1
2024,2024-wimbledon-2403,W,1,2,2,Dynamic Model,1,0
2024,2024-wimbledon-2404,W,1,2,1,Cumul. Point Winner,1,1
2024,2024-wimbledon-2404,W,1,2,2,Cumul. Point Winner,1,0
2024,2024-wimbledon-2404,W,1,2,1,Cumul. Game Winner,1,1
2024,2024-wimbledon-2404,W,1,2,2,Cumul. Game Winner,1,0
2024,2024-wimbledon-2404,W,1,2,1,Set Winner,1,1
2024,2024-wimbledon-2404,W,1,2,2,Set Winner,1,0
2024,2024-wimbledon-2404,W,1,2,1,Cumul. Set Winner,1,1
2024,2024-wimbledon-2404,W,1,2,2,Cumul. Set Winner,1,0
2024,2024-wimbledon-2404,W,1,2,1,Cumul. Unf. Error,1,1
2024,2024-wimbledon-2404,W,1,2,2,Cumul. Unf. Error,1,0
2024,2024-wimbledon-2404,W,1,2,1,Dynamic Model,1,1
2024,2024-wimbledon-2404,W,1,2,2,Dynamic Model,1,0
2024,2024-wimbledon-2405,W,1,3,1,Cumul. Point Winner,1,2
2024,2024-wimbledon-2405,W,1,3,2,Cumul. Point Winner,1,1
2024,2024-wimbledon-2405,W,1,3,3,Cumul. Point Winner,1,0
2024,2024-wimbledon-2405,W,1,3,1,Cumul. Game Winner,1,2
2024,2024-wimbledon-2405,W,1,3,2,Cumul. Game Winner,1,1
2024,2024-wimbledon-2405,W,1,3,3,Cumul. Game Winner,1,0
2024,2024-wimbledon-2405,W,1,3,1,Set Winner,1,2
2024,2024-wimbledon-2405,W,1,3,2,Set Winner,2,1
2024,2024-wimbledon-2405,W,1,3,3,Set Winner,1,0
2024,2024-wimbledon-2405,W,1,3,1,Cumul. Set Winner,1,2
2024,2024-wimbledon-2405,W,1,3,2,Cumul. Set Winner,1,1
2024,2024-wimbledon-2405,W,1,3,3,Cumul. Set Winner,1,0
2024,2024-wimbledon-2405,W,1,3,1,Cumul. Unf. Error,1,2
2024,2024-wimbledon-2405,W,1,3,2,Cumul. Unf. Error,2,1
2024,2024-wimbledon-2405,W,1,3,3,Cumul. Unf. Error,2,0
2024,2024-wimbledon-2405,W,1,3,1,Dynamic Model,1,2
2024,2024-wimbledon-2405,W,1,3,2,Dynamic Model,1,1
2024,2024-wimbledon-2405,W,1,3,3,Dynamic Model,1,0
2024,2024-wimbledon-2406,W,2,3,1,Cumul. Point Winner,2,2
2024,2024-wimbledon-2406,W,2,3,2,Cumul. Point Winner,1,1
2024,2024-wimbledon-2406,W,2,3,3,Cumul. Point Winner,2,0
2024,2024-wimbledon-2406,W,2,3,1,Cumul. Game Winner,2,2
2024,2024-wimbledon-2406,W,2,3,2,Cumul. Game Winner,1,1
2024,2024-wimbledon-2406,W,2,3,3,Cumul. Game Winner,2,0
2024,2024-wimbledon-2406,W,2,3,1,Set Winner,2,2
2024,2024-wimbledon-2406,W,2,3,2,Set Winner,1,1
2024,2024-wimbledon-2406,W,2,3,3,Set Winner,2,0
2024,2024-wimbledon-2406,W,2,3,1,Cumul. Set Winner,2,2
2024,2024-wimbledon-2406,W,2,3,2,Cumul. Set Winner,2,1
2024,2024-wimbledon-2406,W,2,3,3,Cumul. Set Winner,2,0
2024,2024-wimbledon-2406,W,2,3,1,Cumul. Unf. Error,1,2
2024,2024-wimbledon-2406,W,2,3,2,Cumul. Unf. Error,1,1
2024,2024-wimbledon-2406,W,2,3,3,Cumul. Unf. Error,1,0
2024,2024-wimbledon-2406,W,2,3,1,Dynamic Model,2,2
2024,2024-wimbledon-2406,W,2,3,2,Dynamic Model,1,1
2024,2024-wimbledon-2406,W,2,3,3,Dynamic Model,2,0
2024,2024-wimbledon-2407,W,1,3,1,Cumul. Point Winner,1,2
2024,2024-wimbledon-2407,W,1,3,2,Cumul. Point Winner,1,1
2024,2024-wimbledon-2407,W,1,3,3,Cumul. Point Winner,1,0
2024,2024-wimbledon-2407,W,1,3,1,Cumul. Game Winner,1,2
2024,2024-wimbledon-2407,W,1,3,2,Cumul. Game Winner,1,1
2024,2024-wimbledon-2407,W,1,3,3,Cumul. Game Winner,1,0
2024,2024-wimbledon-2407,W,1,3,1,Set Winner,1,2
2024,2024-wimbledon-2407,W,1,3,2,Set Winner,2,1
2024,2024-wimbledon-2407,W,1,3,3,Set Winner,1,0
2024,2024-wimbledon-2407,W,1,3,1,Cumul. Set Winner,1,2
2024,2024-wimbledon-2407,W,1,3,2,Cumul. Set Winner,1,1
2024,2024-wimbledon-2407,W,1,3,3,Cumul. Set Winner,1,0
2024,2024-wimbledon-2407,W,1,3,1,Cumul. Unf. Error,1,2
2024,2024-wimbledon-2407,W,1,3,2,Cumul. Unf. Error,1,1
2024,2024-wimbledon-2407,W,1,3,3,Cumul. Unf. Error,1,0
2024,2024-wimbledon-2407,W,1,3,1,Dynamic Model,1,2
2024,2024-wimbledon-2407,W,1,3,2,Dynamic Model,1,1
2024,2024-wimbledon-2407,W,1,3,3,Dynamic Model,1,0
2024,2024-wimbledon-2408,W,1,2,1,Cumul. Point Winner,1,1
2024,2024-wimbledon-2408,W,1,2,2,Cumul. Point Winner,1,0
2024,2024-wimbledon-2408,W,1,2,1,Cumul. Game Winner,1,1
2024,2024-wimbledon-2408,W,1,2,2,Cumul. Game Winner,1,0
2024,2024-wimbledon-2408,W,1,2,1,Set Winner,1,1
2024,2024-wimbledon-2408,W,1,2,2,Set Winner,1,0
2024,2024-wimbledon-2408,W,1,2,1,Cumul. Set Winner,1,1
2024,2024-wimbledon-2408,W,1,2,2,Cumul. Set Winner,1,0
2024,2024-wimbledon-2408,W,1,2,1,Cumul. Unf. Error,1,1
2024,2024-wimbledon-2408,W,1,2,2,Cumul. Unf. Error,1,0
2024,2024-wimbledon-2408,W,1,2,1,Dynamic Model,1,1
2024,2024-wimbledon-2408,W,1,2,2,Dynamic Model,1,0
2024,2024-wimbledon-2501,W,2,2,1,Cumul. Point Winner,2,1
2024,2024-wimbledon-2501,W,2,2,2,Cumul. Point Winner,2,0
2024,2024-wimbledon-2501,W,2,2,1,Cumul. Game Winner,2,1
2024,2024-wimbledon-2501,W,2,2,2,Cumul. Game Winner,2,0
2024,2024-wimbledon-2501,W,2,2,1,Set Winner,2,1
2024,2024-wimbledon-2501,W,2,2,2,Set Winner,2,0
2024,2024-wimbledon-2501,W,2,2,1,Cumul. Set Winner,2,1
2024,2024-wimbledon-2501,W,2,2,2,Cumul. Set Winner,2,0
2024,2024-wimbledon-2501,W,2,2,1,Cumul. Unf. Error,1,1
2024,2024-wimbledon-2501,W,2,2,2,Cumul. Unf. Error,2,0
2024,2024-wimbledon-2501,W,2,2,1,Dynamic Model,2,1
2024,2024-wimbledon-2501,W,2,2,2,Dynamic Model,2,0
2024,2024-wimbledon-2502,W,1,2,1,Cumul. Point Winner,1,1
2024,2024-wimbledon-2502,W,1,2,2,Cumul. Point Winner,1,0
2024,2024-wimbledon-2502,W,1,2,1,Cumul. Game Winner,1,1
2024,2024-wimbledon-2502,W,1,2,2,Cumul. Game Winner,1,0
2024,2024-wimbledon-2502,W,1,2,1,Set Winner,1,1
2024,2024-wimbledon-2502,W,1,2,2,Set Winner,1,0
2024,2024-wimbledon-2502,W,1,2,1,Cumul. Set Winner,1,1
2024,2024-wimbledon-2502,W,1,2,2,Cumul. Set Winner,1,0
2024,2024-wimbledon-2502,W,1,2,1,Cumul. Unf. Error,2,1
2024,2024-wimbledon-2502,W,1,2,2,Cumul. Unf. Error,2,0
2024,2024-wimbledon-2502,W,1,2,1,Dynamic Model,1,1
2024,2024-wimbledon-2502,W,1,2,2,Dynamic Model,1,0
2024,2024-wimbledon-2503,W,2,3,1,Cumul. Point Winner,1,2
2024,2024-wimbledon-2503,W,2,3,2,Cumul. Point Winner,2,1
2024,2024-wimbledon-2503,W,2,3,3,Cumul. Point Winner,2,0
2024,2024-wimbledon-2503,W,2,3,1,Cumul. Game Winner,1,2
2024,2024-wimbledon-2503,W,2,3,2,Cumul. Game Winner,1,1
2024,2024-wimbledon-2503,W,2,3,3,Cumul. Game Winner,2,0
2024,2024-wimbledon-2503,W,2,3,1,Set Winner,1,2
2024,2024-wimbledon-2503,W,2,3,2,Set Winner,2,1
2024,2024-wimbledon-2503,W,2,3,3,Set Winner,2,0
2024,2024-wimbledon-2503,W,2,3,1,Cumul. Set Winner,1,2
2024,2024-wimbledon-2503,W,2,3,2,Cumul. Set Winner,1,1
2024,2024-wimbledon-2503,W,2,3,3,Cumul. Set Winner,2,0
2024,2024-wimbledon-2503,W,2,3,1,Cumul. Unf. Error,1,2
2024,2024-wimbledon-2503,W,2,3,2,Cumul. Unf. Error,1,1
2024,2024-wimbledon-2503,W,2,3,3,Cumul. Unf. Error,1,0
2024,2024-wimbledon-2503,W,2,3,1,Dynamic Model,1,2
2024,2024-wimbledon-2503,W,2,3,2,Dynamic Model,2,1
2024,2024-wimbledon-2503,W,2,3,3,Dynamic Model,2,0
2024,2024-wimbledon-2504,W,1,2,1,Cumul. Point Winner,1,1
2024,2024-wimbledon-2504,W,1,2,2,Cumul. Point Winner,1,0
2024,2024-wimbledon-2504,W,1,2,1,Cumul. Game Winner,1,1
2024,2024-wimbledon-2504,W,1,2,2,Cumul. Game Winner,1,0
2024,2024-wimbledon-2504,W,1,2,1,Set Winner,1,1
2024,2024-wimbledon-2504,W,1,2,2,Set Winner,1,0
2024,2024-wimbledon-2504,W,1,2,1,Cumul. Set Winner,1,1
2024,2024-wimbledon-2504,W,1,2,2,Cumul. Set Winner,1,0
2024,2024-wimbledon-2504,W,1,2,1,Cumul. Unf. Error,2,1
2024,2024-wimbledon-2504,W,1,2,2,Cumul. Unf. Error,2,0
2024,2024-wimbledon-2504,W,1,2,1,Dynamic Model,1,1
2024,2024-wimbledon-2504,W,1,2,2,Dynamic Model,1,0
2024,2024-wimbledon-2601,W,1,3,1,Cumul. Point Winner,2,2
2024,2024-wimbledon-2601,W,1,3,2,Cumul. Point Winner,2,1
2024,2024-wimbledon-2601,W,1,3,3,Cumul. Point Winner,1,0
2024,2024-wimbledon-2601,W,1,3,1,Cumul. Game Winner,2,2
2024,2024-wimbledon-2601,W,1,3,2,Cumul. Game Winner,2,1
2024,2024-wimbledon-2601,W,1,3,3,Cumul. Game Winner,1,0
2024,2024-wimbledon-2601,W,1,3,1,Set Winner,2,2
2024,2024-wimbledon-2601,W,1,3,2,Set Winner,1,1
2024,2024-wimbledon-2601,W,1,3,3,Set Winner,1,0
2024,2024-wimbledon-2601,W,1,3,1,Cumul. Set Winner,2,2
2024,2024-wimbledon-2601,W,1,3,2,Cumul. Set Winner,2,1
2024,2024-wimbledon-2601,W,1,3,3,Cumul. Set Winner,1,0
2024,2024-wimbledon-2601,W,1,3,1,Cumul. Unf. Error,1,2
2024,2024-wimbledon-2601,W,1,3,2,Cumul. Unf. Error,1,1
2024,2024-wimbledon-2601,W,1,3,3,Cumul. Unf. Error,1,0
2024,2024-wimbledon-2601,W,1,3,1,Dynamic Model,2,2
2024,2024-wimbledon-2601,W,1,3,2,Dynamic Model,1,1
2024,2024-wimbledon-2601,W,1,3,3,Dynamic Model,1,0
2024,2024-wimbledon-2602,W,2,3,1,Cumul. Point Winner,1,2
2024,2024-wimbledon-2602,W,2,3,2,Cumul. Point Winner,1,1
2024,2024-wimbledon-2602,W,2,3,3,Cumul. Point Winner,1,0
2024,2024-wimbledon-2602,W,2,3,1,Cumul. Game Winner,1,2
2024,2024-wimbledon-2602,W,2,3,2,Cumul. Game Winner,1,1
2024,2024-wimbledon-2602,W,2,3,3,Cumul. Game Winner,1,0
2024,2024-wimbledon-2602,W,2,3,1,Set Winner,1,2
2024,2024-wimbledon-2602,W,2,3,2,Set Winner,2,1
2024,2024-wimbledon-2602,W,2,3,3,Set Winner,2,0
2024,2024-wimbledon-2602,W,2,3,1,Cumul. Set Winner,1,2
2024,2024-wimbledon-2602,W,2,3,2,Cumul. Set Winner,1,1
2024,2024-wimbledon-2602,W,2,3,3,Cumul. Set Winner,2,0
2024,2024-wimbledon-2602,W,2,3,1,Cumul. Unf. Error,1,2
2024,2024-wimbledon-2602,W,2,3,2,Cumul. Unf. Error,2,1
2024,2024-wimbledon-2602,W,2,3,3,Cumul. Unf. Error,2,0
2024,2024-wimbledon-2602,W,2,3,1,Dynamic Model,1,2
2024,2024-wimbledon-2602,W,2,3,2,Dynamic Model,1,1
2024,2024-wimbledon-2602,W,2,3,3,Dynamic Model,2,0
2024,2024-wimbledon-2701,W,1,3,1,Cumul. Point Winner,1,2
2024,2024-wimbledon-2701,W,1,3,2,Cumul. Point Winner,1,1
2024,2024-wimbledon-2701,W,1,3,3,Cumul. Point Winner,1,0
2024,2024-wimbledon-2701,W,1,3,1,Cumul. Game Winner,1,2
2024,2024-wimbledon-2701,W,1,3,2,Cumul. Game Winner,1,1
2024,2024-wimbledon-2701,W,1,3,3,Cumul. Game Winner,1,0
2024,2024-wimbledon-2701,W,1,3,1,Set Winner,1,2
2024,2024-wimbledon-2701,W,1,3,2,Set Winner,2,1
2024,2024-wimbledon-2701,W,1,3,3,Set Winner,1,0
2024,2024-wimbledon-2701,W,1,3,1,Cumul. Set Winner,1,2
2024,2024-wimbledon-2701,W,1,3,2,Cumul. Set Winner,1,1
2024,2024-wimbledon-2701,W,1,3,3,Cumul. Set Winner,1,0
2024,2024-wimbledon-2701,W,1,3,1,Cumul. Unf. Error,1,2
2024,2024-wimbledon-2701,W,1,3,2,Cumul. Unf. Error,2,1
2024,2024-wimbledon-2701,W,1,3,3,Cumul. Unf. Error,2,0
2024,2024-wimbledon-2701,W,1,3,1,Dynamic Model,1,2
2024,2024-wimbledon-2701,W,1,3,2,Dynamic Model,1,1
2024,2024-wimbledon-2701,W,1,3,3,Dynamic Model,1,0
